State,BudgetDetail,value,Year
Alabama,Amount from Federal Government,16134988,2013_old
Alabama,Amount from Federal Government,16961056,2014
Alabama,Amount from Federal Government,18374332,2015
Alabama,Amount from Federal Government,18112231,2016
Alabama,Amount from Federal Government,18112231,2016_old
Alabama,Amount from Federal Government,18199899,2017
Alabama,Amount from Federal Government,18247625,2018
Alabama,Amount from Federal Government,20551150,2019
Alabama,Amount from Federal Government,17608505,2020
Alabama,Amount from Federal Government,15719115,2021
Alabama,Amount from Federal Government,17622324,2022
Alabama,Amount from Federal Government,17861420,2023
Alabama,Amount from Fees / Other,32198083,2013_old
Alabama,Amount from Fees / Other,33623919,2014
Alabama,Amount from Fees / Other,35759319,2015
Alabama,Amount from Fees / Other,35925915,2016
Alabama,Amount from Fees / Other,35925915,2016_old
Alabama,Amount from Fees / Other,36210958,2017
Alabama,Amount from Fees / Other,37097646,2018
Alabama,Amount from Fees / Other,36864643,2019
Alabama,Amount from Fees / Other,39240531,2020
Alabama,Amount from Fees / Other,41532868,2021
Alabama,Amount from Fees / Other,38614423,2022
Alabama,Amount from Fees / Other,41259346,2023
Alabama,Amount from General Fund,3019533,2013_old
Alabama,Amount from General Fund,827745,2014
Alabama,Amount from General Fund,829950,2015
Alabama,Amount from General Fund,280000,2016
Alabama,Amount from General Fund,280000,2016_old
Alabama,Amount from General Fund,400000,2017
Alabama,Amount from General Fund,575000,2018
Alabama,Amount from General Fund,575000,2019
Alabama,Amount from General Fund,4006734,2020
Alabama,Amount from General Fund,4000000,2021
Alabama,Amount from General Fund,5511600,2022
Alabama,Amount from General Fund,5528127,2023
Alabama,Amount of Budget from SRF,28352000,2011_old
Alabama,Amount of Budget from SRF,27088000,2012
Alabama,Environmental Agency Budget,51352605,2013_old
Alabama,Environmental Agency Budget,51412720,2014
Alabama,Environmental Agency Budget,54963601,2015
Alabama,Environmental Agency Budget,54318146,2016
Alabama,Environmental Agency Budget,54318146,2016_old
Alabama,Environmental Agency Budget,54810857,2017
Alabama,Environmental Agency Budget,55920271,2018
Alabama,Environmental Agency Budget,57990793,2019
Alabama,Environmental Agency Budget,60855770,2020
Alabama,Environmental Agency Budget,61251982,2021
Alabama,Environmental Agency Budget,61748346,2022
Alabama,Environmental Agency Budget,64648892,2023
Alabama,Environmental Agency Budget (SRF Added),86511168,2011_old
Alabama,Environmental Agency Budget (SRF Added),90605689,2012
Alabama,Environmental Agency Budget (SRF Added),63364884,2013
Alabama,Percent from Federal Government,39.80,2011_old
Alabama,Percent from Federal Government,35.30,2012
Alabama,Percent from Federal Government,34.20,2013
Alabama,Percent from Federal Government,33.34,2016
Alabama,Percent from Federal Government,33.34,2016_old
Alabama,Percent from Federal Government,33.2,2017
Alabama,Percent from Federal Government,32.63,2018
Alabama,Percent from Federal Government,35.44,2019
Alabama,Percent from Federal Government,28.93,2020
Alabama,Percent from Federal Government,25.66,2021
Alabama,Percent from Federal Government,28.54,2022
Alabama,Percent from Federal Government,27.63,2023
Alabama,Percent from Fees / Other,51.10,2011_old
Alabama,Percent from Fees / Other,58.80,2012
Alabama,Percent from Fees / Other,61.10,2013
Alabama,Percent from Fees / Other,66.14,2016
Alabama,Percent from Fees / Other,66.14,2016_old
Alabama,Percent from Fees / Other,66.07,2017
Alabama,Percent from Fees / Other,66.34,2018
Alabama,Percent from Fees / Other,63.57,2019
Alabama,Percent from Fees / Other,64.48,2020
Alabama,Percent from Fees / Other,67.81,2021
Alabama,Percent from Fees / Other,62.54,2022
Alabama,Percent from Fees / Other,63.82,2023
Alabama,Percent from General Fund,9.10,2011_old
Alabama,Percent from General Fund,6.00,2012
Alabama,Percent from General Fund,4.70,2013
Alabama,Percent from General Fund,0.52,2016
Alabama,Percent from General Fund,0.52,2016_old
Alabama,Percent from General Fund,0.73,2017
Alabama,Percent from General Fund,1.03,2018
Alabama,Percent from General Fund,0.99,2019
Alabama,Percent from General Fund,6.58,2020
Alabama,Percent from General Fund,6.53,2021
Alabama,Percent from General Fund,8.93,2022
Alabama,Percent from General Fund,8.55,2023
Alabama,Status of Budget,Actual,2011_old
Alabama,Status of Budget,Approved,2012
Alabama,Status of Budget,House Passed,2013
Alabama,Status of Budget,Actual,2013_old
Alabama,Status of Budget,Actual,2014
Alabama,Status of Budget,Actual,2015
Alabama,Status of Budget,Actual Expenses,2016
Alabama,Status of Budget,Actual Expenses,2016_old
Alabama,Status of Budget,Actual Expenses,2017
Alabama,Status of Budget,Actual Expenses,2018
Alabama,Status of Budget,Actual Expenses,2019
Alabama,Status of Budget,Actual Expenses,2020
Alabama,Status of Budget,Actual Expenses,2021
Alabama,Status of Budget,Actual Expenses,2022
Alabama,Status of Budget,Actual Expenses,2023
Alaska,Amount from Federal Government,22787500,2013_old
Alaska,Amount from Federal Government,22210300,2014
Alaska,Amount from Federal Government,18836000,2015
Alaska,Amount from Federal Government,19976600,2016
Alaska,Amount from Federal Government,19976600,2016_old
Alaska,Amount from Federal Government,19614100,2017
Alaska,Amount from Federal Government,18973000,2018
Alaska,Amount from Federal Government,19937000,2019
Alaska,Amount from Fees / Other,10309000,2013_old
Alaska,Amount from Fees / Other,11463700,2014
Alaska,Amount from Fees / Other,10666200,2015
Alaska,Amount from Fees / Other,36173200,2016
Alaska,Amount from Fees / Other,36173200,2016_old
Alaska,Amount from Fees / Other,37203600,2017
Alaska,Amount from Fees / Other,38839200,2018
Alaska,Amount from Fees / Other,38760800,2019
Alaska,Amount from General Fund,46914800,2013_old
Alaska,Amount from General Fund,49368200,2014
Alaska,Amount from General Fund,47273800,2015
Alaska,Amount from General Fund,19903500,2016
Alaska,Amount from General Fund,19903500,2016_old
Alaska,Amount from General Fund,16834800,2017
Alaska,Amount from General Fund,15276000,2018
Alaska,Amount from General Fund,15385800,2019
Alaska,Amount from General Fund,15562200,2020
Alaska,Amount from General Fund,16270300,2021
Alaska,Amount from General Fund,17865900,2022
Alaska,Amount from General Fund,20704400,2023
Alaska,Amount of Budget from SRF,18345000,2011_old
Alaska,Amount of Budget from SRF,17519000,2012
Alaska,Environmental Agency Budget,76073300,2016
Alaska,Environmental Agency Budget,76073300,2016_old
Alaska,Environmental Agency Budget,73652500,2017
Alaska,Environmental Agency Budget,73088200,2018
Alaska,Environmental Agency Budget,74083600,2019
Alaska,Environmental Agency Budget,69784700,2020
Alaska,Environmental Agency Budget,72576400,2021
Alaska,Environmental Agency Budget,74461500,2022
Alaska,Environmental Agency Budget,80073300,2023
Alaska,Environmental Agency Budget (SRF Added),91404400,2011_old
Alaska,Environmental Agency Budget (SRF Added),97528900,2012
Alaska,Environmental Agency Budget (SRF Added),83552300,2013
Alaska,Percent from Federal Government,26.54,2011_old
Alaska,Percent from Federal Government,29.01,2012
Alaska,Percent from Federal Government,29.00,2013
Alaska,Percent from Federal Government,26.26,2016
Alaska,Percent from Federal Government,26.26,2016_old
Alaska,Percent from Federal Government,26.63,2017
Alaska,Percent from Federal Government,25.96,2018
Alaska,Percent from Federal Government,26.91,2019
Alaska,Percent from Fees / Other,13.27,2011_old
Alaska,Percent from Fees / Other,13.22,2012
Alaska,Percent from Fees / Other,13.50,2013
Alaska,Percent from Fees / Other,47.55,2016
Alaska,Percent from Fees / Other,47.55,2016_old
Alaska,Percent from Fees / Other,50.51,2017
Alaska,Percent from Fees / Other,53.14,2018
Alaska,Percent from Fees / Other,52.32,2019
Alaska,Percent from General Fund,60.19,2011_old
Alaska,Percent from General Fund,57.77,2012
Alaska,Percent from General Fund,57.49,2013
Alaska,Percent from General Fund,26.16,2016
Alaska,Percent from General Fund,26.16,2016_old
Alaska,Percent from General Fund,22.86,2017
Alaska,Percent from General Fund,20.9,2018
Alaska,Percent from General Fund,20.77,2019
Alaska,Percent from General Fund,22.3,2020
Alaska,Percent from General Fund,22.42,2021
Alaska,Percent from General Fund,23.99,2022
Alaska,Percent from General Fund,25.86,2023
Alaska,Status of Budget,Actual,2011_old
Alaska,Status of Budget,Authorized,2012
Alaska,Status of Budget,Proposed,2013
Alaska,Status of Budget,Actual,2013_old
Alaska,Status of Budget,Actual,2014
Alaska,Status of Budget,Actual,2015
Alaska,Status of Budget,Actual,2016
Alaska,Status of Budget,Actual,2016_old
Alaska,Status of Budget,Actual,2017
Alaska,Status of Budget,Actual,2018
Alaska,Status of Budget,Actual,2019
Alaska,Status of Budget,Actual Expenses,2020
Alaska,Status of Budget,Actual Expenses,2021
Alaska,Status of Budget,Actual Expenses,2022
Alaska,Status of Budget,Actual Expenses,2023
Arizona,Amount from Federal Government,73847160,2013_old
Arizona,Amount from Federal Government,42355626,2014
Arizona,Amount from Federal Government,43152560,2015
Arizona,Amount from Federal Government,20051700,2016
Arizona,Amount from Federal Government,20051700,2016_old
Arizona,Amount from Federal Government,21221260,2017
Arizona,Amount from Federal Government,20282900,2018
Arizona,Amount from Federal Government,20327760,2019
Arizona,Amount from Federal Government,16675600,2020
Arizona,Amount from Federal Government,17512200,2021
Arizona,Amount from Federal Government,17280600,2022
Arizona,Amount from Federal Government,17334800,2023
Arizona,Amount from Fees / Other,95916600,2013_old
Arizona,Amount from Fees / Other,101174600,2014
Arizona,Amount from Fees / Other,98961200,2015
Arizona,Amount from Fees / Other,150599600,2020
Arizona,Amount from Fees / Other,131113800,2021
Arizona,Amount from Fees / Other,142153700,2022
Arizona,Amount from Fees / Other,167219400,2023
Arizona,Amount from General Fund,0,2013_old
Arizona,Amount from General Fund,0,2014
Arizona,Amount from General Fund,0,2015
Arizona,Amount from General Fund,0,2016
Arizona,Amount from General Fund,0,2016_old
Arizona,Amount from General Fund,0,2017
Arizona,Amount from General Fund,0,2018
Arizona,Amount from General Fund,0,2019
Arizona,Amount from General Fund,200000,2020
Arizona,Amount from General Fund,15000000,2021
Arizona,Amount from General Fund,15000000,2022
Arizona,Amount from General Fund,22900000,2023
Arizona,Amount of Budget from SRF,Included,2011_old
Arizona,Amount of Budget from SRF,Included,2012
Arizona,Amount of Budget from SRF,Included,2013
Arizona,Environmental Agency Budget,383088900,2011_old
Arizona,Environmental Agency Budget,351610300,2012
Arizona,Environmental Agency Budget,351610300,2013
Arizona,Environmental Agency Budget,131465900,2016
Arizona,Environmental Agency Budget,131465900,2016_old
Arizona,Environmental Agency Budget,157315800,2017
Arizona,Environmental Agency Budget,155825100,2018
Arizona,Environmental Agency Budget,160696850,2019
Arizona,Environmental Agency Budget,167475200,2020
Arizona,Environmental Agency Budget,163626000,2021
Arizona,Environmental Agency Budget,174434300,2022
Arizona,Environmental Agency Budget,207454200,2023
Arizona,Percent from Federal Government,9.29,2011_old
Arizona,Percent from Federal Government,5.85,2012
Arizona,Percent from Federal Government,5.85,2013
Arizona,Percent from Federal Government,15.25,2016
Arizona,Percent from Federal Government,15.25,2016_old
Arizona,Percent from Federal Government,13.49,2017
Arizona,Percent from Federal Government,13.02,2018
Arizona,Percent from Federal Government,12.65,2019
Arizona,Percent from Federal Government,9.96,2020
Arizona,Percent from Federal Government,10.7,2021
Arizona,Percent from Federal Government,9.91,2022
Arizona,Percent from Federal Government,8.36,2023
Arizona,Percent from Fees / Other,88.88,2011_old
Arizona,Percent from Fees / Other,92.16,2012
Arizona,Percent from Fees / Other,92.16,2013
Arizona,Percent from Fees / Other,89.92,2020
Arizona,Percent from Fees / Other,80.13,2021
Arizona,Percent from Fees / Other,81.49,2022
Arizona,Percent from Fees / Other,80.61,2023
Arizona,Percent from General Fund,1.83,2011_old
Arizona,Percent from General Fund,1.99,2012
Arizona,Percent from General Fund,1.99,2013
Arizona,Percent from General Fund,0.0,2016
Arizona,Percent from General Fund,0.0,2016_old
Arizona,Percent from General Fund,0.0,2017
Arizona,Percent from General Fund,0.0,2018
Arizona,Percent from General Fund,0.0,2019
Arizona,Percent from General Fund,0.12,2020
Arizona,Percent from General Fund,9.17,2021
Arizona,Percent from General Fund,8.6,2022
Arizona,Percent from General Fund,11.04,2023
Arizona,Status of Budget,Final,2011_old
Arizona,Status of Budget,Current,2012
Arizona,Status of Budget,Proposed,2013
Arizona,Status of Budget,Final,2013_old
Arizona,Status of Budget,Final,2014
Arizona,Status of Budget,Final,2015
Arizona,Status of Budget,Final,2016
Arizona,Status of Budget,Final,2016_old
Arizona,Status of Budget,Final,2017
Arizona,Status of Budget,Final,2018
Arizona,Status of Budget,Final,2019
Arizona,Status of Budget,Final,2020
Arizona,Status of Budget,Final,2021
Arizona,Status of Budget,Final,2022
Arizona,Status of Budget,Final,2023
Arkansas,Amount from Federal Government,26697283,2013_old
Arkansas,Amount from Federal Government,19211392,2014
Arkansas,Amount from Federal Government,19263954,2015
Arkansas,Amount from Federal Government,19815673,2016
Arkansas,Amount from Federal Government,19815673,2016_old
Arkansas,Amount from Federal Government,19447035,2017
Arkansas,Amount from Federal Government,19007835,2018
Arkansas,Amount from Federal Government,26095607,2019
Arkansas,Amount from Fees / Other,76978828,2013_old
Arkansas,Amount from Fees / Other,80061043,2014
Arkansas,Amount from Fees / Other,80134791,2015
Arkansas,Amount from Fees / Other,81171966,2016
Arkansas,Amount from Fees / Other,81171966,2016_old
Arkansas,Amount from Fees / Other,91158502,2017
Arkansas,Amount from Fees / Other,103312377,2018
Arkansas,Amount from Fees / Other,104978458,2019
Arkansas,Amount from General Fund,5172663,2013_old
Arkansas,Amount from General Fund,5181092,2014
Arkansas,Amount from General Fund,5184012,2015
Arkansas,Amount from General Fund,5127142,2016
Arkansas,Amount from General Fund,5127142,2016_old
Arkansas,Amount from General Fund,5129143,2017
Arkansas,Amount from General Fund,5036257,2018
Arkansas,Amount from General Fund,5214484,2019
Arkansas,Amount of Budget from SRF,Included,2011_old
Arkansas,Amount of Budget from SRF,Included,2012
Arkansas,Amount of Budget from SRF,Included,2013
Arkansas,Environmental Agency Budget,110723336,2011_old
Arkansas,Environmental Agency Budget,108581950,2012
Arkansas,Environmental Agency Budget,108848774,2013
Arkansas,Environmental Agency Budget,108848774,2013_old
Arkansas,Environmental Agency Budget,104453527,2014
Arkansas,Environmental Agency Budget,104582757,2015
Arkansas,Environmental Agency Budget,106114781,2016
Arkansas,Environmental Agency Budget,106114781,2016_old
Arkansas,Environmental Agency Budget,115734680,2017
Arkansas,Environmental Agency Budget,127356469,2018
Arkansas,Environmental Agency Budget,136288549,2019
Arkansas,Percent from Federal Government,21.20,2011_old
Arkansas,Percent from Federal Government,18.90,2012
Arkansas,Percent from Federal Government,19.30,2013
Arkansas,Percent from Federal Government,18.67,2016
Arkansas,Percent from Federal Government,18.67,2016_old
Arkansas,Percent from Federal Government,16.8,2017
Arkansas,Percent from Federal Government,14.92,2018
Arkansas,Percent from Federal Government,19.15,2019
Arkansas,Percent from Fees / Other,74.60,2011_old
Arkansas,Percent from Fees / Other,76.40,2012
Arkansas,Percent from Fees / Other,76.00,2013
Arkansas,Percent from Fees / Other,76.49,2016
Arkansas,Percent from Fees / Other,76.49,2016_old
Arkansas,Percent from Fees / Other,78.77,2017
Arkansas,Percent from Fees / Other,81.12,2018
Arkansas,Percent from Fees / Other,77.03,2019
Arkansas,Percent from General Fund,4.20,2011_old
Arkansas,Percent from General Fund,4.70,2012
Arkansas,Percent from General Fund,4.70,2013
Arkansas,Percent from General Fund,4.83,2016
Arkansas,Percent from General Fund,4.83,2016_old
Arkansas,Percent from General Fund,4.43,2017
Arkansas,Percent from General Fund,3.95,2018
Arkansas,Percent from General Fund,3.83,2019
Arkansas,Status of Budget,Progress,2011_old
Arkansas,Status of Budget,Final,2012
Arkansas,Status of Budget,Adopted,2013
Arkansas,Status of Budget,Final,2013_old
Arkansas,Status of Budget,Final,2014
Arkansas,Status of Budget,Final,2015
Arkansas,Status of Budget,FINAL,2016
Arkansas,Status of Budget,FINAL,2016_old
Arkansas,Status of Budget,FINAL,2017
Arkansas,Status of Budget,FINAL,2018
Arkansas,Status of Budget,FINAL,2019
California,Amount from Federal Government,192695123,2013_old
California,Amount from Federal Government,318427000,2014
California,Amount from Federal Government,345705000,2015
California,Amount from Federal Government,361500000,2016
California,Amount from Federal Government,361500000,2016_old
California,Amount from Federal Government,362600000,2017
California,Amount from Federal Government,346500000,2018
California,Amount from Federal Government,346500000,2019
California,Amount from Fees / Other,2636334000,2013_old
California,Amount from Fees / Other,3109873000,2014
California,Amount from Fees / Other,4372129000,2015
California,Amount from Fees / Other,3200000000,2016
California,Amount from Fees / Other,3200000000,2016_old
California,Amount from Fees / Other,3500000000,2017
California,Amount from Fees / Other,4099999999,2018
California,Amount from Fees / Other,4600000000,2019
California,Amount from General Fund,40818000,2013_old
California,Amount from General Fund,68680000,2014
California,Amount from General Fund,223556000,2015
California,Amount from General Fund,89600000,2016
California,Amount from General Fund,89600000,2016_old
California,Amount from General Fund,97600000,2017
California,Amount from General Fund,133000000,2018
California,Amount from General Fund,195600000,2019
California,Amount of Budget from SRF,194766000,2011_old
California,Amount of Budget from SRF,186058000,2012
California,Environmental Agency Budget,3700000000,2016
California,Environmental Agency Budget,3700000000,2016_old
California,Environmental Agency Budget,4000000000,2017
California,Environmental Agency Budget,4600000000,2018
California,Environmental Agency Budget,5100000000,2019
California,Environmental Agency Budget,4072936000,2020
California,Environmental Agency Budget,8796345000,2021
California,Environmental Agency Budget,6899248000,2022
California,Environmental Agency Budget,6033169000,2023
California,Environmental Agency Budget (SRF Added),1666922000,2011_old
California,Environmental Agency Budget (SRF Added),1655859000,2012
California,Environmental Agency Budget (SRF Added),1306741000,2013
California,Percent from Bonds,20.01,2011_old
California,Percent from Bonds,25.11,2012
California,Percent from Bonds,16.30,2013
California,Percent from Federal Government,9.77,2016
California,Percent from Federal Government,9.77,2016_old
California,Percent from Federal Government,9.06,2017
California,Percent from Federal Government,7.53,2018
California,Percent from Federal Government,6.79,2019
California,Percent from Fees / Other,74.78,2011_old
California,Percent from Fees / Other,71.43,2012
California,Percent from Fees / Other,80.10,2013
California,Percent from Fees / Other,86.49,2016
California,Percent from Fees / Other,86.49,2016_old
California,Percent from Fees / Other,87.5,2017
California,Percent from Fees / Other,89.13,2018
California,Percent from Fees / Other,90.2,2019
California,Percent from General Fund,5.21,2011_old
California,Percent from General Fund,3.46,2012
California,Percent from General Fund,3.60,2013
California,Percent from General Fund,2.42,2016
California,Percent from General Fund,2.42,2016_old
California,Percent from General Fund,2.44,2017
California,Percent from General Fund,2.89,2018
California,Percent from General Fund,3.84,2019
California,Status of Budget,Enacted,2011_old
California,Status of Budget,Enacted,2012
California,Status of Budget,Proposed,2013
California,Status of Budget,Enacted,2013_old
California,Status of Budget,Enacted,2014
California,Status of Budget,Enacted,2015
California,Status of Budget,enacted,2016
California,Status of Budget,enacted,2016_old
California,Status of Budget,enacted,2017
California,Status of Budget,enacted,2018
California,Status of Budget,enacted,2019
California,Status of Budget,Enacted,2020
California,Status of Budget,Enacted,2021
California,Status of Budget,Enacted,2022
California,Status of Budget,Enacted,2023
Colorado,Amount from Federal Government,25560226,2013_old
Colorado,Amount from Federal Government,28264005,2014
Colorado,Amount from Federal Government,28927035,2015
Colorado,Amount from Federal Government,29657027,2016
Colorado,Amount from Federal Government,29657027,2016_old
Colorado,Amount from Federal Government,26696918,2017
Colorado,Amount from Federal Government,26616265,2018
Colorado,Amount from Federal Government,26598546,2019
Colorado,Amount from Fees / Other,35904295,2013_old
Colorado,Amount from Fees / Other,43196873,2014
Colorado,Amount from Fees / Other,46979480,2015
Colorado,Amount from Fees / Other,47244152,2016
Colorado,Amount from Fees / Other,47244152,2016_old
Colorado,Amount from Fees / Other,48996634,2017
Colorado,Amount from Fees / Other,48118681,2018
Colorado,Amount from Fees / Other,45422711,2019
Colorado,Amount from General Fund,2536466,2013_old
Colorado,Amount from General Fund,19240937,2014
Colorado,Amount from General Fund,23919927,2015
Colorado,Amount from General Fund,4396271,2016
Colorado,Amount from General Fund,4396271,2016_old
Colorado,Amount from General Fund,4209494,2017
Colorado,Amount from General Fund,5450766,2018
Colorado,Amount from General Fund,4705670,2019
Colorado,Amount from General Fund,15537505,2020
Colorado,Amount from General Fund,11871731,2021
Colorado,Amount from General Fund,75768346,2022
Colorado,Amount from General Fund,44826661,2023
Colorado,Amount of Budget from SRF,28636000,2011_old
Colorado,Amount of Budget from SRF,27339000,2012
Colorado,Environmental Agency Budget,61588869,2009
Colorado,Environmental Agency Budget,60619938,2010
Colorado,Environmental Agency Budget,59906708,2011
Colorado,Environmental Agency Budget,81297450,2016
Colorado,Environmental Agency Budget,81297450,2016_old
Colorado,Environmental Agency Budget,79903046,2017
Colorado,Environmental Agency Budget,80185712,2018
Colorado,Environmental Agency Budget,76726927,2019
Colorado,Environmental Agency Budget,101201305,2020
Colorado,Environmental Agency Budget,100199630,2021
Colorado,Environmental Agency Budget,170857868,2022
Colorado,Environmental Agency Budget,181988846,2023
Colorado,Environmental Agency Budget (SRF Added),87121712,2011_old
Colorado,Environmental Agency Budget (SRF Added),85837220,2012
Colorado,Environmental Agency Budget (SRF Added),63967456,2013
Colorado,Percent from Federal Government,40.60,2009
Colorado,Percent from Federal Government,32.60,2010
Colorado,Percent from Federal Government,31.70,2011
Colorado,Percent from Federal Government,42.76,2011_old
Colorado,Percent from Federal Government,38.40,2012
Colorado,Percent from Federal Government,39.90,2013
Colorado,Percent from Federal Government,36.48,2016
Colorado,Percent from Federal Government,36.48,2016_old
Colorado,Percent from Federal Government,33.41,2017
Colorado,Percent from Federal Government,33.19,2018
Colorado,Percent from Federal Government,34.67,2019
Colorado,Percent from Fees / Other,52.70,2009
Colorado,Percent from Fees / Other,61.00,2010
Colorado,Percent from Fees / Other,61.90,2011
Colorado,Percent from Fees / Other,52.39,2011_old
Colorado,Percent from Fees / Other,57.30,2012
Colorado,Percent from Fees / Other,56.20,2013
Colorado,Percent from Fees / Other,58.11,2016
Colorado,Percent from Fees / Other,58.11,2016_old
Colorado,Percent from Fees / Other,61.32,2017
Colorado,Percent from Fees / Other,60.01,2018
Colorado,Percent from Fees / Other,59.2,2019
Colorado,Percent from General Fund,6.70,2009
Colorado,Percent from General Fund,6.40,2010
Colorado,Percent from General Fund,6.40,2011
Colorado,Percent from General Fund,4.85,2011_old
Colorado,Percent from General Fund,4.30,2012
Colorado,Percent from General Fund,3.90,2013
Colorado,Percent from General Fund,5.41,2016
Colorado,Percent from General Fund,5.41,2016_old
Colorado,Percent from General Fund,5.27,2017
Colorado,Percent from General Fund,6.8,2018
Colorado,Percent from General Fund,6.13,2019
Colorado,Percent from General Fund,15.35,2020
Colorado,Percent from General Fund,11.85,2021
Colorado,Percent from General Fund,44.35,2022
Colorado,Percent from General Fund,24.63,2023
Colorado,Status of Budget,Actual Expenditures,2009
Colorado,Status of Budget,Final,2010
Colorado,Status of Budget,Adopted (no,2011
Colorado,Status of Budget,Appropriated,2011_old
Colorado,Status of Budget,Appropriated,2012
Colorado,Status of Budget,Appropriated,2013
Colorado,Status of Budget,Appropriated,2013_old
Colorado,Status of Budget,Appropriated,2014
Colorado,Status of Budget,Appropriated,2015
Colorado,Status of Budget,Appropriated,2016
Colorado,Status of Budget,Appropriated,2016_old
Colorado,Status of Budget,Appropriated,2017
Colorado,Status of Budget,Appropriated,2018
Colorado,Status of Budget,Appropriated,2019
Colorado,Status of Budget,Actual,2020
Colorado,Status of Budget,Actual,2021
Colorado,Status of Budget,Actual,2022
Colorado,Status of Budget,Actual,2023
Connecticut,Amount from Federal Government,40335317,2013_old
Connecticut,Amount from Federal Government,34880165,2014
Connecticut,Amount from Federal Government,29646775,2015
Connecticut,Amount from Federal Government,46221027,2020
Connecticut,Amount from Federal Government,40654149,2021
Connecticut,Amount from Federal Government,50869687,2022
Connecticut,Amount from Federal Government,52827476,2023
Connecticut,Amount from Fees / Other,64289771,2013_old
Connecticut,Amount from Fees / Other,64518694,2014
Connecticut,Amount from Fees / Other,74131020,2015
Connecticut,Amount from Fees / Other,81713258,2020
Connecticut,Amount from Fees / Other,68380033,2021
Connecticut,Amount from Fees / Other,45822091.56,2022
Connecticut,Amount from Fees / Other,41889774.6,2023
Connecticut,Amount from General Fund,70408464,2013_old
Connecticut,Amount from General Fund,78019349,2014
Connecticut,Amount from General Fund,72711066,2015
Connecticut,Amount from General Fund,35398895,2020
Connecticut,Amount from General Fund,38001151,2021
Connecticut,Amount from General Fund,40496873,2022
Connecticut,Amount from General Fund,41871456,2023
Connecticut,Amount of Budget from SRF,27691000,2011_old
Connecticut,Amount of Budget from SRF,26464000,2012
Connecticut,Environmental Agency Budget,175033552,2013_old
Connecticut,Environmental Agency Budget,177418208,2014
Connecticut,Environmental Agency Budget,176488861,2015
Connecticut,Environmental Agency Budget,163333180,2020
Connecticut,Environmental Agency Budget,147035333,2021
Connecticut,Environmental Agency Budget,137188652,2022
Connecticut,Environmental Agency Budget,136588706,2023
Connecticut,Environmental Agency Budget (SRF Added),158049514,2011_old
Connecticut,Environmental Agency Budget (SRF Added),145013817,2012
Connecticut,Environmental Agency Budget (SRF Added),111440507,2013
Connecticut,Percent from Federal Government,27.79,2011_old
Connecticut,Percent from Federal Government,16.56,2012
Connecticut,Percent from Federal Government,17.62,2013
Connecticut,Percent from Federal Government,28.3,2020
Connecticut,Percent from Federal Government,27.65,2021
Connecticut,Percent from Federal Government,37.08,2022
Connecticut,Percent from Federal Government,38.68,2023
Connecticut,Percent from Fees / Other,30.92,2011_old
Connecticut,Percent from Fees / Other,20.31,2012
Connecticut,Percent from Fees / Other,21.61,2013
Connecticut,Percent from Fees / Other,50.03,2020
Connecticut,Percent from Fees / Other,46.51,2021
Connecticut,Percent from Fees / Other,33.4,2022
Connecticut,Percent from Fees / Other,30.67,2023
Connecticut,Percent from General Fund,41.29,2011_old
Connecticut,Percent from General Fund,63.13,2012
Connecticut,Percent from General Fund,60.78,2013
Connecticut,Percent from General Fund,21.67,2020
Connecticut,Percent from General Fund,25.84,2021
Connecticut,Percent from General Fund,29.52,2022
Connecticut,Percent from General Fund,30.66,2023
Connecticut,Status of Budget,Enacted,2011_old
Connecticut,Status of Budget,Current,2012
Connecticut,Status of Budget,Recommended,2013
Connecticut,Status of Budget,Final,2013_old
Connecticut,Status of Budget,Final,2014
Connecticut,Status of Budget,Final,2015
Connecticut,Status of Budget,Actual- Operational Only-Does not include Capital Funds,2020
Connecticut,Status of Budget,Actual- Operational Only-Does not include Capital Funds,2021
Connecticut,Status of Budget,Actual- Operational Only-Does not include Capital Funds,2022
Connecticut,Status of Budget,Actual- Operational Only- Does not include Capital Funds,2023
Delaware,Amount from Federal Government,19996497,2013_old
Delaware,Amount from Federal Government,41572413,2014
Delaware,Amount from Federal Government,27938088,2015
Delaware,Amount from Federal Government,15219016,2016
Delaware,Amount from Federal Government,15219016,2016_old
Delaware,Amount from Federal Government,25926861,2017
Delaware,Amount from Federal Government,52874290,2018
Delaware,Amount from Federal Government,15897451,2019
Delaware,Amount from Fees / Other,33218178,2013_old
Delaware,Amount from Fees / Other,48951307,2014
Delaware,Amount from Fees / Other,47392557,2015
Delaware,Amount from General Fund,18133500,2013_old
Delaware,Amount from General Fund,18716100,2014
Delaware,Amount from General Fund,18461200,2015
Delaware,Amount from General Fund,18960878,2016
Delaware,Amount from General Fund,18960878,2016_old
Delaware,Amount from General Fund,20566133,2017
Delaware,Amount from General Fund,17921130,2018
Delaware,Amount from General Fund,25283576,2019
Delaware,Amount of Budget from SRF,Included,2011_old
Delaware,Amount of Budget from SRF,Included,2012
Delaware,Environmental Agency Budget,165150300,2011_old
Delaware,Environmental Agency Budget,157366600,2012
Delaware,Environmental Agency Budget,141681700,2013
Delaware,Environmental Agency Budget,71348175,2013_old
Delaware,Environmental Agency Budget,109239820,2014
Delaware,Environmental Agency Budget,93791845,2015
Delaware,Environmental Agency Budget,72367954,2016
Delaware,Environmental Agency Budget,72367954,2016_old
Delaware,Environmental Agency Budget,78589505,2017
Delaware,Environmental Agency Budget,101971600,2018
Delaware,Environmental Agency Budget,73941472,2019
Delaware,Environmental Agency Budget,116965380.54,2020
Delaware,Environmental Agency Budget,121806997.30,2021
Delaware,Environmental Agency Budget,114704970.44,2022
Delaware,Environmental Agency Budget,110175245.81,2023
Delaware,Percent from Federal Government,57.73,2011_old
Delaware,Percent from Federal Government,28.21,2012
Delaware,Percent from Federal Government,26.39,2013
Delaware,Percent from Federal Government,21.03,2016
Delaware,Percent from Federal Government,21.03,2016_old
Delaware,Percent from Federal Government,32.99,2017
Delaware,Percent from Federal Government,51.85,2018
Delaware,Percent from Federal Government,21.5,2019
Delaware,Percent from Fees / Other,25.11,2011_old
Delaware,Percent from Fees / Other,58.57,2012
Delaware,Percent from Fees / Other,58.73,2013
Delaware,Percent from General Fund,17.16,2011_old
Delaware,Percent from General Fund,13.22,2012
Delaware,Percent from General Fund,14.88,2013
Delaware,Percent from General Fund,26.2,2016
Delaware,Percent from General Fund,26.2,2016_old
Delaware,Percent from General Fund,26.17,2017
Delaware,Percent from General Fund,17.57,2018
Delaware,Percent from General Fund,34.19,2019
Delaware,Status of Budget,Actual,2011_old
Delaware,Status of Budget,Budgeted,2012
Delaware,Status of Budget,Recommended,2013
Delaware,Status of Budget,Actual,2013_old
Delaware,Status of Budget,Actual,2014
Delaware,Status of Budget,Actual,2015
Delaware,Status of Budget,Actual,2016
Delaware,Status of Budget,Actual,2016_old
Delaware,Status of Budget,Actual,2017
Delaware,Status of Budget,Actual,2018
Delaware,Status of Budget,Actual,2019
Delaware,Status of Budget,Actual,2020
Delaware,Status of Budget,Actual,2021
Delaware,Status of Budget,Actual,2022
Delaware,Status of Budget,Actual,2023
District of Columbia,Amount from Federal Government,22572140,2013_old
District of Columbia,Amount from Federal Government,20687103,2014
District of Columbia,Amount from Federal Government,18792515,2015
District of Columbia,Amount from Fees / Other,34311573,2013_old
District of Columbia,Amount from Fees / Other,37405802,2014
District of Columbia,Amount from Fees / Other,39305137,2015
District of Columbia,Amount from General Fund,13081737,2013_old
District of Columbia,Amount from General Fund,16590847,2014
District of Columbia,Amount from General Fund,17950588,2015
District of Columbia,Amount of Budget from SRF,16740000,2011_old
District of Columbia,Amount of Budget from SRF,15983000,2012
District of Columbia,Environmental Agency Budget,133138952,2020
District of Columbia,Environmental Agency Budget,142791672,2021
District of Columbia,Environmental Agency Budget,180766073,2022
District of Columbia,Environmental Agency Budget,187602266,2023
District of Columbia,Environmental Agency Budget (SRF Added),87720000,2011_old
District of Columbia,Environmental Agency Budget (SRF Added),101273000,2012
District of Columbia,Environmental Agency Budget (SRF Added),94258000,2013
District of Columbia,Percent from Federal Government,46.14,2011_old
District of Columbia,Percent from Federal Government,40.05,2012
District of Columbia,Percent from Federal Government,28.97,2013
District of Columbia,Percent from Fees / Other,1.15,2011_old
District of Columbia,Percent from Fees / Other,0.65,2012
District of Columbia,Percent from Fees / Other,1.61,2013
District of Columbia,Percent from General Fund,52.70,2011_old
District of Columbia,Percent from General Fund,59.30,2012
District of Columbia,Percent from General Fund,69.42,2013
District of Columbia,Status of Budget,Actual,2011_old
District of Columbia,Status of Budget,Approved,2012
District of Columbia,Status of Budget,Approved,2013
District of Columbia,Status of Budget,Actual,2013_old
District of Columbia,Status of Budget,Actual,2014
District of Columbia,Status of Budget,Actual,2015
District of Columbia,Status of Budget,Actual,2020
District of Columbia,Status of Budget,Actual,2021
District of Columbia,Status of Budget,Actual,2022
District of Columbia,Status of Budget,Actual,2023
Florida,Amount from Federal Government,274323755,2013_old
Florida,Amount from Federal Government,284750637,2014
Florida,Amount from Federal Government,302575038,2015
Florida,Amount from Federal Government,366052111,2016
Florida,Amount from Federal Government,366052111,2016_old
Florida,Amount from Federal Government,304612822,2017
Florida,Amount from Federal Government,291235038,2018
Florida,Amount from Federal Government,353530525,2019
Florida,Amount from Fees / Other,973083358,2013_old
Florida,Amount from Fees / Other,784107182,2014
Florida,Amount from Fees / Other,851708675,2015
Florida,Amount from Fees / Other,811959415,2016
Florida,Amount from Fees / Other,811959415,2016_old
Florida,Amount from Fees / Other,1134554067,2017
Florida,Amount from Fees / Other,877450355,2018
Florida,Amount from Fees / Other,1051758402,2019
Florida,Amount from General Fund,48726242,2013_old
Florida,Amount from General Fund,114444301,2014
Florida,Amount from General Fund,286154544,2015
Florida,Amount from General Fund,141830415,2016
Florida,Amount from General Fund,141830415,2016_old
Florida,Amount from General Fund,151193013,2017
Florida,Amount from General Fund,183483538,2018
Florida,Amount from General Fund,217586665,2019
Florida,Environmental Agency Budget,1296133355,2013_old
Florida,Environmental Agency Budget,1183302120,2014
Florida,Environmental Agency Budget,1440438257,2015
Florida,Environmental Agency Budget,1319841941,2016
Florida,Environmental Agency Budget,"1319841941
FY 2015-",2016_old
Florida,Environmental Agency Budget,1590359902,2017
Florida,Environmental Agency Budget,1352168931,2018
Florida,Environmental Agency Budget,1622875592,2019
Florida,Percent from Federal Government,7.60,2009
Florida,Percent from Federal Government,18.20,2010
Florida,Percent from Federal Government,9.60,2011
Florida,Percent from Federal Government,27.73,2016
Florida,Percent from Federal Government,27.73,2016_old
Florida,Percent from Federal Government,19.15,2017
Florida,Percent from Federal Government,21.54,2018
Florida,Percent from Federal Government,21.78,2019
Florida,Percent from Fees / Other,85.50,2009
Florida,Percent from Fees / Other,74.10,2010
Florida,Percent from Fees / Other,80.60,2011
Florida,Percent from Fees / Other,61.52,2016
Florida,Percent from Fees / Other,61.52,2016_old
Florida,Percent from Fees / Other,71.34,2017
Florida,Percent from Fees / Other,64.89,2018
Florida,Percent from Fees / Other,64.81,2019
Florida,Percent from General Fund,6.90,2009
Florida,Percent from General Fund,7.70,2010
Florida,Percent from General Fund,9.80,2011
Florida,Percent from General Fund,10.75,2016
Florida,Percent from General Fund,10.75,2016_old
Florida,Percent from General Fund,9.51,2017
Florida,Percent from General Fund,13.57,2018
Florida,Percent from General Fund,13.41,2019
Florida,Status of Budget,SFY 08-09 state budget adopted,2009
Florida,Status of Budget,SFY 09-10 state budget adopted,2010
Florida,Status of Budget,SFY 10-11 state budget adopted,2011
Florida,Status of Budget,Final,2013_old
Florida,Status of Budget,Final,2014
Florida,Status of Budget,Final,2015
Florida,Status of Budget,Final,2016
Florida,Status of Budget,Final,2016_old
Florida,Status of Budget,Final,2017
Florida,Status of Budget,Final,2018
Florida,Status of Budget,Final,2019
Georgia,Amount from Federal Government,45429288,2013_old
Georgia,Amount from Federal Government,49505987,2014
Georgia,Amount from Federal Government,52203462,2015
Georgia,Amount from Federal Government,30201485,2020
Georgia,Amount from Federal Government,29773879,2021
Georgia,Amount from Federal Government,29773879,2022
Georgia,Amount from Federal Government,29694911,2023
Georgia,Amount from Fees / Other,60328016,2013_old
Georgia,Amount from Fees / Other,51835599,2014
Georgia,Amount from Fees / Other,58927223,2015
Georgia,Amount from Fees / Other,59134009,2016
Georgia,Amount from Fees / Other,59134009,2016_old
Georgia,Amount from Fees / Other,60363061,2017
Georgia,Amount from Fees / Other,61517061,2018
Georgia,Amount from Fees / Other,53199590,2019
Georgia,Amount from Fees / Other,55793855,2020
Georgia,Amount from Fees / Other,54793855,2021
Georgia,Amount from Fees / Other,54793855,2022
Georgia,Amount from Fees / Other,70773170,2023
Georgia,Amount from General Fund,25279200,2013_old
Georgia,Amount from General Fund,25897906,2014
Georgia,Amount from General Fund,29550306,2015
Georgia,Amount from General Fund,30054296,2016
Georgia,Amount from General Fund,30054296,2016_old
Georgia,Amount from General Fund,30508349,2017
Georgia,Amount from General Fund,30795827,2018
Georgia,Amount from General Fund,31102464,2019
Georgia,Amount from General Fund,38415957,2020
Georgia,Amount from General Fund,39551831,2021
Georgia,Amount from General Fund,39552168,2022
Georgia,Amount from General Fund,32981348,2023
Georgia,Amount of Budget from SRF,47473000,2011_old
Georgia,Amount of Budget from SRF,45345000,2012
Georgia,Environmental Agency Budget,131036504,2013_old
Georgia,Environmental Agency Budget,127239492,2014
Georgia,Environmental Agency Budget,140680991,2015
Georgia,Environmental Agency Budget,127295435,2016
Georgia,Environmental Agency Budget,127295435,2016_old
Georgia,Environmental Agency Budget,150745.080,2017
Georgia,Environmental Agency Budget,134728374,2018
Georgia,Environmental Agency Budget,117371706,2019
Georgia,Environmental Agency Budget,124411297,2020
Georgia,Environmental Agency Budget,124119565,2021
Georgia,Environmental Agency Budget,124119902,2022
Georgia,Environmental Agency Budget,133449429,2023
Georgia,Environmental Agency Budget (SRF Added),172747733,2011_old
Georgia,Environmental Agency Budget (SRF Added),165947063,2012
Georgia,Environmental Agency Budget (SRF Added),121139089,2013
Georgia,Percent from Federal Government,30.91,2011_old
Georgia,Percent from Federal Government,28.49,2012
Georgia,Percent from Federal Government,27.13,2013
Georgia,Percent from Federal Government,24.28,2020
Georgia,Percent from Federal Government,23.99,2021
Georgia,Percent from Federal Government,23.99,2022
Georgia,Percent from Federal Government,22.25,2023
Georgia,Percent from Fees / Other,46.54,2011_old
Georgia,Percent from Fees / Other,47.29,2012
Georgia,Percent from Fees / Other,47.08,2013
Georgia,Percent from Fees / Other,46.45,2016
Georgia,Percent from Fees / Other,46.45,2016_old
Georgia,Percent from Fees / Other,40043.14,2017
Georgia,Percent from Fees / Other,45.66,2018
Georgia,Percent from Fees / Other,45.33,2019
Georgia,Percent from Fees / Other,44.85,2020
Georgia,Percent from Fees / Other,44.15,2021
Georgia,Percent from Fees / Other,44.15,2022
Georgia,Percent from Fees / Other,53.03,2023
Georgia,Percent from General Fund,22.55,2011_old
Georgia,Percent from General Fund,24.22,2012
Georgia,Percent from General Fund,25.80,2013
Georgia,Percent from General Fund,23.61,2016
Georgia,Percent from General Fund,23.61,2016_old
Georgia,Percent from General Fund,20238.37,2017
Georgia,Percent from General Fund,22.86,2018
Georgia,Percent from General Fund,26.5,2019
Georgia,Percent from General Fund,30.88,2020
Georgia,Percent from General Fund,31.87,2021
Georgia,Percent from General Fund,31.87,2022
Georgia,Percent from General Fund,24.71,2023
Georgia,Status of Budget,Final,2011_old
Georgia,Status of Budget,Current,2012
Georgia,Status of Budget,Appropriated,2013
Georgia,Status of Budget,Final,2013_old
Georgia,Status of Budget,Final,2014
Georgia,Status of Budget,Final,2015
Georgia,Status of Budget,Final,2016
Georgia,Status of Budget,Final,2016_old
Georgia,Status of Budget,Final,2017
Georgia,Status of Budget,Final,2018
Georgia,Status of Budget,Final,2019
Georgia,Status of Budget,Final,2020
Georgia,Status of Budget,Final,2021
Georgia,Status of Budget,Final,2022
Georgia,Status of Budget,Final,2023
Hawaii,Amount from Federal Government,14832504,2013_old
Hawaii,Amount from Federal Government,15208835,2014
Hawaii,Amount from Federal Government,15037888,2015
Hawaii,Amount from Fees / Other,250713912,2013_old
Hawaii,Amount from Fees / Other,251942941,2014
Hawaii,Amount from Fees / Other,252455599,2015
Hawaii,Amount from General Fund,16157475,2013_old
Hawaii,Amount from General Fund,17736574,2014
Hawaii,Amount from General Fund,18387204,2015
Hawaii,Amount of Budget from SRF,Included,2011_old
Hawaii,Amount of Budget from SRF,Included,2012
Hawaii,Amount of Budget from SRF,Included,2013
Hawaii,Environmental Agency Budget,256223117,2011_old
Hawaii,Environmental Agency Budget,257348104,2012
Hawaii,Environmental Agency Budget,257344104,2013
Hawaii,Environmental Agency Budget,281703891,2013_old
Hawaii,Environmental Agency Budget,284888350,2014
Hawaii,Environmental Agency Budget,285880691,2015
Hawaii,Environmental Agency Budget,166898134,2020
Hawaii,Environmental Agency Budget,166990545,2021
Hawaii,Environmental Agency Budget,177165630,2022
Hawaii,Environmental Agency Budget,211452500,2023
Hawaii,Percent from Federal Government,67.75,2011_old
Hawaii,Percent from Federal Government,67.66,2012
Hawaii,Percent from Federal Government,67.66,2013
Hawaii,Percent from Fees / Other,31.30,2011_old
Hawaii,Percent from Fees / Other,31.33,2012
Hawaii,Percent from Fees / Other,31.33,2013
Hawaii,Percent from General Fund,0.95,2011_old
Hawaii,Percent from General Fund,1.01,2012
Hawaii,Percent from General Fund,1.01,2013
Hawaii,Status of Budget,Actual,2011_old
Hawaii,Status of Budget,Current,2012
Hawaii,Status of Budget,Proposed,2013
Hawaii,Status of Budget,Enacted,2013_old
Hawaii,Status of Budget,Enacted,2014
Hawaii,Status of Budget,Enacted,2015
Idaho,Amount from Federal Government,36053400,2013_old
Idaho,Amount from Federal Government,40206200,2014
Idaho,Amount from Federal Government,39349200,2015
Idaho,Amount from Federal Government,37443300,2016
Idaho,Amount from Federal Government,37443300,2016_old
Idaho,Amount from Federal Government,38133800,2017
Idaho,Amount from Federal Government,36464300,2018
Idaho,Amount from Federal Government,28940800,2019
Idaho,Amount from Federal Government,28885300,2020
Idaho,Amount from Federal Government,28745200,2021
Idaho,Amount from Federal Government,28594100,2022
Idaho,Amount from Federal Government,102576900,2023
Idaho,Amount from Fees / Other,11624800,2013_old
Idaho,Amount from Fees / Other,11385200,2014
Idaho,Amount from Fees / Other,11321500,2015
Idaho,Amount from Fees / Other,10728000,2016
Idaho,Amount from Fees / Other,10728000,2016_old
Idaho,Amount from Fees / Other,11290800,2017
Idaho,Amount from Fees / Other,11804500,2018
Idaho,Amount from Fees / Other,17557600,2019
Idaho,Amount from Fees / Other,16953700,2020
Idaho,Amount from Fees / Other,15699800,2021
Idaho,Amount from Fees / Other,20773200,2022
Idaho,Amount from Fees / Other,17397300,2023
Idaho,Amount from General Fund,14276200,2013_old
Idaho,Amount from General Fund,14839100,2014
Idaho,Amount from General Fund,15636200,2015
Idaho,Amount from General Fund,16449600,2016
Idaho,Amount from General Fund,16449600,2016_old
Idaho,Amount from General Fund,17908000,2017
Idaho,Amount from General Fund,19621100,2018
Idaho,Amount from General Fund,20461700,2019
Idaho,Amount from General Fund,22576600,2020
Idaho,Amount from General Fund,22215700,2021
Idaho,Amount from General Fund,22388500,2022
Idaho,Amount from General Fund,24760400,2023
Idaho,Amount of Budget from SRF,16740000,2011_old
Idaho,Amount of Budget from SRF,15983000,2012
Idaho,Environmental Agency Budget,64620900,2016
Idaho,Environmental Agency Budget,64620900,2016_old
Idaho,Environmental Agency Budget,67332600,2017
Idaho,Environmental Agency Budget,67889900,2018
Idaho,Environmental Agency Budget,66960100,2019
Idaho,Environmental Agency Budget,68415600,2020
Idaho,Environmental Agency Budget,66660700,2021
Idaho,Environmental Agency Budget,71755800,2022
Idaho,Environmental Agency Budget,144734600,2023
Idaho,Environmental Agency Budget (SRF Added),71829000,2011_old
Idaho,Environmental Agency Budget (SRF Added),78109700,2012
Idaho,Environmental Agency Budget (SRF Added),61954400,2013
Idaho,Percent from Federal Government,60,2009
Idaho,Percent from Federal Government,65,2010
Idaho,Percent from Federal Government,60,2011
Idaho,Percent from Federal Government,56.33,2011_old
Idaho,Percent from Federal Government,57.45,2012
Idaho,Percent from Federal Government,58.19,2013
Idaho,Percent from Federal Government,57.94,2016
Idaho,Percent from Federal Government,57.94,2016_old
Idaho,Percent from Federal Government,56.63,2017
Idaho,Percent from Federal Government,53.71,2018
Idaho,Percent from Federal Government,43.22,2019
Idaho,Percent from Federal Government,42.22,2020
Idaho,Percent from Federal Government,43.12,2021
Idaho,Percent from Federal Government,39.85,2022
Idaho,Percent from Federal Government,70.87,2023
Idaho,Percent from Fees / Other,9,2009
Idaho,Percent from Fees / Other,12,2010
Idaho,Percent from Fees / Other,15,2011
Idaho,Percent from Fees / Other,18.15,2011_old
Idaho,Percent from Fees / Other,20.34,2012
Idaho,Percent from Fees / Other,18.77,2013
Idaho,Percent from Fees / Other,16.6,2016
Idaho,Percent from Fees / Other,16.6,2016_old
Idaho,Percent from Fees / Other,16.77,2017
Idaho,Percent from Fees / Other,17.39,2018
Idaho,Percent from Fees / Other,26.22,2019
Idaho,Percent from Fees / Other,24.78,2020
Idaho,Percent from Fees / Other,23.55,2021
Idaho,Percent from Fees / Other,28.95,2022
Idaho,Percent from Fees / Other,12.02,2023
Idaho,Percent from General Fund,31,2009
Idaho,Percent from General Fund,23,2010
Idaho,Percent from General Fund,25,2011
Idaho,Percent from General Fund,25.52,2011_old
Idaho,Percent from General Fund,22.21,2012
Idaho,Percent from General Fund,23.04,2013
Idaho,Percent from General Fund,25.46,2016
Idaho,Percent from General Fund,25.46,2016_old
Idaho,Percent from General Fund,26.6,2017
Idaho,Percent from General Fund,28.9,2018
Idaho,Percent from General Fund,30.56,2019
Idaho,Percent from General Fund,33.0,2020
Idaho,Percent from General Fund,33.33,2021
Idaho,Percent from General Fund,31.2,2022
Idaho,Percent from General Fund,17.11,2023
Idaho,Status of Budget,Actual,2009
Idaho,Status of Budget,Estimated,2010
Idaho,Status of Budget,Appropriated,2011
Idaho,Status of Budget,Final,2011_old
Idaho,Status of Budget,Current,2012
Idaho,Status of Budget,Appropriated,2013
Idaho,Status of Budget,Final,2013_old
Idaho,Status of Budget,Final,2014
Idaho,Status of Budget,Final,2015
Idaho,Status of Budget,Final,2016
Idaho,Status of Budget,Final,2016_old
Idaho,Status of Budget,Final,2017
Idaho,Status of Budget,Final,2018
Idaho,Status of Budget,Final,2019
Idaho,Status of Budget,Final,2020
Idaho,Status of Budget,Final,2021
Idaho,Status of Budget,Final,2022
Idaho,Status of Budget,Final,2023
Illinois,Amount from Federal Government,65788600,2013_old
Illinois,Amount from Federal Government,62322800,2014
Illinois,Amount from Federal Government,63640300,2015
Illinois,Amount from Federal Government,65607600,2016
Illinois,Amount from Federal Government,65607600,2016_old
Illinois,Amount from Federal Government,65607600,2017
Illinois,Amount from Federal Government,82085600,2018
Illinois,Amount from Federal Government,81906200,2019
Illinois,Amount from Federal Government,140725500,2020
Illinois,Amount from Federal Government,141972600,2021
Illinois,Amount from Federal Government,144029000,2022
Illinois,Amount from Federal Government,162505000,2023
Illinois,Amount from Fees / Other,223360500,2013_old
Illinois,Amount from Fees / Other,234855900,2014
Illinois,Amount from Fees / Other,240969600,2015
Illinois,Amount from Fees / Other,280602424,2016
Illinois,Amount from Fees / Other,280602424,2016_old
Illinois,Amount from Fees / Other,283693200,2017
Illinois,Amount from Fees / Other,296590300,2018
Illinois,Amount from Fees / Other,305018400,2019
Illinois,Amount from Fees / Other,306115000,2020
Illinois,Amount from Fees / Other,372494200,2021
Illinois,Amount from Fees / Other,383378800,2022
Illinois,Amount from Fees / Other,395906200,2023
Illinois,Amount from General Fund,0,2013_old
Illinois,Amount from General Fund,0,2014
Illinois,Amount from General Fund,0,2015
Illinois,Amount from General Fund,0,2016
Illinois,Amount from General Fund,0,2016_old
Illinois,Amount from General Fund,0,2017
Illinois,Amount from General Fund,500000,2018
Illinois,Amount from General Fund,0,2019
Illinois,Amount from General Fund,0.00,2020
Illinois,Amount from General Fund,0.00,2021
Illinois,Amount from General Fund,48100000,2022
Illinois,Amount from General Fund,0.00,2023
Illinois,Amount of Budget from SRF,Included,2011_old
Illinois,Amount of Budget from SRF,Included,2012
Illinois,Amount of Budget from SRF,Included,2013
Illinois,Environmental Agency Budget,213914319,2009
Illinois,Environmental Agency Budget,278528325,2010
Illinois,Environmental Agency Budget,265591300,2011
Illinois,Environmental Agency Budget,279191300,2011_old
Illinois,Environmental Agency Budget,288578700,2012
Illinois,Environmental Agency Budget,289149100,2013
Illinois,Environmental Agency Budget,289149100,2013_old
Illinois,Environmental Agency Budget,297178700,2014
Illinois,Environmental Agency Budget,304609900,2015
Illinois,Environmental Agency Budget,346210024,2016
Illinois,Environmental Agency Budget,346210024,2016_old
Illinois,Environmental Agency Budget,349300800,2017
Illinois,Environmental Agency Budget,379175900,2018
Illinois,Environmental Agency Budget,386924600,2019
Illinois,Environmental Agency Budget,446840500,2020
Illinois,Environmental Agency Budget,514466800,2021
Illinois,Environmental Agency Budget,575507800,2022
Illinois,Environmental Agency Budget,558411200,2023
Illinois,Percent from Federal Government,20.52,2009
Illinois,Percent from Federal Government,26.26,2010
Illinois,Percent from Federal Government,24.91,2011
Illinois,Percent from Federal Government,24.91,2011_old
Illinois,Percent from Federal Government,24.36,2012
Illinois,Percent from Federal Government,22.75,2013
Illinois,Percent from Federal Government,18.95,2016
Illinois,Percent from Federal Government,18.95,2016_old
Illinois,Percent from Federal Government,18.78,2017
Illinois,Percent from Federal Government,21.65,2018
Illinois,Percent from Federal Government,21.17,2019
Illinois,Percent from Federal Government,31.49,2020
Illinois,Percent from Federal Government,27.6,2021
Illinois,Percent from Federal Government,25.03,2022
Illinois,Percent from Federal Government,29.1,2023
Illinois,Percent from Fees / Other,78.73,2009
Illinois,Percent from Fees / Other,73.69,2010
Illinois,Percent from Fees / Other,75.09,2011
Illinois,Percent from Fees / Other,75.09,2011_old
Illinois,Percent from Fees / Other,75.64,2012
Illinois,Percent from Fees / Other,77.25,2013
Illinois,Percent from Fees / Other,81.05,2016
Illinois,Percent from Fees / Other,81.05,2016_old
Illinois,Percent from Fees / Other,81.22,2017
Illinois,Percent from Fees / Other,78.22,2018
Illinois,Percent from Fees / Other,78.83,2019
Illinois,Percent from Fees / Other,68.51,2020
Illinois,Percent from Fees / Other,72.4,2021
Illinois,Percent from Fees / Other,66.62,2022
Illinois,Percent from Fees / Other,70.9,2023
Illinois,Percent from General Fund,0.75,2009
Illinois,Percent from General Fund,0.05,2010
Illinois,Percent from General Fund,0,2011
Illinois,Percent from General Fund,0,2011_old
Illinois,Percent from General Fund,0,2012
Illinois,Percent from General Fund,0,2013
Illinois,Percent from General Fund,0.0,2016
Illinois,Percent from General Fund,0.0,2016_old
Illinois,Percent from General Fund,0.0,2017
Illinois,Percent from General Fund,0.13,2018
Illinois,Percent from General Fund,0.0,2019
Illinois,Percent from General Fund,0.0,2020
Illinois,Percent from General Fund,0.0,2021
Illinois,Percent from General Fund,8.36,2022
Illinois,Percent from General Fund,0.0,2023
Illinois,Status of Budget,Final spending,2009
Illinois,Status of Budget,Current,2010
Illinois,Status of Budget,Proposed,2011
Illinois,Status of Budget,Final,2011_old
Illinois,Status of Budget,Enacted,2012
Illinois,Status of Budget,Recommended,2013
Illinois,Status of Budget,Final,2013_old
Illinois,Status of Budget,Final,2014
Illinois,Status of Budget,Final,2015
Illinois,Status of Budget,Final,2016
Illinois,Status of Budget,Final,2016_old
Illinois,Status of Budget,Final,2017
Illinois,Status of Budget,Final,2019
Illinois,Status of Budget,Final,2020
Illinois,Status of Budget,Final,2021
Illinois,Status of Budget,Final,2022
Illinois,Status of Budget,Final,2023
Indiana,Amount from Federal Government,23966403,2013_old
Indiana,Amount from Federal Government,24381116,2014
Indiana,Amount from Federal Government,24381116,2015
Indiana,Amount from Fees / Other,86305980,2013_old
Indiana,Amount from Fees / Other,87105653,2014
Indiana,Amount from Fees / Other,87105653,2015
Indiana,Amount from General Fund,24370331,2013_old
Indiana,Amount from General Fund,23608443,2014
Indiana,Amount from General Fund,23608443,2015
Indiana,Amount of Budget from SRF,51656000,2011_old
Indiana,Amount of Budget from SRF,49375000,2012
Indiana,Environmental Agency Budget,134642714,2013_old
Indiana,Environmental Agency Budget,135095212,2014
Indiana,Environmental Agency Budget,135095212,2015
Indiana,Environmental Agency Budget,122847985,2020
Indiana,Environmental Agency Budget,164128080,2021
Indiana,Environmental Agency Budget,155410414,2022
Indiana,Environmental Agency Budget,141975576,2023
Indiana,Environmental Agency Budget (SRF Added),186688074,2011_old
Indiana,Environmental Agency Budget (SRF Added),184017715,2012
Indiana,Environmental Agency Budget (SRF Added),134642715,2013
Indiana,Percent from Federal Government,19,2009
Indiana,Percent from Federal Government,19,2010
Indiana,Percent from Federal Government,21.50,2011
Indiana,Percent from Federal Government,18.80,2011_old
Indiana,Percent from Federal Government,17.80,2012
Indiana,Percent from Federal Government,17.80,2013
Indiana,Percent from Fees / Other,48,2009
Indiana,Percent from Fees / Other,48.60,2010
Indiana,Percent from Fees / Other,48.50,2011
Indiana,Percent from Fees / Other,63.70,2011_old
Indiana,Percent from Fees / Other,64.10,2012
Indiana,Percent from Fees / Other,64.10,2013
Indiana,Percent from General Fund,27,2009
Indiana,Percent from General Fund,25.90,2010
Indiana,Percent from General Fund,31,2011
Indiana,Percent from General Fund,17.50,2011_old
Indiana,Percent from General Fund,18.10,2012
Indiana,Percent from General Fund,18.10,2013
Indiana,Status of Budget,Final,2009
Indiana,Status of Budget,Final as passed; Excludes Tank fees,2010
Indiana,Status of Budget,Final as passed; Excludes Tank fees,2011
Indiana,Status of Budget,Actual,2011_old
Indiana,Status of Budget,Final,2012
Indiana,Status of Budget,Final,2013
Indiana,Status of Budget,Final,2013_old
Indiana,Status of Budget,Final,2014
Indiana,Status of Budget,Final,2015
Indiana,Status of Budget,Final,2020
Indiana,Status of Budget,Final,2021
Indiana,Status of Budget,Final,2022
Indiana,Status of Budget,Final,2023
Iowa,Amount from Federal Government,24488377,2013_old
Iowa,Amount from Federal Government,23940277,2014
Iowa,Amount from Federal Government,25807769,2015
Iowa,Amount from Federal Government,30528176,2020
Iowa,Amount from Federal Government,29516463,2021
Iowa,Amount from Federal Government,33411142,2022
Iowa,Amount from Federal Government,26821350,2023
Iowa,Amount from Fees / Other,26707484,2013_old
Iowa,Amount from Fees / Other,27236313,2014
Iowa,Amount from Fees / Other,26634014,2015
Iowa,Amount from Fees / Other,24433980,2020
Iowa,Amount from Fees / Other,25687060,2021
Iowa,Amount from Fees / Other,25456623,2022
Iowa,Amount from Fees / Other,25966539,2023
Iowa,Amount from General Fund,3528705,2013_old
Iowa,Amount from General Fund,3562070,2014
Iowa,Amount from General Fund,3273290,2015
Iowa,Amount from General Fund,3051904,2020
Iowa,Amount from General Fund,2630116,2021
Iowa,Amount from General Fund,2590731,2022
Iowa,Amount from General Fund,2666388,2023
Iowa,Environmental Agency Budget,46800000,2009
Iowa,Environmental Agency Budget,52400000,2010
Iowa,Environmental Agency Budget,51000000,2011
Iowa,Environmental Agency Budget,54727567,2013_old
Iowa,Environmental Agency Budget,54739661,2014
Iowa,Environmental Agency Budget,55715073,2015
Iowa,Environmental Agency Budget,58629319,2016
Iowa,Environmental Agency Budget,58629319,2016_old
Iowa,Environmental Agency Budget,55596410,2017
Iowa,Environmental Agency Budget,53428552,2018
Iowa,Environmental Agency Budget,57123724,2019
Iowa,Environmental Agency Budget,58014061,2020
Iowa,Environmental Agency Budget,57833639,2021
Iowa,Environmental Agency Budget,61458496,2022
Iowa,Environmental Agency Budget,55454277,2023
Iowa,Percent from Federal Government,36,2009
Iowa,Percent from Federal Government,39,2010
Iowa,Percent from Federal Government,41,2011
Iowa,Percent from Federal Government,52.62,2020
Iowa,Percent from Federal Government,51.04,2021
Iowa,Percent from Federal Government,54.36,2022
Iowa,Percent from Federal Government,48.37,2023
Iowa,Percent from Fees / Other,49,2009
Iowa,Percent from Fees / Other,49,2010
Iowa,Percent from Fees / Other,50,2011
Iowa,Percent from Fees / Other,42.12,2020
Iowa,Percent from Fees / Other,44.42,2021
Iowa,Percent from Fees / Other,41.42,2022
Iowa,Percent from Fees / Other,46.83,2023
Iowa,Percent from General Fund,15,2009
Iowa,Percent from General Fund,12,2010
Iowa,Percent from General Fund,9,2011
Iowa,Percent from General Fund,5.26,2020
Iowa,Percent from General Fund,4.55,2021
Iowa,Percent from General Fund,4.22,2022
Iowa,Percent from General Fund,4.81,2023
Iowa,Status of Budget,Approved,2009
Iowa,Status of Budget,Current,2010
Iowa,Status of Budget,Budgeted,2011
Iowa,Status of Budget,Final,2013_old
Iowa,Status of Budget,Final,2014
Iowa,Status of Budget,Final,2015
Iowa,Status of Budget,Final,2016
Iowa,Status of Budget,Final,2016_old
Iowa,Status of Budget,Final,2017
Iowa,Status of Budget,Final,2018
Iowa,Status of Budget,Final,2019
Iowa,Status of Budget,Final,2020
Iowa,Status of Budget,Final,2021
Iowa,Status of Budget,Final,2022
Iowa,Status of Budget,Final,2023
Kansas,Amount from Federal Government,24586380,2013_old
Kansas,Amount from Federal Government,23292277,2014
Kansas,Amount from Federal Government,24552469,2015
Kansas,Amount from Federal Government,19328779,2016
Kansas,Amount from Federal Government,19328779,2016_old
Kansas,Amount from Federal Government,19709242,2017
Kansas,Amount from Federal Government,21734037,2018
Kansas,Amount from Federal Government,19653568,2019
Kansas,Amount from Fees / Other,42755400,2013_old
Kansas,Amount from Fees / Other,35850397,2014
Kansas,Amount from Fees / Other,38647718,2015
Kansas,Amount from Fees / Other,41881482,2016
Kansas,Amount from Fees / Other,41881482,2016_old
Kansas,Amount from Fees / Other,43859693,2017
Kansas,Amount from Fees / Other,50854785,2018
Kansas,Amount from Fees / Other,46619522,2019
Kansas,Amount from General Fund,6332748,2013_old
Kansas,Amount from General Fund,5276350,2014
Kansas,Amount from General Fund,5213074,2015
Kansas,Amount from General Fund,4378457,2016
Kansas,Amount from General Fund,4378457,2016_old
Kansas,Amount from General Fund,4292462,2017
Kansas,Amount from General Fund,4091331,2018
Kansas,Amount from General Fund,4443941,2019
Kansas,Amount of Budget from SRF,Included,2011_old
Kansas,Amount of Budget from SRF,Included,2012
Kansas,Amount of Budget from SRF,Included,2013
Kansas,Environmental Agency Budget,72538778,2011_old
Kansas,Environmental Agency Budget,74133338,2012
Kansas,Environmental Agency Budget,72603904,2013
Kansas,Environmental Agency Budget,73674528,2013_old
Kansas,Environmental Agency Budget,64419024,2014
Kansas,Environmental Agency Budget,68413261,2015
Kansas,Environmental Agency Budget,65588718,2016
Kansas,Environmental Agency Budget,65588718,2016_old
Kansas,Environmental Agency Budget,67861397,2017
Kansas,Environmental Agency Budget,76680153,2018
Kansas,Environmental Agency Budget,70717031,2019
Kansas,Percent from Federal Government,40.00,2011_old
Kansas,Percent from Federal Government,39.00,2012
Kansas,Percent from Federal Government,38.00,2013
Kansas,Percent from Federal Government,29.47,2016
Kansas,Percent from Federal Government,29.47,2016_old
Kansas,Percent from Federal Government,29.04,2017
Kansas,Percent from Federal Government,28.34,2018
Kansas,Percent from Federal Government,27.79,2019
Kansas,Percent from Fees / Other,55.00,2011_old
Kansas,Percent from Fees / Other,55.00,2012
Kansas,Percent from Fees / Other,57.00,2013
Kansas,Percent from Fees / Other,63.85,2016
Kansas,Percent from Fees / Other,63.85,2016_old
Kansas,Percent from Fees / Other,64.63,2017
Kansas,Percent from Fees / Other,66.32,2018
Kansas,Percent from Fees / Other,65.92,2019
Kansas,Percent from General Fund,5.00,2011_old
Kansas,Percent from General Fund,6.00,2012
Kansas,Percent from General Fund,5.00,2013
Kansas,Percent from General Fund,6.68,2016
Kansas,Percent from General Fund,6.68,2016_old
Kansas,Percent from General Fund,6.33,2017
Kansas,Percent from General Fund,5.34,2018
Kansas,Percent from General Fund,6.28,2019
Kansas,Status of Budget,Final,2011_old
Kansas,Status of Budget,Current,2012
Kansas,Status of Budget,Proposed,2013
Kansas,Status of Budget,Final,2013_old
Kansas,Status of Budget,Final,2014
Kansas,Status of Budget,Final,2015
Kansas,Status of Budget,Final,2016
Kansas,Status of Budget,Final,2016_old
Kansas,Status of Budget,Final,2017
Kansas,Status of Budget,Final,2018
Kansas,Status of Budget,Final,2019
Kentucky,Amount from Federal Government,24269958,2013_old
Kentucky,Amount from Federal Government,23405148,2014
Kentucky,Amount from Federal Government,21542592,2015
Kentucky,Amount from Federal Government,26040987.5,2020
Kentucky,Amount from Federal Government,25347775.8,2021
Kentucky,Amount from Federal Government,24244223.0,2022
Kentucky,Amount from Federal Government,23435877.3,2023
Kentucky,Amount from Fees / Other,50624480,2013_old
Kentucky,Amount from Fees / Other,58195188,2014
Kentucky,Amount from Fees / Other,61832044,2015
Kentucky,Amount from Fees / Other,62171909.8,2020
Kentucky,Amount from Fees / Other,66366375.68,2021
Kentucky,Amount from Fees / Other,60078709.07,2022
Kentucky,Amount from Fees / Other,67571679.23,2023
Kentucky,Amount from General Fund,20606962,2013_old
Kentucky,Amount from General Fund,21982000,2014
Kentucky,Amount from General Fund,21417700,2015
Kentucky,Amount from General Fund,25235060.5,2020
Kentucky,Amount from General Fund,22927100,2021
Kentucky,Amount from General Fund,26955000,2022
Kentucky,Amount from General Fund,27318493,2023
Kentucky,Amount of Budget from SRF,32579000,2011_old
Kentucky,Amount of Budget from SRF,31125000,2012
Kentucky,Environmental Agency Budget,72955642,2009
Kentucky,Environmental Agency Budget,79890900,2010
Kentucky,Environmental Agency Budget,78509400,2011
Kentucky,Environmental Agency Budget,95501400,2013_old
Kentucky,Environmental Agency Budget,103582336,2014
Kentucky,Environmental Agency Budget,104792336,2015
Kentucky,Environmental Agency Budget,102932538.82,2016
Kentucky,Environmental Agency Budget,102932538.,2016_old
Kentucky,Environmental Agency Budget,103989427.72,2017
Kentucky,Environmental Agency Budget,99411922.95,2018
Kentucky,Environmental Agency Budget,107027689.03,2019
Kentucky,Environmental Agency Budget,113447957.85,2020
Kentucky,Environmental Agency Budget,114641251.48,2021
Kentucky,Environmental Agency Budget,111277932.16,2022
Kentucky,Environmental Agency Budget,118326049.60,2023
Kentucky,Environmental Agency Budget (SRF Added),135353338,2011_old
Kentucky,Environmental Agency Budget (SRF Added),145510600,2012
Kentucky,Environmental Agency Budget (SRF Added),110901200,2013
Kentucky,Percent from Federal Government,30,2009
Kentucky,Percent from Federal Government,29,2010
Kentucky,Percent from Federal Government,28,2011
Kentucky,Percent from Federal Government,24.15,2011_old
Kentucky,Percent from Federal Government,22.81,2012
Kentucky,Percent from Federal Government,20.94,2013
Kentucky,Percent from Federal Government,22.95,2020
Kentucky,Percent from Federal Government,22.11,2021
Kentucky,Percent from Federal Government,21.79,2022
Kentucky,Percent from Federal Government,19.81,2023
Kentucky,Percent from Fees / Other,41,2009
Kentucky,Percent from Fees / Other,44,2010
Kentucky,Percent from Fees / Other,44,2011
Kentucky,Percent from Fees / Other,54.94,2011_old
Kentucky,Percent from Fees / Other,59.12,2012
Kentucky,Percent from Fees / Other,60.52,2013
Kentucky,Percent from Fees / Other,54.8,2020
Kentucky,Percent from Fees / Other,57.89,2021
Kentucky,Percent from Fees / Other,53.99,2022
Kentucky,Percent from Fees / Other,57.11,2023
Kentucky,Percent from General Fund,29,2009
Kentucky,Percent from General Fund,27,2010
Kentucky,Percent from General Fund,28,2011
Kentucky,Percent from General Fund,20.92,2011_old
Kentucky,Percent from General Fund,18.08,2012
Kentucky,Percent from General Fund,18.54,2013
Kentucky,Percent from General Fund,22.24,2020
Kentucky,Percent from General Fund,20.0,2021
Kentucky,Percent from General Fund,24.22,2022
Kentucky,Percent from General Fund,23.09,2023
Kentucky,Status of Budget,Final,2009
Kentucky,Status of Budget,Adopted,2010
Kentucky,Status of Budget,Adopted (reduction in General Funds will likely occur in FY11) ,2011
Kentucky,Status of Budget,Actual,2011_old
Kentucky,Status of Budget,Current,2012
Kentucky,Status of Budget,Enacted,2013
Kentucky,Status of Budget,Actual,2013_old
Kentucky,Status of Budget,Actual,2014
Kentucky,Status of Budget,Actual,2015
Kentucky,Status of Budget,Actual,2016
Kentucky,Status of Budget,Actual,2016_old
Kentucky,Status of Budget,Actual,2017
Kentucky,Status of Budget,Actual,2018
Kentucky,Status of Budget,Actual,2019
Kentucky,Status of Budget,Actual,2020
Kentucky,Status of Budget,Actual,2021
Kentucky,Status of Budget,Actual,2022
Kentucky,Status of Budget,Actual,2023
Louisiana,Amount from Federal Government,24883179,2016
Louisiana,Amount from Federal Government,"Amount from Federal
Gov?t (e.g. U.S. EPA)",2016_old
Louisiana,Amount from Federal Government,24885647,2017
Louisiana,Amount from Federal Government,24914915,2018
Louisiana,Amount from Federal Government,22257933,2019
Louisiana,Amount from Federal Government,19634301,2020
Louisiana,Amount from Federal Government,19634301,2021
Louisiana,Amount from Federal Government,19234301,2022
Louisiana,Amount from Federal Government,19247601,2023
Louisiana,Amount from Fees / Other,87775253,2016
Louisiana,Amount from Fees / Other,Amount from Fees Other,2016_old
Louisiana,Amount from Fees / Other,94820578,2017
Louisiana,Amount from Fees / Other,101945664,2018
Louisiana,Amount from Fees / Other,103950605,2019
Louisiana,Amount from Fees / Other,120725895,2020
Louisiana,Amount from Fees / Other,126215616,2021
Louisiana,Amount from Fees / Other,124106302,2022
Louisiana,Amount from Fees / Other,121212799,2023
Louisiana,Amount from General Fund,419364,2016
Louisiana,Amount from General Fund,"Amount from General
Fund",2016_old
Louisiana,Amount from General Fund,0,2017
Louisiana,Amount from General Fund,0,2018
Louisiana,Amount from General Fund,0,2019
Louisiana,Amount from General Fund,0,2020
Louisiana,Amount from General Fund,0,2021
Louisiana,Amount from General Fund,3529624,2022
Louisiana,Amount from General Fund,7347374,2023
Louisiana,Amount of Budget from SRF,34195000,2011_old
Louisiana,Amount of Budget from SRF,32656000,2012
Louisiana,Environmental Agency Budget,113077796,2016
Louisiana,Environmental Agency Budget,"Environmental Agency
Budget",2016_old
Louisiana,Environmental Agency Budget,119706225,2017
Louisiana,Environmental Agency Budget,126860579,2018
Louisiana,Environmental Agency Budget,126208538,2019
Louisiana,Environmental Agency Budget,140360196,2020
Louisiana,Environmental Agency Budget,145849917,2021
Louisiana,Environmental Agency Budget,146870227,2022
Louisiana,Environmental Agency Budget,147807774,2023
Louisiana,Environmental Agency Budget (SRF Added),151360857,2011_old
Louisiana,Environmental Agency Budget (SRF Added),163360754,2012
Louisiana,Environmental Agency Budget (SRF Added),118765439,2013
Louisiana,Percent from Federal Government,16.20,2011_old
Louisiana,Percent from Federal Government,19.33,2012
Louisiana,Percent from Federal Government,19.19,2013
Louisiana,Percent from Federal Government,22.01,2016
Louisiana,Percent from Federal Government,20.79,2017
Louisiana,Percent from Federal Government,19.64,2018
Louisiana,Percent from Federal Government,17.64,2019
Louisiana,Percent from Federal Government,13.99,2020
Louisiana,Percent from Federal Government,13.46,2021
Louisiana,Percent from Federal Government,13.1,2022
Louisiana,Percent from Federal Government,13.02,2023
Louisiana,Percent from Fees / Other,83.80,2011_old
Louisiana,Percent from Fees / Other,80.48,2012
Louisiana,Percent from Fees / Other,80.60,2013
Louisiana,Percent from Fees / Other,77.62,2016
Louisiana,Percent from Fees / Other,79.21,2017
Louisiana,Percent from Fees / Other,80.36,2018
Louisiana,Percent from Fees / Other,82.36,2019
Louisiana,Percent from Fees / Other,86.01,2020
Louisiana,Percent from Fees / Other,86.54,2021
Louisiana,Percent from Fees / Other,84.5,2022
Louisiana,Percent from Fees / Other,82.01,2023
Louisiana,Percent from General Fund,0,2011_old
Louisiana,Percent from General Fund,0.19,2012
Louisiana,Percent from General Fund,0.21,2013
Louisiana,Percent from General Fund,0.37,2016
Louisiana,Percent from General Fund,0.0,2017
Louisiana,Percent from General Fund,0.0,2018
Louisiana,Percent from General Fund,0.0,2019
Louisiana,Percent from General Fund,0.0,2020
Louisiana,Percent from General Fund,0.0,2021
Louisiana,Percent from General Fund,2.4,2022
Louisiana,Percent from General Fund,4.97,2023
Louisiana,Status of Budget,Actual,2011_old
Louisiana,Status of Budget,Operating,2012
Louisiana,Status of Budget,Recommended,2013
Louisiana,Status of Budget,Appropriated,2016
Louisiana,Status of Budget,Budget Status,2016_old
Louisiana,Status of Budget,Appropriated,2017
Louisiana,Status of Budget,Appropriated,2018
Louisiana,Status of Budget,Appropriated,2019
Louisiana,Status of Budget,Appropriated,2020
Louisiana,Status of Budget,Appropriated,2021
Louisiana,Status of Budget,Appropriated,2022
Louisiana,Status of Budget,Appropriated,2023
Maine,Amount from Federal Government,20156056,2013_old
Maine,Amount from Federal Government,20742590,2014
Maine,Amount from Federal Government,19918437,2015
Maine,Amount from Federal Government,18248904,2016
Maine,Amount from Federal Government,"Amount from Federal
Gov?t (e.g. U.S. EPA)",2016_old
Maine,Amount from Federal Government,17825039,2017
Maine,Amount from Federal Government,14750559,2018
Maine,Amount from Federal Government,14455559,2019
Maine,Amount from Federal Government,10570439,2020
Maine,Amount from Federal Government,10020912,2021
Maine,Amount from Federal Government,8722966,2022
Maine,Amount from Federal Government,9007670,2023
Maine,Amount from Fees / Other,56639892,2013_old
Maine,Amount from Fees / Other,54527114,2014
Maine,Amount from Fees / Other,52618901,2015
Maine,Amount from Fees / Other,56725688,2016
Maine,Amount from Fees / Other,Amount from Fees Other,2016_old
Maine,Amount from Fees / Other,55303823,2017
Maine,Amount from Fees / Other,51134802,2018
Maine,Amount from Fees / Other,52609033,2019
Maine,Amount from Fees / Other,36610064,2020
Maine,Amount from Fees / Other,33549424,2021
Maine,Amount from Fees / Other,29523436,2022
Maine,Amount from Fees / Other,33300599,2023
Maine,Amount from General Fund,5958052,2013_old
Maine,Amount from General Fund,6423298,2014
Maine,Amount from General Fund,7090422,2015
Maine,Amount from General Fund,7641017,2016
Maine,Amount from General Fund,"Amount from General
Fund",2016_old
Maine,Amount from General Fund,7631386,2017
Maine,Amount from General Fund,7860985,2018
Maine,Amount from General Fund,9474599,2019
Maine,Amount from General Fund,9171190,2020
Maine,Amount from General Fund,8615101,2021
Maine,Amount from General Fund,11343949,2022
Maine,Amount from General Fund,12445375,2023
Maine,Amount of Budget from SRF,20964000,2011_old
Maine,Amount of Budget from SRF,20026000,2012
Maine,Environmental Agency Budget,82754000,2013_old
Maine,Environmental Agency Budget,81693002,2014
Maine,Environmental Agency Budget,79627760,2015
Maine,Environmental Agency Budget,82615609,2016
Maine,Environmental Agency Budget,"Environmental Agency
Budget",2016_old
Maine,Environmental Agency Budget,80760248,2017
Maine,Environmental Agency Budget,73746346,2018
Maine,Environmental Agency Budget,76539191,2019
Maine,Environmental Agency Budget,103437239,2020
Maine,Environmental Agency Budget,113220422,2021
Maine,Environmental Agency Budget,146136691,2022
Maine,Environmental Agency Budget,167688486,2023
Maine,Environmental Agency Budget (SRF Added),97720145,2011_old
Maine,Environmental Agency Budget (SRF Added),97463356,2012
Maine,Environmental Agency Budget (SRF Added),77816748,2013
Maine,Percent from Federal Government,22.30,2009
Maine,Percent from Federal Government,20.50,2010
Maine,Percent from Federal Government,20.50,2011
Maine,Percent from Federal Government,23.30,2011_old
Maine,Percent from Federal Government,23.30,2012
Maine,Percent from Federal Government,23.50,2013
Maine,Percent from Federal Government,22.09,2016
Maine,Percent from Federal Government,22.07,2017
Maine,Percent from Federal Government,20.0,2018
Maine,Percent from Federal Government,18.89,2019
Maine,Percent from Federal Government,10.22,2020
Maine,Percent from Federal Government,8.85,2021
Maine,Percent from Federal Government,5.97,2022
Maine,Percent from Federal Government,5.37,2023
Maine,Percent from Fees / Other,66.10,2009
Maine,Percent from Fees / Other,70.60,2010
Maine,Percent from Fees / Other,70.60,2011
Maine,Percent from Fees / Other,69.10,2011_old
Maine,Percent from Fees / Other,67.50,2012
Maine,Percent from Fees / Other,67.80,2013
Maine,Percent from Fees / Other,68.66,2016
Maine,Percent from Fees / Other,68.48,2017
Maine,Percent from Fees / Other,69.34,2018
Maine,Percent from Fees / Other,68.73,2019
Maine,Percent from Fees / Other,35.39,2020
Maine,Percent from Fees / Other,29.63,2021
Maine,Percent from Fees / Other,20.2,2022
Maine,Percent from Fees / Other,19.86,2023
Maine,Percent from General Fund,11.60,2009
Maine,Percent from General Fund,8.90,2010
Maine,Percent from General Fund,8.90,2011
Maine,Percent from General Fund,7.60,2011_old
Maine,Percent from General Fund,9.20,2012
Maine,Percent from General Fund,8.70,2013
Maine,Percent from General Fund,9.25,2016
Maine,Percent from General Fund,9.45,2017
Maine,Percent from General Fund,10.66,2018
Maine,Percent from General Fund,12.38,2019
Maine,Percent from General Fund,8.87,2020
Maine,Percent from General Fund,7.61,2021
Maine,Percent from General Fund,7.76,2022
Maine,Percent from General Fund,7.42,2023
Maine,Status of Budget,Final as spent,2009
Maine,Status of Budget,As enacted,2010
Maine,Status of Budget,As enacted,2011
Maine,Status of Budget,Enacted,2011_old
Maine,Status of Budget,Budgeted,2012
Maine,Status of Budget,Budgeted,2013
Maine,Status of Budget,Final,2013_old
Maine,Status of Budget,Final,2014
Maine,Status of Budget,Final,2015
Maine,Status of Budget,Final,2016
Maine,Status of Budget,Budget Status,2016_old
Maine,Status of Budget,Final,2017
Maine,Status of Budget,Final,2018
Maine,Status of Budget,Final,2019
Maine,Status of Budget,FINAL,2020
Maine,Status of Budget,FINAL,2021
Maine,Status of Budget,FINAL,2022
Maine,Status of Budget,FINAL,2023
Maryland,Amount from Federal Government,78028912,2013_old
Maryland,Amount from Federal Government,73363563,2014
Maryland,Amount from Federal Government,75018067,2015
Maryland,Amount from Federal Government,74785088,2016
Maryland,Amount from Federal Government,74785088,2016_old
Maryland,Amount from Federal Government,74210900,2017
Maryland,Amount from Federal Government,70863231,2018
Maryland,Amount from Federal Government,75467381,2019
Maryland,Amount from Federal Government,54856281,2020
Maryland,Amount from Federal Government,70307344,2021
Maryland,Amount from Federal Government,50467798,2022
Maryland,Amount from Federal Government,70105538,2023
Maryland,Amount from Fees / Other,354264469,2013_old
Maryland,Amount from Fees / Other,263020091,2014
Maryland,Amount from Fees / Other,270833935,2015
Maryland,Amount from Fees / Other,270817240,2016
Maryland,Amount from Fees / Other,270817240,2016_old
Maryland,Amount from Fees / Other,306122935,2017
Maryland,Amount from Fees / Other,291332433,2018
Maryland,Amount from Fees / Other,343072276,2019
Maryland,Amount from Fees / Other,375837308,2020
Maryland,Amount from Fees / Other,345617046,2021
Maryland,Amount from Fees / Other,410505017,2022
Maryland,Amount from Fees / Other,527673313,2023
Maryland,Amount from General Fund,32428322,2013_old
Maryland,Amount from General Fund,36568233,2014
Maryland,Amount from General Fund,33212121,2015
Maryland,Amount from General Fund,32117337,2016
Maryland,Amount from General Fund,32117337,2016_old
Maryland,Amount from General Fund,29885460,2017
Maryland,Amount from General Fund,28868614,2018
Maryland,Amount from General Fund,30985752,2019
Maryland,Amount from General Fund,35598633,2020
Maryland,Amount from General Fund,33476953,2021
Maryland,Amount from General Fund,39633286,2022
Maryland,Amount from General Fund,79097682,2023
Maryland,Amount of Budget from SRF,Included,2011_old
Maryland,Amount of Budget from SRF,Included,2012
Maryland,Amount of Budget from SRF,Included,2013
Maryland,Environmental Agency Budget,256837522,2011_old
Maryland,Environmental Agency Budget,288511057,2012
Maryland,Environmental Agency Budget,493629433,2013
Maryland,Environmental Agency Budget,464721703,2013_old
Maryland,Environmental Agency Budget,372951887,2014
Maryland,Environmental Agency Budget,379064123,2015
Maryland,Environmental Agency Budget,377719665,2016
Maryland,Environmental Agency Budget,377719665,2016_old
Maryland,Environmental Agency Budget,410219295,2017
Maryland,Environmental Agency Budget,391064278,2018
Maryland,Environmental Agency Budget,449525409,2019
Maryland,Environmental Agency Budget,466292222,2020
Maryland,Environmental Agency Budget,449401343,2021
Maryland,Environmental Agency Budget,500606101,2022
Maryland,Environmental Agency Budget,676876533,2023
Maryland,Percent from Federal Government,23,2009
Maryland,Percent from Federal Government,17,2010
Maryland,Percent from Federal Government,20,2011
Maryland,Percent from Federal Government,22.50,2011_old
Maryland,Percent from Federal Government,31.86,2012
Maryland,Percent from Federal Government,16.49,2013
Maryland,Percent from Federal Government,19.8,2016
Maryland,Percent from Federal Government,19.8,2016_old
Maryland,Percent from Federal Government,18.09,2017
Maryland,Percent from Federal Government,18.12,2018
Maryland,Percent from Federal Government,16.79,2019
Maryland,Percent from Federal Government,11.76,2020
Maryland,Percent from Federal Government,15.64,2021
Maryland,Percent from Federal Government,10.08,2022
Maryland,Percent from Federal Government,10.36,2023
Maryland,Percent from Fees / Other,61,2009
Maryland,Percent from Fees / Other,71,2010
Maryland,Percent from Fees / Other,68,2011
Maryland,Percent from Fees / Other,64.75,2011_old
Maryland,Percent from Fees / Other,57,2012
Maryland,Percent from Fees / Other,77.14,2013
Maryland,Percent from Fees / Other,71.7,2016
Maryland,Percent from Fees / Other,71.7,2016_old
Maryland,Percent from Fees / Other,74.62,2017
Maryland,Percent from Fees / Other,74.5,2018
Maryland,Percent from Fees / Other,76.32,2019
Maryland,Percent from Fees / Other,80.6,2020
Maryland,Percent from Fees / Other,76.91,2021
Maryland,Percent from Fees / Other,82.0,2022
Maryland,Percent from Fees / Other,77.96,2023
Maryland,Percent from General Fund,16,2009
Maryland,Percent from General Fund,11,2010
Maryland,Percent from General Fund,12,2011
Maryland,Percent from General Fund,12.74,2011_old
Maryland,Percent from General Fund,10.69,2012
Maryland,Percent from General Fund,6.37,2013
Maryland,Percent from General Fund,8.5,2016
Maryland,Percent from General Fund,8.5,2016_old
Maryland,Percent from General Fund,7.29,2017
Maryland,Percent from General Fund,7.38,2018
Maryland,Percent from General Fund,6.89,2019
Maryland,Percent from General Fund,7.63,2020
Maryland,Percent from General Fund,7.45,2021
Maryland,Percent from General Fund,7.92,2022
Maryland,Percent from General Fund,11.69,2023
Maryland,Status of Budget,Final,2009
Maryland,Status of Budget,Current,2010
Maryland,Status of Budget,Current,2011
Maryland,Status of Budget,Actual,2011_old
Maryland,Status of Budget,Appropriated,2012
Maryland,Status of Budget,Allowed,2013
Maryland,Status of Budget,Actual,2013_old
Maryland,Status of Budget,Actual,2014
Maryland,Status of Budget,Actual,2015
Maryland,Status of Budget,Actual,2016
Maryland,Status of Budget,Actual,2016_old
Maryland,Status of Budget,Actual,2017
Maryland,Status of Budget,Actual,2018
Maryland,Status of Budget,Actual,2019
Maryland,Status of Budget,Actual,2020
Maryland,Status of Budget,Actual,2021
Maryland,Status of Budget,Actual,2022
Maryland,Status of Budget,Actual,2023
Massachusetts,Amount from Federal Government,22334126,2013_old
Massachusetts,Amount from Federal Government,19922433,2014
Massachusetts,Amount from Federal Government,20112919,2015
Massachusetts,Amount from Federal Government,18998635,2016
Massachusetts,Amount from Federal Government,18998635,2016_old
Massachusetts,Amount from Federal Government,20600165,2017
Massachusetts,Amount from Federal Government,19919889,2018
Massachusetts,Amount from Federal Government,21278179,2019
Massachusetts,Amount from Fees / Other,27367440,2013_old
Massachusetts,Amount from Fees / Other,29436465,2014
Massachusetts,Amount from Fees / Other,24241767,2015
Massachusetts,Amount from Fees / Other,28518058,2016
Massachusetts,Amount from Fees / Other,28518058,2016_old
Massachusetts,Amount from Fees / Other,33053192,2017
Massachusetts,Amount from Fees / Other,36698510,2018
Massachusetts,Amount from Fees / Other,35550910,2019
Massachusetts,Amount from General Fund,50074036,2013_old
Massachusetts,Amount from General Fund,54615397,2014
Massachusetts,Amount from General Fund,58071141,2015
Massachusetts,Amount from General Fund,48778459,2016
Massachusetts,Amount from General Fund,48778459,2016_old
Massachusetts,Amount from General Fund,48920922,2017
Massachusetts,Amount from General Fund,49531578,2018
Massachusetts,Amount from General Fund,56127623,2019
Massachusetts,Amount of Budget from SRF,Included,2011_old
Massachusetts,Amount of Budget from SRF,Included,2012
Massachusetts,Amount of Budget from SRF,Included,2013
Massachusetts,Capital spending included in the Environmental Agency Budget,7028551,2013_old
Massachusetts,Capital spending included in the Environmental Agency Budget,7178261,2014
Massachusetts,Capital spending included in the Environmental Agency Budget,6159487,2015
Massachusetts,Environmental Agency Budget,113110030,2009
Massachusetts,Environmental Agency Budget,101322315,2010
Massachusetts,Environmental Agency Budget,91127101,2011
Massachusetts,Environmental Agency Budget,96432000,2011_old
Massachusetts,Environmental Agency Budget,102461000,2012
Massachusetts,Environmental Agency Budget,109169840,2013
Massachusetts,Environmental Agency Budget,106804153,2013_old
Massachusetts,Environmental Agency Budget,111152556,2014
Massachusetts,Environmental Agency Budget,108585314,2015
Massachusetts,Environmental Agency Budget,106111166,2016
Massachusetts,Environmental Agency Budget,106111166,2016_old
Massachusetts,Environmental Agency Budget,116191850,2017
Massachusetts,Environmental Agency Budget,121158710,2018
Massachusetts,Environmental Agency Budget,131640242,2019
Massachusetts,Environmental Agency Budget,136045458,2020
Massachusetts,Environmental Agency Budget,141082734,2021
Massachusetts,Environmental Agency Budget,170361400,2022
Massachusetts,Environmental Agency Budget,179162199,2023
Massachusetts,Percent from Federal Government,28.40,2009
Massachusetts,Percent from Federal Government,38.30,2010
Massachusetts,Percent from Federal Government,34.90,2011
Massachusetts,Percent from Federal Government,27.53,2011_old
Massachusetts,Percent from Federal Government,27.28,2012
Massachusetts,Percent from Federal Government,25.06,2013
Massachusetts,Percent from Federal Government,17.9,2016
Massachusetts,Percent from Federal Government,17.9,2016_old
Massachusetts,Percent from Federal Government,17.73,2017
Massachusetts,Percent from Federal Government,16.44,2018
Massachusetts,Percent from Federal Government,16.16,2019
Massachusetts,Percent from Fees / Other,3.50,2009
Massachusetts,Percent from Fees / Other,8.90,2010
Massachusetts,Percent from Fees / Other,2.80,2011
Massachusetts,Percent from Fees / Other,21.29,2011_old
Massachusetts,Percent from Fees / Other,22.33,2012
Massachusetts,Percent from Fees / Other,24.12,2013
Massachusetts,Percent from Fees / Other,26.88,2016
Massachusetts,Percent from Fees / Other,26.88,2016_old
Massachusetts,Percent from Fees / Other,28.45,2017
Massachusetts,Percent from Fees / Other,30.29,2018
Massachusetts,Percent from Fees / Other,27.01,2019
Massachusetts,Percent from General Fund,68.10,2009
Massachusetts,Percent from General Fund,52.80,2010
Massachusetts,Percent from General Fund,62.30,2011
Massachusetts,Percent from General Fund,51.27,2011_old
Massachusetts,Percent from General Fund,50.39,2012
Massachusetts,Percent from General Fund,50.82,2013
Massachusetts,Percent from General Fund,45.97,2016
Massachusetts,Percent from General Fund,45.97,2016_old
Massachusetts,Percent from General Fund,42.1,2017
Massachusetts,Percent from General Fund,40.88,2018
Massachusetts,Percent from General Fund,42.64,2019
Massachusetts,Status of Budget,Final,2009
Massachusetts,Status of Budget,Final,2010
Massachusetts,Status of Budget,Governor's,2011
Massachusetts,Status of Budget,Final,2011_old
Massachusetts,Status of Budget,Current,2012
Massachusetts,Status of Budget,Recommended,2013
Massachusetts,Status of Budget,Final,2013_old
Massachusetts,Status of Budget,Final,2014
Massachusetts,Status of Budget,Final,2015
Massachusetts,Status of Budget,Final,2016
Massachusetts,Status of Budget,Final,2016_old
Massachusetts,Status of Budget,Final,2017
Massachusetts,Status of Budget,Final,2018
Massachusetts,Status of Budget,Final,2019
Massachusetts,Status of Budget,Final,2020
Massachusetts,Status of Budget,Final,2021
Massachusetts,Status of Budget,Final,2022
Massachusetts,Status of Budget,Final,2023
Michigan,Amount from Federal Government,161687500,2013_old
Michigan,Amount from Federal Government,150779700,2014
Michigan,Amount from Federal Government,149749600,2015
Michigan,Amount from Federal Government,138079100,2016
Michigan,Amount from Federal Government,138079100,2016_old
Michigan,Amount from Federal Government,239022800,2017
Michigan,Amount from Federal Government,170042600,2018
Michigan,Amount from Federal Government,160225400,2019
Michigan,Amount from Federal Government,175269900,2020
Michigan,Amount from Federal Government,311973000,2021
Michigan,Amount from Federal Government,2041617200,2022
Michigan,Amount from Federal Government,619225800,2023
Michigan,Amount from Fees / Other,238668500,2013_old
Michigan,Amount from Fees / Other,337284600,2014
Michigan,Amount from Fees / Other,331966300,2015
Michigan,Amount from Fees / Other,273393500,2020
Michigan,Amount from Fees / Other,312942300,2021
Michigan,Amount from Fees / Other,312306000,2022
Michigan,Amount from Fees / Other,353176800,2023
Michigan,Amount from General Fund,29812400,2013_old
Michigan,Amount from General Fund,29154500,2014
Michigan,Amount from General Fund,37475900,2015
Michigan,Amount from General Fund,87104200,2016
Michigan,Amount from General Fund,87104200,2016_old
Michigan,Amount from General Fund,49273400,2017
Michigan,Amount from General Fund,81151500,2018
Michigan,Amount from General Fund,58546500,2019
Michigan,Amount from General Fund,171802400,2020
Michigan,Amount from General Fund,59443900,2021
Michigan,Amount from General Fund,282945400,2022
Michigan,Amount from General Fund,206864800,2023
Michigan,Amount of Budget from SRF,Included,2011_old
Michigan,Amount of Budget from SRF,Included,2012
Michigan,Amount of Budget from SRF,Included,2013
Michigan,Environmental Agency Budget,467685200,2011_old
Michigan,Environmental Agency Budget,428987100,2012
Michigan,Environmental Agency Budget,431429900,2013
Michigan,Environmental Agency Budget,430168400,2013_old
Michigan,Environmental Agency Budget,517218800,2014
Michigan,Environmental Agency Budget,519191800,2015
Michigan,Environmental Agency Budget,540662800,2016
Michigan,Environmental Agency Budget,540662800,2016_old
Michigan,Environmental Agency Budget,620336400,2017
Michigan,Environmental Agency Budget,571575200,2018
Michigan,Environmental Agency Budget,501302600,2019
Michigan,Environmental Agency Budget,620465800,2020
Michigan,Environmental Agency Budget,684359200,2021
Michigan,Environmental Agency Budget,2636868600,2022
Michigan,Environmental Agency Budget,1179267400,2023
Michigan,Percent from Federal Government,39.70,2011_old
Michigan,Percent from Federal Government,37.50,2012
Michigan,Percent from Federal Government,37.50,2013
Michigan,Percent from Federal Government,25.54,2016
Michigan,Percent from Federal Government,25.54,2016_old
Michigan,Percent from Federal Government,38.53,2017
Michigan,Percent from Federal Government,29.75,2018
Michigan,Percent from Federal Government,31.96,2019
Michigan,Percent from Federal Government,28.25,2020
Michigan,Percent from Federal Government,45.59,2021
Michigan,Percent from Federal Government,77.43,2022
Michigan,Percent from Federal Government,52.51,2023
Michigan,Percent from Fees / Other,55.10,2011_old
Michigan,Percent from Fees / Other,55.90,2012
Michigan,Percent from Fees / Other,55.60,2013
Michigan,Percent from Fees / Other,44.06,2020
Michigan,Percent from Fees / Other,45.73,2021
Michigan,Percent from Fees / Other,11.84,2022
Michigan,Percent from Fees / Other,29.95,2023
Michigan,Percent from General Fund,5.20,2011_old
Michigan,Percent from General Fund,6.60,2012
Michigan,Percent from General Fund,6.90,2013
Michigan,Percent from General Fund,16.11,2016
Michigan,Percent from General Fund,16.11,2016_old
Michigan,Percent from General Fund,7.94,2017
Michigan,Percent from General Fund,14.2,2018
Michigan,Percent from General Fund,11.68,2019
Michigan,Percent from General Fund,27.69,2020
Michigan,Percent from General Fund,8.69,2021
Michigan,Percent from General Fund,10.73,2022
Michigan,Percent from General Fund,17.54,2023
Michigan,Status of Budget,Final,2011_old
Michigan,Status of Budget,Current,2012
Michigan,Status of Budget,Enacted,2013
Michigan,Status of Budget,Final,2013_old
Michigan,Status of Budget,Final,2014
Michigan,Status of Budget,Final,2015
Michigan,Status of Budget,Enacted,2016
Michigan,Status of Budget,Enacted,2016_old
Michigan,Status of Budget,Enacted,2017
Michigan,Status of Budget,Enacted,2018
Michigan,Status of Budget,Enacted,2019
Michigan,Status of Budget,Enacted,2020
Michigan,Status of Budget,Enacted,2021
Michigan,Status of Budget,Enacted,2022
Michigan,Status of Budget,Enacted,2023
Minnesota,Amount from Federal Government,21984908,2013_old
Minnesota,Amount from Federal Government,22704363,2014
Minnesota,Amount from Federal Government,23349201,2015
Minnesota,Amount from Federal Government,21076925,2016
Minnesota,Amount from Federal Government,21076925,2016_old
Minnesota,Amount from Federal Government,20327914,2017
Minnesota,Amount from Federal Government,18579671,2018
Minnesota,Amount from Federal Government,15734503,2019
Minnesota,Amount from Federal Government,21355044,2020
Minnesota,Amount from Federal Government,20516440,2021
Minnesota,Amount from Federal Government,24424735,2022
Minnesota,Amount from Federal Government,19213064,2023
Minnesota,Amount from Fees / Other,153976598,2013_old
Minnesota,Amount from Fees / Other,150803088,2014
Minnesota,Amount from Fees / Other,172356685,2015
Minnesota,Amount from Fees / Other,227644369,2020
Minnesota,Amount from Fees / Other,199775272,2021
Minnesota,Amount from Fees / Other,207076049,2022
Minnesota,Amount from Fees / Other,234540673,2023
Minnesota,Amount from General Fund,4877025,2013_old
Minnesota,Amount from General Fund,4181851,2014
Minnesota,Amount from General Fund,5141730,2015
Minnesota,Amount from General Fund,8541783,2016
Minnesota,Amount from General Fund,8541783,2016_old
Minnesota,Amount from General Fund,7676791,2017
Minnesota,Amount from General Fund,6105978,2018
Minnesota,Amount from General Fund,8064631,2019
Minnesota,Amount from General Fund,6702638,2020
Minnesota,Amount from General Fund,7089384,2021
Minnesota,Amount from General Fund,7946553,2022
Minnesota,Amount from General Fund,7809217,2023
Minnesota,Amount of Budget from SRF,43220000,2011_old
Minnesota,Amount of Budget from SRF,41301000,2012
Minnesota,Environmental Agency Budget,180838531,2013_old
Minnesota,Environmental Agency Budget,177689301,2014
Minnesota,Environmental Agency Budget,200847616,2015
Minnesota,Environmental Agency Budget,196813663,2016
Minnesota,Environmental Agency Budget,196813663,2016_old
Minnesota,Environmental Agency Budget,233131633,2017
Minnesota,Environmental Agency Budget,315556463,2018
Minnesota,Environmental Agency Budget,215897512,2019
Minnesota,Environmental Agency Budget,255702051,2020
Minnesota,Environmental Agency Budget,227381095,2021
Minnesota,Environmental Agency Budget,239447337,2022
Minnesota,Environmental Agency Budget,261562955,2023
Minnesota,Environmental Agency Budget (SRF Added),241851000,2011_old
Minnesota,Environmental Agency Budget (SRF Added),232076000,2012
Minnesota,Environmental Agency Budget (SRF Added),175070000,2013
Minnesota,Percent from Federal Government,12.92,2011_old
Minnesota,Percent from Federal Government,16.63,2012
Minnesota,Percent from Federal Government,12.50,2013
Minnesota,Percent from Federal Government,10.71,2016
Minnesota,Percent from Federal Government,10.71,2016_old
Minnesota,Percent from Federal Government,8.72,2017
Minnesota,Percent from Federal Government,5.89,2018
Minnesota,Percent from Federal Government,7.29,2019
Minnesota,Percent from Federal Government,8.35,2020
Minnesota,Percent from Federal Government,9.02,2021
Minnesota,Percent from Federal Government,10.2,2022
Minnesota,Percent from Federal Government,7.35,2023
Minnesota,Percent from Fees / Other,81.83,2011_old
Minnesota,Percent from Fees / Other,80.86,2012
Minnesota,Percent from Fees / Other,84.60,2013
Minnesota,Percent from Fees / Other,89.03,2020
Minnesota,Percent from Fees / Other,87.86,2021
Minnesota,Percent from Fees / Other,86.48,2022
Minnesota,Percent from Fees / Other,89.67,2023
Minnesota,Percent from General Fund,5.25,2011_old
Minnesota,Percent from General Fund,2.51,2012
Minnesota,Percent from General Fund,2.90,2013
Minnesota,Percent from General Fund,4.34,2016
Minnesota,Percent from General Fund,4.34,2016_old
Minnesota,Percent from General Fund,3.29,2017
Minnesota,Percent from General Fund,1.93,2018
Minnesota,Percent from General Fund,3.74,2019
Minnesota,Percent from General Fund,2.62,2020
Minnesota,Percent from General Fund,3.12,2021
Minnesota,Percent from General Fund,3.32,2022
Minnesota,Percent from General Fund,2.99,2023
Minnesota,Status of Budget,Final,2011_old
Minnesota,Status of Budget,Current,2012
Minnesota,Status of Budget,Proposed,2013
Minnesota,Status of Budget,Final,2013_old
Minnesota,Status of Budget,Final,2014
Minnesota,Status of Budget,Final,2015
Minnesota,Status of Budget,Final,2016
Minnesota,Status of Budget,Final,2016_old
Minnesota,Status of Budget,Final,2017
Minnesota,Status of Budget,Final,2018
Minnesota,Status of Budget,Final,2019
Minnesota,Status of Budget,Final,2020
Minnesota,Status of Budget,Final,2021
Minnesota,Status of Budget,Final,2022
Minnesota,Status of Budget,Final,2023
Mississippi,Amount from Federal Government,158921437,2013_old
Mississippi,Amount from Federal Government,125168559,2014
Mississippi,Amount from Federal Government,118253359,2015
Mississippi,Amount from Federal Government,117728932,2016
Mississippi,Amount from Federal Government,117728932,2016_old
Mississippi,Amount from Federal Government,134019573,2017
Mississippi,Amount from Federal Government,127378700,2018
Mississippi,Amount from Federal Government,135797950,2019
Mississippi,Amount from Federal Government,122907255,2020
Mississippi,Amount from Federal Government,132966758,2021
Mississippi,Amount from Federal Government,113284748,2022
Mississippi,Amount from Federal Government,115878347,2023
Mississippi,Amount from Fees / Other,89354896,2013_old
Mississippi,Amount from Fees / Other,123297806,2014
Mississippi,Amount from Fees / Other,130594604,2015
Mississippi,Amount from Fees / Other,171033849,2020
Mississippi,Amount from Fees / Other,158697456,2021
Mississippi,Amount from Fees / Other,176101671,2022
Mississippi,Amount from Fees / Other,168551927,2023
Mississippi,Amount from General Fund,10228929,2013_old
Mississippi,Amount from General Fund,10228415,2014
Mississippi,Amount from General Fund,11780405,2015
Mississippi,Amount from General Fund,11793699,2016
Mississippi,Amount from General Fund,11793699,2016_old
Mississippi,Amount from General Fund,10132875,2017
Mississippi,Amount from General Fund,9980940,2018
Mississippi,Amount from General Fund,10011182,2019
Mississippi,Amount from General Fund,10805448,2020
Mississippi,Amount from General Fund,10177111,2021
Mississippi,Amount from General Fund,10740138,2022
Mississippi,Amount from General Fund,12351451,2023
Mississippi,Amount of Budget from SRF,23240000,2011_old
Mississippi,Amount of Budget from SRF,22203000,2012
Mississippi,Environmental Agency Budget,258505262,2013_old
Mississippi,Environmental Agency Budget,258694780,2014
Mississippi,Environmental Agency Budget,260628404,2015
Mississippi,Environmental Agency Budget,307845384,2016
Mississippi,Environmental Agency Budget,307845384,2016_old
Mississippi,Environmental Agency Budget,351282806,2017
Mississippi,Environmental Agency Budget,290744308,2018
Mississippi,Environmental Agency Budget,308443713,2019
Mississippi,Environmental Agency Budget,304746552,2020
Mississippi,Environmental Agency Budget,301841325,2021
Mississippi,Environmental Agency Budget,300126557,2022
Mississippi,Environmental Agency Budget,296781725,2023
Mississippi,Environmental Agency Budget (SRF Added),282667171,2011_old
Mississippi,Environmental Agency Budget (SRF Added),281291022,2012
Mississippi,Environmental Agency Budget Excludes SRF,Yes,2013_old
Mississippi,Environmental Agency Budget Excludes SRF,Yes,2014
Mississippi,Environmental Agency Budget Excludes SRF,Yes,2015
Mississippi,Percent from Federal Government,58.12,2011_old
Mississippi,Percent from Federal Government,64.71,2012
Mississippi,Percent from Federal Government,38.24,2016
Mississippi,Percent from Federal Government,38.24,2016_old
Mississippi,Percent from Federal Government,38.15,2017
Mississippi,Percent from Federal Government,43.81,2018
Mississippi,Percent from Federal Government,44.03,2019
Mississippi,Percent from Federal Government,40.33,2020
Mississippi,Percent from Federal Government,44.05,2021
Mississippi,Percent from Federal Government,37.75,2022
Mississippi,Percent from Federal Government,39.04,2023
Mississippi,Percent from Fees / Other,37.57,2011_old
Mississippi,Percent from Fees / Other,31.11,2012
Mississippi,Percent from Fees / Other,56.12,2020
Mississippi,Percent from Fees / Other,52.58,2021
Mississippi,Percent from Fees / Other,58.68,2022
Mississippi,Percent from Fees / Other,56.79,2023
Mississippi,Percent from General Fund,4.30,2011_old
Mississippi,Percent from General Fund,4.17,2012
Mississippi,Percent from General Fund,3.83,2016
Mississippi,Percent from General Fund,3.83,2016_old
Mississippi,Percent from General Fund,2.88,2017
Mississippi,Percent from General Fund,3.43,2018
Mississippi,Percent from General Fund,3.25,2019
Mississippi,Percent from General Fund,3.55,2020
Mississippi,Percent from General Fund,3.37,2021
Mississippi,Percent from General Fund,3.58,2022
Mississippi,Percent from General Fund,4.16,2023
Mississippi,Status of Budget,Actual,2011_old
Mississippi,Status of Budget,Estimated,2012
Mississippi,Status of Budget,Appropriated,2013_old
Mississippi,Status of Budget,Appropriated,2014
Mississippi,Status of Budget,Appropriated,2015
Mississippi,Status of Budget,Appropriated,2016
Mississippi,Status of Budget,Appropriated,2016_old
Mississippi,Status of Budget,Appropriated,2017
Mississippi,Status of Budget,Appropriated,2018
Mississippi,Status of Budget,Appropriated,2019
Mississippi,Status of Budget,Appropriated,2020
Mississippi,Status of Budget,Appropriated,2021
Mississippi,Status of Budget,Appropriated,2022
Mississippi,Status of Budget,Appropriated,2023
Missouri,Amount from Federal Government,51253870,2013_old
Missouri,Amount from Federal Government,71076651,2014
Missouri,Amount from Federal Government,72840912,2015
Missouri,Amount from Federal Government,264029525,2016
Missouri,Amount from Federal Government,264029525,2016_old
Missouri,Amount from Federal Government,264576091,2017
Missouri,Amount from Federal Government,262856187,2018
Missouri,Amount from Federal Government,262492872,2019
Missouri,Amount from Federal Government,187470084,2020
Missouri,Amount from Federal Government,186241578,2021
Missouri,Amount from Federal Government,182507053,2022
Missouri,Amount from Federal Government,430209240,2023
Missouri,Amount from Fees / Other,446107759,2013_old
Missouri,Amount from Fees / Other,575912171,2014
Missouri,Amount from Fees / Other,786895331,2015
Missouri,Amount from General Fund,8167254,2013_old
Missouri,Amount from General Fund,8430695,2014
Missouri,Amount from General Fund,8329670,2015
Missouri,Amount from General Fund,8403325,2016
Missouri,Amount from General Fund,8403325,2016_old
Missouri,Amount from General Fund,8547170,2017
Missouri,Amount from General Fund,8050036,2018
Missouri,Amount from General Fund,7822320,2019
Missouri,Amount from General Fund,8896305,2020
Missouri,Amount from General Fund,8760396,2021
Missouri,Amount from General Fund,8830972,2022
Missouri,Amount from General Fund,18186799,2023
Missouri,Amount of Budget from SRF,Included,2011_old
Missouri,Amount of Budget from SRF,Included,2012
Missouri,Amount of Budget from SRF,Included,2013
Missouri,Environmental Agency Budget,332525551,2011_old
Missouri,Environmental Agency Budget,264770210,2012
Missouri,Environmental Agency Budget,505528883,2013
Missouri,Environmental Agency Budget,505528883,2013_old
Missouri,Environmental Agency Budget,655419517,2014
Missouri,Environmental Agency Budget,868065913,2015
Missouri,Environmental Agency Budget,420750438,2016
Missouri,Environmental Agency Budget,420750438,2016_old
Missouri,Environmental Agency Budget,442249801,2017
Missouri,Environmental Agency Budget,440746774,2018
Missouri,Environmental Agency Budget,442211759,2019
Missouri,Environmental Agency Budget,376593790,2020
Missouri,Environmental Agency Budget,385321817,2021
Missouri,Environmental Agency Budget,372108666,2022
Missouri,Environmental Agency Budget,646134247,2023
Missouri,Percent from Federal Government,34.45,2011_old
Missouri,Percent from Federal Government,18.19,2012
Missouri,Percent from Federal Government,10.14,2013
Missouri,Percent from Federal Government,62.75,2016
Missouri,Percent from Federal Government,62.75,2016_old
Missouri,Percent from Federal Government,59.83,2017
Missouri,Percent from Federal Government,59.64,2018
Missouri,Percent from Federal Government,59.36,2019
Missouri,Percent from Federal Government,49.78,2020
Missouri,Percent from Federal Government,48.33,2021
Missouri,Percent from Federal Government,49.05,2022
Missouri,Percent from Federal Government,66.58,2023
Missouri,Percent from Fees / Other,63.09,2011_old
Missouri,Percent from Fees / Other,78.75,2012
Missouri,Percent from Fees / Other,88.24,2013
Missouri,Percent from General Fund,2.46,2011_old
Missouri,Percent from General Fund,3.06,2012
Missouri,Percent from General Fund,1.62,2013
Missouri,Percent from General Fund,2.0,2016
Missouri,Percent from General Fund,2.0,2016_old
Missouri,Percent from General Fund,1.93,2017
Missouri,Percent from General Fund,1.83,2018
Missouri,Percent from General Fund,1.77,2019
Missouri,Percent from General Fund,2.36,2020
Missouri,Percent from General Fund,2.27,2021
Missouri,Percent from General Fund,2.37,2022
Missouri,Percent from General Fund,2.81,2023
Missouri,Status of Budget,Final,2011_old
Missouri,Status of Budget,Final,2012
Missouri,Status of Budget,Final,2013
Missouri,Status of Budget,Final,2013_old
Missouri,Status of Budget,Final,2014
Missouri,Status of Budget,Final,2015
Missouri,Status of Budget,Final,2016
Missouri,Status of Budget,Final,2016_old
Missouri,Status of Budget,Final,2017
Missouri,Status of Budget,Final,2018
Missouri,Status of Budget,Final,2019
Missouri,Status of Budget,Appropriated,2020
Missouri,Status of Budget,Appropriated,2021
Missouri,Status of Budget,Appropriated,2022
Missouri,Status of Budget,Appropriated,2023
Montana,Amount from Federal Government,28679495,2013_old
Montana,Amount from Federal Government,28971801,2014
Montana,Amount from Federal Government,38144480,2015
Montana,Amount from Federal Government,16837325.58,2016
Montana,Amount from Federal Government,16837325.58,2016_old
Montana,Amount from Federal Government,19483328.35,2017
Montana,Amount from Federal Government,18683641.56,2018
Montana,Amount from Federal Government,18129297.39,2019
Montana,Amount from Federal Government,40925066,2020
Montana,Amount from Federal Government,34466484,2021
Montana,Amount from Federal Government,35875003,2022
Montana,Amount from Federal Government,39604239,2023
Montana,Amount from Fees / Other,37969601,2013_old
Montana,Amount from Fees / Other,38181069,2014
Montana,Amount from Fees / Other,36978393,2015
Montana,Amount from Fees / Other,67508772.98,2016
Montana,Amount from Fees / Other,67508772.,2016_old
Montana,Amount from Fees / Other,59904041.41,2017
Montana,Amount from Fees / Other,45561840.74,2018
Montana,Amount from Fees / Other,48391956.73,2019
Montana,Amount from Fees / Other,37379971,2020
Montana,Amount from Fees / Other,24354531,2021
Montana,Amount from Fees / Other,32412049,2022
Montana,Amount from Fees / Other,36092743,2023
Montana,Amount from General Fund,5114141,2013_old
Montana,Amount from General Fund,5341608,2014
Montana,Amount from General Fund,5316002,2015
Montana,Amount from General Fund,5370240.63,2016
Montana,Amount from General Fund,5370240.,2016_old
Montana,Amount from General Fund,5672572.65,2017
Montana,Amount from General Fund,4841764.38,2018
Montana,Amount from General Fund,4735439.25,2019
Montana,Amount from General Fund,5433124,2020
Montana,Amount from General Fund,5485795,2021
Montana,Amount from General Fund,5524236,2022
Montana,Amount from General Fund,5670471,2023
Montana,Amount of Budget from SRF,16740000,2011_old
Montana,Amount of Budget from SRF,15983000,2012
Montana,Environmental Agency Budget,71763237,2013_old
Montana,Environmental Agency Budget,72494478,2014
Montana,Environmental Agency Budget,80438875,2015
Montana,Environmental Agency Budget,89716339.19,2016
Montana,Environmental Agency Budget,89716339.,2016_old
Montana,Environmental Agency Budget,85059942.41,2017
Montana,Environmental Agency Budget,69087246.68,2018
Montana,Environmental Agency Budget,71256693.37,2019
Montana,Environmental Agency Budget,83738161,2020
Montana,Environmental Agency Budget,64306810,2021
Montana,Environmental Agency Budget,73811288,2022
Montana,Environmental Agency Budget,81367453,2023
Montana,Environmental Agency Budget (SRF Added),75941557,2011_old
Montana,Environmental Agency Budget (SRF Added),74209820,2012
Montana,Environmental Agency Budget (SRF Added),58222952,2013
Montana,Environmental Agency Budget Excludes SRF,Yes,2013_old
Montana,Environmental Agency Budget Excludes SRF,Yes,2014
Montana,Environmental Agency Budget Excludes SRF,Yes,2015
Montana,Percent from Federal Government,38.88,2011_old
Montana,Percent from Federal Government,37.14,2012
Montana,Percent from Federal Government,37.12,2013
Montana,Percent from Federal Government,18.77,2016
Montana,Percent from Federal Government,18.77,2016_old
Montana,Percent from Federal Government,22.91,2017
Montana,Percent from Federal Government,27.04,2018
Montana,Percent from Federal Government,25.44,2019
Montana,Percent from Federal Government,48.87,2020
Montana,Percent from Federal Government,53.6,2021
Montana,Percent from Federal Government,48.6,2022
Montana,Percent from Federal Government,48.67,2023
Montana,Percent from Fees / Other,51.92,2011_old
Montana,Percent from Fees / Other,53.46,2012
Montana,Percent from Fees / Other,53.47,2013
Montana,Percent from Fees / Other,75.25,2016
Montana,Percent from Fees / Other,75.25,2016_old
Montana,Percent from Fees / Other,70.43,2017
Montana,Percent from Fees / Other,65.95,2018
Montana,Percent from Fees / Other,67.91,2019
Montana,Percent from Fees / Other,44.64,2020
Montana,Percent from Fees / Other,37.87,2021
Montana,Percent from Fees / Other,43.91,2022
Montana,Percent from Fees / Other,44.36,2023
Montana,Percent from General Fund,9.19,2011_old
Montana,Percent from General Fund,9.38,2012
Montana,Percent from General Fund,9.39,2013
Montana,Percent from General Fund,5.99,2016
Montana,Percent from General Fund,5.99,2016_old
Montana,Percent from General Fund,6.67,2017
Montana,Percent from General Fund,7.01,2018
Montana,Percent from General Fund,6.65,2019
Montana,Percent from General Fund,6.49,2020
Montana,Percent from General Fund,8.53,2021
Montana,Percent from General Fund,7.48,2022
Montana,Percent from General Fund,6.97,2023
Montana,Status of Budget,Enacted,2011_old
Montana,Status of Budget,Current,2012
Montana,Status of Budget,Budgeted,2013
Montana,Status of Budget,Final,2013_old
Montana,Status of Budget,Final,2014
Montana,Status of Budget,Final,2015
Montana,Status of Budget,Final,2016
Montana,Status of Budget,Final,2016_old
Montana,Status of Budget,Final,2017
Montana,Status of Budget,Final,2018
Montana,Status of Budget,Final,2019
Montana,Status of Budget,ACTUAL,2020
Montana,Status of Budget,ACTUAL,2021
Montana,Status of Budget,ACTUAL,2022
Montana,Status of Budget,ACTUAL,2023
Nebraska,Amount from Federal Government,29036090,2014
Nebraska,Amount from Federal Government,46822538,2015
Nebraska,Amount from Federal Government,32434035,2016
Nebraska,Amount from Federal Government,32434035,2016_old
Nebraska,Amount from Federal Government,46025238,2017
Nebraska,Amount from Federal Government,36538467,2018
Nebraska,Amount from Federal Government,36633904,2019
Nebraska,Amount from Federal Government,39675692,2020
Nebraska,Amount from Federal Government,35624933,2021
Nebraska,Amount from Federal Government,47902115,2022
Nebraska,Amount from Federal Government,54557409,2023
Nebraska,Amount from Fees / Other,23661622,2014
Nebraska,Amount from Fees / Other,21870416,2015
Nebraska,Amount from Fees / Other,26295263,2016
Nebraska,Amount from Fees / Other,26295263,2016_old
Nebraska,Amount from Fees / Other,36285066,2017
Nebraska,Amount from Fees / Other,32154225,2018
Nebraska,Amount from Fees / Other,32242681,2019
Nebraska,Amount from Fees / Other,(763860),2020
Nebraska,Amount from Fees / Other,(682806),2021
Nebraska,Amount from Fees / Other,(1454392),2022
Nebraska,Amount from Fees / Other,(1100721),2023
Nebraska,Amount from General Fund,5467533,2014
Nebraska,Amount from General Fund,5924637,2015
Nebraska,Amount from General Fund,5483798,2016
Nebraska,Amount from General Fund,5483798,2016_old
Nebraska,Amount from General Fund,6854864,2017
Nebraska,Amount from General Fund,3994702,2018
Nebraska,Amount from General Fund,3652217,2019
Nebraska,Amount from General Fund,3680358,2020
Nebraska,Amount from General Fund,3839973,2021
Nebraska,Amount from General Fund,4628185,2022
Nebraska,Amount from General Fund,5650608,2023
Nebraska,Amount of Budget from SRF,Included,2011_old
Nebraska,Amount of Budget from SRF,Included,2012
Nebraska,Amount of Budget from SRF,Included,2013
Nebraska,Environmental Agency Budget,69263520,2011_old
Nebraska,Environmental Agency Budget,70177716,2012
Nebraska,Environmental Agency Budget,68214446,2013
Nebraska,Environmental Agency Budget,58165245,2014
Nebraska,Environmental Agency Budget,74617591,2015
Nebraska,Environmental Agency Budget,64213096,2016
Nebraska,Environmental Agency Budget,64213097,2016_old
Nebraska,Environmental Agency Budget,89165168,2017
Nebraska,Environmental Agency Budget,72687394,2018
Nebraska,Environmental Agency Budget,72528802,2019
Nebraska,Environmental Agency Budget,61713600,2020
Nebraska,Environmental Agency Budget,61110028,2021
Nebraska,Environmental Agency Budget,118352792,2022
Nebraska,Environmental Agency Budget,150287447,2023
Nebraska,Percent from Federal Government,55.20,2011_old
Nebraska,Percent from Federal Government,42.38,2012
Nebraska,Percent from Federal Government,43.54,2013
Nebraska,Percent from Federal Government,50.51,2016
Nebraska,Percent from Federal Government,50.51,2016_old
Nebraska,Percent from Federal Government,51.62,2017
Nebraska,Percent from Federal Government,50.27,2018
Nebraska,Percent from Federal Government,50.51,2019
Nebraska,Percent from Federal Government,64.29,2020
Nebraska,Percent from Federal Government,58.3,2021
Nebraska,Percent from Federal Government,40.47,2022
Nebraska,Percent from Federal Government,36.3,2023
Nebraska,Percent from Fees / Other,32.29,2011_old
Nebraska,Percent from Fees / Other,46.34,2012
Nebraska,Percent from Fees / Other,48.06,2013
Nebraska,Percent from Fees / Other,40.95,2016
Nebraska,Percent from Fees / Other,40.95,2016_old
Nebraska,Percent from Fees / Other,40.69,2017
Nebraska,Percent from Fees / Other,44.24,2018
Nebraska,Percent from Fees / Other,44.46,2019
Nebraska,Percent from General Fund,12.51,2011_old
Nebraska,Percent from General Fund,11.28,2012
Nebraska,Percent from General Fund,8.40,2013
Nebraska,Percent from General Fund,8.54,2016
Nebraska,Percent from General Fund,8.54,2016_old
Nebraska,Percent from General Fund,7.69,2017
Nebraska,Percent from General Fund,5.5,2018
Nebraska,Percent from General Fund,5.04,2019
Nebraska,Percent from General Fund,5.96,2020
Nebraska,Percent from General Fund,6.28,2021
Nebraska,Percent from General Fund,3.91,2022
Nebraska,Percent from General Fund,3.76,2023
Nebraska,Status of Budget,Expended,2011_old
Nebraska,Status of Budget,Current,2012
Nebraska,Status of Budget,Enacted,2013
Nebraska,Status of Budget,N/A,2016
Nebraska,Status of Budget,N/A,2017
Nebraska,Status of Budget,N/A,2018
Nebraska,Status of Budget,N/A,2019
Nebraska,Status of Budget,Actual,2020
Nebraska,Status of Budget,Actual,2021
Nebraska,Status of Budget,Actual,2022
Nebraska,Status of Budget,Actual,2023
Nevada,Amount from Federal Government,13642338,2013_old
Nevada,Amount from Federal Government,12621343,2014
Nevada,Amount from Federal Government,13367992,2015
Nevada,Amount from Fees / Other,26974786,2013_old
Nevada,Amount from Fees / Other,20301853,2014
Nevada,Amount from Fees / Other,24051864,2015
Nevada,Amount from General Fund,0,2013_old
Nevada,Amount from General Fund,0,2014
Nevada,Amount from General Fund,0,2015
Nevada,Amount from General Fund,-0-,2016
Nevada,Amount from General Fund,-0-,2016_old
Nevada,Amount from General Fund,-0-,2017
Nevada,Amount from General Fund,-0-,2018
Nevada,Amount from General Fund,-0-,2019
Nevada,Amount from General Fund,-0-,2020
Nevada,Amount from General Fund,-0-,2021
Nevada,Amount from General Fund,-0-,2022
Nevada,Amount from General Fund,-0-,2023
Nevada,Amount of Budget from SRF,Included,2011_old
Nevada,Amount of Budget from SRF,Included,2012
Nevada,Amount of Budget from SRF,Included,2013
Nevada,Environmental Agency Budget,30589435,2009
Nevada,Environmental Agency Budget,31634453,2010
Nevada,Environmental Agency Budget,31639598,2011
Nevada,Environmental Agency Budget,95045027,2011_old
Nevada,Environmental Agency Budget,78853147,2012
Nevada,Environmental Agency Budget,82617731,2013
Nevada,Environmental Agency Budget,49208224,2020
Nevada,Environmental Agency Budget,52490262,2021
Nevada,Environmental Agency Budget,53651030,2022
Nevada,Environmental Agency Budget,51961516,2023
Nevada,Percent from Federal Government,37,2009
Nevada,Percent from Federal Government,37,2010
Nevada,Percent from Federal Government,37,2011
Nevada,Percent from Federal Government,46,2011_old
Nevada,Percent from Federal Government,46,2012
Nevada,Percent from Federal Government,36,2013
Nevada,Percent from Fees / Other,61,2009
Nevada,Percent from Fees / Other,62,2010
Nevada,Percent from Fees / Other,62,2011
Nevada,Percent from Fees / Other,54,2011_old
Nevada,Percent from Fees / Other,54,2012
Nevada,Percent from Fees / Other,64,2013
Nevada,Percent from General Fund,2,2009
Nevada,Percent from General Fund,1,2010
Nevada,Percent from General Fund,1,2011
Nevada,Percent from General Fund,0,2011_old
Nevada,Percent from General Fund,0,2012
Nevada,Percent from General Fund,0,2013
Nevada,Status of Budget,Actual,2009
Nevada,Status of Budget,Legislatively Approved,2010
Nevada,Status of Budget,Legislatively Approved,2011
Nevada,Status of Budget,Final,2011_old
Nevada,Status of Budget,Current,2012
Nevada,Status of Budget,Projected,2013
Nevada,Status of Budget,Approved,2013_old
Nevada,Status of Budget,Approved,2014
Nevada,Status of Budget,Approved,2015
Nevada,Status of Budget,Legislatively Approved,2016
Nevada,Status of Budget,Legislatively Approved,2016_old
Nevada,Status of Budget,Legislatively Approved,2017
Nevada,Status of Budget,Legislatively Approved,2018
Nevada,Status of Budget,Legislatively Approved,2019
Nevada,Status of Budget,Legislatively Approved,2020
Nevada,Status of Budget,Legislatively Approved,2021
Nevada,Status of Budget,Legislatively Approved,2022
Nevada,Status of Budget,Legislatively Approved,2023
New Hampshire,Amount from Federal Government,74720522,2013_old
New Hampshire,Amount from Federal Government,54552843,2014
New Hampshire,Amount from Federal Government,54756472,2015
New Hampshire,Amount from Federal Government,69668325,2016
New Hampshire,Amount from Federal Government,69668325,2016_old
New Hampshire,Amount from Federal Government,71574461,2017
New Hampshire,Amount from Federal Government,65778144,2018
New Hampshire,Amount from Federal Government,60694491,2019
New Hampshire,Amount from Federal Government,61835177,2020
New Hampshire,Amount from Federal Government,60358118,2021
New Hampshire,Amount from Federal Government,248193335,2022
New Hampshire,Amount from Federal Government,89184930,2023
New Hampshire,Amount from Fees / Other,110962837,2013_old
New Hampshire,Amount from Fees / Other,102912492,2014
New Hampshire,Amount from Fees / Other,102780151,2015
New Hampshire,Amount from Fees / Other,187489026,2016
New Hampshire,Amount from Fees / Other,187489026,2016_old
New Hampshire,Amount from Fees / Other,109757331,2017
New Hampshire,Amount from Fees / Other,149779588,2018
New Hampshire,Amount from Fees / Other,207429864,2019
New Hampshire,Amount from Fees / Other,212524805,2020
New Hampshire,Amount from Fees / Other,151645138,2021
New Hampshire,Amount from Fees / Other,260916578,2022
New Hampshire,Amount from Fees / Other,177482725,2023
New Hampshire,Amount from General Fund,14350958,2013_old
New Hampshire,Amount from General Fund,19806123,2014
New Hampshire,Amount from General Fund,19245271,2015
New Hampshire,Amount from General Fund,18049168,2016
New Hampshire,Amount from General Fund,18049168,2016_old
New Hampshire,Amount from General Fund,21892854,2017
New Hampshire,Amount from General Fund,18779542,2018
New Hampshire,Amount from General Fund,19129352,2019
New Hampshire,Amount from General Fund,27709573,2020
New Hampshire,Amount from General Fund,41675170,2021
New Hampshire,Amount from General Fund,48835694,2022
New Hampshire,Amount from General Fund,72378249,2023
New Hampshire,Amount of Budget from SRF,Included,2011_old
New Hampshire,Amount of Budget from SRF,Included,2012
New Hampshire,Amount of Budget from SRF,Included,2013
New Hampshire,Environmental Agency Budget,225939534,2011_old
New Hampshire,Environmental Agency Budget,210905558,2012
New Hampshire,Environmental Agency Budget,202450251,2013
New Hampshire,Environmental Agency Budget,200034317,2013_old
New Hampshire,Environmental Agency Budget,177271458,2014
New Hampshire,Environmental Agency Budget,176781894,2015
New Hampshire,Environmental Agency Budget,275206519,2016
New Hampshire,Environmental Agency Budget,275206519,2016_old
New Hampshire,Environmental Agency Budget,203224646,2017
New Hampshire,Environmental Agency Budget,234337274,2018
New Hampshire,Environmental Agency Budget,287253707,2019
New Hampshire,Environmental Agency Budget,302069555,2020
New Hampshire,Environmental Agency Budget,253678426,2021
New Hampshire,Environmental Agency Budget,557945607,2022
New Hampshire,Environmental Agency Budget,339045904,2023
New Hampshire,Percent from Federal Government,31.93,2011_old
New Hampshire,Percent from Federal Government,36.74,2012
New Hampshire,Percent from Federal Government,37.80,2013
New Hampshire,Percent from Federal Government,25.31,2016
New Hampshire,Percent from Federal Government,25.31,2016_old
New Hampshire,Percent from Federal Government,35.22,2017
New Hampshire,Percent from Federal Government,28.07,2018
New Hampshire,Percent from Federal Government,21.13,2019
New Hampshire,Percent from Federal Government,20.47,2020
New Hampshire,Percent from Federal Government,23.79,2021
New Hampshire,Percent from Federal Government,44.48,2022
New Hampshire,Percent from Federal Government,26.3,2023
New Hampshire,Percent from Fees / Other,59.18,2011_old
New Hampshire,Percent from Fees / Other,54.94,2012
New Hampshire,Percent from Fees / Other,54.48,2013
New Hampshire,Percent from Fees / Other,68.13,2016
New Hampshire,Percent from Fees / Other,68.13,2016_old
New Hampshire,Percent from Fees / Other,54.01,2017
New Hampshire,Percent from Fees / Other,63.92,2018
New Hampshire,Percent from Fees / Other,72.21,2019
New Hampshire,Percent from Fees / Other,70.36,2020
New Hampshire,Percent from Fees / Other,59.78,2021
New Hampshire,Percent from Fees / Other,46.76,2022
New Hampshire,Percent from Fees / Other,52.35,2023
New Hampshire,Percent from General Fund,8.89,2011_old
New Hampshire,Percent from General Fund,8.32,2012
New Hampshire,Percent from General Fund,7.72,2013
New Hampshire,Percent from General Fund,6.56,2016
New Hampshire,Percent from General Fund,6.56,2016_old
New Hampshire,Percent from General Fund,10.77,2017
New Hampshire,Percent from General Fund,8.01,2018
New Hampshire,Percent from General Fund,6.66,2019
New Hampshire,Percent from General Fund,9.17,2020
New Hampshire,Percent from General Fund,16.43,2021
New Hampshire,Percent from General Fund,8.75,2022
New Hampshire,Percent from General Fund,21.35,2023
New Hampshire,Status of Budget,Final,2011_old
New Hampshire,Status of Budget,Current,2012
New Hampshire,Status of Budget,Proposed,2013
New Hampshire,Status of Budget,Final,2013_old
New Hampshire,Status of Budget,Final,2014
New Hampshire,Status of Budget,Final,2015
New Hampshire,Status of Budget,Final,2016
New Hampshire,Status of Budget,Final,2016_old
New Hampshire,Status of Budget,Final,2017
New Hampshire,Status of Budget,Final,2018
New Hampshire,Status of Budget,Final,2019
New Hampshire,Status of Budget,Final,2020
New Hampshire,Status of Budget,Final,2021
New Hampshire,Status of Budget,Final,2022
New Hampshire,Status of Budget,Final,2023
New Jersey,Amount from Federal Government,132394000,2016
New Jersey,Amount from Federal Government,"Amount from Federal
Gov?t (e.g. U.S. EPA)",2016_old
New Jersey,Amount from Federal Government,146628000,2017
New Jersey,Amount from Federal Government,146930000,2018
New Jersey,Amount from Federal Government,142005000,2019
New Jersey,Amount from Federal Government,125301069,2020
New Jersey,Amount from Federal Government,131935607,2021
New Jersey,Amount from Federal Government,283569025,2022
New Jersey,Amount from Federal Government,324157035,2023
New Jersey,Amount from Fees / Other,249258000,2016
New Jersey,Amount from Fees / Other,Amount from Fees Other,2016_old
New Jersey,Amount from Fees / Other,269556000,2017
New Jersey,Amount from Fees / Other,315687000,2018
New Jersey,Amount from Fees / Other,329395000,2019
New Jersey,Amount from Fees / Other,296208734,2020
New Jersey,Amount from Fees / Other,357890354,2021
New Jersey,Amount from Fees / Other,346975545,2022
New Jersey,Amount from Fees / Other,396587795,2023
New Jersey,Amount from General Fund,111591000,2016
New Jersey,Amount from General Fund,"Amount from General
Fund",2016_old
New Jersey,Amount from General Fund,103352000,2017
New Jersey,Amount from General Fund,111872000,2018
New Jersey,Amount from General Fund,105168000,2019
New Jersey,Amount from General Fund,133825000,2020
New Jersey,Amount from General Fund,194810000,2021
New Jersey,Amount from General Fund,204534000,2022
New Jersey,Amount from General Fund,233003000,2023
New Jersey,Amount of Budget from SRF,Included,2011_old
New Jersey,Amount of Budget from SRF,Included,2012
New Jersey,Amount of Budget from SRF,Included,2013
New Jersey,Environmental Agency Budget,145635000,2011_old
New Jersey,Environmental Agency Budget,178138000,2012
New Jersey,Environmental Agency Budget,196236000,2013
New Jersey,Environmental Agency Budget,493243000,2016
New Jersey,Environmental Agency Budget,"Environmental Agency
Budget",2016_old
New Jersey,Environmental Agency Budget,519536000,2017
New Jersey,Environmental Agency Budget,574489000,2018
New Jersey,Environmental Agency Budget,576568000,2019
New Jersey,Environmental Agency Budget,555334803,2020
New Jersey,Environmental Agency Budget,684635961,2021
New Jersey,Environmental Agency Budget,835078570,2022
New Jersey,Environmental Agency Budget,953747830,2023
New Jersey,Percent from Federal Government,11.03,2011_old
New Jersey,Percent from Federal Government,32.21,2012
New Jersey,Percent from Federal Government,32.54,2013
New Jersey,Percent from Federal Government,26.84,2016
New Jersey,Percent from Federal Government,28.22,2017
New Jersey,Percent from Federal Government,25.58,2018
New Jersey,Percent from Federal Government,24.63,2019
New Jersey,Percent from Federal Government,22.56,2020
New Jersey,Percent from Federal Government,19.27,2021
New Jersey,Percent from Federal Government,33.96,2022
New Jersey,Percent from Federal Government,33.99,2023
New Jersey,Percent from Fees / Other,16.33,2011_old
New Jersey,Percent from Fees / Other,11.75,2012
New Jersey,Percent from Fees / Other,10.80,2013
New Jersey,Percent from Fees / Other,50.53,2016
New Jersey,Percent from Fees / Other,51.88,2017
New Jersey,Percent from Fees / Other,54.95,2018
New Jersey,Percent from Fees / Other,57.13,2019
New Jersey,Percent from Fees / Other,53.34,2020
New Jersey,Percent from Fees / Other,52.27,2021
New Jersey,Percent from Fees / Other,41.55,2022
New Jersey,Percent from Fees / Other,41.58,2023
New Jersey,Percent from General Fund,72.63,2011_old
New Jersey,Percent from General Fund,56.04,2012
New Jersey,Percent from General Fund,56.65,2013
New Jersey,Percent from General Fund,22.62,2016
New Jersey,Percent from General Fund,19.89,2017
New Jersey,Percent from General Fund,19.47,2018
New Jersey,Percent from General Fund,18.24,2019
New Jersey,Percent from General Fund,24.1,2020
New Jersey,Percent from General Fund,28.45,2021
New Jersey,Percent from General Fund,24.49,2022
New Jersey,Percent from General Fund,24.43,2023
New Jersey,Status of Budget,Actual,2011_old
New Jersey,Status of Budget,Appropriated,2012
New Jersey,Status of Budget,Recommended,2013
New Jersey,Status of Budget,Approved,2016
New Jersey,Status of Budget,Budget Status,2016_old
New Jersey,Status of Budget,Approved,2017
New Jersey,Status of Budget,Approved,2018
New Jersey,Status of Budget,Approved,2019
New Jersey,Status of Budget,Approved,2020
New Jersey,Status of Budget,Approved,2021
New Jersey,Status of Budget,Approved,2022
New Jersey,Status of Budget,Approved,2023
New Mexico,Amount from Federal Government,25589066,2016
New Mexico,Amount from Federal Government,"Amount from Federal
Gov?t (e.g. U.S. EPA)",2016_old
New Mexico,Amount from Federal Government,28960231,2017
New Mexico,Amount from Federal Government,26956866,2018
New Mexico,Amount from Federal Government,23105690,2019
New Mexico,Amount from Federal Government,28510540,2020
New Mexico,Amount from Federal Government,29966341,2021
New Mexico,Amount from Federal Government,34931210,2022
New Mexico,Amount from Federal Government,49037696,2023
New Mexico,Amount from Fees / Other,11024182,2020
New Mexico,Amount from Fees / Other,11192631,2021
New Mexico,Amount from Fees / Other,12436033,2022
New Mexico,Amount from Fees / Other,13775006,2023
New Mexico,Amount from General Fund,8437645,2016
New Mexico,Amount from General Fund,"Amount from General
Fund",2016_old
New Mexico,Amount from General Fund,7590786,2017
New Mexico,Amount from General Fund,7022195,2018
New Mexico,Amount from General Fund,7182290,2019
New Mexico,Amount from General Fund,12656000,2020
New Mexico,Amount from General Fund,13406942,2021
New Mexico,Amount from General Fund,15507700,2022
New Mexico,Amount from General Fund,19489500,2023
New Mexico,Environmental Agency Budget,84821175,2016
New Mexico,Environmental Agency Budget,"Environmental Agency
Budget",2016_old
New Mexico,Environmental Agency Budget,88038741,2017
New Mexico,Environmental Agency Budget,84597945,2018
New Mexico,Environmental Agency Budget,79161523,2019
New Mexico,Environmental Agency Budget,80812760,2020
New Mexico,Environmental Agency Budget,86606895,2021
New Mexico,Environmental Agency Budget,98021635,2022
New Mexico,Environmental Agency Budget,138855838,2023
New Mexico,Percent from Federal Government,30.17,2016
New Mexico,Percent from Federal Government,32.89,2017
New Mexico,Percent from Federal Government,31.86,2018
New Mexico,Percent from Federal Government,29.19,2019
New Mexico,Percent from Federal Government,35.28,2020
New Mexico,Percent from Federal Government,34.6,2021
New Mexico,Percent from Federal Government,35.64,2022
New Mexico,Percent from Federal Government,35.32,2023
New Mexico,Percent from Fees / Other,13.64,2020
New Mexico,Percent from Fees / Other,12.92,2021
New Mexico,Percent from Fees / Other,12.69,2022
New Mexico,Percent from Fees / Other,9.92,2023
New Mexico,Percent from General Fund,9.95,2016
New Mexico,Percent from General Fund,8.62,2017
New Mexico,Percent from General Fund,8.3,2018
New Mexico,Percent from General Fund,9.07,2019
New Mexico,Percent from General Fund,15.66,2020
New Mexico,Percent from General Fund,15.48,2021
New Mexico,Percent from General Fund,15.82,2022
New Mexico,Percent from General Fund,14.04,2023
New Mexico,Status of Budget,Appropriated,2016
New Mexico,Status of Budget,Budget Status,2016_old
New Mexico,Status of Budget,Appropriated,2017
New Mexico,Status of Budget,Appropriated,2018
New Mexico,Status of Budget,Appropriated,2019
New Mexico,Status of Budget,Appropriated,2020
New Mexico,Status of Budget,Appropriated,2021
New Mexico,Status of Budget,Appropriated,2022
New Mexico,Status of Budget,Appropriated,2023
New York,Amount from Federal Government,306526026,2013_old
New York,Amount from Federal Government,331906048,2014
New York,Amount from Federal Government,210299484,2015
New York,Amount from Federal Government,243425294,2020
New York,Amount from Federal Government,63944757,2021
New York,Amount from Federal Government,225318944,2022
New York,Amount from Federal Government,370850474,2023
New York,Amount from Fees / Other,401790320,2013_old
New York,Amount from Fees / Other,390918388,2014
New York,Amount from Fees / Other,370670568,2015
New York,Amount from Fees / Other,594643876,2020
New York,Amount from Fees / Other,517115288,2021
New York,Amount from Fees / Other,668556647,2022
New York,Amount from Fees / Other,644527019,2023
New York,Amount from General Fund,64905903,2013_old
New York,Amount from General Fund,67656174,2014
New York,Amount from General Fund,65367869,2015
New York,Amount from General Fund,75570324,2020
New York,Amount from General Fund,72625806,2021
New York,Amount from General Fund,95872550,2022
New York,Amount from General Fund,91175473,2023
New York,Amount of Budget from SRF,226694000,2011_old
New York,Amount of Budget from SRF,216715000,2012
New York,Environmental Agency Budget,773222249,2013_old
New York,Environmental Agency Budget,790480610,2014
New York,Environmental Agency Budget,646337921,2015
New York,Environmental Agency Budget,628314657,2016
New York,Environmental Agency Budget,628314657,2016_old
New York,Environmental Agency Budget,757143170,2017
New York,Environmental Agency Budget,714103026,2018
New York,Environmental Agency Budget,903617555,2019
New York,Environmental Agency Budget,913639494,2020
New York,Environmental Agency Budget,653685851,2021
New York,Environmental Agency Budget,989748141,2022
New York,Environmental Agency Budget,1106552966,2023
New York,Environmental Agency Budget (SRF Added),735172855,2011_old
New York,Environmental Agency Budget (SRF Added),793843946,2012
New York,Environmental Agency Budget (SRF Added),666526514,2013
New York,Percent from Federal Government,15.00,2011_old
New York,Percent from Federal Government,17.00,2012
New York,Percent from Federal Government,15.00,2013
New York,Percent from Federal Government,26.64,2020
New York,Percent from Federal Government,9.78,2021
New York,Percent from Federal Government,22.77,2022
New York,Percent from Federal Government,33.51,2023
New York,Percent from Fees / Other,57.00,2011_old
New York,Percent from Fees / Other,52.00,2012
New York,Percent from Fees / Other,57.00,2013
New York,Percent from Fees / Other,65.09,2020
New York,Percent from Fees / Other,79.11,2021
New York,Percent from Fees / Other,67.55,2022
New York,Percent from Fees / Other,58.25,2023
New York,Percent from General Fund,28.00,2011_old
New York,Percent from General Fund,31.00,2012
New York,Percent from General Fund,28.00,2013
New York,Percent from General Fund,8.27,2020
New York,Percent from General Fund,11.11,2021
New York,Percent from General Fund,9.69,2022
New York,Percent from General Fund,8.24,2023
New York,Status of Budget,Actual,2011_old
New York,Status of Budget,Actual,2012
New York,Status of Budget,Projected,2013
New York,Status of Budget,Final,2013_old
New York,Status of Budget,Final,2014
New York,Status of Budget,Final,2015
New York,Status of Budget,Final,2016
New York,Status of Budget,Final,2016_old
New York,Status of Budget,Final,2017
New York,Status of Budget,Final,2018
New York,Status of Budget,Final,2019
New York,Status of Budget,Final Expended Annual Report,2020
New York,Status of Budget,Final Expended Annual Report,2021
New York,Status of Budget,Final Expended Annual Report,2022
New York,Status of Budget,Final Expended Annual Report,2023
North Carolina,Amount from Federal Government,143499066,2016
North Carolina,Amount from Federal Government,143499066,2016_old
North Carolina,Amount from Federal Government,149773265,2017
North Carolina,Amount from Federal Government,159249543,2018
North Carolina,Amount from Federal Government,150905053,2019
North Carolina,Amount from Federal Government,224276081,2020
North Carolina,Amount from Federal Government,171055851,2021
North Carolina,Amount from Federal Government,2016233067,2022
North Carolina,Amount from Federal Government,944533992,2023
North Carolina,Amount from Fees / Other,262939781,2020
North Carolina,Amount from Fees / Other,167471452,2021
North Carolina,Amount from Fees / Other,551285960,2022
North Carolina,Amount from Fees / Other,745407756,2023
North Carolina,Amount from General Fund,65009487,2016
North Carolina,Amount from General Fund,65009487,2016_old
North Carolina,Amount from General Fund,65164586,2017
North Carolina,Amount from General Fund,59628216,2018
North Carolina,Amount from General Fund,59118149,2019
North Carolina,Amount from General Fund,84128128,2020
North Carolina,Amount from General Fund,98568749,2021
North Carolina,Amount from General Fund,107042602,2022
North Carolina,Amount from General Fund,106101235,2023
North Carolina,Amount of Budget from SRF,Included,2011_old
North Carolina,Amount of Budget from SRF,Included,2012
North Carolina,Amount of Budget from SRF,Included,2013
North Carolina,Environmental Agency Budget,492814022,2009
North Carolina,Environmental Agency Budget,340943272,2010
North Carolina,Environmental Agency Budget,361361090,2011
North Carolina,Environmental Agency Budget,390815728,2011_old
North Carolina,Environmental Agency Budget,393512955,2012
North Carolina,Environmental Agency Budget,388875321,2013
North Carolina,Environmental Agency Budget,610086275,2016
North Carolina,Environmental Agency Budget,610086275,2016_old
North Carolina,Environmental Agency Budget,580451194,2017
North Carolina,Environmental Agency Budget,603390104,2018
North Carolina,Environmental Agency Budget,602889653,2019
North Carolina,Environmental Agency Budget,733363735,2020
North Carolina,Environmental Agency Budget,677021176,2021
North Carolina,Environmental Agency Budget,2486863668,2022
North Carolina,Environmental Agency Budget,1894379410,2023
North Carolina,Percent from Federal Government,29,2009
North Carolina,Percent from Federal Government,31.80,2010
North Carolina,Percent from Federal Government,30.20,2011
North Carolina,Percent from Federal Government,49.93,2011_old
North Carolina,Percent from Federal Government,36.45,2012
North Carolina,Percent from Federal Government,36.89,2013
North Carolina,Percent from Federal Government,23.52,2016
North Carolina,Percent from Federal Government,23.52,2016_old
North Carolina,Percent from Federal Government,25.8,2017
North Carolina,Percent from Federal Government,26.39,2018
North Carolina,Percent from Federal Government,25.03,2019
North Carolina,Percent from Federal Government,30.58,2020
North Carolina,Percent from Federal Government,25.27,2021
North Carolina,Percent from Federal Government,81.08,2022
North Carolina,Percent from Federal Government,49.86,2023
North Carolina,Percent from Fees / Other,16.50,2009
North Carolina,Percent from Fees / Other,36.20,2010
North Carolina,Percent from Fees / Other,30.40,2011
North Carolina,Percent from Fees / Other,29.82,2011_old
North Carolina,Percent from Fees / Other,30.34,2012
North Carolina,Percent from Fees / Other,30.42,2013
North Carolina,Percent from Fees / Other,35.85,2020
North Carolina,Percent from Fees / Other,24.74,2021
North Carolina,Percent from Fees / Other,22.17,2022
North Carolina,Percent from Fees / Other,39.35,2023
North Carolina,Percent from General Fund,54.50,2009
North Carolina,Percent from General Fund,32.00,2010
North Carolina,Percent from General Fund,39.40,2011
North Carolina,Percent from General Fund,20.25,2011_old
North Carolina,Percent from General Fund,33.21,2012
North Carolina,Percent from General Fund,32.69,2013
North Carolina,Percent from General Fund,10.66,2016
North Carolina,Percent from General Fund,10.66,2016_old
North Carolina,Percent from General Fund,11.23,2017
North Carolina,Percent from General Fund,9.88,2018
North Carolina,Percent from General Fund,9.81,2019
North Carolina,Percent from General Fund,11.47,2020
North Carolina,Percent from General Fund,14.56,2021
North Carolina,Percent from General Fund,4.3,2022
North Carolina,Percent from General Fund,5.6,2023
North Carolina,Status of Budget,Final,2009
North Carolina,Status of Budget,Current,2010
North Carolina,Status of Budget,Proposed,2011
North Carolina,Status of Budget,Final,2011_old
North Carolina,Status of Budget,Current,2012
North Carolina,Status of Budget,Proposed,2013
North Carolina,Status of Budget,Enacted,2016
North Carolina,Status of Budget,Enacted,2016_old
North Carolina,Status of Budget,Enacted,2017
North Carolina,Status of Budget,Enacted,2018
North Carolina,Status of Budget,Enacted,2019
North Carolina,Status of Budget,Enacted,2020
North Carolina,Status of Budget,Enacted,2021
North Carolina,Status of Budget,Enacted,2022
North Carolina,Status of Budget,Enacted,2023
North Dakota,Amount from Federal Government,12621348,2013_old
North Dakota,Amount from Federal Government,11538033,2014
North Dakota,Amount from Federal Government,11538033,2015
North Dakota,Amount from Federal Government,11300944,2016
North Dakota,Amount from Federal Government,11300944,2016_old
North Dakota,Amount from Federal Government,10140117,2017
North Dakota,Amount from Federal Government,9741408,2018
North Dakota,Amount from Federal Government,10700325,2019
North Dakota,Amount from Fees / Other,2863558,2013_old
North Dakota,Amount from Fees / Other,3437355,2014
North Dakota,Amount from Fees / Other,3437355,2015
North Dakota,Amount from General Fund,3591468,2013_old
North Dakota,Amount from General Fund,4442133,2014
North Dakota,Amount from General Fund,4442133,2015
North Dakota,Amount from General Fund,5229011,2016
North Dakota,Amount from General Fund,5229011,2016_old
North Dakota,Amount from General Fund,6415065,2017
North Dakota,Amount from General Fund,4527120,2018
North Dakota,Amount from General Fund,6645068,2019
North Dakota,Amount from General Fund,4568713,2020
North Dakota,Amount from General Fund,7294969,2021
North Dakota,Amount from General Fund,6068718,2022
North Dakota,Amount from General Fund,6399617,2023
North Dakota,Amount of Budget from SRF,Included,2011_old
North Dakota,Amount of Budget from SRF,Included,2012
North Dakota,Amount of Budget from SRF,Included,2013
North Dakota,Environmental Agency Budget,23285782,2011_old
North Dakota,Environmental Agency Budget,24077698,2012
North Dakota,Environmental Agency Budget,24077698,2013
North Dakota,Environmental Agency Budget,19076375,2013_old
North Dakota,Environmental Agency Budget,19417521,2014
North Dakota,Environmental Agency Budget,19417521,2015
North Dakota,Environmental Agency Budget,20860650,2016
North Dakota,Environmental Agency Budget,20860650,2016_old
North Dakota,Environmental Agency Budget,21055929,2017
North Dakota,Environmental Agency Budget,19617430,2018
North Dakota,Environmental Agency Budget,21179127,2019
North Dakota,Environmental Agency Budget,20842058,2020
North Dakota,Environmental Agency Budget,24447500,2021
North Dakota,Environmental Agency Budget,25231088,2022
North Dakota,Environmental Agency Budget,27062437,2023
North Dakota,Percent from Federal Government,71.42,2011_old
North Dakota,Percent from Federal Government,72.37,2012
North Dakota,Percent from Federal Government,72.37,2013
North Dakota,Percent from Federal Government,54.17,2016
North Dakota,Percent from Federal Government,54.17,2016_old
North Dakota,Percent from Federal Government,48.16,2017
North Dakota,Percent from Federal Government,49.66,2018
North Dakota,Percent from Federal Government,50.52,2019
North Dakota,Percent from Fees / Other,11.86,2011_old
North Dakota,Percent from Fees / Other,13.30,2012
North Dakota,Percent from Fees / Other,13.30,2013
North Dakota,Percent from General Fund,16.72,2011_old
North Dakota,Percent from General Fund,14.33,2012
North Dakota,Percent from General Fund,14.33,2013
North Dakota,Percent from General Fund,25.07,2016
North Dakota,Percent from General Fund,25.07,2016_old
North Dakota,Percent from General Fund,30.47,2017
North Dakota,Percent from General Fund,23.08,2018
North Dakota,Percent from General Fund,31.38,2019
North Dakota,Percent from General Fund,21.92,2020
North Dakota,Percent from General Fund,29.84,2021
North Dakota,Percent from General Fund,24.05,2022
North Dakota,Percent from General Fund,23.65,2023
North Dakota,Status of Budget,Actual,2011_old
North Dakota,Status of Budget,Current,2012
North Dakota,Status of Budget,Requested,2013
North Dakota,Status of Budget,Actual,2013_old
North Dakota,Status of Budget,Actual,2014
North Dakota,Status of Budget,Actual,2015
North Dakota,Status of Budget,Actual,2016
North Dakota,Status of Budget,Actual,2016_old
North Dakota,Status of Budget,Actual,2017
North Dakota,Status of Budget,Actual,2018
North Dakota,Status of Budget,Actual,2019
North Dakota,Status of Budget,Actual,2020
North Dakota,Status of Budget,Actual,2021
North Dakota,Status of Budget,Actual,2022
North Dakota,Status of Budget,Actual,2023
Northern Mariana Islands,Amount from Federal Government,2237268,2020
Northern Mariana Islands,Amount from Federal Government,2685319,2021
Northern Mariana Islands,Amount from Federal Government,2426655.54,2022
Northern Mariana Islands,Amount from Federal Government,3675377.67,2023
Northern Mariana Islands,Amount from Fees / Other,107589,2020
Northern Mariana Islands,Amount from Fees / Other,189827,2021
Northern Mariana Islands,Amount from Fees / Other,163112,2022
Northern Mariana Islands,Amount from Fees / Other,341206.25,2023
Northern Mariana Islands,Amount from General Fund,75109,2020
Northern Mariana Islands,Amount from General Fund,0,2021
Northern Mariana Islands,Amount from General Fund,230464,2022
Northern Mariana Islands,Amount from General Fund,81466,2023
Northern Mariana Islands,Environmental Agency Budget,2597966,2020
Northern Mariana Islands,Environmental Agency Budget,2965146,2021
Northern Mariana Islands,Environmental Agency Budget,2990589.54,2022
Northern Mariana Islands,Environmental Agency Budget,4203350.42,2023
Northern Mariana Islands,Percent from Federal Government,86.12,2020
Northern Mariana Islands,Percent from Federal Government,90.56,2021
Northern Mariana Islands,Percent from Federal Government,81.14,2022
Northern Mariana Islands,Percent from Federal Government,87.44,2023
Northern Mariana Islands,Percent from Fees / Other,4.14,2020
Northern Mariana Islands,Percent from Fees / Other,6.4,2021
Northern Mariana Islands,Percent from Fees / Other,5.45,2022
Northern Mariana Islands,Percent from Fees / Other,8.12,2023
Northern Mariana Islands,Percent from General Fund,2.89,2020
Northern Mariana Islands,Percent from General Fund,0.0,2021
Northern Mariana Islands,Percent from General Fund,7.71,2022
Northern Mariana Islands,Percent from General Fund,1.94,2023
Northern Mariana Islands,Status of Budget,ACTUAL,2020
Northern Mariana Islands,Status of Budget,ACTUAL,2021
Northern Mariana Islands,Status of Budget,ACTUAL,2022
Northern Mariana Islands,Status of Budget,ACTUAL,2023
Ohio,Amount from Federal Government,33530798,2013_old
Ohio,Amount from Federal Government,37229479,2014
Ohio,Amount from Federal Government,33859322,2015
Ohio,Amount from Fees / Other,133111913,2013_old
Ohio,Amount from Fees / Other,129053527,2014
Ohio,Amount from Fees / Other,128943587,2015
Ohio,Amount from General Fund,0,2013_old
Ohio,Amount from General Fund,9813394,2014
Ohio,Amount from General Fund,10756563,2015
Ohio,Amount of Budget from SRF,114230000,2011_old
Ohio,Amount of Budget from SRF,109207000,2012
Ohio,Environmental Agency Budget,188166282,2009
Ohio,Environmental Agency Budget,210681973,2010
Ohio,Environmental Agency Budget,208330476,2011
Ohio,Environmental Agency Budget,166642711,2013_old
Ohio,Environmental Agency Budget,176096399,2014
Ohio,Environmental Agency Budget,173559471,2015
Ohio,Environmental Agency Budget,179522888,2020
Ohio,Environmental Agency Budget,194981719,2021
Ohio,Environmental Agency Budget,202255234,2022
Ohio,Environmental Agency Budget,242359372,2023
Ohio,Environmental Agency Budget (SRF Added),292316980,2011_old
Ohio,Environmental Agency Budget (SRF Added),296703194,2012
Ohio,Environmental Agency Budget (SRF Added),183814494,2013
Ohio,Environmental Agency Budget Excludes SRF,Yes,2013_old
Ohio,Environmental Agency Budget Excludes SRF,Yes,2014
Ohio,Environmental Agency Budget Excludes SRF,Yes,2015
Ohio,Percent from Federal Government,18,2009
Ohio,Percent from Federal Government,18,2010
Ohio,Percent from Federal Government,16,2011
Ohio,Percent from Federal Government,18.44,2011_old
Ohio,Percent from Federal Government,18.75,2012
Ohio,Percent from Federal Government,18.37,2013
Ohio,Percent from Fees / Other,82,2009
Ohio,Percent from Fees / Other,82,2010
Ohio,Percent from Fees / Other,84,2011
Ohio,Percent from Fees / Other,74.39,2011_old
Ohio,Percent from Fees / Other,74.31,2012
Ohio,Percent from Fees / Other,74.42,2013
Ohio,Percent from General Fund,0,2009
Ohio,Percent from General Fund,0,2010
Ohio,Percent from General Fund,0,2011
Ohio,Percent from General Fund,7.17,2011_old
Ohio,Percent from General Fund,6.95,2012
Ohio,Percent from General Fund,7.20,2013
Ohio,Status of Budget,Final-Audited,2009
Ohio,Status of Budget,Current,2010
Ohio,Status of Budget,Adopted,2011
Ohio,Status of Budget,Actual,2011_old
Ohio,Status of Budget,Enacted,2012
Ohio,Status of Budget,Enacted,2013
Ohio,Status of Budget,Actual,2013_old
Ohio,Status of Budget,Actual,2014
Ohio,Status of Budget,Actual,2015
Ohio,Status of Budget,Actuals,2020
Ohio,Status of Budget,Actuals,2021
Ohio,Status of Budget,Actuals,2022
Ohio,Status of Budget,Actuals,2023
Oklahoma,Amount from Federal Government,23989000,2013_old
Oklahoma,Amount from Federal Government,16958948,2014
Oklahoma,Amount from Federal Government,28579282,2015
Oklahoma,Amount from Federal Government,21000000,2016
Oklahoma,Amount from Federal Government,21000000,2016_old
Oklahoma,Amount from Federal Government,23564228,2017
Oklahoma,Amount from Federal Government,22252330,2018
Oklahoma,Amount from Federal Government,29562612**,2019
Oklahoma,Amount from Federal Government,29807973,2020
Oklahoma,Amount from Federal Government,30745625,2021
Oklahoma,Amount from Federal Government,36979401,2022
Oklahoma,Amount from Federal Government,29188066,2023
Oklahoma,Amount from Fees / Other,41502604,2013_old
Oklahoma,Amount from Fees / Other,48202381,2014
Oklahoma,Amount from Fees / Other,45910922,2015
Oklahoma,Amount from Fees / Other,49387000,2016
Oklahoma,Amount from Fees / Other,49387000,2016_old
Oklahoma,Amount from Fees / Other,46424392,2017
Oklahoma,Amount from Fees / Other,46972725,2018
Oklahoma,Amount from Fees / Other,45405148,2019
Oklahoma,Amount from Fees / Other,45112513,2020
Oklahoma,Amount from Fees / Other,45494570,2021
Oklahoma,Amount from Fees / Other,43235239,2022
Oklahoma,Amount from Fees / Other,49669754,2023
Oklahoma,Amount from General Fund,7757973,2013_old
Oklahoma,Amount from General Fund,9057973,2014
Oklahoma,Amount from General Fund,7133575,2015
Oklahoma,Amount from General Fund,6776896,2016
Oklahoma,Amount from General Fund,6776896,2016_old
Oklahoma,Amount from General Fund,5987388,2017
Oklahoma,Amount from General Fund,5657985*,2018
Oklahoma,Amount from General Fund,6493879,2019
Oklahoma,Amount from General Fund,8009249,2020
Oklahoma,Amount from General Fund,7188879,2021
Oklahoma,Amount from General Fund,8737346,2022
Oklahoma,Amount from General Fund,20322643,2023
Oklahoma,Amount of Budget from SRF,Included,2011_old
Oklahoma,Amount of Budget from SRF,Included,2012
Oklahoma,Environmental Agency Budget,55569071,2009
Oklahoma,Environmental Agency Budget,67829984,2010
Oklahoma,Environmental Agency Budget,68578056,2011
Oklahoma,Environmental Agency Budget,52275000,2011_old
Oklahoma,Environmental Agency Budget,70655000,2012
Oklahoma,Environmental Agency Budget,73249577,2013_old
Oklahoma,Environmental Agency Budget,74219302,2014
Oklahoma,Environmental Agency Budget,81623779,2015
Oklahoma,Environmental Agency Budget,77163896,2016
Oklahoma,Environmental Agency Budget,77163896,2016_old
Oklahoma,Environmental Agency Budget,75976008,2017
Oklahoma,Environmental Agency Budget,74883040,2018
Oklahoma,Environmental Agency Budget,81461639,2019
Oklahoma,Environmental Agency Budget,82929735,2020
Oklahoma,Environmental Agency Budget,83429074,2021
Oklahoma,Environmental Agency Budget,88951986,2022
Oklahoma,Environmental Agency Budget,99180463,2023
Oklahoma,Percent from Federal Government,25.00,2009
Oklahoma,Percent from Federal Government,35.32,2010
Oklahoma,Percent from Federal Government,39.00,2011
Oklahoma,Percent from Federal Government,24.02,2011_old
Oklahoma,Percent from Federal Government,30.38,2012
Oklahoma,Percent from Federal Government,27.21,2016
Oklahoma,Percent from Federal Government,27.21,2016_old
Oklahoma,Percent from Federal Government,31.02,2017
Oklahoma,Percent from Federal Government,29.72,2018
Oklahoma,Percent from Federal Government,35.94,2020
Oklahoma,Percent from Federal Government,36.85,2021
Oklahoma,Percent from Federal Government,41.57,2022
Oklahoma,Percent from Federal Government,29.43,2023
Oklahoma,Percent from Fees / Other,57.51,2009
Oklahoma,Percent from Fees / Other,51.98,2010
Oklahoma,Percent from Fees / Other,49.71,2011
Oklahoma,Percent from Fees / Other,61.57,2011_old
Oklahoma,Percent from Fees / Other,57.91,2012
Oklahoma,Percent from Fees / Other,64.0,2016
Oklahoma,Percent from Fees / Other,64.0,2016_old
Oklahoma,Percent from Fees / Other,61.1,2017
Oklahoma,Percent from Fees / Other,62.73,2018
Oklahoma,Percent from Fees / Other,55.74,2019
Oklahoma,Percent from Fees / Other,54.4,2020
Oklahoma,Percent from Fees / Other,54.53,2021
Oklahoma,Percent from Fees / Other,48.61,2022
Oklahoma,Percent from Fees / Other,50.08,2023
Oklahoma,Percent from General Fund,17.49,2009
Oklahoma,Percent from General Fund,12.70,2010
Oklahoma,Percent from General Fund,11.29,2011
Oklahoma,Percent from General Fund,14.40,2011_old
Oklahoma,Percent from General Fund,11.70,2012
Oklahoma,Percent from General Fund,8.78,2016
Oklahoma,Percent from General Fund,8.78,2016_old
Oklahoma,Percent from General Fund,7.88,2017
Oklahoma,Percent from General Fund,7.97,2019
Oklahoma,Percent from General Fund,9.66,2020
Oklahoma,Percent from General Fund,8.62,2021
Oklahoma,Percent from General Fund,9.82,2022
Oklahoma,Percent from General Fund,20.49,2023
Oklahoma,Status of Budget,Final,2009
Oklahoma,Status of Budget,Current,2010
Oklahoma,Status of Budget,Proposed,2011
Oklahoma,Status of Budget,Actual,2011_old
Oklahoma,Status of Budget,Budgeted,2012
Oklahoma,Status of Budget,Budgeted,2013_old
Oklahoma,Status of Budget,Budgeted,2014
Oklahoma,Status of Budget,Budgeted,2015
Oklahoma,Status of Budget,Enacted,2016
Oklahoma,Status of Budget,Enacted,2016_old
Oklahoma,Status of Budget,Enacted,2017
Oklahoma,Status of Budget,Enacted,2018
Oklahoma,Status of Budget,Enacted,2019
Oklahoma,Status of Budget,Enacted,2020
Oklahoma,Status of Budget,Enacted,2021
Oklahoma,Status of Budget,Enacted,2022
Oklahoma,Status of Budget,Enacted,2023
Oregon,Amount from Federal Government,78979433,2013_old
Oregon,Amount from Federal Government,76873691,2014
Oregon,Amount from Federal Government,78426694,2015
Oregon,Amount from Federal Government,11894029,2016
Oregon,Amount from Federal Government,11894029,2016_old
Oregon,Amount from Federal Government,11894029,2017
Oregon,Amount from Federal Government,13550543,2018
Oregon,Amount from Federal Government,13550543,2019
Oregon,Amount from Fees / Other,73087690,2013_old
Oregon,Amount from Fees / Other,72634152,2014
Oregon,Amount from Fees / Other,74101509,2015
Oregon,Amount from Fees / Other,76374794,2016
Oregon,Amount from Fees / Other,76374794,2016_old
Oregon,Amount from Fees / Other,76374794,2017
Oregon,Amount from Fees / Other,92338851,2018
Oregon,Amount from Fees / Other,92338851,2019
Oregon,Amount from General Fund,12630826,2013_old
Oregon,Amount from General Fund,15325823,2014
Oregon,Amount from General Fund,15635436,2015
Oregon,Amount of Budget from SRF,Included,2011_old
Oregon,Amount of Budget from SRF,Included,2012
Oregon,Amount of Budget from SRF,Included,2013
Oregon,Environmental Agency Budget,102567044,2009
Oregon,Environmental Agency Budget,103198738,2010
Oregon,Environmental Agency Budget,101980738,2011
Oregon,Environmental Agency Budget,103385856,2011_old
Oregon,Environmental Agency Budget,102368370,2012
Oregon,Environmental Agency Budget,102386370,2013
Oregon,Environmental Agency Budget,164697949,2013_old
Oregon,Environmental Agency Budget,164833666,2014
Oregon,Environmental Agency Budget,169828626,2015
Oregon,Environmental Agency Budget,107256747,2016
Oregon,Environmental Agency Budget,107256747,2016_old
Oregon,Environmental Agency Budget,107256747,2017
Oregon,Environmental Agency Budget,129655151,2018
Oregon,Environmental Agency Budget,129655151,2019
Oregon,Environmental Agency Budget,137803564,2020
Oregon,Environmental Agency Budget,137803564,2021
Oregon,Environmental Agency Budget,199538954,2022
Oregon,Environmental Agency Budget,199538954,2023
Oregon,Percent from Federal Government,13.50,2009
Oregon,Percent from Federal Government,17.40,2010
Oregon,Percent from Federal Government,17.60,2011
Oregon,Percent from Federal Government,17.40,2011_old
Oregon,Percent from Federal Government,15.92,2012
Oregon,Percent from Federal Government,15.92,2013
Oregon,Percent from Federal Government,11.09,2016
Oregon,Percent from Federal Government,11.09,2016_old
Oregon,Percent from Federal Government,11.09,2017
Oregon,Percent from Federal Government,10.45,2018
Oregon,Percent from Federal Government,10.45,2019
Oregon,Percent from Fees / Other,69.00,2009
Oregon,Percent from Fees / Other,68.85,2010
Oregon,Percent from Fees / Other,69.70,2011
Oregon,Percent from Fees / Other,66.70,2011_old
Oregon,Percent from Fees / Other,69.93,2012
Oregon,Percent from Fees / Other,69.93,2013
Oregon,Percent from Fees / Other,71.21,2016
Oregon,Percent from Fees / Other,71.21,2016_old
Oregon,Percent from Fees / Other,71.21,2017
Oregon,Percent from Fees / Other,71.22,2018
Oregon,Percent from Fees / Other,71.22,2019
Oregon,Percent from General Fund,17.50,2009
Oregon,Percent from General Fund,13.75,2010
Oregon,Percent from General Fund,12.70,2011
Oregon,Percent from General Fund,15.90,2011_old
Oregon,Percent from General Fund,14.15,2012
Oregon,Percent from General Fund,14.15,2013
Oregon,Status of Budget,Actuals,2009
Oregon,Status of Budget,Approved,2010
Oregon,Status of Budget,Approved,2011
Oregon,Status of Budget,Approved,2011_old
Oregon,Status of Budget,Balanced,2012
Oregon,Status of Budget,Balanced,2013
Oregon,Status of Budget,Approved,2013_old
Oregon,Status of Budget,Approved,2014
Oregon,Status of Budget,Approved,2015
Oregon,Status of Budget,Approved,2016
Oregon,Status of Budget,Approved,2016_old
Oregon,Status of Budget,Approved,2017
Oregon,Status of Budget,Approved,2018
Oregon,Status of Budget,Approved,2019
Pennsylvania,Amount from Federal Government,188909000,2013_old
Pennsylvania,Amount from Federal Government,192525000,2014
Pennsylvania,Amount from Federal Government,192525000,2015
Pennsylvania,Amount from Federal Government,218228000,2016
Pennsylvania,Amount from Federal Government,"Amount from Federal
Gov?t (e.g. U.S. EPA)",2016_old
Pennsylvania,Amount from Federal Government,217881000,2017
Pennsylvania,Amount from Federal Government,223456000,2018
Pennsylvania,Amount from Federal Government,252944000,2019
Pennsylvania,Amount from Federal Government,254442000,2020
Pennsylvania,Amount from Federal Government,476157000,2021
Pennsylvania,Amount from Federal Government,472370000,2022
Pennsylvania,Amount from Federal Government,1635934000,2023
Pennsylvania,Amount from Fees / Other,285058000,2013_old
Pennsylvania,Amount from Fees / Other,329292000,2014
Pennsylvania,Amount from Fees / Other,314439000,2015
Pennsylvania,Amount from Fees / Other,329705000,2016
Pennsylvania,Amount from Fees / Other,Amount from Fees Other,2016_old
Pennsylvania,Amount from Fees / Other,307663000,2017
Pennsylvania,Amount from Fees / Other,328436000,2018
Pennsylvania,Amount from Fees / Other,419467000,2019
Pennsylvania,Amount from Fees / Other,358000000,2020
Pennsylvania,Amount from Fees / Other,372533000,2021
Pennsylvania,Amount from Fees / Other,348569000,2022
Pennsylvania,Amount from Fees / Other,412805000,2023
Pennsylvania,Amount from General Fund,125656000,2013_old
Pennsylvania,Amount from General Fund,139233000,2014
Pennsylvania,Amount from General Fund,142620000,2015
Pennsylvania,Amount from General Fund,148356000,2016
Pennsylvania,Amount from General Fund,"Amount from General
Fund",2016_old
Pennsylvania,Amount from General Fund,146447000,2017
Pennsylvania,Amount from General Fund,158539000,2018
Pennsylvania,Amount from General Fund,137721000,2019
Pennsylvania,Amount from General Fund,158891000,2020
Pennsylvania,Amount from General Fund,171635000,2021
Pennsylvania,Amount from General Fund,185677000,2022
Pennsylvania,Amount from General Fund,205817000,2023
Pennsylvania,Amount of Budget from SRF,Included,2011_old
Pennsylvania,Amount of Budget from SRF,Included,2012
Pennsylvania,Amount of Budget from SRF,Included,2013
Pennsylvania,Environmental Agency Budget,793386000,2011_old
Pennsylvania,Environmental Agency Budget,678624000,2012
Pennsylvania,Environmental Agency Budget,607087000,2013
Pennsylvania,Environmental Agency Budget,599623000,2013_old
Pennsylvania,Environmental Agency Budget,661050000,2014
Pennsylvania,Environmental Agency Budget,649584000,2015
Pennsylvania,Environmental Agency Budget,696289000,2016
Pennsylvania,Environmental Agency Budget,"Environmental Agency
Budget",2016_old
Pennsylvania,Environmental Agency Budget,671991000,2017
Pennsylvania,Environmental Agency Budget,710431000,2018
Pennsylvania,Environmental Agency Budget,810132000,2019
Pennsylvania,Environmental Agency Budget,771333000,2020
Pennsylvania,Environmental Agency Budget,102032500,2021
Pennsylvania,Environmental Agency Budget,1006616000,2022
Pennsylvania,Environmental Agency Budget,2254556000,2023
Pennsylvania,Percent from Federal Government,49,2011_old
Pennsylvania,Percent from Federal Government,39.58,2012
Pennsylvania,Percent from Federal Government,36.84,2013
Pennsylvania,Percent from Federal Government,31.34,2016
Pennsylvania,Percent from Federal Government,32.42,2017
Pennsylvania,Percent from Federal Government,31.45,2018
Pennsylvania,Percent from Federal Government,31.22,2019
Pennsylvania,Percent from Federal Government,32.99,2020
Pennsylvania,Percent from Federal Government,466.67,2021
Pennsylvania,Percent from Federal Government,46.93,2022
Pennsylvania,Percent from Federal Government,72.56,2023
Pennsylvania,Percent from Fees / Other,32.89,2011_old
Pennsylvania,Percent from Fees / Other,40.21,2012
Pennsylvania,Percent from Fees / Other,42.31,2013
Pennsylvania,Percent from Fees / Other,47.35,2016
Pennsylvania,Percent from Fees / Other,45.78,2017
Pennsylvania,Percent from Fees / Other,46.23,2018
Pennsylvania,Percent from Fees / Other,51.78,2019
Pennsylvania,Percent from Fees / Other,46.41,2020
Pennsylvania,Percent from Fees / Other,365.11,2021
Pennsylvania,Percent from Fees / Other,34.63,2022
Pennsylvania,Percent from Fees / Other,18.31,2023
Pennsylvania,Percent from General Fund,18.11,2011_old
Pennsylvania,Percent from General Fund,20.21,2012
Pennsylvania,Percent from General Fund,20.85,2013
Pennsylvania,Percent from General Fund,21.31,2016
Pennsylvania,Percent from General Fund,21.79,2017
Pennsylvania,Percent from General Fund,22.32,2018
Pennsylvania,Percent from General Fund,17.0,2019
Pennsylvania,Percent from General Fund,20.6,2020
Pennsylvania,Percent from General Fund,168.22,2021
Pennsylvania,Percent from General Fund,18.45,2022
Pennsylvania,Percent from General Fund,9.13,2023
Pennsylvania,Status of Budget,Actual,2011_old
Pennsylvania,Status of Budget,Available,2012
Pennsylvania,Status of Budget,Budgeted,2013
Pennsylvania,Status of Budget,Actual,2013_old
Pennsylvania,Status of Budget,Actual,2014
Pennsylvania,Status of Budget,Available,2015
Pennsylvania,Status of Budget,Actual,2016
Pennsylvania,Status of Budget,Budget Status,2016_old
Pennsylvania,Status of Budget,Actual,2017
Pennsylvania,Status of Budget,Actual,2018
Pennsylvania,Status of Budget,Available (Enacted),2019
Pennsylvania,Status of Budget,Actual,2020
Pennsylvania,Status of Budget,Actual,2021
Pennsylvania,Status of Budget,Actual,2022
Pennsylvania,Status of Budget,Available (Enacted),2023
Puerto Rico,Amount from Federal Government,17257000,2013_old
Puerto Rico,Amount from Federal Government,33545000,2014
Puerto Rico,Amount from Federal Government,33266000,2015
Puerto Rico,Amount from Federal Government,28447000,2016
Puerto Rico,Amount from Federal Government,"Amount from Federal
Gov?t (e.g. U.S. EPA)",2016_old
Puerto Rico,Amount from Federal Government,29093000,2017
Puerto Rico,Amount from Federal Government,27247000,2018
Puerto Rico,Amount from Federal Government,24983000,2019
Puerto Rico,Amount from Fees / Other,15201000,2013_old
Puerto Rico,Amount from Fees / Other,21823000,2014
Puerto Rico,Amount from Fees / Other,21823000,2015
Puerto Rico,Amount from Fees / Other,18540000,2016
Puerto Rico,Amount from Fees / Other,Amount from Fees Other,2016_old
Puerto Rico,Amount from Fees / Other,18540000,2017
Puerto Rico,Amount from Fees / Other,18151000,2018
Puerto Rico,Amount from Fees / Other,8601000,2019
Puerto Rico,Amount from General Fund,5272000,2013_old
Puerto Rico,Amount from General Fund,6083000,2014
Puerto Rico,Amount from General Fund,6083000,2015
Puerto Rico,Amount from General Fund,7083000,2016
Puerto Rico,Amount from General Fund,"Amount from General
Fund",2016_old
Puerto Rico,Amount from General Fund,6710000,2017
Puerto Rico,Amount from General Fund,5405000,2018
Puerto Rico,Amount from General Fund,24010000,2019
Puerto Rico,Amount of Budget from SRF,Included,2011_old
Puerto Rico,Amount of Budget from SRF,Included,2012
Puerto Rico,Amount of Budget from SRF,Included,2013
Puerto Rico,Environmental Agency Budget,51777000,2011_old
Puerto Rico,Environmental Agency Budget,49121000,2012
Puerto Rico,Environmental Agency Budget,39647000,2013
Puerto Rico,Environmental Agency Budget,37827000,2013_old
Puerto Rico,Environmental Agency Budget,61451000,2014
Puerto Rico,Environmental Agency Budget,61872000,2015
Puerto Rico,Environmental Agency Budget,54070000,2016
Puerto Rico,Environmental Agency Budget,"Environmental Agency
Budget",2016_old
Puerto Rico,Environmental Agency Budget,54343000,2017
Puerto Rico,Environmental Agency Budget,50803000,2018
Puerto Rico,Environmental Agency Budget,57594000,2019
Puerto Rico,Percent from Federal Government,68.30,2011_old
Puerto Rico,Percent from Federal Government,61.13,2012
Puerto Rico,Percent from Federal Government,54.29,2013
Puerto Rico,Percent from Federal Government,52.61,2016
Puerto Rico,Percent from Federal Government,53.54,2017
Puerto Rico,Percent from Federal Government,53.63,2018
Puerto Rico,Percent from Federal Government,43.38,2019
Puerto Rico,Percent from Fees / Other,30.50,2011_old
Puerto Rico,Percent from Fees / Other,27.39,2012
Puerto Rico,Percent from Fees / Other,32.41,2013
Puerto Rico,Percent from Fees / Other,34.29,2016
Puerto Rico,Percent from Fees / Other,34.12,2017
Puerto Rico,Percent from Fees / Other,35.73,2018
Puerto Rico,Percent from Fees / Other,14.93,2019
Puerto Rico,Percent from General Fund,1.35,2011_old
Puerto Rico,Percent from General Fund,11.48,2012
Puerto Rico,Percent from General Fund,13.30,2013
Puerto Rico,Percent from General Fund,13.1,2016
Puerto Rico,Percent from General Fund,12.35,2017
Puerto Rico,Percent from General Fund,10.64,2018
Puerto Rico,Percent from General Fund,41.69,2019
Puerto Rico,Status of Budget,Spent,2011_old
Puerto Rico,Status of Budget,Adopted,2012
Puerto Rico,Status of Budget,Recommended,2013
Puerto Rico,Status of Budget,Spent,2013_old
Puerto Rico,Status of Budget,Adopted,2014
Puerto Rico,Status of Budget,Adopted,2015
Puerto Rico,Status of Budget,Spent,2016
Puerto Rico,Status of Budget,Budget Status,2016_old
Puerto Rico,Status of Budget,Spent,2017
Puerto Rico,Status of Budget,Spent,2018
Puerto Rico,Status of Budget,Spent,2019
Rhode Island,Amount from Federal Government,8334808,2013_old
Rhode Island,Amount from Federal Government,8519484,2014
Rhode Island,Amount from Federal Government,8246195,2015
Rhode Island,Amount from Federal Government,8101776,2016
Rhode Island,Amount from Federal Government,8101776,2016_old
Rhode Island,Amount from Federal Government,7013974,2017
Rhode Island,Amount from Federal Government,6084005,2018
Rhode Island,Amount from Federal Government,7762000,2019
Rhode Island,Amount from Fees / Other,6823072,2013_old
Rhode Island,Amount from Fees / Other,7334795,2014
Rhode Island,Amount from Fees / Other,6122131,2015
Rhode Island,Amount from Fees / Other,7425449,2016
Rhode Island,Amount from Fees / Other,7425449,2016_old
Rhode Island,Amount from Fees / Other,7134773,2017
Rhode Island,Amount from Fees / Other,7706809,2018
Rhode Island,Amount from Fees / Other,5586183,2019
Rhode Island,Amount from General Fund,10704485,2013_old
Rhode Island,Amount from General Fund,11110332,2014
Rhode Island,Amount from General Fund,11335372,2015
Rhode Island,Amount from General Fund,11792235,2016
Rhode Island,Amount from General Fund,11792235,2016_old
Rhode Island,Amount from General Fund,11659583,2017
Rhode Island,Amount from General Fund,11729067,2018
Rhode Island,Amount from General Fund,11979283,2019
Rhode Island,Amount of Budget from SRF,19433000,2011_old
Rhode Island,Amount of Budget from SRF,18561000,2012
Rhode Island,Environmental Agency Budget,31900000,2009
Rhode Island,Environmental Agency Budget,42300000,2010
Rhode Island,Environmental Agency Budget,44300000,2011
Rhode Island,Environmental Agency Budget,26502694,2013_old
Rhode Island,Environmental Agency Budget,27687857,2014
Rhode Island,Environmental Agency Budget,26406919,2015
Rhode Island,Environmental Agency Budget,27319460,2016
Rhode Island,Environmental Agency Budget,27319460,2016_old
Rhode Island,Environmental Agency Budget,25808330,2017
Rhode Island,Environmental Agency Budget,25519881,2018
Rhode Island,Environmental Agency Budget,25327466,2019
Rhode Island,Environmental Agency Budget (SRF Added),46012443,2011_old
Rhode Island,Environmental Agency Budget (SRF Added),50925716,2012
Rhode Island,Environmental Agency Budget (SRF Added),31357988,2013
Rhode Island,Environmental Agency Budget Excludes SRF,Yes,2013_old
Rhode Island,Environmental Agency Budget Excludes SRF,Yes,2014
Rhode Island,Environmental Agency Budget Excludes SRF,Yes,2015
Rhode Island,Percent from Federal Government,23.40,2009
Rhode Island,Percent from Federal Government,32.60,2010
Rhode Island,Percent from Federal Government,30.20,2011
Rhode Island,Percent from Federal Government,36.40,2011_old
Rhode Island,Percent from Federal Government,41.50,2012
Rhode Island,Percent from Federal Government,39.60,2013
Rhode Island,Percent from Federal Government,29.66,2016
Rhode Island,Percent from Federal Government,29.66,2016_old
Rhode Island,Percent from Federal Government,27.18,2017
Rhode Island,Percent from Federal Government,23.84,2018
Rhode Island,Percent from Federal Government,30.65,2019
Rhode Island,Percent from Fees / Other,25.20,2009
Rhode Island,Percent from Fees / Other,26.40,2010
Rhode Island,Percent from Fees / Other,32.40,2011
Rhode Island,Percent from Fees / Other,19.70,2011_old
Rhode Island,Percent from Fees / Other,21.10,2012
Rhode Island,Percent from Fees / Other,23.50,2013
Rhode Island,Percent from Fees / Other,27.18,2016
Rhode Island,Percent from Fees / Other,27.18,2016_old
Rhode Island,Percent from Fees / Other,27.65,2017
Rhode Island,Percent from Fees / Other,30.2,2018
Rhode Island,Percent from Fees / Other,22.06,2019
Rhode Island,Percent from General Fund,51.40,2009
Rhode Island,Percent from General Fund,36.60,2010
Rhode Island,Percent from General Fund,37.40,2011
Rhode Island,Percent from General Fund,43.90,2011_old
Rhode Island,Percent from General Fund,37.40,2012
Rhode Island,Percent from General Fund,36.90,2013
Rhode Island,Percent from General Fund,43.16,2016
Rhode Island,Percent from General Fund,43.16,2016_old
Rhode Island,Percent from General Fund,45.18,2017
Rhode Island,Percent from General Fund,45.96,2018
Rhode Island,Percent from General Fund,47.3,2019
Rhode Island,Status of Budget,Final,2009
Rhode Island,Status of Budget,Current,2010
Rhode Island,Status of Budget,Enacted,2011
Rhode Island,Status of Budget,Actual,2011_old
Rhode Island,Status of Budget,Enacted,2012
Rhode Island,Status of Budget,Recommended,2013
Rhode Island,Status of Budget,Actual,2013_old
Rhode Island,Status of Budget,Actual,2014
Rhode Island,Status of Budget,Actual,2015
Rhode Island,Status of Budget,Actual,2016
Rhode Island,Status of Budget,Actual,2016_old
Rhode Island,Status of Budget,Actual,2017
Rhode Island,Status of Budget,Actual,2018
Rhode Island,Status of Budget,Actual,2019
South Carolina,Amount from Federal Government,26692901,2013_old
South Carolina,Amount from Federal Government,26452443,2014
South Carolina,Amount from Federal Government,25765544,2015
South Carolina,Amount from Federal Government,23577231,2016
South Carolina,Amount from Federal Government,23577231,2016_old
South Carolina,Amount from Federal Government,24472511,2017
South Carolina,Amount from Federal Government,24240218,2018
South Carolina,Amount from Federal Government,26277179,2019
South Carolina,Amount from Fees / Other,35267217,2013_old
South Carolina,Amount from Fees / Other,31107302,2014
South Carolina,Amount from Fees / Other,32423730,2015
South Carolina,Amount from Fees / Other,34284201,2016
South Carolina,Amount from Fees / Other,34284201,2016_old
South Carolina,Amount from Fees / Other,45334282,2017
South Carolina,Amount from Fees / Other,39592548,2018
South Carolina,Amount from Fees / Other,38363430,2019
South Carolina,Amount from General Fund,26576296,2013_old
South Carolina,Amount from General Fund,29994652,2014
South Carolina,Amount from General Fund,31029590,2015
South Carolina,Amount from General Fund,36960517,2016
South Carolina,Amount from General Fund,36960517,2016_old
South Carolina,Amount from General Fund,40398464,2017
South Carolina,Amount from General Fund,42143061,2018
South Carolina,Amount from General Fund,42535617,2019
South Carolina,Amount from General Fund,41816390,2020
South Carolina,Amount from General Fund,41400512,2021
South Carolina,Amount from General Fund,43361609,2022
South Carolina,Amount from General Fund,46418963,2023
South Carolina,Amount of Budget from SRF,24698000,2011_old
South Carolina,Amount of Budget from SRF,23600000,2012
South Carolina,Environmental Agency Budget,88536414,2013_old
South Carolina,Environmental Agency Budget,87554397,2014
South Carolina,Environmental Agency Budget,89218864,2015
South Carolina,Environmental Agency Budget,94821949,2016
South Carolina,Environmental Agency Budget,94821949,2016_old
South Carolina,Environmental Agency Budget,110205257,2017
South Carolina,Environmental Agency Budget,105975827,2018
South Carolina,Environmental Agency Budget,107176226,2019
South Carolina,Environmental Agency Budget,110554417,2020
South Carolina,Environmental Agency Budget,105593306,2021
South Carolina,Environmental Agency Budget,112853531,2022
South Carolina,Environmental Agency Budget,119579788,2023
South Carolina,Environmental Agency Budget (SRF Added),89438488,2011_old
South Carolina,Environmental Agency Budget (SRF Added),102519996,2012
South Carolina,Environmental Agency Budget (SRF Added),84167698,2013
South Carolina,Percent from Federal Government,42.12,2011_old
South Carolina,Percent from Federal Government,42.69,2012
South Carolina,Percent from Federal Government,36.74,2013
South Carolina,Percent from Federal Government,24.86,2016
South Carolina,Percent from Federal Government,24.86,2016_old
South Carolina,Percent from Federal Government,22.21,2017
South Carolina,Percent from Federal Government,22.87,2018
South Carolina,Percent from Federal Government,24.52,2019
South Carolina,Percent from Fees / Other,39.12,2011_old
South Carolina,Percent from Fees / Other,44.79,2012
South Carolina,Percent from Fees / Other,46.47,2013
South Carolina,Percent from Fees / Other,36.16,2016
South Carolina,Percent from Fees / Other,36.16,2016_old
South Carolina,Percent from Fees / Other,41.14,2017
South Carolina,Percent from Fees / Other,37.36,2018
South Carolina,Percent from Fees / Other,35.79,2019
South Carolina,Percent from General Fund,18.76,2011_old
South Carolina,Percent from General Fund,12.52,2012
South Carolina,Percent from General Fund,16.79,2013
South Carolina,Percent from General Fund,38.98,2016
South Carolina,Percent from General Fund,38.98,2016_old
South Carolina,Percent from General Fund,36.66,2017
South Carolina,Percent from General Fund,39.77,2018
South Carolina,Percent from General Fund,39.69,2019
South Carolina,Percent from General Fund,37.82,2020
South Carolina,Percent from General Fund,39.21,2021
South Carolina,Percent from General Fund,38.42,2022
South Carolina,Percent from General Fund,38.82,2023
South Carolina,Status of Budget,Actual,2011_old
South Carolina,Status of Budget,Current,2012
South Carolina,Status of Budget,Estimated,2013
South Carolina,Status of Budget,Actual,2013_old
South Carolina,Status of Budget,Actual,2014
South Carolina,Status of Budget,Actual,2015
South Carolina,Status of Budget,Actual,2016
South Carolina,Status of Budget,Actual,2016_old
South Carolina,Status of Budget,Actual,2017
South Carolina,Status of Budget,Actual,2018
South Carolina,Status of Budget,Actual,2019
South Carolina,Status of Budget,Actual,2020
South Carolina,Status of Budget,Actual,2021
South Carolina,Status of Budget,Actual,2022
South Carolina,Status of Budget,Actual,2023
South Dakota,Amount from Federal Government,7308698,2013_old
South Dakota,Amount from Federal Government,7539418,2014
South Dakota,Amount from Federal Government,7876695,2015
South Dakota,Amount from Federal Government,8202621,2016
South Dakota,Amount from Federal Government,8202621,2016_old
South Dakota,Amount from Federal Government,8495257,2017
South Dakota,Amount from Federal Government,8342796,2018
South Dakota,Amount from Federal Government,8420978,2019
South Dakota,Amount from Federal Government,8697374,2020
South Dakota,Amount from Federal Government,Merger,2021
South Dakota,Amount from Federal Government,8967043,2022
South Dakota,Amount from Federal Government,12664828,2023
South Dakota,Amount from Fees / Other,8833198,2013_old
South Dakota,Amount from Fees / Other,9042257,2014
South Dakota,Amount from Fees / Other,9251351,2015
South Dakota,Amount from Fees / Other,9436618,2016
South Dakota,Amount from Fees / Other,9436618,2016_old
South Dakota,Amount from Fees / Other,9450951,2017
South Dakota,Amount from Fees / Other,9618643,2018
South Dakota,Amount from Fees / Other,9672175,2019
South Dakota,Amount from Fees / Other,9838058,2020
South Dakota,Amount from Fees / Other,Merger,2021
South Dakota,Amount from Fees / Other,7409093,2022
South Dakota,Amount from Fees / Other,7892985,2023
South Dakota,Amount from General Fund,5526193,2013_old
South Dakota,Amount from General Fund,5844382,2014
South Dakota,Amount from General Fund,6171692,2015
South Dakota,Amount from General Fund,6445415,2016
South Dakota,Amount from General Fund,6445415,2016_old
South Dakota,Amount from General Fund,6626659,2017
South Dakota,Amount from General Fund,6634641,2018
South Dakota,Amount from General Fund,6714350,2019
South Dakota,Amount from General Fund,7010537,2020
South Dakota,Amount from General Fund,Merger,2021
South Dakota,Amount from General Fund,8942718,2022
South Dakota,Amount from General Fund,9428412,2023
South Dakota,Amount of Budget from SRF,16740000,2011_old
South Dakota,Amount of Budget from SRF,15983000,2012
South Dakota,Environmental Agency Budget,21668089,2013_old
South Dakota,Environmental Agency Budget,22426057,2014
South Dakota,Environmental Agency Budget,23300008,2015
South Dakota,Environmental Agency Budget,24084654,2016
South Dakota,Environmental Agency Budget,24084654,2016_old
South Dakota,Environmental Agency Budget,24572867,2017
South Dakota,Environmental Agency Budget,24596080,2018
South Dakota,Environmental Agency Budget,24807503,2019
South Dakota,Environmental Agency Budget,25545969,2020
South Dakota,Environmental Agency Budget,Merger,2021
South Dakota,Environmental Agency Budget,25318854,2022
South Dakota,Environmental Agency Budget,29986225,2023
South Dakota,Environmental Agency Budget (SRF Added),54258387,2011_old
South Dakota,Environmental Agency Budget (SRF Added),49628260,2012
South Dakota,Environmental Agency Budget (SRF Added),21668089,2013
South Dakota,Environmental Agency Budget Excludes SRF,Yes,2013_old
South Dakota,Environmental Agency Budget Excludes SRF,Yes,2014
South Dakota,Environmental Agency Budget Excludes SRF,Yes,2015
South Dakota,Percent from Federal Government,40.40,2009
South Dakota,Percent from Federal Government,42.30,2010
South Dakota,Percent from Federal Government,42.20,2011
South Dakota,Percent from Federal Government,77.16,2011_old
South Dakota,Percent from Federal Government,58.79,2012
South Dakota,Percent from Federal Government,33.72,2013
South Dakota,Percent from Federal Government,34.06,2016
South Dakota,Percent from Federal Government,34.06,2016_old
South Dakota,Percent from Federal Government,34.57,2017
South Dakota,Percent from Federal Government,33.92,2018
South Dakota,Percent from Federal Government,33.95,2019
South Dakota,Percent from Federal Government,34.05,2020
South Dakota,Percent from Federal Government,35.42,2022
South Dakota,Percent from Federal Government,42.24,2023
South Dakota,Percent from Fees / Other,16.30,2009
South Dakota,Percent from Fees / Other,21.00,2010
South Dakota,Percent from Fees / Other,21.10,2011
South Dakota,Percent from Fees / Other,7.36,2011_old
South Dakota,Percent from Fees / Other,25.68,2012
South Dakota,Percent from Fees / Other,40.77,2013
South Dakota,Percent from Fees / Other,39.18,2016
South Dakota,Percent from Fees / Other,39.18,2016_old
South Dakota,Percent from Fees / Other,38.46,2017
South Dakota,Percent from Fees / Other,39.11,2018
South Dakota,Percent from Fees / Other,38.99,2019
South Dakota,Percent from Fees / Other,38.51,2020
South Dakota,Percent from Fees / Other,29.26,2022
South Dakota,Percent from Fees / Other,26.32,2023
South Dakota,Percent from General Fund,43.30,2009
South Dakota,Percent from General Fund,36.70,2010
South Dakota,Percent from General Fund,36.70,2011
South Dakota,Percent from General Fund,15.48,2011_old
South Dakota,Percent from General Fund,15.53,2012
South Dakota,Percent from General Fund,25.50,2013
South Dakota,Percent from General Fund,26.76,2016
South Dakota,Percent from General Fund,26.76,2016_old
South Dakota,Percent from General Fund,26.97,2017
South Dakota,Percent from General Fund,26.97,2018
South Dakota,Percent from General Fund,27.07,2019
South Dakota,Percent from General Fund,27.44,2020
South Dakota,Percent from General Fund,35.32,2022
South Dakota,Percent from General Fund,31.44,2023
South Dakota,Status of Budget,Actual Expenditures,2009
South Dakota,Status of Budget,Final,2010
South Dakota,Status of Budget,Final,2011
South Dakota,Status of Budget,Actual,2011_old
South Dakota,Status of Budget,Budgeted,2012
South Dakota,Status of Budget,Budgeted,2013
South Dakota,Status of Budget,Final,2013_old
South Dakota,Status of Budget,Final,2014
South Dakota,Status of Budget,Final,2015
South Dakota,Status of Budget,Final,2016
South Dakota,Status of Budget,Final,2016_old
South Dakota,Status of Budget,Final,2017
South Dakota,Status of Budget,Final,2018
South Dakota,Status of Budget,Final,2019
South Dakota,Status of Budget,Final,2020
South Dakota,Status of Budget,Final,2021
South Dakota,Status of Budget,Final,2022
South Dakota,Status of Budget,Final,2023
Tennessee,Amount from Federal Government,28209700,2013_old
Tennessee,Amount from Federal Government,34928200,2014
Tennessee,Amount from Federal Government,70289700,2015
Tennessee,Amount from Federal Government,59044300,2016
Tennessee,Amount from Federal Government,59044300,2016_old
Tennessee,Amount from Federal Government,79757000,2017
Tennessee,Amount from Federal Government,76525200,2018
Tennessee,Amount from Federal Government,76553500,2019
Tennessee,Amount from Fees / Other,79348700,2013_old
Tennessee,Amount from Fees / Other,76265800,2014
Tennessee,Amount from Fees / Other,74214500,2015
Tennessee,Amount from General Fund,28270000,2013_old
Tennessee,Amount from General Fund,27788700,2014
Tennessee,Amount from General Fund,24814500,2015
Tennessee,Amount from General Fund,26260000,2016
Tennessee,Amount from General Fund,26260000,2016_old
Tennessee,Amount from General Fund,24877400,2017
Tennessee,Amount from General Fund,32516900,2018
Tennessee,Amount from General Fund,32518100,2019
Tennessee,Amount from General Fund,109940200,2020
Tennessee,Amount from General Fund,121787300,2021
Tennessee,Amount from General Fund,161697100,2022
Tennessee,Amount from General Fund,253870000,2023
Tennessee,Amount of Budget from SRF,Included,2011_old
Tennessee,Amount of Budget from SRF,Included,2012
Tennessee,Amount of Budget from SRF,Included,2013
Tennessee,Environmental Agency Budget,116938600,2011_old
Tennessee,Environmental Agency Budget,143926100,2012
Tennessee,Environmental Agency Budget,140239200,2013
Tennessee,Environmental Agency Budget,135828400,2013_old
Tennessee,Environmental Agency Budget,138982700,2014
Tennessee,Environmental Agency Budget,169318700,2015
Tennessee,Environmental Agency Budget,178557700,2016
Tennessee,Environmental Agency Budget,178557700,2016_old
Tennessee,Environmental Agency Budget,201052200,2017
Tennessee,Environmental Agency Budget,207219900,2018
Tennessee,Environmental Agency Budget,207740500,2019
Tennessee,Environmental Agency Budget,420420700,2020
Tennessee,Environmental Agency Budget,435393600,2021
Tennessee,Environmental Agency Budget,480604100,2022
Tennessee,Environmental Agency Budget,2014620300,2023
Tennessee,Percent from Federal Government,11.10,2009
Tennessee,Percent from Federal Government,15.30,2010
Tennessee,Percent from Federal Government,12.30,2011
Tennessee,Percent from Federal Government,18.80,2011_old
Tennessee,Percent from Federal Government,16.87,2012
Tennessee,Percent from Federal Government,15.54,2013
Tennessee,Percent from Federal Government,33.07,2016
Tennessee,Percent from Federal Government,33.07,2016_old
Tennessee,Percent from Federal Government,39.67,2017
Tennessee,Percent from Federal Government,36.93,2018
Tennessee,Percent from Federal Government,36.85,2019
Tennessee,Percent from Fees / Other,74.20,2009
Tennessee,Percent from Fees / Other,72.40,2010
Tennessee,Percent from Fees / Other,75.70,2011
Tennessee,Percent from Fees / Other,63.08,2011_old
Tennessee,Percent from Fees / Other,67.37,2012
Tennessee,Percent from Fees / Other,70.24,2013
Tennessee,Percent from General Fund,14.70,2009
Tennessee,Percent from General Fund,12.30,2010
Tennessee,Percent from General Fund,12.00,2011
Tennessee,Percent from General Fund,18.13,2011_old
Tennessee,Percent from General Fund,15.76,2012
Tennessee,Percent from General Fund,14.21,2013
Tennessee,Percent from General Fund,14.71,2016
Tennessee,Percent from General Fund,14.71,2016_old
Tennessee,Percent from General Fund,12.37,2017
Tennessee,Percent from General Fund,15.69,2018
Tennessee,Percent from General Fund,15.65,2019
Tennessee,Percent from General Fund,26.15,2020
Tennessee,Percent from General Fund,27.97,2021
Tennessee,Percent from General Fund,33.64,2022
Tennessee,Percent from General Fund,12.6,2023
Tennessee,Status of Budget,Approved Budget,2009
Tennessee,Status of Budget,Approved Budget,2010
Tennessee,Status of Budget,Proposed Budget,2011
Tennessee,Status of Budget,Approved,2011_old
Tennessee,Status of Budget,Approved,2012
Tennessee,Status of Budget,Proposed,2013
Tennessee,Status of Budget,Approved,2013_old
Tennessee,Status of Budget,Approved,2014
Tennessee,Status of Budget,Approved,2015
Tennessee,Status of Budget,Approved,2016
Tennessee,Status of Budget,Approved,2016_old
Tennessee,Status of Budget,Approved,2017
Tennessee,Status of Budget,Approved,2018
Tennessee,Status of Budget,Approved,2019
Tennessee,Status of Budget,Approved,2020
Tennessee,Status of Budget,Approved,2021
Tennessee,Status of Budget,Approved,2022
Tennessee,Status of Budget,Approved,2023
Texas,Amount from Federal Government,52797671,2013_old
Texas,Amount from Federal Government,44892061,2014
Texas,Amount from Federal Government,46930871,2015
Texas,Amount from Federal Government,37429502,2020
Texas,Amount from Federal Government,38676891,2021
Texas,Amount from Federal Government,35861818,2022
Texas,Amount from Federal Government,42488504,2023
Texas,Amount from Fees / Other,401768472,2013_old
Texas,Amount from Fees / Other,290810264,2014
Texas,Amount from Fees / Other,432389244,2015
Texas,Amount from Fees / Other,373566887,2016
Texas,Amount from Fees / Other,373566887,2016_old
Texas,Amount from Fees / Other,411444559,2017
Texas,Amount from Fees / Other,352769032,2018
Texas,Amount from Fees / Other,371335930,2019
Texas,Amount from Fees / Other,261630399,2020
Texas,Amount from Fees / Other,383489966,2021
Texas,Amount from Fees / Other,275937938,2022
Texas,Amount from Fees / Other,585646304,2023
Texas,Amount from General Fund,6792697,2013_old
Texas,Amount from General Fund,9313341,2014
Texas,Amount from General Fund,9942266,2015
Texas,Amount from General Fund,9905230,2016
Texas,Amount from General Fund,9905230,2016_old
Texas,Amount from General Fund,12491302,2017
Texas,Amount from General Fund,16417343,2018
Texas,Amount from General Fund,19986615,2019
Texas,Amount from General Fund,25003957,2020
Texas,Amount from General Fund,19657475,2021
Texas,Amount from General Fund,19907097,2022
Texas,Amount from General Fund,19748599,2023
Texas,Amount of Budget from SRF,128028000,2011_old
Texas,Amount of Budget from SRF,122291000,2012
Texas,Environmental Agency Budget,461358840,2013_old
Texas,Environmental Agency Budget,345015666,2014
Texas,Environmental Agency Budget,489262381,2015
Texas,Environmental Agency Budget,431900347,2016
Texas,Environmental Agency Budget,431900347,2016_old
Texas,Environmental Agency Budget,474045329,2017
Texas,Environmental Agency Budget,413757594,2018
Texas,Environmental Agency Budget,440070739,2019
Texas,Environmental Agency Budget,332421323,2020
Texas,Environmental Agency Budget,451988153,2021
Texas,Environmental Agency Budget,343422156,2022
Texas,Environmental Agency Budget,659969999,2023
Texas,Environmental Agency Budget (SRF Added),650228000,2011_old
Texas,Environmental Agency Budget (SRF Added),476291000,2012
Texas,Environmental Agency Budget (SRF Added),325600000,2013
Texas,Percent from Federal Government,8.23,2011_old
Texas,Percent from Federal Government,12.43,2012
Texas,Percent from Federal Government,12.10,2013
Texas,Percent from Federal Government,11.26,2020
Texas,Percent from Federal Government,8.56,2021
Texas,Percent from Federal Government,10.44,2022
Texas,Percent from Federal Government,6.44,2023
Texas,Percent from Fees / Other,91.90,2009
Texas,Percent from Fees / Other,89.40,2010
Texas,Percent from Fees / Other,88.40,2011
Texas,Percent from Fees / Other,89.00,2011_old
Texas,Percent from Fees / Other,85.88,2012
Texas,Percent from Fees / Other,86.06,2013
Texas,Percent from Fees / Other,86.49,2016
Texas,Percent from Fees / Other,86.49,2016_old
Texas,Percent from Fees / Other,86.79,2017
Texas,Percent from Fees / Other,85.26,2018
Texas,Percent from Fees / Other,84.38,2019
Texas,Percent from Fees / Other,78.7,2020
Texas,Percent from Fees / Other,84.85,2021
Texas,Percent from Fees / Other,80.35,2022
Texas,Percent from Fees / Other,88.74,2023
Texas,Percent from General Fund,1.70,2009
Texas,Percent from General Fund,2.90,2010
Texas,Percent from General Fund,3,2011
Texas,Percent from General Fund,2.77,2011_old
Texas,Percent from General Fund,1.69,2012
Texas,Percent from General Fund,1.84,2013
Texas,Percent from General Fund,2.29,2016
Texas,Percent from General Fund,2.29,2016_old
Texas,Percent from General Fund,2.64,2017
Texas,Percent from General Fund,3.97,2018
Texas,Percent from General Fund,4.54,2019
Texas,Percent from General Fund,7.52,2020
Texas,Percent from General Fund,4.35,2021
Texas,Percent from General Fund,5.8,2022
Texas,Percent from General Fund,2.99,2023
Texas,Status of Budget,Active,2009
Texas,Status of Budget,Current,2010
Texas,Status of Budget,Proposed,2011
Texas,Status of Budget,Actual,2011_old
Texas,Status of Budget,Current,2012
Texas,Status of Budget,Recommended,2013
Texas,Status of Budget,Final,2013_old
Texas,Status of Budget,Final,2014
Texas,Status of Budget,Actual,2015
Texas,Status of Budget,Final,2016
Texas,Status of Budget,Final,2016_old
Texas,Status of Budget,Final,2017
Texas,Status of Budget,Actual,2018
Texas,Status of Budget,Actual,2019
Texas,Status of Budget,Final,2020
Texas,Status of Budget,Final,2021
Texas,Status of Budget,Actual,2022
Texas,Status of Budget,Actual,2023
Utah,Amount from Federal Government,31380690,2013_old
Utah,Amount from Federal Government,25942609,2014
Utah,Amount from Federal Government,32114742,2015
Utah,Amount from Federal Government,16779400,2016
Utah,Amount from Federal Government,16779400,2016_old
Utah,Amount from Federal Government,17037900,2017
Utah,Amount from Federal Government,18103600,2018
Utah,Amount from Federal Government,23495000,2019
Utah,Amount from Federal Government,38681500,2020
Utah,Amount from Federal Government,41960100,2021
Utah,Amount from Federal Government,49937000,2022
Utah,Amount from Federal Government,50817700,2023
Utah,Amount from Fees / Other,20352914,2013_old
Utah,Amount from Fees / Other,18018814,2014
Utah,Amount from Fees / Other,22434795,2015
Utah,Amount from Fees / Other,70424800,2020
Utah,Amount from Fees / Other,84092000,2021
Utah,Amount from Fees / Other,93651300,2022
Utah,Amount from Fees / Other,80131600,2023
Utah,Amount from General Fund,10980366,2013_old
Utah,Amount from General Fund,10977600,2014
Utah,Amount from General Fund,13312872,2015
Utah,Amount from General Fund,14254300,2016
Utah,Amount from General Fund,14254300,2016_old
Utah,Amount from General Fund,14477800,2017
Utah,Amount from General Fund,15165000,2018
Utah,Amount from General Fund,20501200,2019
Utah,Amount from General Fund,15812800,2020
Utah,Amount from General Fund,26901100,2021
Utah,Amount from General Fund,30461700,2022
Utah,Amount from General Fund,31633700,2023
Utah,Amount of Budget from SRF,17277000,2011_old
Utah,Amount of Budget from SRF,16497000,2012
Utah,Environmental Agency Budget,62713970,2013_old
Utah,Environmental Agency Budget,54939023,2014
Utah,Environmental Agency Budget,67862409,2015
Utah,Environmental Agency Budget,50733200,2016
Utah,Environmental Agency Budget,50733200,2016_old
Utah,Environmental Agency Budget,52441500,2017
Utah,Environmental Agency Budget,55085200,2018
Utah,Environmental Agency Budget,62107700,2019
Utah,Environmental Agency Budget,124919100,2020
Utah,Environmental Agency Budget,152953200,2021
Utah,Environmental Agency Budget,174050000,2022
Utah,Environmental Agency Budget,162583000,2023
Utah,Environmental Agency Budget (SRF Added),65942000,2011_old
Utah,Environmental Agency Budget (SRF Added),69905400,2012
Utah,Environmental Agency Budget (SRF Added),52714700,2013
Utah,Environmental Agency Budget Excludes SRF,Yes,2013_old
Utah,Environmental Agency Budget Excludes SRF,Yes,2014
Utah,Environmental Agency Budget Excludes SRF,Yes,2015
Utah,Percent from Federal Government,34.63,2009
Utah,Percent from Federal Government,43.92,2010
Utah,Percent from Federal Government,40.03,2011
Utah,Percent from Federal Government,40.28,2011_old
Utah,Percent from Federal Government,39.29,2012
Utah,Percent from Federal Government,38.02,2013
Utah,Percent from Federal Government,33.07,2016
Utah,Percent from Federal Government,33.07,2016_old
Utah,Percent from Federal Government,32.49,2017
Utah,Percent from Federal Government,32.86,2018
Utah,Percent from Federal Government,37.83,2019
Utah,Percent from Federal Government,30.97,2020
Utah,Percent from Federal Government,27.43,2021
Utah,Percent from Federal Government,28.69,2022
Utah,Percent from Federal Government,31.26,2023
Utah,Percent from Fees / Other,38.43,2009
Utah,Percent from Fees / Other,37.38,2010
Utah,Percent from Fees / Other,39.17,2011
Utah,Percent from Fees / Other,37.77,2011_old
Utah,Percent from Fees / Other,40.87,2012
Utah,Percent from Fees / Other,40.76,2013
Utah,Percent from Fees / Other,56.38,2020
Utah,Percent from Fees / Other,54.98,2021
Utah,Percent from Fees / Other,53.81,2022
Utah,Percent from Fees / Other,49.29,2023
Utah,Percent from General Fund,29.94,2009
Utah,Percent from General Fund,18.70,2010
Utah,Percent from General Fund,20.80,2011
Utah,Percent from General Fund,21.95,2011_old
Utah,Percent from General Fund,19.84,2012
Utah,Percent from General Fund,21.22,2013
Utah,Percent from General Fund,28.1,2016
Utah,Percent from General Fund,28.1,2016_old
Utah,Percent from General Fund,27.61,2017
Utah,Percent from General Fund,27.53,2018
Utah,Percent from General Fund,33.01,2019
Utah,Percent from General Fund,12.66,2020
Utah,Percent from General Fund,17.59,2021
Utah,Percent from General Fund,17.5,2022
Utah,Percent from General Fund,19.46,2023
Utah,Status of Budget,Actual,2009
Utah,Status of Budget,Authorized,2010
Utah,Status of Budget,Appropriated,2011
Utah,Status of Budget,Actual,2011_old
Utah,Status of Budget,Authorized,2012
Utah,Status of Budget,Recommended,2013
Utah,Status of Budget,Actual,2013_old
Utah,Status of Budget,Actual,2014
Utah,Status of Budget,Actual,2015
Utah,Status of Budget,Final,2016
Utah,Status of Budget,Final,2016_old
Utah,Status of Budget,Final,2017
Utah,Status of Budget,Final,2018
Utah,Status of Budget,Final,2019
Utah,Status of Budget,Actual,2020
Utah,Status of Budget,Actual,2021
Utah,Status of Budget,Actual,2022
Utah,Status of Budget,Actual,2023
Vermont,Amount from Federal Government,11144654,2013_old
Vermont,Amount from Federal Government,10176659,2014
Vermont,Amount from Federal Government,24728140,2015
Vermont,Amount from Federal Government,27638952,2016
Vermont,Amount from Federal Government,27638952,2016_old
Vermont,Amount from Federal Government,25519480,2017
Vermont,Amount from Federal Government,25519480,2018
Vermont,Amount from Federal Government,26856080,2019
Vermont,Amount from Federal Government,26751965,2020
Vermont,Amount from Federal Government,36497715,2021
Vermont,Amount from Federal Government,34018997,2022
Vermont,Amount from Federal Government,32501149,2023
Vermont,Amount from Fees / Other,18877219,2013_old
Vermont,Amount from Fees / Other,23671472,2014
Vermont,Amount from Fees / Other,24061586,2015
Vermont,Amount from Fees / Other,27429999,2016
Vermont,Amount from Fees / Other,27429999,2016_old
Vermont,Amount from Fees / Other,30328025,2017
Vermont,Amount from Fees / Other,30328025,2018
Vermont,Amount from Fees / Other,38978067,2019
Vermont,Amount from Fees / Other,42995303,2020
Vermont,Amount from Fees / Other,47897859,2021
Vermont,Amount from Fees / Other,42442129,2022
Vermont,Amount from Fees / Other,45633122,2023
Vermont,Amount from General Fund,7042090,2013_old
Vermont,Amount from General Fund,9326579,2014
Vermont,Amount from General Fund,10073834,2015
Vermont,Amount from General Fund,8315537,2016
Vermont,Amount from General Fund,8315537,2016_old
Vermont,Amount from General Fund,8093383,2017
Vermont,Amount from General Fund,8093383,2018
Vermont,Amount from General Fund,8920239,2019
Vermont,Amount from General Fund,9887530,2020
Vermont,Amount from General Fund,9497161,2021
Vermont,Amount from General Fund,14434947,2022
Vermont,Amount from General Fund,11576356,2023
Vermont,Amount of Budget from SRF,Included,2011_old
Vermont,Amount of Budget from SRF,Included,2012
Vermont,Amount of Budget from SRF,No,2013
Vermont,Environmental Agency Budget,71696652,2011_old
Vermont,Environmental Agency Budget,66151955,2012
Vermont,Environmental Agency Budget,43098825,2013
Vermont,Environmental Agency Budget,37063963,2013_old
Vermont,Environmental Agency Budget,43174710,2014
Vermont,Environmental Agency Budget,58863560,2015
Vermont,Environmental Agency Budget,63384488,2016
Vermont,Environmental Agency Budget,63384488,2016_old
Vermont,Environmental Agency Budget,63940888,2017
Vermont,Environmental Agency Budget,63940888,2018
Vermont,Environmental Agency Budget,74754386,2019
Vermont,Environmental Agency Budget,79634798,2020
Vermont,Environmental Agency Budget,93892735,2021
Vermont,Environmental Agency Budget,90896073,2022
Vermont,Environmental Agency Budget,89710627,2023
Vermont,Environmental Agency Budget Excludes SRF,Yes,2013_old
Vermont,Environmental Agency Budget Excludes SRF,Yes,2014
Vermont,Environmental Agency Budget Excludes SRF,Yes,2015
Vermont,Percent from Federal Government,66.60,2011_old
Vermont,Percent from Federal Government,49.30,2012
Vermont,Percent from Federal Government,27.00,2013
Vermont,Percent from Federal Government,43.61,2016
Vermont,Percent from Federal Government,43.61,2016_old
Vermont,Percent from Federal Government,39.91,2017
Vermont,Percent from Federal Government,39.91,2018
Vermont,Percent from Federal Government,35.93,2019
Vermont,Percent from Federal Government,33.59,2020
Vermont,Percent from Federal Government,38.87,2021
Vermont,Percent from Federal Government,37.43,2022
Vermont,Percent from Federal Government,36.23,2023
Vermont,Percent from Fees / Other,23.10,2011_old
Vermont,Percent from Fees / Other,38.30,2012
Vermont,Percent from Fees / Other,57.00,2013
Vermont,Percent from Fees / Other,43.28,2016
Vermont,Percent from Fees / Other,43.28,2016_old
Vermont,Percent from Fees / Other,47.43,2017
Vermont,Percent from Fees / Other,47.43,2018
Vermont,Percent from Fees / Other,52.14,2019
Vermont,Percent from Fees / Other,53.99,2020
Vermont,Percent from Fees / Other,51.01,2021
Vermont,Percent from Fees / Other,46.69,2022
Vermont,Percent from Fees / Other,50.87,2023
Vermont,Percent from General Fund,10.30,2011_old
Vermont,Percent from General Fund,12.40,2012
Vermont,Percent from General Fund,16.00,2013
Vermont,Percent from General Fund,13.12,2016
Vermont,Percent from General Fund,13.12,2016_old
Vermont,Percent from General Fund,12.66,2017
Vermont,Percent from General Fund,12.66,2018
Vermont,Percent from General Fund,11.93,2019
Vermont,Percent from General Fund,12.42,2020
Vermont,Percent from General Fund,10.11,2021
Vermont,Percent from General Fund,15.88,2022
Vermont,Percent from General Fund,12.9,2023
Vermont,Status of Budget,Actual,2011_old
Vermont,Status of Budget,Current,2012
Vermont,Status of Budget,Recommended,2013
Vermont,Status of Budget,Actual,2013_old
Vermont,Status of Budget,Actual,2014
Vermont,Status of Budget,Actual,2015
Vermont,Status of Budget,Actual,2016
Vermont,Status of Budget,Actual,2016_old
Vermont,Status of Budget,Actual,2017
Vermont,Status of Budget,Actual,2018
Vermont,Status of Budget,Actual,2019
Vermont,Status of Budget,Actual Expenses,2020
Vermont,Status of Budget,Actual Expenses,2021
Vermont,Status of Budget,Actual Expenses,2022
Vermont,Status of Budget,Actual Expenses,2023
Virginia,Amount from Federal Government,50595470,2013_old
Virginia,Amount from Federal Government,55967150,2014
Virginia,Amount from Federal Government,62492150,2015
Virginia,Amount from Federal Government,52487150,2016
Virginia,Amount from Federal Government,52487150,2016_old
Virginia,Amount from Federal Government,51433744,2017
Virginia,Amount from Federal Government,51433744,2018
Virginia,Amount from Federal Government,57433744,2019
Virginia,Amount from Federal Government,70232023,2020
Virginia,Amount from Federal Government,68064984,2021
Virginia,Amount from Federal Government,79199918,2022
Virginia,Amount from Federal Government,109806642,2023
Virginia,Amount from Fees / Other,189436106,2013_old
Virginia,Amount from Fees / Other,128946927,2014
Virginia,Amount from Fees / Other,180991870,2015
Virginia,Amount from Fees / Other,158686490,2016
Virginia,Amount from Fees / Other,158686490,2016_old
Virginia,Amount from Fees / Other,160741232,2017
Virginia,Amount from Fees / Other,160741232,2018
Virginia,Amount from Fees / Other,126031251,2019
Virginia,Amount from Fees / Other,153667558,2020
Virginia,Amount from Fees / Other,110907337,2021
Virginia,Amount from Fees / Other,173439269,2022
Virginia,Amount from Fees / Other,131883090,2023
Virginia,Amount from General Fund,30706588,2013_old
Virginia,Amount from General Fund,35309706,2014
Virginia,Amount from General Fund,36581686,2015
Virginia,Amount from General Fund,40235427,2016
Virginia,Amount from General Fund,40235427,2016_old
Virginia,Amount from General Fund,41211049,2017
Virginia,Amount from General Fund,41211049,2018
Virginia,Amount from General Fund,41218434,2019
Virginia,Amount from General Fund,42483357,2020
Virginia,Amount from General Fund,41508154,2021
Virginia,Amount from General Fund,55902003,2022
Virginia,Amount from General Fund,68805719,2023
Virginia,Amount of Budget from SRF,Included,2011_old
Virginia,Amount of Budget from SRF,Included,2012
Virginia,Amount of Budget from SRF,Partial,2013
Virginia,Environmental Agency Budget,292244526,2011_old
Virginia,Environmental Agency Budget,265153034,2012
Virginia,Environmental Agency Budget,241498308,2013
Virginia,Environmental Agency Budget,272873944,2013_old
Virginia,Environmental Agency Budget,222359563,2014
Virginia,Environmental Agency Budget,282201486,2015
Virginia,Environmental Agency Budget,251409067,2016
Virginia,Environmental Agency Budget,251409067,2016_old
Virginia,Environmental Agency Budget,253386025,2017
Virginia,Environmental Agency Budget,253386025,2018
Virginia,Environmental Agency Budget,224683429,2019
Virginia,Environmental Agency Budget,266382938,2020
Virginia,Environmental Agency Budget,220480475,2021
Virginia,Environmental Agency Budget,308541190,2022
Virginia,Environmental Agency Budget,310495450,2023
Virginia,Percent from Federal Government,6,2009
Virginia,Percent from Federal Government,7,2010
Virginia,Percent from Federal Government,16,2011
Virginia,Percent from Federal Government,30.26,2011_old
Virginia,Percent from Federal Government,29.65,2012
Virginia,Percent from Federal Government,25.22,2013
Virginia,Percent from Federal Government,20.88,2016
Virginia,Percent from Federal Government,20.88,2016_old
Virginia,Percent from Federal Government,20.3,2017
Virginia,Percent from Federal Government,20.3,2018
Virginia,Percent from Federal Government,25.56,2019
Virginia,Percent from Federal Government,26.37,2020
Virginia,Percent from Federal Government,30.87,2021
Virginia,Percent from Federal Government,25.67,2022
Virginia,Percent from Federal Government,35.36,2023
Virginia,Percent from Fees / Other,80,2009
Virginia,Percent from Fees / Other,83,2010
Virginia,Percent from Fees / Other,59,2011
Virginia,Percent from Fees / Other,58.38,2011_old
Virginia,Percent from Fees / Other,57.54,2012
Virginia,Percent from Fees / Other,62.02,2013
Virginia,Percent from Fees / Other,63.12,2016
Virginia,Percent from Fees / Other,63.12,2016_old
Virginia,Percent from Fees / Other,63.44,2017
Virginia,Percent from Fees / Other,63.44,2018
Virginia,Percent from Fees / Other,56.09,2019
Virginia,Percent from Fees / Other,57.69,2020
Virginia,Percent from Fees / Other,50.3,2021
Virginia,Percent from Fees / Other,56.21,2022
Virginia,Percent from Fees / Other,42.48,2023
Virginia,Percent from General Fund,14,2009
Virginia,Percent from General Fund,10,2010
Virginia,Percent from General Fund,25,2011
Virginia,Percent from General Fund,11.36,2011_old
Virginia,Percent from General Fund,12.81,2012
Virginia,Percent from General Fund,12.76,2013
Virginia,Percent from General Fund,16.0,2016
Virginia,Percent from General Fund,16.0,2016_old
Virginia,Percent from General Fund,16.26,2017
Virginia,Percent from General Fund,16.26,2018
Virginia,Percent from General Fund,18.35,2019
Virginia,Percent from General Fund,15.95,2020
Virginia,Percent from General Fund,18.83,2021
Virginia,Percent from General Fund,18.12,2022
Virginia,Percent from General Fund,22.16,2023
Virginia,Status of Budget,Final Audited,2009
Virginia,Status of Budget,Current,2010
Virginia,Status of Budget,Adopted,2011
Virginia,Status of Budget,Enacted,2011_old
Virginia,Status of Budget,Current,2012
Virginia,Status of Budget,Proposed,2013
Virginia,Status of Budget,Final,2013_old
Virginia,Status of Budget,Final,2014
Virginia,Status of Budget,Final,2015
Virginia,Status of Budget,Final,2016
Virginia,Status of Budget,Final,2016_old
Virginia,Status of Budget,Final,2017
Virginia,Status of Budget,Final,2018
Virginia,Status of Budget,Final,2019
Virginia,Status of Budget,Final,2020
Virginia,Status of Budget,Final,2021
Virginia,Status of Budget,Final,2022
Virginia,Status of Budget,Final,2023
Washington,Amount from Federal Government,35675899,2013_old
Washington,Amount from Federal Government,37365520,2014
Washington,Amount from Federal Government,37673947,2015
Washington,Amount from Federal Government,35664480,2016
Washington,Amount from Federal Government,35664480,2016_old
Washington,Amount from Federal Government,36601796,2017
Washington,Amount from Federal Government,36664647,2018
Washington,Amount from Federal Government,33613626,2019
Washington,Amount from Fees / Other,129201880,2013_old
Washington,Amount from Fees / Other,124382527,2014
Washington,Amount from Fees / Other,149255102,2015
Washington,Amount from Fees / Other,128767388,2016
Washington,Amount from Fees / Other,128767388,2016_old
Washington,Amount from Fees / Other,151931012,2017
Washington,Amount from Fees / Other,149593055,2018
Washington,Amount from Fees / Other,179437350,2019
Washington,Amount from General Fund,33375254,2013_old
Washington,Amount from General Fund,25781207,2014
Washington,Amount from General Fund,24980052,2015
Washington,Amount from General Fund,24455367,2016
Washington,Amount from General Fund,24455367,2016_old
Washington,Amount from General Fund,24436795,2017
Washington,Amount from General Fund,19082365,2018
Washington,Amount from General Fund,21231481,2019
Washington,Amount of Budget from SRF,49983000,2011_old
Washington,Amount of Budget from SRF,47740000,2012
Washington,Environmental Agency Budget,410973094,2009
Washington,Environmental Agency Budget,549564787,2010
Washington,Environmental Agency Budget,553182709,2011
Washington,Environmental Agency Budget,198253033,2013_old
Washington,Environmental Agency Budget,187529254,2014
Washington,Environmental Agency Budget,211909101,2015
Washington,Environmental Agency Budget,188887235,2016
Washington,Environmental Agency Budget,188887235,2016_old
Washington,Environmental Agency Budget,212969603,2017
Washington,Environmental Agency Budget,205340067,2018
Washington,Environmental Agency Budget,234282457,2019
Washington,Environmental Agency Budget,237774954,2020
Washington,Environmental Agency Budget,253515217,2021
Washington,Environmental Agency Budget,238725654,2022
Washington,Environmental Agency Budget,326293586,2023
Washington,Environmental Agency Budget (SRF Added),248303014,2011_old
Washington,Environmental Agency Budget (SRF Added),263472000,2012
Washington,Environmental Agency Budget (SRF Added),225442000,2013
Washington,Environmental Agency Budget - Capital,215198914,2009
Washington,Environmental Agency Budget - Capital,349390007,2010
Washington,Environmental Agency Budget - Capital,349390007,2011
Washington,Environmental Agency Budget - Operating,195774180,2009
Washington,Environmental Agency Budget - Operating,200174780,2010
Washington,Environmental Agency Budget - Operating,203792702,2011
Washington,Environmental Agency Budget Excludes SRF,Yes,2013_old
Washington,Environmental Agency Budget Excludes SRF,Yes,2014
Washington,Environmental Agency Budget Excludes SRF,Yes,2015
Washington,Percent from Federal Government,0.14,2009
Washington,Percent from Federal Government,0.18,2010
Washington,Percent from Federal Government,0.18,2011
Washington,Percent from Federal Government,18.16,2011_old
Washington,Percent from Federal Government,21.49,2012
Washington,Percent from Federal Government,24.90,2013
Washington,Percent from Federal Government,18.88,2016
Washington,Percent from Federal Government,18.88,2016_old
Washington,Percent from Federal Government,17.19,2017
Washington,Percent from Federal Government,17.86,2018
Washington,Percent from Federal Government,14.35,2019
Washington,Percent from Federal Government - Capital,0.1,2009
Washington,Percent from Federal Government - Capital,0.17,2010
Washington,Percent from Federal Government - Capital,0.17,2011
Washington,Percent from Federal Government - Operating,0.19,2009
Washington,Percent from Federal Government - Operating,0.21,2010
Washington,Percent from Federal Government - Operating,0.21,2011
Washington,Percent from Fees / Other,0.64,2009
Washington,Percent from Fees / Other,0.51,2010
Washington,Percent from Fees / Other,0.52,2011
Washington,Percent from Fees / Other,60.93,2011_old
Washington,Percent from Fees / Other,63.51,2012
Washington,Percent from Fees / Other,62.28,2013
Washington,Percent from Fees / Other,68.17,2016
Washington,Percent from Fees / Other,68.17,2016_old
Washington,Percent from Fees / Other,71.34,2017
Washington,Percent from Fees / Other,72.85,2018
Washington,Percent from Fees / Other,76.59,2019
Washington,Percent from Fees / Other - Capital,0.63,2009
Washington,Percent from Fees / Other - Capital,0.46,2010
Washington,Percent from Fees / Other - Capital,0.46,2011
Washington,Percent from Fees / Other - Operating,0.65,2009
Washington,Percent from Fees / Other - Operating,0.58,2010
Washington,Percent from Fees / Other - Operating,0.61,2011
Washington,Percent from General Fund,0.22,2009
Washington,Percent from General Fund,0.31,2010
Washington,Percent from General Fund,0.3,2011
Washington,Percent from General Fund,20.91,2011_old
Washington,Percent from General Fund,15.00,2012
Washington,Percent from General Fund,12.82,2013
Washington,Percent from General Fund,12.95,2016
Washington,Percent from General Fund,12.95,2016_old
Washington,Percent from General Fund,11.47,2017
Washington,Percent from General Fund,9.29,2018
Washington,Percent from General Fund,9.06,2019
Washington,Percent from General Fund - Capital,0.27,2009
Washington,Percent from General Fund - Capital,0.37,2010
Washington,Percent from General Fund - Capital,0.37,2011
Washington,Percent from General Fund - Operating,0.16,2009
Washington,Percent from General Fund - Operating,0.21,2010
Washington,Percent from General Fund - Operating,0.18,2011
Washington,Status of Budget, Actuals,2009
Washington,Status of Budget,Enacted,2010
Washington,Status of Budget,Enacted,2011
Washington,Status of Budget,Actual,2011_old
Washington,Status of Budget,Proposed,2012
Washington,Status of Budget,Proposed,2013
Washington,Status of Budget,Actual,2013_old
Washington,Status of Budget,Actual,2014
Washington,Status of Budget,Actual,2015
Washington,Status of Budget,Actual,2016
Washington,Status of Budget,Actual,2016_old
Washington,Status of Budget,Actual,2017
Washington,Status of Budget,Actual,2018
Washington,Status of Budget,Actual,2019
Washington,Status of Budget,Actual,2020
Washington,Status of Budget,Actual,2021
Washington,Status of Budget,Actual,2022
Washington,Status of Budget,Actual,2023
West Virginia,Amount from Federal Government,100063128,2013_old
West Virginia,Amount from Federal Government,95262029,2014
West Virginia,Amount from Federal Government,91343000,2015
West Virginia,Amount from Federal Government,86778220,2016
West Virginia,Amount from Federal Government,86778220,2016_old
West Virginia,Amount from Federal Government,79064012,2017
West Virginia,Amount from Federal Government,101502231,2018
West Virginia,Amount from Federal Government,94808996,2019
West Virginia,Amount from Federal Government,84931299,2020
West Virginia,Amount from Federal Government,78718168,2021
West Virginia,Amount from Federal Government,80285588,2022
West Virginia,Amount from Federal Government,89856526,2023
West Virginia,Amount from Fees / Other,165099756,2013_old
West Virginia,Amount from Fees / Other,139394214,2014
West Virginia,Amount from Fees / Other,147105529,2015
West Virginia,Amount from Fees / Other,141210257,2016
West Virginia,Amount from Fees / Other,141210257,2016_old
West Virginia,Amount from Fees / Other,200783269,2017
West Virginia,Amount from Fees / Other,143347269,2018
West Virginia,Amount from Fees / Other,123267376,2019
West Virginia,Amount from Fees / Other,200347527,2020
West Virginia,Amount from Fees / Other,158833935,2021
West Virginia,Amount from Fees / Other,173929275,2022
West Virginia,Amount from Fees / Other,225960218,2023
West Virginia,Amount from General Fund,7584231,2013_old
West Virginia,Amount from General Fund,6483065,2014
West Virginia,Amount from General Fund,6412927,2015
West Virginia,Amount from General Fund,5908869,2016
West Virginia,Amount from General Fund,5908869,2016_old
West Virginia,Amount from General Fund,5875639,2017
West Virginia,Amount from General Fund,5786422,2018
West Virginia,Amount from General Fund,5956487,2019
West Virginia,Amount from General Fund,7506967,2020
West Virginia,Amount from General Fund,6590840,2021
West Virginia,Amount from General Fund,6512682,2022
West Virginia,Amount from General Fund,6645163,2023
West Virginia,Amount of Budget from SRF,Included,2011_old
West Virginia,Amount of Budget from SRF,Included,2012
West Virginia,Amount of Budget from SRF,Included,2013
West Virginia,Environmental Agency Budget,248316190,2011_old
West Virginia,Environmental Agency Budget,494113927,2012
West Virginia,Environmental Agency Budget,441098268,2013
West Virginia,Environmental Agency Budget,272747116,2013_old
West Virginia,Environmental Agency Budget,241139308,2014
West Virginia,Environmental Agency Budget,244861456,2015
West Virginia,Environmental Agency Budget,233897346,2016
West Virginia,Environmental Agency Budget,233897346,2016_old
West Virginia,Environmental Agency Budget,285722920,2017
West Virginia,Environmental Agency Budget,250635922,2018
West Virginia,Environmental Agency Budget,224032859,2019
West Virginia,Environmental Agency Budget,285734851,2020
West Virginia,Environmental Agency Budget,235754041,2021
West Virginia,Environmental Agency Budget,248924558,2022
West Virginia,Environmental Agency Budget,310717162,2023
West Virginia,Percent from Federal Government,44.91,2011_old
West Virginia,Percent from Federal Government,47.96,2012
West Virginia,Percent from Federal Government,40.81,2013
West Virginia,Percent from Federal Government,37.1,2016
West Virginia,Percent from Federal Government,37.1,2016_old
West Virginia,Percent from Federal Government,27.67,2017
West Virginia,Percent from Federal Government,40.5,2018
West Virginia,Percent from Federal Government,42.32,2019
West Virginia,Percent from Federal Government,29.72,2020
West Virginia,Percent from Federal Government,33.39,2021
West Virginia,Percent from Federal Government,32.25,2022
West Virginia,Percent from Federal Government,28.92,2023
West Virginia,Percent from Fees / Other,51.99,2011_old
West Virginia,Percent from Fees / Other,50.40,2012
West Virginia,Percent from Fees / Other,57.35,2013
West Virginia,Percent from Fees / Other,60.37,2016
West Virginia,Percent from Fees / Other,60.37,2016_old
West Virginia,Percent from Fees / Other,70.27,2017
West Virginia,Percent from Fees / Other,57.19,2018
West Virginia,Percent from Fees / Other,55.02,2019
West Virginia,Percent from Fees / Other,70.12,2020
West Virginia,Percent from Fees / Other,67.37,2021
West Virginia,Percent from Fees / Other,69.87,2022
West Virginia,Percent from Fees / Other,72.72,2023
West Virginia,Percent from General Fund,3.10,2011_old
West Virginia,Percent from General Fund,1.64,2012
West Virginia,Percent from General Fund,1.84,2013
West Virginia,Percent from General Fund,2.53,2016
West Virginia,Percent from General Fund,2.53,2016_old
West Virginia,Percent from General Fund,2.06,2017
West Virginia,Percent from General Fund,2.31,2018
West Virginia,Percent from General Fund,2.66,2019
West Virginia,Percent from General Fund,2.63,2020
West Virginia,Percent from General Fund,2.8,2021
West Virginia,Percent from General Fund,2.62,2022
West Virginia,Percent from General Fund,2.14,2023
West Virginia,Status of Budget,Actual,2011_old
West Virginia,Status of Budget,Current,2012
West Virginia,Status of Budget,Enrolled,2013
West Virginia,Status of Budget,Actual,2013_old
West Virginia,Status of Budget,Actual,2014
West Virginia,Status of Budget,Actual,2015
West Virginia,Status of Budget,Actual,2016
West Virginia,Status of Budget,Actual,2016_old
West Virginia,Status of Budget,Actual,2017
West Virginia,Status of Budget,Actual,2018
West Virginia,Status of Budget,Actual,2019
West Virginia,Status of Budget,Actual,2020
West Virginia,Status of Budget,Actual,2021
West Virginia,Status of Budget,Actual,2022
West Virginia,Status of Budget,Actual,2023
Wisconsin,Amount from Federal Government,95339186,2013_old
Wisconsin,Amount from Federal Government,95259033,2014
Wisconsin,Amount from Federal Government,98806284,2015
Wisconsin,Amount from Federal Government,70785748,2016
Wisconsin,Amount from Federal Government,70785748,2016_old
Wisconsin,Amount from Federal Government,82377629,2017
Wisconsin,Amount from Federal Government,83035010,2018
Wisconsin,Amount from Federal Government,88759115,2019
Wisconsin,Amount from Federal Government,91327448,2020
Wisconsin,Amount from Federal Government,93282645,2021
Wisconsin,Amount from Federal Government,92811036,2022
Wisconsin,Amount from Federal Government,144966910,2023
Wisconsin,Amount from Fees / Other,101382292,2013_old
Wisconsin,Amount from Fees / Other,109293606,2014
Wisconsin,Amount from Fees / Other,107174956,2015
Wisconsin,Amount from Fees / Other,128268979,2016
Wisconsin,Amount from Fees / Other,128268979,2016_old
Wisconsin,Amount from Fees / Other,125971530,2017
Wisconsin,Amount from Fees / Other,122979672,2018
Wisconsin,Amount from Fees / Other,133322805,2019
Wisconsin,Amount from Fees / Other,148839267,2020
Wisconsin,Amount from Fees / Other,147621862,2021
Wisconsin,Amount from Fees / Other,137118744,2022
Wisconsin,Amount from Fees / Other,139079205,2023
Wisconsin,Amount from General Fund,39294704,2013_old
Wisconsin,Amount from General Fund,40747942,2014
Wisconsin,Amount from General Fund,36278299,2015
Wisconsin,Amount from General Fund,35277742,2016
Wisconsin,Amount from General Fund,35277742,2016_old
Wisconsin,Amount from General Fund,33620541,2017
Wisconsin,Amount from General Fund,32673015,2018
Wisconsin,Amount from General Fund,36771208,2019
Wisconsin,Amount from General Fund,17462025,2020
Wisconsin,Amount from General Fund,18201419,2021
Wisconsin,Amount from General Fund,20078101,2022
Wisconsin,Amount from General Fund,18825378,2023
Wisconsin,Amount of Budget from SRF,56561000,2011_old
Wisconsin,Amount of Budget from SRF,54068000,2012
Wisconsin,Environmental Agency Budget,236016182,2013_old
Wisconsin,Environmental Agency Budget,245300581,2014
Wisconsin,Environmental Agency Budget,242259539,2015
Wisconsin,Environmental Agency Budget,234332469,2016
Wisconsin,Environmental Agency Budget,234332469,2016_old
Wisconsin,Environmental Agency Budget,241969700,2017
Wisconsin,Environmental Agency Budget,238687697,2018
Wisconsin,Environmental Agency Budget,258853128,2019
Wisconsin,Environmental Agency Budget,257628739,2020
Wisconsin,Environmental Agency Budget,250007881,2022
Wisconsin,Environmental Agency Budget,302871492,2023
Wisconsin,Environmental Agency Budget (SRF Added),241467800,2011_old
Wisconsin,Environmental Agency Budget (SRF Added),251171300,2012
Wisconsin,Environmental Agency Budget (SRF Added),197751700,2013
Wisconsin,Percent from Federal Government,13,2009
Wisconsin,Percent from Federal Government,13,2010
Wisconsin,Percent from Federal Government,13,2011
Wisconsin,Percent from Federal Government,20.00,2011_old
Wisconsin,Percent from Federal Government,16.00,2012
Wisconsin,Percent from Federal Government,16.00,2013
Wisconsin,Percent from Federal Government,30.21,2016
Wisconsin,Percent from Federal Government,30.21,2016_old
Wisconsin,Percent from Federal Government,34.04,2017
Wisconsin,Percent from Federal Government,34.79,2018
Wisconsin,Percent from Federal Government,34.29,2019
Wisconsin,Percent from Federal Government,35.45,2020
Wisconsin,Percent from Federal Government,37.12,2022
Wisconsin,Percent from Federal Government,47.86,2023
Wisconsin,Percent from Fees / Other,47,2009
Wisconsin,Percent from Fees / Other,57,2010
Wisconsin,Percent from Fees / Other,64,2011
Wisconsin,Percent from Fees / Other,61.00,2011_old
Wisconsin,Percent from Fees / Other,64.00,2012
Wisconsin,Percent from Fees / Other,64.00,2013
Wisconsin,Percent from Fees / Other,54.74,2016
Wisconsin,Percent from Fees / Other,54.74,2016_old
Wisconsin,Percent from Fees / Other,52.06,2017
Wisconsin,Percent from Fees / Other,51.52,2018
Wisconsin,Percent from Fees / Other,51.51,2019
Wisconsin,Percent from Fees / Other,57.77,2020
Wisconsin,Percent from Fees / Other,54.85,2022
Wisconsin,Percent from Fees / Other,45.92,2023
Wisconsin,Percent from General Fund,40,2009
Wisconsin,Percent from General Fund,30,2010
Wisconsin,Percent from General Fund,23,2011
Wisconsin,Percent from General Fund,19.00,2011_old
Wisconsin,Percent from General Fund,20.00,2012
Wisconsin,Percent from General Fund,20.00,2013
Wisconsin,Percent from General Fund,15.05,2016
Wisconsin,Percent from General Fund,15.05,2016_old
Wisconsin,Percent from General Fund,13.89,2017
Wisconsin,Percent from General Fund,13.69,2018
Wisconsin,Percent from General Fund,14.21,2019
Wisconsin,Percent from General Fund,6.78,2020
Wisconsin,Percent from General Fund,8.03,2022
Wisconsin,Percent from General Fund,6.22,2023
Wisconsin,Status of Budget,Actual Expenditures,2009
Wisconsin,Status of Budget,Approved Budget,2010
Wisconsin,Status of Budget,Approved Budget,2011
Wisconsin,Status of Budget,Actual,2011_old
Wisconsin,Status of Budget,Current,2012
Wisconsin,Status of Budget,Adopted,2013
Wisconsin,Status of Budget,Actual,2013_old
Wisconsin,Status of Budget,Actual,2014
Wisconsin,Status of Budget,Actual,2015
Wisconsin,Status of Budget,Final,2016
Wisconsin,Status of Budget,Final,2016_old
Wisconsin,Status of Budget,Final,2017
Wisconsin,Status of Budget,Final,2018
Wisconsin,Status of Budget,Final,2019
Wisconsin,Status of Budget,Final,2020
Wisconsin,Status of Budget,Final,2021
Wisconsin,Status of Budget,Final,2022
Wisconsin,Status of Budget,Final,2023
Wyoming,Amount from Federal Government,5649167,2013_old
Wyoming,Amount from Federal Government,5671866,2014
Wyoming,Amount from Federal Government,5655099,2015
Wyoming,Amount from Federal Government,6200158,2016
Wyoming,Amount from Federal Government,6200158,2016_old
Wyoming,Amount from Federal Government,5672200,2017
Wyoming,Amount from Federal Government,5698189,2018
Wyoming,Amount from Federal Government,5664223,2019
Wyoming,Amount from Federal Government,7056430,2020
Wyoming,Amount from Federal Government,7317915,2021
Wyoming,Amount from Federal Government,7317915,2022
Wyoming,Amount from Federal Government,7268876,2023
Wyoming,Amount from Fees / Other,19262571,2013_old
Wyoming,Amount from Fees / Other,21560389,2014
Wyoming,Amount from Fees / Other,37356283,2015
Wyoming,Amount from Fees / Other,18170694,2020
Wyoming,Amount from Fees / Other,8690036,2021
Wyoming,Amount from Fees / Other,15690036,2022
Wyoming,Amount from Fees / Other,16500112,2023
Wyoming,Amount from General Fund,31249772,2013_old
Wyoming,Amount from General Fund,31718773,2014
Wyoming,Amount from General Fund,34349049,2015
Wyoming,Amount from General Fund,17155200,2016
Wyoming,Amount from General Fund,17155200,2016_old
Wyoming,Amount from General Fund,16269651,2017
Wyoming,Amount from General Fund,16265096,2018
Wyoming,Amount from General Fund,16657228,2019
Wyoming,Amount from General Fund,11583080,2020
Wyoming,Amount from General Fund,12376012,2021
Wyoming,Amount from General Fund,12376012,2022
Wyoming,Amount from General Fund,10667565,2023
Wyoming,Amount of Budget from SRF,16740000,2011_old
Wyoming,Amount of Budget from SRF,15983000,2012
Wyoming,Environmental Agency Budget,56161510,2013_old
Wyoming,Environmental Agency Budget,58951028,2014
Wyoming,Environmental Agency Budget,77360431,2015
Wyoming,Environmental Agency Budget,38711641,2016
Wyoming,Environmental Agency Budget,38711641,2016_old
Wyoming,Environmental Agency Budget,45500840,2017
Wyoming,Environmental Agency Budget,30522274,2018
Wyoming,Environmental Agency Budget,39115169,2019
Wyoming,Environmental Agency Budget,36810204,2020
Wyoming,Environmental Agency Budget,28383962,2021
Wyoming,Environmental Agency Budget,35383962,2022
Wyoming,Environmental Agency Budget,34436553,2023
Wyoming,Environmental Agency Budget (SRF Added),46544600,2011_old
Wyoming,Environmental Agency Budget (SRF Added),45787600,2012
Wyoming,Environmental Agency Budget (SRF Added),30041444,2013
Wyoming,Environmental Agency Budget Excludes SRF,Yes,2013_old
Wyoming,Environmental Agency Budget Excludes SRF,Yes,2014
Wyoming,Environmental Agency Budget Excludes SRF,Yes,2015
Wyoming,Percent from Federal Government,28,2009
Wyoming,Percent from Federal Government,27,2010
Wyoming,Percent from Federal Government,27,2011
Wyoming,Percent from Federal Government,27.00,2011_old
Wyoming,Percent from Federal Government,27.00,2012
Wyoming,Percent from Federal Government,26.00,2013
Wyoming,Percent from Federal Government,16.02,2016
Wyoming,Percent from Federal Government,16.02,2016_old
Wyoming,Percent from Federal Government,12.47,2017
Wyoming,Percent from Federal Government,18.67,2018
Wyoming,Percent from Federal Government,14.48,2019
Wyoming,Percent from Federal Government,19.17,2020
Wyoming,Percent from Federal Government,25.78,2021
Wyoming,Percent from Federal Government,20.68,2022
Wyoming,Percent from Federal Government,21.11,2023
Wyoming,Percent from Fees / Other,24,2009
Wyoming,Percent from Fees / Other,26,2010
Wyoming,Percent from Fees / Other,26,2011
Wyoming,Percent from Fees / Other,26.00,2011_old
Wyoming,Percent from Fees / Other,26.00,2012
Wyoming,Percent from Fees / Other,23.00,2013
Wyoming,Percent from Fees / Other,49.36,2020
Wyoming,Percent from Fees / Other,30.62,2021
Wyoming,Percent from Fees / Other,44.34,2022
Wyoming,Percent from Fees / Other,47.91,2023
Wyoming,Percent from General Fund,48,2009
Wyoming,Percent from General Fund,47,2010
Wyoming,Percent from General Fund,47,2011
Wyoming,Percent from General Fund,47.00,2011_old
Wyoming,Percent from General Fund,47.00,2012
Wyoming,Percent from General Fund,51.00,2013
Wyoming,Percent from General Fund,44.32,2016
Wyoming,Percent from General Fund,44.32,2016_old
Wyoming,Percent from General Fund,35.76,2017
Wyoming,Percent from General Fund,53.29,2018
Wyoming,Percent from General Fund,42.59,2019
Wyoming,Percent from General Fund,31.47,2020
Wyoming,Percent from General Fund,43.6,2021
Wyoming,Percent from General Fund,34.98,2022
Wyoming,Percent from General Fund,30.98,2023
Wyoming,Status of Budget,Appropriated,2009
Wyoming,Status of Budget,Appropriated,2010
Wyoming,Status of Budget,Appropriated,2011
Wyoming,Status of Budget,Actual,2011_old
Wyoming,Status of Budget,Actual,2012
Wyoming,Status of Budget,Current,2013
Wyoming,Status of Budget,Actual,2013_old
Wyoming,Status of Budget,Actual,2014
Wyoming,Status of Budget,Actual,2015
Wyoming,Status of Budget,Actual,2016
Wyoming,Status of Budget,Actual,2016_old
Wyoming,Status of Budget,Actual,2017
Wyoming,Status of Budget,Actual,2018
Wyoming,Status of Budget,Actual,2019
Wyoming,Status of Budget,Actual,2020
Wyoming,Status of Budget,Actual,2021
Wyoming,Status of Budget,Actual,2022
Wyoming,Status of Budget,Actual,2023
