,bill_id,bill_number,bill_prefix,general_court,title,sponsor_name,status,passed
0,H4999,4999.0,H,192,An Act relative to the maximum age requirement for original appointment as a police officer in the town of Dedham,Joint Committee on Public Service,"Signed by the Governor, Chapter 276 of the Acts of 2022",True
1,H4773,4773.0,H,192,An Act amending the charter of the town of Swampscott,Lori A. Ehrlich,No further action taken,False
2,S1405,1405.0,S,192,An Act relative to HIV routine screening and care,Julian Cyr,No further action taken,False
3,S607,607.0,S,192,An Act relative to stronger emissions limits,Marc R. Pacheco,No further action taken,False
4,H1069,1069.0,H,192,An Act empowering health care consumers,"William J. Driscoll, Jr.","Accompanied a study order, see H5222",False
5,H1202,1202.0,H,192,An Act to ensure access to generic medication,Alan Silvia,"Accompanied a study order, see H5222",False
6,S108,108.0,S,192,An Act relative to an agricultural healthy incentives program,Anne M. Gobi,No further action taken,False
7,H5033,5033.0,H,192,An Act authorizing the commissioner of Capital Asset Management and Maintenance to convey a certain parcel of land in the town of Tewksbury,Joint Committee on State Administration and Regulatory Oversight,No further action taken,False
8,H4800,4800.0,H,192,An Act relative to equity in the cannabis industry,,"H4791, published as amended",False
9,H2007,2007.0,H,192,An Act relative to the creative economy,Mary S. Keefe,"Accompanied a study order, see H5023",False
10,H4058,4058.0,H,192,An Act facilitating the appropriation and expenditure of community preservation funds for community housing purposes in the town of Chatham,Sarah K. Peake,No further action taken,False
11,H5100,5100.0,H,192,An Act authorizing the city of Watertown to acquire property in the city of Waltham,"John J. Lawn, Jr.","Signed by the Governor, Chapter 220 of the Acts of 2022",True
12,H2135,2135.0,H,192,An Act to improve the local infrastructure development program,Christine P. Barber,No further action taken,False
13,S1267,1267.0,S,192,An Act to transfer Bridgewater State Hospital from the Department of Corrections to the Department of Mental Health,Cynthia Stone Creem,No further action taken,False
14,H2217,2217.0,H,192,An Act relative to online death attestations,James Arciero,"Accompanied a study order, see H5035",False
15,H1950,1950.0,H,192,An Act relative to wage transparency,Josh S. Cutler,"Accompanied a new draft, see S2721",False
16,H2812,2812.0,H,192,An Act relative to student loan debt relief tax credit,James Arciero,"Accompanied a study order, see H4894",False
17,S1837,1837.0,S,192,An Act to promote employee ownership,Julian Cyr,No further action taken,False
18,S2673,2673.0,S,192,An Act to protect innovation and entrepreneurship in the Commonwealth,Joint Committee on Consumer Protection and Professional Licensure,No further action taken,False
19,H4451,4451.0,H,192,An Act exempting the Deputy Police Chief of the town of Wrentham from the civil service law,Shawn Dooley,No further action taken,False
20,S2227,2227.0,S,192,An Act to expand offshore wind development in the Commonwealth,Marc R. Pacheco,"Accompanied a new draft, see H4348",False
21,H3314,3314.0,H,192,An Act relative to enhancing reliability of renewable resources in the Commonwealth,"Thomas A. Golden, Jr.","Accompanied a study order, see H5042",False
22,H1434,1434.0,H,192,An Act to prevent COVID-19 evictions and foreclosures and promote an equitable housing recovery,Frank A. Moran,"Accompanied a study order, see H5268",False
23,S673,673.0,S,192,An Act ensuring access to full spectrum pregnancy care.,Cindy F. Friedman,"Accompanied a study order, see S2693",False
24,H1075,1075.0,H,192,An Act regarding the assignment of insurance proceeds,Peter J. Durant,"Accompanied a study order, see H5167",False
25,H946,946.0,H,192,An Act relative to lithium-ion batteries,"Bradley H. Jones, Jr.",No further action taken,False
26,S691,691.0,S,192,An Act relative to emergency insulin access ,Eric P. Lesser,"Accompanied a study order, see S2917",False
27,H5077,5077.0,H,192,An Act authorizing the town of Hancock to allow firefighters and police to continue serving past age 65,Joint Committee on Public Service,No further action taken,False
28,H1918,1918.0,H,192,An Act relative to health care proxies,Thomas P. Walsh,"Accompanied a study order, see H4844",False
29,S1152,1152.0,S,192,An Act establishing penalties for the filing of false reports against police officers,John C. Velis,"Accompanied a study order, see S2665",False
30,H2216,2216.0,H,192,An Act relative to certification of resident care assistants,James Arciero,"Accompanied a study order, see H5035",False
31,S1429,1429.0,S,192,An Act preserving access to essential health services in a state of emergency,James B. Eldridge,"Accompanied a study order, see S2772",False
32,H3880,3880.0,H,192,An Act relative to step therapy and in vitro fertilization,"William J. Driscoll, Jr.","Accompanied a study order, see H5222",False
33,H2241,2241.0,H,192,An Act relative to health care transparency ,Gerard J. Cassidy,"Accompanied a new draft, see H4812",False
34,S664,664.0,S,192,An Act ensuring access to medications,James B. Eldridge,"Accompanied a study order, see S2917",False
35,H2255,2255.0,H,192,"An Act for environmental, and water testing requirements, and funding thereof",Michael S. Day,"Accompanied a study order, see H5035",False
36,S1379,1379.0,S,192,An Act to promote healthy communities and the environment,Sonia Chang-Diaz,"Accompanied a study order, see S2692",False
37,S1357,1357.0,S,192,An Act authorizing the town of Westport to convey a non-exclusive access easement in a portion of town property at 493 Old County Road to benefit 497 Old County Road,Michael J. Rodrigues,"Signed by the Governor, Chapter 58 of the Acts of 2022",True
38,H2215,2215.0,H,192,An Act relative to certainty of continuing education for chiropractors,James Arciero,"Accompanied a study order, see H5035",False
39,H5159,5159.0,H,192,An Act authorizing the commissioner of Capital Asset Management and Maintenance to convey a certain parcel in the Roxbury section of the city of Boston,House Committee on Ways and Means,"Signed by the Governor, Chapter 148 of the Acts of 2022",True
40,H4799,4799.0,H,192,Extension Order - Public Service,Kenneth I. Gordon,"Adopted, in concurrence",False
41,H4442,4442.0,H,192,An Act further regulating the enforcement of illegal hunting practices,House Committee on Ways and Means,"Signed by the Governor, Chapter 145 of the Acts of 2022",True
42,S2475,2475.0,S,192,An Act relative to extending certain COVID-19 measures adopted during the state of emergency.,Covid-19 measures extension,"Signed by the Governor, Chapter 20 of the Acts of 2021",True
43,S376,376.0,S,192,An Act relative to the screening of prospective school employees for prior investigations into child abuse or sexual misconduct,Patrick M. O'Connor,Accompanied S369,False
44,S1244,1244.0,S,192,An Act to promote pay transparency,Marc R. Pacheco,Hearing scheduled for 07/27/2021 from 10:30 AM-03:30 PM in Virtual Hearing,False
45,H1985,1985.0,H,192,An Act protecting an employee's right to rebuttal of personnel records,Kenneth I. Gordon,Accompanied S1182,False
46,S345,345.0,S,192,An Act to create a facilities loan program for private special education schools,John F. Keenan,"Accompanied a new draft, see S2727",False
47,H135,135.0,H,192,An Act to regulate face surveillance,David M. Rogers,"Accompanied a new draft, see H5091",False
48,S75,75.0,S,192,"An Act relative to establishing a minimum age of entry for cannabis-related events, conferences, forums and exhibitions",Jason M. Lewis,"Accompanied a study order, see S2661",False
49,H144,144.0,H,192,"Resolve establishing a special commission to review advancements in educational technology, digital/online learning and related programs ",Thomas P. Walsh,"Accompanied a study order, see H5040",False
50,S1890,1890.0,S,192,An Act relative to commuter transit benefits,John F. Keenan,Hearing scheduled for 12/22/2021 from 10:00 AM-05:00 PM in Virtual Hearing,False
51,H1748,1748.0,H,192,An Act relative to judicial discretion for probation,Kate Lipper-Garabedian,"Accompanied a study order, see H4844",False
52,S930,930.0,S,192,An Act relative to archaic laws,William N. Brownsberger,"New draft substituted, see S2956",False
53,S1362,1362.0,S,192,An Act providing a tax exemption for certain qualifying real estate in the town of Hamilton,Bruce E. Tarr,"Signed by the Governor, Chapter 112 of the Acts of 2021",True
54,H2223,2223.0,H,192,An Act relative to HLTV 111 tests,Bruce J. Ayers,"Accompanied a study order, see H5461",False
55,S1156,1156.0,S,192,An Act relative to bereavement leave,Michael J. Barrett,Hearing scheduled for 07/13/2021 from 10:30 AM-04:30 PM in Virtual Hearing,False
56,H1881,1881.0,H,192,An Act relative to possession of a dangerous weapon,Alyson M. Sullivan,"Accompanied a study order, see H4844",False
57,H1891,1891.0,H,192,An Act relative to authorizing electronic signatures for electronic applications for criminal complaint,Paul F. Tucker,"Accompanied a study order, see H4844",False
58,H1088,1088.0,H,192,An Act exempting visiting trainees from certain employment requirements,William C. Galvin,Hearing scheduled for 10/26/2021 from 11:00 AM-03:00 PM in Virtual Hearing,False
59,S1161,1161.0,S,192,An Act relative to employees of private railroads,Michael D. Brady,"Accompanied a study order, see S2682",False
60,S1177,1177.0,S,192,An Act relative to enhanced enforcement of civil penalties,Sal N. DiDomenico,"Accompanied a new draft, see H4681",False
61,H4282,4282.0,H,192,An Act authorizing the city of Cambridge to impose a real estate transfer fee,Marjorie C. Decker,No further action taken,False
62,H1892,1892.0,H,192,An Act authorizing electronic signatures on search warrant applications,Paul F. Tucker,"Accompanied a study order, see H4844",False
63,H1886,1886.0,H,192,An Act concerning nondisclosure agreements,Alyson M. Sullivan,"Accompanied a study order, see H4844",False
64,H1709,1709.0,H,192,An Act to end child marriage in Massachusetts ,Kay Khan,"Accompanied a study order, see H5173",False
65,H4970,4970.0,H,192,Extension Order - Health Care Financing,"John J. Lawn, Jr.","Adopted, in concurrence, by a standing vote (8 to 1)",False
66,S99,99.0,S,192,An Act relative to foster kids,Diana DiZoglio,"Accompanied a study order, see S2624",False
67,H1350,1350.0,H,192,An Act establishing a community college campus hunger pilot program,Joan Meschino,"Accompanied a new draft, see H4697",False
68,S880,880.0,S,192,An Act facilitating site plan review,Diana DiZoglio,"Accompanied a study order, see S2760",False
69,S864,864.0,S,192,An Act creating a multi-family housing incentive pilot program,Harriette L. Chandler,"Accompanied a study order, see H5276",False
70,H4977,4977.0,H,192,"An Act investing in future opportunities for resiliency, workforce, and revitalized downtowns","Joint Committee on Bonding, Capital Expenditures and State Assets",Rejected,False
71,H4360,4360.0,H,192,An Act authorizing Nantucket land transfers,Denise C. Garlick,"Signed by the Governor, Chapter 93 of the Acts of 2022",True
72,H4429,4429.0,H,192,Extension Order - Revenue,Mark J. Cusack,"Adopted, in concurrence",False
73,S2713,2713.0,S,192,Order relative to authorizing the joint committee on Election Laws to make an investigation and study of a certain current Senate document authorizing citizens in the town of Brookline who have reached the age of sixteen years or older to register and vote in municipal election with the town,Joint Committee on Election Laws,No further action taken,False
74,H1308,1308.0,H,192,An Act to improve oral health for all Massachusetts residents,Smitty Pignatelli,"Accompanied a study order, see H5222",False
75,S877,877.0,S,192,An Act requiring the disclosure of services covered by condominium fees and property taxes,Diana DiZoglio,"Accompanied a study order, see H5276",False
76,H1302,1302.0,H,192,An Act relative to applied behavioral health clinic rates,James J. O'Day,No further action taken,False
77,S1354,1354.0,S,192,An Act authorizing the town of Middleborough to change the name of its Board of Selectmen to Select Board,Marc R. Pacheco,"New draft (Pacheco) substituted, see S2778",False
78,H4459,4459.0,H,192,An Act relative to work and family mobility during and subsequent to the COVID-19 emergency,Joint Committee on Transportation,"New draft substituted, see H4461",False
79,H4601,4601.0,H,192,An Act relative to the pesticide board,"Joint Committee on Environment, Natural Resources and Agriculture",No further action taken,False
80,H2,2.0,H,192,"An Act making appropriations for the fiscal year 2023 for the maintenance of the departments, boards, commissions, institutions, and certain activities of the commonwealth, for interest, sinking fund, and serial bond requirements, and for certain permanent improvements",Charles D. Baker,No further action taken,False
81,H1253,1253.0,H,192,An Act relative to the closing of hospital essential services,Edward F. Coppinger,"Accompanied a new draft, see H4248",False
82,S2800,2800.0,S,192,Order relative to authorizing the joint committee on Health Care Financing to make an investigation and study of certain current Senate documents relative to health care financing,Joint Committee on Health Care Financing,No further action taken,False
83,S1335,1335.0,S,192,An Act relative to proceeds from the sale of bonds,Cindy F. Friedman,No further action taken,False
84,H4566,4566.0,H,192,An Act expanding access to adoption,Jack Patrick Lewis,"Text of an amendment, see S2616",False
85,S1457,1457.0,S,192,An Act to improve access to family physicians,Eric P. Lesser,Accompanied H2318,False
86,S1415,1415.0,S,192,An Act relative to students of chiropractic,Diana DiZoglio,"Accompanied a study order, see S2692",False
87,H1415,1415.0,H,192,An Act relative to housing authority executive director contracts,Kevin G. Honan,No further action taken,False
88,H188,188.0,H,192,An Act fast-tracking adoptions for children in DCF custody,"Donald R. Berthiaume, Jr.","Accompanied a study order, see H4893",False
89,S756,756.0,S,192,An Act relative to step therapy and patient safety,Julian Cyr,Accompanied H1311,False
90,S1465,1465.0,S,192,An Act to reduce healthcare costs by promoting non-biased prescriber education,Jason M. Lewis,"Accompanied a new draft, see H4465",False
91,S2835,2835.0,S,192,The Judiciary - Extension Order,James B. Eldridge,"Adopted, in concurrence",False
92,H4709,4709.0,H,192,An Act establishing the behavioral health trust fund and the behavioral health advisory commission,Charles D. Baker,See H4288,False
93,H4496,4496.0,H,192,"An Act authorizing the state retirement board to retire Jamie J. Magarian, a uniformed member of the Department of State Police at the regular rate of compensation",Joint Committee on Public Service,No further action taken,False
94,H2253,2253.0,H,192,An Act to create a timely stroke system of care to save lives,Mark J. Cusack,"Accompanied a study order, see H5441",False
95,H197,197.0,H,192,An Act to support the transition to adult services for persons with disabilities,Mark J. Cusack,"Accompanied a study order, see H4909",False
96,H2777,2777.0,H,192,"An Act establishing a sick leave bank for Charles E. McCabe, an employee of the Massachusetts Department of Developmental Services",Todd M. Smola,No further action taken,False
97,S76,76.0,S,192,An Act to enhance enforcement against unlicensed marijuana operators,Michael O. Moore,"Accompanied a study order, see S2661",False
98,H542,542.0,H,192,An Act relative to accommodations for special needs students taking the MCAS examination,Bruce J. Ayers,"Accompanied a study order, see H5074",False
99,H3052,3052.0,H,192,An Act providing permanency to the Massachusetts Educational Financing Authority's college savings tax deduction program,Jeffrey N. Roy,"Accompanied a study order, see H4894",False
100,S2709,2709.0,S,192,Order relative to authorizing the joint committee on Community Development and Small Businesses to make an investigation and study of certain current Senate documents relative to community development and small business matters,Joint Committee on Community Development and Small Businesses,No further action taken,False
101,S1994,1994.0,S,192,An Act relative to the curatorship program,Bruce E. Tarr,No further action taken,False
102,H2218,2218.0,H,192,An Act relative to the operation of crematories by funeral establishments,James Arciero,"Accompanied a study order, see H5035",False
103,H645,645.0,H,192,An Act relative to the use of computer-adaptive assessments in K-12 education,James M. Kelcourse,"Accompanied a study order, see H5093",False
104,H4882,4882.0,H,192,Governor's Amendment,Charles D. Baker,See H4296,False
105,H1731,1731.0,H,192,An Act relative to sentencing guidelines,David Paul Linsky,"Accompanied a study order, see H4844",False
106,H4138,4138.0,H,192,An Act requiring accountability for inequities in suspension and expulsion – The RAISE Act,Steven Ultrino,"Accompanied a new draft, see H4646",False
107,S629,629.0,S,192,An Act improving lives by ensuring access to brain injury treatment,Harriette L. Chandler,No further action taken,False
108,S1144,1144.0,S,192,An Act to recover assets used in the commission of sexual offenses,Bruce E. Tarr,"Accompanied a study order, see S2665",False
109,H3084,3084.0,H,192,An Act relative to the corporate tax information initiative,Erika Uyterhoeven,"Accompanied a study order, see H5246",False
110,S1990,1990.0,S,192,An Act relative property tax liability reduction for volunteer services,Bruce E. Tarr,"Accompanied a study order, see S2743",False
111,S740,740.0,S,192,An Act relative to removing barriers to care for physician assistants,Harriette L. Chandler,"Accompanied a study order, see S2917",False
112,S856,856.0,S,192,An Act establishing the Finish Line Scholarship Program,Bruce E. Tarr,"Accompanied a study order, see S2714",False
113,S1510,1510.0,S,192,An Act relative to the definition of podiatry,Marc R. Pacheco,Accompanied H2270,False
114,H2224,2224.0,H,192,An Act protecting the health and safety of people in restaurants,Ruth B. Balser,"Accompanied a new draft, see H4273",False
115,H1237,1237.0,H,192,An Act relative to non-medical switching,Michael S. Day,"Accompanied a study order, see H5222",False
116,H2288,2288.0,H,192,An Act requiring identification of food allergens in eating establishments,Paul K. Frost,"Accompanied a study order, see H5035",False
117,S1402,1402.0,S,192,An Act relative to safer treatment for pain ,Julian Cyr,"Accompanied a study order, see S2917",False
118,H1312,1312.0,H,192,An Act to promote public health through the Prevention and Wellness Trust Fund,Jon Santiago,"Accompanied a study order, see H5222",False
119,S1345,1345.0,S,192,"An Act to study establishment of, and definition of, a Middlesex Regional Commission",Jason M. Lewis,"Accompanied a study order, see S2630",False
120,S1364,1364.0,S,192,An Act authorizing certain investments by the Treasurer of the town of Milton,Walter F. Timilty,"Signed by the Governor, Chapter 60 of the Acts of 2021",True
121,H1578,1578.0,H,192,An Act relative to patient care access,William C. Galvin,"Accompanied a study order, see H4844",False
122,S1029,1029.0,S,192,An Act reforming alimony in the Commonwealth,Paul R. Feeney,"Accompanied a study order, see S2665",False
123,H2141,2141.0,H,192,An Act to prevent nonprofit institutions from avoiding wetlands or natural resource protections under the so-called Dover Amendment,Peter Capano,"Accompanied a study order, see H4933",False
124,S4,4.0,S,192,"An Act making appropriations for the fiscal year 2023 for the maintenance of the departments, boards, commissions, institutions, and certain activities of the Commonwealth, for interest, sinking fund, and serial bond requirements, and for certain permanent improvements",Senate Committee on Ways and Means,See H4701,False
125,H3900,3900.0,H,192,An Act authorizing the city of Northampton to amend a certain conservation easement,Lindsay N. Sabadosa,"Signed by the Governor, Chapter 24 of the Acts of 2022",True
126,H4789,4789.0,H,192,An Act authorizing the creation of a linkage fee for development in the city of Chelsea,Daniel J. Ryan,"Signed by the Governor, Chapter 232 of the Acts of 2022",True
127,S2881,2881.0,S,192,Order relative to authorizing the joint committee on Labor and Workforce Development to make an investigation and study of a certain current Senate document establishing fairness for agricultural workers,Joint Committee on Labor and Workforce Development,No further action taken,False
128,H4653,4653.0,H,192,"An Act establishing a sick leave bank for Josalyn Gibson, an employee of the Department of Developmental Services",Sarah K. Peake,No further action taken,False
129,H4199,4199.0,H,192,An Act to amend the charter of the town of Middleborough,Norman J. Orrall,"Accompanied a new draft, see H4370",False
130,S328,328.0,S,192,An Act relative to an expert panel on gifted children and their education,Diana DiZoglio,"Accompanied a study order, see S2756",False
131,S1799,1799.0,S,192,An Act exempting zero-emission commercial vehicles from the sales tax,Michael J. Barrett,Accompanied H3044,False
132,H2894,2894.0,H,192,An Act relative to taxation of digital advertising services,Dylan A. Fernandes,"Accompanied a study order, see H5279",False
133,H1162,1162.0,H,192,An Act relative to transportation network company rider assessments,Michael J. Moran,"Accompanied a study order, see H5235",False
134,H3994,3994.0,H,192,An Act authorizing the commissioner of Capital Asset Management and Maintenance to convey a certain parcel of land to the Fitchburg Redevelopment Authority,Joint Committee on State Administration and Regulatory Oversight,"Committee recommended ought to pass with an amendment, substituting therefor a new draft, see H4902",False
135,H1307,1307.0,H,192,An Act establishing a study to examine the feasibility of state manufactured generic prescription drugs,Smitty Pignatelli,Accompanied S771,False
136,S1789,1789.0,S,192,An Act relative to creditable service for school business administrators,Walter F. Timilty,"Accompanied a study order, see S2679",False
137,H4090,4090.0,H,192,An Act improving drinking water quality,Jay D. Livingstone,No further action taken,False
138,H2876,2876.0,H,192,An Act establishing a child care tax credit,Daniel M. Donahue,Accompanied S1878,False
139,H4600,4600.0,H,192,An Act relative to pesticides,"Joint Committee on Environment, Natural Resources and Agriculture","New draft substituted, see H4931",False
140,H4790,4790.0,H,192,An Act financing the general governmental infrastructure of the Commonwealth,House Committee on Ways and Means,"Published as amended, see H4807",False
141,S718,718.0,S,192,An Act to eliminate penalty charges when cancelling auto insurance policies,Patrick M. O'Connor,No further action taken,False
142,H1007,1007.0,H,192,An Act relative to the use of Department of Conservation and Recreation property for farmers markets and community gardens,"Paul A. Schmid, III","Accompanied a new draft, see S2880",False
143,H4503,4503.0,H,192,"An Act to require the reporting of satisfaction of judgments awarding money damages
",Joint Committee on the Judiciary,No further action taken,False
144,S2829,2829.0,S,192,DESE Proposed Amendment to 603 CMR 2.03,Department of Elementary and Secondary Education,"Accepted, in concurrence",False
145,S2967,2967.0,S,192,Order relative to authorizing the joint committee on Public Safety and Homeland Security to make an investigation and study of a certain current Senate document relative to media access and transparency in correctional facilities,Joint Committee on Public Safety and Homeland Security,No further action taken,False
146,H1219,1219.0,H,192,An Act to require financial institutions to pay late fees when it fails to conduct an electronic transfer,Tackey Chan,Hearing scheduled for 10/26/2021 from 11:00 AM-03:00 PM in Virtual Hearing,False
147,S3012,3012.0,S,192,An Act relative to the submission of articles to Wareham town meetings,Marc R. Pacheco,"Signed by the Governor, Chapter 378 of the Acts of 2022",True
148,H2152,2152.0,H,192,An Act providing for the establishment of sustainable water resource funds,Carolyn C. Dykema,No further action taken,False
149,S704,704.0,S,192,An Act relative to increasing consumer access to licensed rehabilitation counselors,Mark C. Montigny,"Accompanied a study order, see S2917",False
150,H1212,1212.0,H,192,An Act relative to direct primary care,Thomas P. Walsh,Hearing scheduled for 12/09/2021 from 11:00 AM-04:00 PM in Virtual Hearing,False
151,H2330,2330.0,H,192,An Act to permit the scattering of unclaimed cremated remains at sea,Patrick Joseph Kearney,"Accompanied a study order, see H5035",False
152,S747,747.0,S,192,An Act regarding shared responsibility for health care oversight agencies,Nick Collins,"Accompanied a study order, see S2800",False
153,S665,665.0,S,192,An Act to establish a Massachusetts public bank,James B. Eldridge,"Accompanied a study order, see S2890",False
154,S799,799.0,S,192,An Act relative to expanding equitable access to maternal postpartum care,Joan B. Lovely,"Accompanied a new draft, see S2583",False
155,H1211,1211.0,H,192,An Act relative to parental choice for medically fragile students,Tommy Vitolo,Hearing scheduled for 12/09/2021 from 11:00 AM-04:00 PM in Virtual Hearing,False
156,S1386,1386.0,S,192,An Act relative to accelerating improvements to the local and regional public health system to address disparities in the delivery of public health services,Joanne M. Comerford,"Accompanied a new draft, see H4328",False
157,H2381,2381.0,H,192,An Act relative to end of life options,James J. O'Day,Accompanied S1384,False
158,H959,959.0,H,192,An Act relative to modern sewage infrastructure,James M. Kelcourse,"Accompanied a study order, see H5041",False
159,S1538,1538.0,S,192,An Act protecting inmate safety and the expenditure of state funds,Michael J. Barrett,"Accompanied a study order, see S2763",False
160,S736,736.0,S,192,An Act relative to promoting comprehensive transparency in the pharmaceutical industry,Joseph A. Boncore,Accompanied S771,False
161,H2196,2196.0,H,192,An Act authorizing the town of Orleans to rescind chapter 381 of the acts of 2008 and to adopt a sewer assessment bylaw,Sarah K. Peake,"Signed by the Governor, Chapter 389 of the Acts of 2022",True
162,H2156,2156.0,H,192,An Act providing for alternate members of the Conservation Commission of the town of Freetown,Carole A. Fiola,"Signed by the Governor, Chapter 38 of the Acts of 2021",True
163,H1250,1250.0,H,192,An Act improving access to dental care in the Commonwealth,Natalie M. Blais,"Accompanied a study order, see H5201",False
164,S1249,1249.0,S,192,An Act relative to snow removal service liability limitation,Bruce E. Tarr,No further action taken,False
165,H1179,1179.0,H,192,An Act relative to the practice of acupuncture,Smitty Pignatelli,No further action taken,False
166,S790,790.0,S,192,An Act to define modest meals and refreshments in prescriber education settings,Jason M. Lewis,Accompanied S771,False
167,S2899,2899.0,S,192,"Food Justice With Jobs 
",James B. Eldridge,See S4,False
168,H4733,4733.0,H,192,"Extension Order - Telecommunications, Utilities and Energy",Jeffrey N. Roy,"Adopted, in concurrence",False
169,H1030,1030.0,H,192,An Act relative to certain hunting zones,Jonathan D. Zlotnik,"Accompanied a study order, see H5041",False
170,S969,969.0,S,192,An Act to require the reporting of satisfaction of judgments awarding money damages,Cynthia Stone Creem,"Accompanied a new draft, see H4503",False
171,H5143,5143.0,H,192,Study Order,Joint Committee on Education,No further action taken,False
172,S3,,,192,,,,False
173,H4501,4501.0,H,192,An Act amending the charter of the city of Holyoke,House Committee on Bills in the Third Reading,"Signed by the Governor, Chapter 48 of the Acts of 2022",True
174,H2931,2931.0,H,192,An Act to support educational opportunity for all,Natalie M. Higgins,"Accompanied a study order, see H5243",False
175,H2896,2896.0,H,192,An Act establishing a tax credit for artist work space,Ann-Margaret Ferrante,"Accompanied a study order, see H5250",False
176,H3967,3967.0,H,192,An Act authorizing certain members of the Webster Fire Department to buy-back eligible retirement service time,Joseph D. McKenna,"Signed by the Governor, Chapter 207 of the Acts of 2022",True
177,H3683,3683.0,H,192,An Act increasing access to medical care for veterans,Jerald A. Parisella,No further action taken,False
178,H4502,4502.0,H,192,An Act requiring the relocation of the Cambridge District Court,Joint Committee on the Judiciary,No further action taken,False
179,H3206,3206.0,H,192,An Act designating Domestic Workers’ Rights Day,Michael J. Moran,No further action taken,False
180,H4500,4500.0,H,192,"An Act relative to the efficient management and operation of the registries of probate
",Joint Committee on the Judiciary,No further action taken,False
181,S1385,1385.0,S,192,"An Act to reduce incidence and death from pancreatic cancer
",Joanne M. Comerford,Accompanied H2304,False
182,H2134,2134.0,H,192,An Act protecting neighboring communities from deleterious construction,Bruce J. Ayers,"Accompanied a study order, see H4933",False
183,H4002,4002.0,H,192,"An Act making appropriations for the fiscal year 2022 for the maintenance of the departments, boards, commissions, institutions and certain activities of the Commonwealth, for interest, sinking fund and serial bond requirements and for certain permanent improvements","General Appropriations Bill, FY2022",Section 121 passed over veto -see Roll Call #70 (Yeas 39 to Nays 1) ,False
184,H3675,3675.0,H,192,An Act relative to waiving education requirements for skilled veterans to be LPNs,Kate Lipper-Garabedian,No further action taken,False
185,H3298,3298.0,H,192,An Act relative to the future of heat in the Commonwealth,Lori A. Ehrlich,No further action taken,False
186,S666,666.0,S,192,An Act limiting out of pocket health expenses,Paul R. Feeney,"Accompanied a study order, see S2693",False
187,S25,25.0,S,192,Proposal for a legislative amendment to the Constitution amending articles of the Constitution to expand equal rights,Patrick M. O'Connor,"Placed on file, in concurrence
",False
188,H3372,3372.0,H,192,"An Act investing in a prosperous, clean Commonwealth by 2030",Erika Uyterhoeven,"Accompanied a study order, see H5042",False
189,H1916,1916.0,H,192,An Act relative to petit treason,Tommy Vitolo,Hearing scheduled for 07/27/2021 from 10:00 AM-02:00 PM in Virtual Hearing,False
190,H2791,2791.0,H,192,An Act concerning investments of the Massachusetts Pension Reserve Investment Management (PRIM),Erika Uyterhoeven,"Accompanied a study order, see H4960",False
191,H1090,1090.0,H,192,An Act to improve child and adolescent mental health services,Sean Garballey,"Accompanied a study order, see H5222",False
192,S2211,2211.0,S,192,An Act relative to community liaisons,Patrick M. O'Connor,"Accompanied a study order, see S2715",False
193,H8961,,,192,,,,False
194,S2108,2108.0,S,192,An Act regarding information governance,Rebecca L. Rausch,No further action taken,False
195,H1848,1848.0,H,192,An Act establishing presumptive parole,David M. Rogers,"Accompanied a study order, see H4844",False
196,H1158,1158.0,H,192,An Act relative to auto insurance costs for traditionally low-and moderate income communities,Frank A. Moran,"Accompanied a study order, see H5003",False
197,S1157,1157.0,S,192,An Act relative to apprenticeship programs,Joseph A. Boncore,"Accompanied a new draft, see H4604",False
198,H1099,1099.0,H,192,An Act relative to savings enabling prosperity,Carmine Lawrence Gentile,Hearing scheduled for 10/26/2021 from 11:00 AM-03:00 PM in Virtual Hearing,False
199,S2367,2367.0,S,192,An Act relative to ending failure-to-pay license suspensions,Patrick M. O'Connor,Accompanied S2307,False
200,S627,627.0,S,192,An Act relative to promoting healthcare access and affordability for patients,Joseph A. Boncore,No further action taken,False
201,H3397,3397.0,H,192,An Act allowing cities and towns the authority to issue temporary parking identification placards to the temporarily disabled,Bruce J. Ayers,"Accompanied a study order, see H4966",False
202,H255,255.0,H,192,"An Act relative to the consideration of a child’s racial, ethnic, cultural, religious, and linguistic identity",Joan Meschino,"Accompanied a study order, see H4909",False
203,S182,182.0,S,192,An Act establishing a board of registration of peer specialists,Brendan P. Crighton,"Accompanied a study order, see S2666",False
204,S67,67.0,S,192,An Act relative to host community agreements,Julian Cyr,"Accompanied a new draft, see S2660",False
205,H216,216.0,H,192,An Act establishing the employability task force,Paul K. Frost,"Accompanied a study order, see H4908",False
206,S775,775.0,S,192,An Act providing access to patient protection services for MassHealth consumers,John F. Keenan,"Accompanied a study order, see S2800",False
207,H1232,1232.0,H,192,An Act relative to transparency of hospital margins & ensuring hospital efficiency,Mark J. Cusack,Hearing scheduled for 12/09/2021 from 11:00 AM-04:00 PM in Virtual Hearing,False
208,S329,329.0,S,192,An Act to ensure that public schools appropriately educate advanced students and gifted and talented children,Diana DiZoglio,"Accompanied a study order, see S2756",False
209,H3852,3852.0,H,192,An Act financing improvements to municipal roads and bridges,Joint Committee on Transportation,"New draft substituted, see H3903
",False
210,H3196,3196.0,H,192,An Act authorizing the Commissioner of Capital Asset Management and Maintenance to grant easements in land for the benefit of the State House grounds and property appurtenant thereto,Jay D. Livingstone,"Accompanied a study order, see H5256",False
211,H1669,1669.0,H,192,An Act relative to establishing an animal abuse registry,Steven S. Howitt,"Accompanied a study order, see H4844",False
212,H3452,3452.0,H,192,An Act relative to confidential plates for certain members of the judiciary,Lori A. Ehrlich,"Accompanied a study order, see H4966",False
213,S1220,1220.0,S,192,An Act relative to community college tuition,Eric P. Lesser,"Accompanied a new draft, see S2812",False
214,S1158,1158.0,S,192,An Act relative to the hospitality comeback,Joseph A. Boncore,Hearing scheduled for 05/11/2021 from 10:30 AM-02:30 PM in Virtual Hearing,False
215,S2116,2116.0,S,192,An Act establishing the Executive Office of Food Resources and Security,Bruce E. Tarr,No further action taken,False
216,H1868,1868.0,H,192,An Act regarding decarceration and COVID-19,Lindsay N. Sabadosa,"Accompanied a study order, see H4844",False
217,S2086,2086.0,S,192,An Act relative to the definition of fraud in public construction bid laws,Michael O. Moore,No further action taken,False
218,S2087,2087.0,S,192,"An Act to promote safety, efficiency and accountability in transportation projects through public inspections",Michael O. Moore,No further action taken,False
219,H3138,3138.0,H,192,An Act relative to the fair participation of minority and women-owned businesses on public construction projects,"William J. Driscoll, Jr.",No further action taken,False
220,H3058,3058.0,H,192,An Act to promote water conservation,"Paul A. Schmid, III","Accompanied a study order, see H5250",False
221,S1230,1230.0,S,192,An Act expanding whistleblower protections,Michael O. Moore,No further action taken,False
222,H3032,3032.0,H,192,An Act relative to the veteran property tax exemption ,Jerald A. Parisella,"Accompanied a study order, see H5245",False
223,H3007,3007.0,H,192,An Act to encourage the purchase of trees,Paul McMurtry,"Accompanied a study order, see H5247",False
224,S173,173.0,S,192,An Act relative to refrigeration technicians,Nick Collins,Accompanied H313,False
225,H317,317.0,H,192,An Act modernizing Lottery payment options,Daniel Cahill,Accompanied H37,False
226,H280,280.0,H,192,An Act relative to Department of Transitional Assistance benefits for diapers,Steven G. Xiarhos,"Accompanied a study order, see H4908",False
227,H2113,2113.0,H,192,An Act to remove administrative barriers to behavioral health services ,Elizabeth A. Malia,"Accompanied a study order, see H5194",False
228,H851,851.0,H,192,An Act preserving open space in the Commonwealth,Ruth B. Balser,Reported by H5381,False
229,S526,526.0,S,192,An Act expanding the sale of products by farmer breweries and pub brewers,James B. Eldridge,Accompanied H940,False
230,S794,794.0,S,192,An Act regarding Medicare savings programs eligibility,Jason M. Lewis,No further action taken,False
231,H1194,1194.0,H,192,An Act promoting consumer choice in health care,Daniel J. Ryan,"Accompanied a study order, see H5222",False
232,S1440,1440.0,S,192,An Act granting equal access to original birth certificates to all persons born in Massachusetts,Anne M. Gobi,Accompanied H2294,False
233,H490,490.0,H,192,"An Act establishing the COVID-19 essential worker burial assistance fund
",Carlos González,"Accompanied a study order, see H4968",False
234,S262,262.0,S,192,An Act relative to safety and health at athletic recreation facilities,Paul R. Feeney,"Accompanied a study order, see S2891",False
235,H552,552.0,H,192,"An Act relative to the training, assessment, and assignment of qualified school interpreters in educational settings",Antonio F. D. Cabral,"Accompanied a new draft, see H3979",False
236,H2124,2124.0,H,192,An Act enabling physician assistants to authorize psychiatric holds,Edward R. Philips,"Accompanied a study order, see H5194",False
237,S279,279.0,S,192,An Act to encourage the development and operation of Public-Private Partnerships for Social Infrastructure,Bruce E. Tarr,"Accompanied a study order, see S2710",False
238,H2211,2211.0,H,192,An Act relative to parking permit fees,Tommy Vitolo,"Accompanied a study order, see H4933",False
239,H2577,2577.0,H,192,An Act relative to the retirement system,Tackey Chan,"Accompanied a study order, see H4960",False
240,S250,250.0,S,192,An Act to ensure the health and safety of the commonwealth’s students and educators,Paul R. Feeney,"Accompanied a study order, see H4938",False
241,S1150,1150.0,S,192,An Act to enhance driver impairment prevention ,John C. Velis,Accompanied H1517,False
242,H539,539.0,H,192,An Act relative to changing the minimum age requirement for kindergarten,Brian M. Ashe,"Accompanied a new draft, see H4795",False
243,H2285,2285.0,H,192,An Act relative to postpartum depression screening ,Carole A. Fiola,No further action taken,False
244,H3149,3149.0,H,192,"An Act establishing ""Here's to America"" as the official patriotic song of the Commonwealth",Sean Garballey,"Accompanied a study order, see H4969",False
245,H3296,3296.0,H,192,An Act improving gas safety in excavation,Carolyn C. Dykema,No further action taken,False
246,S1520,1520.0,S,192,An Act relative to acupuncture detoxification specialists,Michael J. Rodrigues,"New draft substituted, see S2957",False
247,H3184,3184.0,H,192,An Act relative to the study of the Pacheco law ,"Bradley H. Jones, Jr.","Accompanied a study order, see H4485",False
248,H3179,3179.0,H,192,An Act relative to accessible and free posting of state regulations,"Bradley H. Jones, Jr.","Accompanied a study order, see H4969",False
249,S2179,2179.0,S,192,An Act relative to eliminating gas leaks,Barry R. Finegold,"Accompanied a study order, see S2715",False
250,S603,603.0,S,192,An Act establishing a Massachusetts Flood Risk Protection Program,Marc R. Pacheco,"Accompanied a new draft, see H4744",False
251,S1370,1370.0,S,192,An Act to restrict the use of polystyrene,Michael J. Barrett,Accompanied H2263,False
252,H2137,2137.0,H,192,An Act granting the City of Medford the authority to require the adoption of institutional master plans subject to the review and approval by the municipality,Christine P. Barber,"Accompanied a study order, see H4933",False
253,H3612,3612.0,H,192,An Act establishing a commission to examine a reorganization of the Registry of Motor Vehicles,William M. Straus,No further action taken,False
254,S1373,1373.0,S,192,An Act to protect communities of color,William N. Brownsberger,"Accompanied a study order, see S2692",False
255,H1136,1136.0,H,192,An Act to further define medical necessity determinations,Kay Khan,"Accompanied a study order, see H5222",False
256,H3002,3002.0,H,192,An Act establishing an electric agricultural and landscape equipment tax credit,Christopher M. Markey,No further action taken,False
257,H3035,3035.0,H,192,An Act to continue tax basis rules for property acquired from decedents,Alice Hanlon Peisch,"Accompanied a study order, see H5352",False
258,S495,495.0,S,192,An Act relative to food justice with jobs,Joseph A. Boncore,"Accompanied a new draft, see S2880",False
259,H4795,4795.0,H,192,"An Act to expand access to high-quality, affordable early education and care",Joint Committee on Education,No further action taken,False
260,S301,301.0,S,192,An Act to promote social-emotional learning,Cynthia Stone Creem,No further action taken,False
261,H2419,2419.0,H,192,"An Act removing barriers to work that discriminate against persons with disabilities, mobility impairments, and seniors",Christine P. Barber,"Accompanied a new draft, see H4758",False
262,H2405,2405.0,H,192,An Act providing for informed consent for opioid treatment for pain,Alan Silvia,"Accompanied a study order, see H5035",False
263,H516,516.0,H,192,"An Act to regulate online gaming, daily fantasy, and online sports betting",Bradford Hill,"Accompanied a new draft, see H3974
",False
264,H1014,1014.0,H,192,An Act relative to the conservation of Atlantic striped bass,Thomas M. Stanley,No further action taken,False
265,S1451,1451.0,S,192,An Act relative to the prescription monitoring program,John F. Keenan,"Accompanied a study order, see S3052",False
266,H1470,1470.0,H,192,An Act protecting LGBTQ victims,Natalie M. Blais,"Accompanied a study order, see H4844",False
267,H2193,2193.0,H,192,An Act to allow the town of Andover to transfer conservation land,Tram T. Nguyen,"Signed by the Governor, Chapter 14 of the Acts of 2022",True
268,S1339,1339.0,S,192,An Act authorizing the town of Charlemont to establish a tax on commercial recreation services,Adam G. Hinds,No further action taken,False
269,S2520,2520.0,S,192,Order relative to authorizing the joint committee on Transportation to make an investigation and study of a certain current Senate document relative to municipal equity in Steamship Authority operations,Joint Committee on Transportation,No further action taken,False
270,H961,961.0,H,192,An Act to support Plum Island coastal resources,James M. Kelcourse,Accompanied S523,False
271,H4456,4456.0,H,192,An Act relative to certain retired employees during the outbreak of the 2019 novel coronavirus,Aaron Michlewitz,"Signed by the Governor, Chapter 80 of the Acts of 2022",True
272,S2838,2838.0,S,192,Order relative to authorizing the joint committee on the Judiciary to make an investigation and study of certain current Senate documents relative to judicial matters,Joint Committee on the Judiciary,No further action taken,False
273,H4884,4884.0,H,192,An Act authorizing the town of Milford to grant an additional license for the sale of wine and malt beverages not to be consumed on the premises,Brian W. Murray,No further action taken,False
274,S572,572.0,S,192,"An Act to reduce solid waste, increase recycling and generate municipal cost savings",Jason M. Lewis,Accompanied S494,False
275,H4263,4263.0,H,192,An Act to ensure benefits through enhanced Selective Service registration,Joint Committee on Transportation,No further action taken,False
276,H779,779.0,H,192,An Act relative to election emergencies,Paul J. Donato,"Accompanied a study order, see H5026",False
277,S2110,2110.0,S,192,An Act closing a loophole in the lobbying law,Rebecca L. Rausch,"Accompanied a study order, see S2631",False
278,H3214,3214.0,H,192,An Act relative to Commonwealth building projects,Jacob R. Oliveira,"Accompanied a study order, see H4489",False
279,S2157,2157.0,S,192,An Act relative to renewable energy generation and market efficiency,Julian Cyr,"Accompanied a study order, see S2715",False
280,H2426,2426.0,H,192,An Act relative to automated enforcement,Michelle L. Ciccolo,"Accompanied a study order, see H5320",False
281,S1682,1682.0,S,192,An Act relative to GIC healthcare coverage for group 4 members pending disability retirement,John J. Cronin,"Accompanied a study order, see S2679",False
282,H2583,2583.0,H,192,An Act relative to public hearings of the Group Insurance Commission,Tackey Chan,"Accompanied a study order, see H4960",False
283,S1689,1689.0,S,192,"An Act to ensure pay parity for County Sheriffs, Sheriffs’ Correction Officers, Jail and Lockup Officers",Julian Cyr,"Accompanied a study order, see S2679",False
284,S2856,2856.0,S,192,An Act relative to breast cancer equity and early detection,Joint Committee on Financial Services,"Accompanied a study order, see S2917",False
285,S624,624.0,S,192,An Act studying the effect of per- and polyfluoroalkyl substances in commercial products ,John C. Velis,"Accompanied a study order, see S2734",False
286,H998,998.0,H,192,An Act restricting distribution of single-use plastic straws,David M. Rogers,Accompanied S494,False
287,H1877,1877.0,H,192,An Act relative to the use of administrative subpoenas to obtain telephone and internet records without judicial review,William M. Straus,"Accompanied a study order, see H4844",False
288,S672,672.0,S,192,An Act to require health care coverage for emergency psychiatric services,Cindy F. Friedman,"Accompanied a study order, see S2917",False
289,H985,985.0,H,192,An Act studying the effect of per- and polyfluoroalkyl substances in commercial products,Kelly W. Pease,"Accompanied a study order, see H5041",False
290,H1236,1236.0,H,192,An Act relative to automobile insurance premiums,Michael S. Day,"Accompanied a study order, see H5003",False
291,S779,779.0,S,192,An Act relative to the utilization of public health benefits by large employers,John F. Keenan,"Accompanied a study order, see S2800",False
292,H2011,2011.0,H,192,An Act protecting the right to time off for voting,"John J. Lawn, Jr.","Accompanied a new draft, see H4605",False
293,S1252,1252.0,S,192,An Act to provide economic security for fishing industry participants,Bruce E. Tarr,Accompanied H1951,False
294,H1976,1976.0,H,192,An Act relative to bereavement leave,Sean Garballey,Hearing scheduled for 07/13/2021 from 10:30 AM-04:30 PM in Virtual Hearing,False
295,H4758,4758.0,H,192,"An Act relative to expanding the availability of adaptable housing for consumers with disabilities, mobility impairments, and seniors",Joint Committee on Public Safety and Homeland Security,No further action taken,False
296,S1387,1387.0,S,192,An Act restricting toxic PFAS chemicals in consumer products to protect our health,Joanne M. Comerford,No further action taken,False
297,S749,749.0,S,192,An Act protecting the homes of seniors and disabled people on MassHealth,Joanne M. Comerford,Hearing scheduled for 09/28/2021 from 11:00 AM-03:00 PM in Virtual Hearing,False
298,S750,750.0,S,192,An Act improving access to dental care in the Commonwealth,Joanne M. Comerford,"Accompanied a study order, see S2800",False
299,H0,,,192,,,,False
300,S696,696.0,S,192,An Act to help patients and reduce healthcare costs by ensuring patient adherence to medications,Joan B. Lovely,"Accompanied a study order, see S2800",False
301,H1167,1167.0,H,192,An Act establishing uniform enforcement and confidentiality provisions relative to certain licensees under the jurisdiction of The Division of Banks,James M. Murphy,No further action taken,False
302,S689,689.0,S,192,An Act relative to the care and treatment of patients with mitochondrial disease,John F. Keenan,"Accompanied a study order, see S2917",False
303,H1074,1074.0,H,192,An Act relative to children's auditory health,Peter J. Durant,Hearing scheduled for 12/09/2021 from 11:00 AM-04:00 PM in Virtual Hearing,False
304,H953,953.0,H,192,Resolve providing for a commission to study the affects of offshore wind projects on Massachusetts fisheries ,Patrick Joseph Kearney,"Accompanied a study order, see H5041",False
305,H1143,1143.0,H,192,An Act relative to fair access for qualifying patients,David Henry Argosky LeBoeuf,Hearing scheduled for 11/09/2021 from 11:00 AM-04:00 PM in Virtual Hearing,False
306,H1183,1183.0,H,192,An Act relative to motor vehicle service contracts,"Angelo J. Puppolo, Jr.","Accompanied a study order, see H5003",False
307,S730,730.0,S,192,An Act relative to mandated benefits,Bruce E. Tarr,"Accompanied a study order, see S2693",False
308,S609,609.0,S,192,An Act relative to the re-use of soil for large reclamation projects,Michael F. Rush,"Accompanied a study order, see S2734",False
309,S1350,1350.0,S,192,An Act relative to sewer privilege fees in the town of Millbury,Michael O. Moore,"Signed by the Governor, Chapter 353 of the Acts of 2022",True
310,H1872,1872.0,H,192,An Act maintaining parity in legal services for small property owners,Alan Silvia,"Accompanied a study order, see H4844",False
311,S1188,1188.0,S,192,An Act encouraging employer integrity in hiring,Ryan C. Fattman,Hearing scheduled for 11/09/2021 from 10:30 AM-03:30 PM in Virtual Hearing,False
312,S2499,2499.0,S,192,An Act requiring immunizations for in-person classes at certain Massachusetts public institutions of higher learning,Edward J. Kennedy,"Accompanied a study order, see S2714",False
313,S2094,2094.0,S,192,An Act relative to competition for specification of alternative types of culvert pipes,Patrick M. O'Connor,Hearing scheduled for 07/14/2021 from 10:30 AM-01:30 PM in Virtual Hearing,False
314,S2119,2119.0,S,192,An Act requiring fiscal responsibility,Bruce E. Tarr,Hearing scheduled for 06/09/2021 from 10:00 AM-12:00 PM in Virtual Hearing,False
315,H3205,3205.0,H,192,An Act relative to cost transparency ,Lenny Mirra,"Accompanied a study order, see H4969",False
316,H3170,3170.0,H,192,An Act relative to prohibiting discrimination in public accommodations,Steven S. Howitt,"Accompanied a study order, see H4969",False
317,H4027,4027.0,H,192,An Act relative to public accommodations for individuals with verbal communication impairments ,David Henry Argosky LeBoeuf,No further action taken,False
318,S1582,1582.0,S,192,An Act to provide automated external defibrillators in all public safety vehicles,Ryan C. Fattman,No further action taken,False
319,H4650,4650.0,H,192,An Act making appropriations for fiscal year 2022 to provide for supplementing certain existing appropriations and for certain other activities and projects,Aaron Michlewitz,"Text of an amendment, see H4578",False
320,S1490,1490.0,S,192,An Act relative to smoking cessation agents,Michael O. Moore,"Accompanied a study order, see S2800",False
321,H2062,2062.0,H,192,An Act relative to increasing access to psychological services,Ruth B. Balser,No further action taken,False
322,H2958,2958.0,H,192,An Act relative to the taxpayers’ bill of rights,"Bradley H. Jones, Jr.","Accompanied a study order, see H5200",False
323,H2108,2108.0,H,192,An Act relative to a PACT pilot program for children,Michael P. Kushmerek,"Accompanied a study order, see H5225",False
324,H4787,4787.0,H,192,An Act enhancing child welfare protections,Michael J. Finn,"Amended by substitution of a bill with the same title, H4974",False
325,H2413,2413.0,H,192,Resolve establishing an enhanced public school safety commission,James Arciero,No further action taken,False
326,H3040,3040.0,H,192,An Act relative to the sales tax of motor vehicles,Smitty Pignatelli,No further action taken,False
327,S2024,2024.0,S,192,An Act relative to the Boston Residents Job Policy,Nick Collins,Hearing scheduled for 10/19/2021 from 10:30 AM-01:30 PM in Virtual Hearing,False
328,H2998,2998.0,H,192,An Act to create and sustain jobs through development of employee-owned businesses and cooperatives,Paul W. Mark,"Accompanied a study order, see H5279",False
329,S1967,1967.0,S,192,An Act repealing the sales tax on boats built or rebuilt in the Commonwealth,Patrick M. O'Connor,"Accompanied a study order, see H5250",False
330,S1137,1137.0,S,192,An Act relative to crimes relating to distribution of controlled substances causing death,Bruce E. Tarr,"Accompanied a study order, see S2665",False
331,S471,471.0,S,192,An Act promoting political participation,Cindy F. Friedman,"Accompanied a study order, see H5307",False
332,H2994,2994.0,H,192,An Act relative to the improvement in the process for collecting delinquent property taxes,John J. Mahoney,"Accompanied a study order, see H5250",False
333,S2064,2064.0,S,192,An Act authorizing the Division of Capital Asset Management and Maintenance to grant easements to the town of Hubbardston for the reconstruction of the Evergreen Road bridge over Mason Brook,Anne M. Gobi,"New draft substituted, see S3073",False
334,H3914,3914.0,H,192,An Act designating a certain playground on the Esplanade in the city of Boston as the Gronk Playground,Jay D. Livingstone,"Signed by the Governor, Chapter 109 of the Acts of 2022",True
335,H776,776.0,H,192,An Act relative to random placement for candidate names and removal of incumbent information on primary and state ballots,Mindy Domb,"Accompanied a study order, see H5026",False
336,H2940,2940.0,H,192,An Act regarding state income tax credit for renting unsubsidized properties at below market rents,Kevin G. Honan,No further action taken,False
337,H1723,1723.0,H,192,An Act relative to due process,"John J. Lawn, Jr.","Accompanied a study order, see H4844",False
338,H780,780.0,H,192,An Act relative to uniformed and overseas citizens absentee voting (UOCAVA ),Paul J. Donato,"Accompanied a study order, see H5026",False
339,H4771,4771.0,H,192,Extension Order - Housing,James Arciero,"Adopted, in concurrence",False
340,H1,1.0,H,192,"An Act making appropriations for the Fiscal Year 2022 for the maintenance of the departments, boards, commissions, institutions, and certain activities of the Commonwealth, for interest, sinking fund, and serial bond requirements, and for certain permanent improvements  ",Charles D. Baker,No further action taken,False
341,H2163,2163.0,H,192,An Act to further regulate the attendance by police officers at police association executive board meetings,Jessica Ann Giannino,"Signed by the Governor, Chapter 388 of the Acts of 2022",True
342,H603,603.0,H,192,An Act to eliminate the use of the MCAS as the sole purpose for high school graduation,Carlos González,"Accompanied a study order, see H5074",False
343,S1377,1377.0,S,192,An Act to create a chronic kidney disease task force,Harriette L. Chandler,"Accompanied a study order, see S3173",False
344,H604,604.0,H,192,An Act relative to emergency stock supply of epinephrine in schools,Kenneth I. Gordon,"Accompanied a study order, see H5201",False
345,S261,261.0,S,192,An Act enabling the Massachusetts Center for Employee Ownership,Julian Cyr,No further action taken,False
346,S1375,1375.0,S,192,An Act relative to the sustainability of public health dental hygienists through adequate reimbursements,Harriette L. Chandler,Accompanied H2319,False
347,S655,655.0,S,192,An Act relative to anti-corrupt insurance medical examinations ,Sal N. DiDomenico,"Accompanied a study order, see S2700",False
348,H986,986.0,H,192,An Act to protect the rights of municipalities and districts,Alice Hanlon Peisch,"Accompanied a study order, see H5041",False
349,H387,387.0,H,192,An Act authorizing the town of Maynard to grant one additional license for the sale of all alcoholic beverages to be consumed off the premises,Kate Hogan,"Signed by the Governor, Chapter 63 of the Acts of 2022",True
350,H102,102.0,H,192,An Act financing the reconstruction of the Soldiers' Home in Holyoke,"Joint Committee on Bonding, Capital Expenditures and State Assets",Rejected,False
351,H394,394.0,H,192,An Act regulating lottery funding,Steven S. Howitt,"Accompanied a study order, see H4880",False
352,S478,478.0,S,192,An Act for political party endorsement reform,Jason M. Lewis,"Accompanied a study order, see H5026",False
353,H3439,3439.0,H,192,An Act concerning the conversion of private ways to public ways,Daniel M. Donahue,"Accompanied a study order, see H4944",False
354,H3606,3606.0,H,192,An Act relative to carriers of property by motor vehicle,William M. Straus,No further action taken,False
355,S1348,1348.0,S,192,An Act relative to local water and sewer district oversight,Michael O. Moore,"Accompanied a study order, see S2630",False
356,S1347,1347.0,S,192,Resolve establishing a special commission on the Dover amendment,Michael O. Moore,No further action taken,False
357,H2229,2229.0,H,192,An Act relative to removing barriers to care for physician assistants,Christine P. Barber,"Accompanied a study order, see H5035",False
358,S838,838.0,S,192,An Act relative to the rights of faculty members at the University of Massachusetts,Patricia D. Jehlen,"Accompanied a study order, see S2714",False
359,H1280,1280.0,H,192,An Act prohibiting surprise outside billing,"Bradley H. Jones, Jr.",Accompanied S674,False
360,H4726,4726.0,H,192,Extension Order - Education,Alice Hanlon Peisch,"Adopted, in concurrence",False
361,H1286,1286.0,H,192,An Act to address the financial sustainability of the Health Safety Net,"John J. Lawn, Jr.","Accompanied a study order, see H5201",False
362,S818,818.0,S,192,An Act relative to personal care attendant services,John C. Velis,No further action taken,False
363,S2083,2083.0,S,192,An Act to establish the third Saturday in July as Negro Election Day,Joan B. Lovely,"New draft substituted, see S2703",False
364,S142,142.0,S,192,An Act providing a bill of rights for people experiencing homelessness,Rebecca L. Rausch,No further action taken,False
365,H360,360.0,H,192,An Act relative to partial payment,Ann-Margaret Ferrante,"Accompanied a new draft, see S2569",False
366,S156,156.0,S,192,An Act establishing the Community Non-Profit Investment and Grant Program,Patrick M. O'Connor,"Accompanied a study order, see S2709",False
367,H326,326.0,H,192,An Act relative to applied behavior analysts,Tackey Chan,"Accompanied a new draft, see S2568",False
368,S155,155.0,S,192,"An Act to address inequality, promote opportunity and end poverty",Michael O. Moore,No further action taken,False
369,H4844,4844.0,H,192,Study Order,Joint Committee on the Judiciary,Discharged to the committee on House Rules,False
370,H3134,3134.0,H,192,An Act prohibiting certain business dealings with agents of foreign adversaries by the Commonwealth and the Massachusetts Bay Transportation Authority,Shawn Dooley,"Accompanied a study order, see H4910",False
371,S1356,1356.0,S,192,An Act further addressing challenges to municipal governance caused by the COVID-19 emergency,Rebecca L. Rausch,No further action taken,False
372,H2197,2197.0,H,192,An Act relative to access to local journalism,Alice Hanlon Peisch,"Accompanied a study order, see H4933",False
373,S2189,2189.0,S,192,An Act relative to municipal authority in public rights of way,Adam G. Hinds,"Accompanied a study order, see S2715",False
374,S549,549.0,S,192,An Act relative to reducing food insecurity,Anne M. Gobi,No further action taken,False
375,S1424,1424.0,S,192,An Act relative to COVID-19 vaccination preregistration,Diana DiZoglio,"Accompanied a study order, see S2692",False
376,H3245,3245.0,H,192,"An Act the Commonwealth housing, economic, education and equity in recovery and reconstruction",Bud L. Williams,"Accompanied a study order, see H4969",False
377,H850,850.0,H,192,An Act establishing a revolving fund to supplement the funding of waterway projects and coastal protection initiatives,Bruce J. Ayers,"Accompanied a study order, see H5041",False
378,S2197,2197.0,S,192,An Act to prevent biomass energy to protect the air we breathe,Eric P. Lesser,Accompanied H4524,False
379,S190,190.0,S,192,An Act requiring domestic violence and sexual assault education for certain occupations,Diana DiZoglio,"Accompanied a new draft, see S2678",False
380,H826,826.0,H,192,An Act establishing recall elections in the town of Otis,Smitty Pignatelli,"Signed by the Governor, Chapter 338 of the Acts of 2022",True
381,H489,489.0,H,192,An Act relative to COVID-19 relief for college students,Jessica Ann Giannino,"Accompanied a study order, see H4968",False
382,S2203,2203.0,S,192,An Act to enable net metering for on-site solar energy,Joan B. Lovely,Accompanied H4524,False
383,H3307,3307.0,H,192,An Act relative to the placement of overhead transmission lines,Carmine Lawrence Gentile,"Accompanied a study order, see H5042",False
384,HD3669,3669.0,HD,192,An Act establishing a fair housing disparate impact standard,David M. Rogers,"Accompanied a study order, see H4844",False
385,S169,169.0,S,192,An Act restoring happy hour to the commonwealth,William N. Brownsberger,"Accompanied a study order, see S2666",False
386,H256,256.0,H,192,An Act promoting the placement of foster children with family members and preventing discrimination against potential foster parents based on irrelevant convictions,Joan Meschino,No further action taken,False
387,S170,170.0,S,192,An Act regulating secondary metals dealings,Harriette L. Chandler,No further action taken,False
388,S1757,1757.0,S,192,An Act to classify Municipal Animal Control Officers in Group 4,Susan L. Moran,"Accompanied a study order, see S2679",False
389,H3421,3421.0,H,192,An Act relative to Purple Heart registration plates,Daniel R. Carey,"Accompanied a study order, see H4966",False
390,S701,701.0,S,192,An Act providing health insurance coverage for scalp and facial hair prostheses,Joan B. Lovely,No further action taken,False
391,H3432,3432.0,H,192,An Act to improve pedestrian and vehicular safety,Michael S. Day,"Accompanied a study order, see H4944",False
392,S2968,2968.0,S,192,Order relative to authorizing the joint committee on Public Safety and Homeland Security to make an investigation and study of a certain current Senate document to remove barriers to medical parole,Joint Committee on Public Safety and Homeland Security,No further action taken,False
393,H4876,4876.0,H,192,An Act authorizing the town of Lexington to allow remote participation at town meetings,Michelle L. Ciccolo,No further action taken,False
394,S26,26.0,S,192,Massachusetts Capital Resource Company 44th Annual Report,Massachusetts Capital Resource Company,Senate concurred ,False
395,S2007,2007.0,S,192,An Act to prohibit the assessment of fees for sales tax owed by small businesses during the COVID-19 state disaster emergency,John C. Velis,"Accompanied a study order, see H5250",False
396,H2750,2750.0,H,192,An Act relative to the State Retiree Benefits Trust Fund board of directors,Alice Hanlon Peisch,"Accompanied a study order, see H4960",False
397,H3744,3744.0,H,192,An Act relative to the office of mayor in the city of Holyoke,Patricia A. Duffy,"Accompanied a study order, see H5284",False
398,HD4420,4420.0,HD,192,"A report of the Department of Transitional Assistance (under Section 2(B)(o) of Chapter 18 of the General Laws) submitting a report entitled: Transitional Aid to Families with Dependent Children Work Participation Report [copies of said report were forwarded to the committee on Ways and Means and the committee on Children, Families and Persons with Disabilities]",Department of Transitional Assistance,Placed on file,False
399,H4135,4135.0,H,192,An Act providing for immediate and long-term relief for restaurants and bars in response to the COVID-19 pandemic,Mike Connolly,"Accompanied a study order, see H4880",False
400,S2047,2047.0,S,192,An Act prohibiting taxpayer-funded nondisclosure agreements,Diana DiZoglio,No further action taken,False
401,H3862,3862.0,H,192,An Act making appropriations for fiscal year 2021 to provide for supplementing certain existing appropriations and for certain other activities and projects,House Committee on Ways and Means,"Published as amended, see H3871
",False
402,S480,480.0,S,192,"An Act to improve the fairness, and public transparency of all individuals, who may have, and/or intersect, with election officials, in the commonwealth of Massachusetts",Jason M. Lewis,"Accompanied a study order, see H5026",False
403,H3305,3305.0,H,192,An Act relative to emergency back up power at gasoline stations,William C. Galvin,"Accompanied a study order, see H5042",False
404,S2850,2850.0,S,192,Municipalities and Regional Government - Extension Order,John J. Cronin,Rules suspended,False
405,H3023,3023.0,H,192,An Act eliminating the requirement for the geriatric authority to make payment to the town of Milford in lieu of taxes,Brian W. Murray,"Signed by the Governor, Chapter 244 of the Acts of 2022",True
406,H805,805.0,H,192,"An Act fostering voting opportunities, trust, equity, and security","John J. Lawn, Jr.","Accompanied a study order, see H5026",False
407,S2833,2833.0,S,192,Promoting Sustainable Development and Infrastructure,Nick Collins,See S2819,False
408,H2181,2181.0,H,192,An Act relative to insurance proceeds for injured police and fire personnel in the town of Boylston,Meghan Kilcoyne,No further action taken,False
409,S916,916.0,S,192,An Act relative to the reliability of testifying informants,Joseph A. Boncore,"Accompanied a new draft, see S2668",False
410,H2246,2246.0,H,192,An Act relative to CNA training,Tackey Chan,"Accompanied a study order, see H5222",False
411,S1446,1446.0,S,192,An Act further regulating the Commission on Falls Prevention,Patricia D. Jehlen,"Signed by the Governor, Chapter 343 of the Acts of 2022",True
412,S1038,1038.0,S,192,An Act relative to the expansion of the Good Samaritan law,Anne M. Gobi,"Accompanied a study order, see S2665",False
413,S1331,1331.0,S,192,An Act relative to the effective enforcement of municipal ordinances and by-laws,James B. Eldridge,No further action taken,False
414,S817,817.0,S,192,An Act to ensure protections for physicians & hospitals that contract with Medicaid managed care organizations,Bruce E. Tarr,"Accompanied a study order, see S2800",False
415,S1064,1064.0,S,192,An Act prohibiting gunfire directed at dwelling houses,Edward J. Kennedy,Hearing scheduled for 07/27/2021 from 10:00 AM-02:00 PM in Virtual Hearing,False
416,H1524,1524.0,H,192,An Act relative to child custody orders,Linda Dean Campbell,"Accompanied a study order, see H4844",False
417,H1614,1614.0,H,192,An Act relative to penalties for crimes against seniors,Carlos González,"Accompanied a study order, see H4844",False
418,H1544,1544.0,H,192,An Act banning the publication of judicial and law enforcement officer addresses,Carol A. Doherty,"Accompanied a study order, see H4844",False
419,H688,688.0,H,192,An Act relative to media literacy in public schools,David M. Rogers,"Accompanied a study order, see H5135",False
420,H3216,3216.0,H,192,Resolve relative to the commemoration of Governor James and General John Sullivan,Jerald A. Parisella,"Accompanied a study order, see H4969",False
421,S2869,2869.0,S,192,An Act providing for the establishment of sustainable water resource funds,James B. Eldridge,No further action taken,False
422,H823,823.0,H,192,An Act to promote transparency in municipal ballot questions,Steven C. Owens,"Accompanied a study order, see H5026",False
423,S2900,2900.0,S,192,Empowering Survivors of Domestic Violence,Patrick M. O'Connor,See S4,False
424,S2889,2889.0,S,192,Order relative to authorizing the joint committee on Public Safety and Homeland Security to make an investigation and study of certain current Senate documents relative to public safety and homeland security matters,Joint Committee on Public Safety and Homeland Security,No further action taken,False
425,S2737,2737.0,S,192,Resolve to diversify farmland opportunities to combat climate change,"Joint Committee on Environment, Natural Resources and Agriculture",No further action taken,False
426,H243,243.0,H,192,An Act expanding access to adoption,Jack Patrick Lewis,No further action taken,False
427,S2830,2830.0,S,192,An Act relative to the remediation of home heating oil releases,,No further action taken,False
428,S640,640.0,S,192,An Act relative to preserving fertility ,Cynthia Stone Creem,No further action taken,False
429,H1112,1112.0,H,192,An Act relative to increasing consumer access to licensed rehabilitation counselors,James K. Hawkins,"Accompanied a study order, see H5222",False
430,H4707,4707.0,H,192,Extension Order - Transportation,William M. Straus,"Adopted, in concurrence",False
431,S2692,2692.0,S,192,Order relative to authorizing the joint committee on Public Health to make an investigation and study of certain current Senate documents relative to public health matters,Joint Committee on Public Health,No further action taken,False
432,S2871,2871.0,S,192,An Act to facilitate outdoor dining,Joint Committee on Consumer Protection and Professional Licensure,No further action taken,False
433,H4891,4891.0,H,192,An Act addressing barriers to care for mental health,,"H4879, published as amended",False
434,H4910,4910.0,H,192,"state administration, regulatory oversight, and other related matters",Joint Committee on State Administration and Regulatory Oversight,No further action taken,False
435,S1822,1822.0,S,192,An Act supporting the commonwealth’s farmers,Joanne M. Comerford,No further action taken,False
436,H357,357.0,H,192,An Act to protect innovation and entrepreneurship in the Commonwealth,Lori A. Ehrlich,"Accompanied a new draft, see S2673",False
437,H1178,1178.0,H,192,An Act reforming labor rates paid by insurance companies to auto repairers in the Commonwealth,Edward R. Philips,"Accompanied a study order, see H5235",False
438,S796,796.0,S,192,An Act to support disproportionate share hospitals ,Jason M. Lewis,"Accompanied a study order, see S2800",False
439,H4722,4722.0,H,192,An Act relative to the theft of vehicle catalytic converters,Steven S. Howitt,"Amended by substitution of a bill with the same title, see H5356",False
440,H4804,4804.0,H,192,An Act authorizing the division of capital asset management and maintenance to grant easements to the town of Natick for the reconstruction of North Main Street (Route 27) ,David Paul Linsky,No further action taken,False
441,S551,551.0,S,192,An Act relative to creating an animal advisory board to the Massachusetts Department of Agriculture,Anne M. Gobi,No further action taken,False
442,S542,542.0,S,192,An Act relative to the Underground Storage Tank Petroleum Cleanup Fund Administrative Review Board,Anne M. Gobi,No further action taken,False
443,S2707,2707.0,S,192,An Act establishing rapid transportation and electrification for the Fairmount corridor,Joint Committee on Transportation,No further action taken,False
444,S648,648.0,S,192,An Act relative to ensuring treatment for genetic craniofacial conditions,Julian Cyr,No further action taken,False
445,H1129,1129.0,H,192,An Act relative to establishing a financial technology task force,"Bradley H. Jones, Jr.",Hearing scheduled for 10/26/2021 from 11:00 AM-03:00 PM in Virtual Hearing,False
446,S570,570.0,S,192,Resolve providing for an investigation and study by a special commission relative to mattress recycling,Edward J. Kennedy,"Accompanied a new draft, see S2922",False
447,S2834,2834.0,S,192,Sustainable and economically viable clean energy future ,Bruce E. Tarr,See S2819,False
448,S1148,1148.0,S,192,An Act to protect institutions of higher education that provide emergency aid in response to COVID-19,Walter F. Timilty,"Accompanied a study order, see S2665",False
449,H4620,4620.0,H,192,"An Act allowing Joseph Barbati, a retired member of the Massachusetts Trial Court, an accidental disability retirement option",Joint Committee on Public Service,No further action taken,False
450,H4643,4643.0,H,192,An Act implementing an elementary and secondary interdisciplinary climate education curriculum in the Commonwealth,Joint Committee on Education,No further action taken,False
451,H4505,4505.0,H,192,An Act promoting housing opportunity and mobility through eviction sealing (HOMES),Joint Committee on the Judiciary,No further action taken,False
452,H4689,4689.0,H,192,Extension Order - Transportation,William M. Straus,"Adopted, in concurrence",False
453,H3158,3158.0,H,192,An Act designating Dysautonomia & POTS awareness month,Patricia A. Haddad,No further action taken,False
454,H3689,3689.0,H,192,An Act providing for prisoners of war ,Adam J. Scanlon,No further action taken,False
455,H3693,3693.0,H,192,An Act relative to the education of the veterans of Massachusetts,"Paul A. Schmid, III",No further action taken,False
456,H3222,3222.0,H,192,An Act authorizing the commissioner of Capital Asset Management and Maintenance to convey a certain parcel of land in the town of Tewksbury,David Allen Robertson,"Accompanied a new draft, see H5033",False
457,H3194,3194.0,H,192,An Act promoting governmental efficiency ,David Paul Linsky,No further action taken,False
458,H3183,3183.0,H,192,An Act relative to permitting public corporations to hold remote annual and special meetings,"Bradley H. Jones, Jr.","Accompanied a study order, see H5256",False
459,H3151,3151.0,H,192,An Act relative to snow hauling and removal,Denise C. Garlick,"Accompanied a study order, see H4910",False
460,H3231,3231.0,H,192,An Act relative to the Massachusetts Food Policy Council,"Paul A. Schmid, III",No further action taken,False
461,H3185,3185.0,H,192,An Act to eliminate contingency fee auditors,Hannah Kane,"Accompanied a study order, see H4969",False
462,H3694,3694.0,H,192,"An Act relative to the military family advocacy program, domestic violence and child abuse and neglect",Danillo A. Sena,No further action taken,False
463,H3850,3850.0,H,192,An Act establishing a pathway to net zero buildings,Tami L. Gouveia,"Accompanied a study order, see H5042",False
464,H3165,3165.0,H,192,An Act relative to the fair participation of minority and women-owned businesses on public construction projects,Russell E. Holmes,Accompanied H3138,False
465,H2038,2038.0,H,192,An Act advancing public employee labor rights,Orlando Ramos,"Accompanied a study order, see H5023",False
466,H3224,3224.0,H,192,An Act relative to virtual meetings of appointed statewide public bodies,Maria Duaime Robinson,"Accompanied a new draft, see H5031",False
467,H2396,2396.0,H,192,An Act enhancing podiatric profession's registration and oversight,John H. Rogers,"Accompanied a study order, see H5035",False
468,H3227,3227.0,H,192,An Act to permit enhanced public access to deliberations of public bodies and to permit improved efficiency of public bodies,Jeffrey N. Roy,"Accompanied a new draft, see H5031",False
469,H3215,3215.0,H,192,An Act to promote Massachusetts manufacturers,Norman J. Orrall,"Accompanied a study order, see H4910",False
470,H3203,3203.0,H,192,An Act closing a loophole in lobbying law  ,Christina A. Minicucci,"Accompanied a study order, see H4910",False
471,H2938,2938.0,H,192,An Act to sustain community preservation revenue,Kevin G. Honan,"Accompanied a study order, see H5043",False
472,H3678,3678.0,H,192,An Act relative to public employee benefits for military service members on active duty,Kate Lipper-Garabedian,No further action taken,False
473,H4439,4439.0,H,192,"An Act establishing a sick leave bank for Alecia Simmons, an employee of Office of the Comptroller",Russell E. Holmes,"Accompanied a study order, see H5341",False
474,H3195,3195.0,H,192,An Act regarding information governance,Kate Lipper-Garabedian,No further action taken,False
475,H3846,3846.0,H,192,An Act relative to a voluntary do not sell firearms list,Lindsay N. Sabadosa,"Accompanied a study order, see H5190",False
476,S2409,2409.0,S,192,An Act relative to reimbursement for annual training for armed forces members,Jason M. Lewis,No further action taken,False
477,S2410,2410.0,S,192,An Act relative to public employee benefits for military service members on active duty,Jason M. Lewis,No further action taken,False
478,H3508,3508.0,H,192,An Act establishing a transit fare voucher program,"Bradley H. Jones, Jr.","Accompanied a study order, see H5212",False
479,H3,3.0,H,192,Legislative recommendations of the Office of the Inspector General,Office of the Inspector General,Placed on file,False
480,H374,374.0,H,192,An Act for all licensees for beer to be drunk on the premises must list the alcohol by volume for each beer selection on the menu,Colleen M. Garry,"Accompanied a study order, see H4880",False
481,H417,417.0,H,192,An Act creating a maximum allowable check-cashing rate,Kay Khan,No further action taken,False
482,HD4171,4171.0,HD,192,A report of the Pension Reserves Investment Management Board (under Section 4 of Chapter 151 of the Acts of 2007) relative to divestment from Sudan restricted securities. ,Pension Reserves Investment Management Board,Placed on file,False
483,H2395,2395.0,H,192,An Act relative to sickle cell disease,David M. Rogers,"Accompanied a new draft, see H5086",False
484,H4543,4543.0,H,192,An Act relative to recovery high schools,Joint Committee on Education,No further action taken,False
485,H4277,4277.0,H,192,An Act authorizing the town of Walpole to grant an additional license for the sale of wines and malt beverages not to be drunk on the premises,John H. Rogers,No further action taken,False
486,S2286,2286.0,S,192,An Act facilitating cost efficient transportation,Joanne M. Comerford,No further action taken,False
487,S538,538.0,S,192,An Act promoting snowmobiling sustainability,Anne M. Gobi,No further action taken,False
488,H329,329.0,H,192,An Act further regulating thoroughbred breeding,Tackey Chan,Accompanied S205,False
489,H995,995.0,H,192,An Act to require transparency and disclosure by materials recovery facilities,David M. Rogers,"Accompanied a study order, see H5041",False
490,H1303,1303.0,H,192,An Act relative to compensation for victims of opioids,James J. O'Day,"Accompanied a study order, see H5222",False
491,S852,852.0,S,192,An Act assisting low-income students success through work-study ,Michael O. Moore,"Accompanied a new draft, see S2812",False
492,H290,290.0,H,192,An Act relative to industrial development finance authorities,Daniel J. Hunt,"Accompanied a study order, see H5027",False
493,H2340,2340.0,H,192,An Act relative to limited service clinics,Kay Khan,"Accompanied a study order, see H5197",False
494,S199,199.0,S,192,An Act providing municipal control of liquor licenses,James B. Eldridge,"Accompanied a study order, see S2666",False
495,H1189,1189.0,H,192,An Act relative to primary insurance,Jeffrey N. Roy,No further action taken,False
496,S734,734.0,S,192,An Act relative to continuing insurance education ,John C. Velis,No further action taken,False
497,H945,945.0,H,192,An Act relative to DCR retained revenue,Daniel J. Hunt,"Accompanied a study order, see H5236",False
498,H1214,1214.0,H,192,An Act relative to ensuring treatment for genetic craniofacial conditions,Daniel R. Carey,Accompanied S648,False
499,H943,943.0,H,192,An Act relative to septic installers,Steven S. Howitt,"Accompanied a study order, see H5041",False
500,S614,614.0,S,192,"An Act relative to salvage, disposition, and possession of deer, moose, bear, birds, and mammals killed by means other than sport hunting ",Bruce E. Tarr,"Accompanied a study order, see S2734",False
501,H944,944.0,H,192,An Act relative to increased access of small business to participation in energy savings services and programs,Daniel J. Hunt,No further action taken,False
502,S1974,1974.0,S,192,An Act relative to home modifications for seniors,Michael F. Rush,"Accompanied a study order, see S2743",False
503,H1864,1864.0,H,192,An Act relative to access to a decedent's electronic mail accounts,Jeffrey N. Roy,"Accompanied a study order, see H4844",False
504,H2290,2290.0,H,192,An Act relative to patient access to information regarding breast reconstructive surgery,William C. Galvin,No further action taken,False
505,S1180,1180.0,S,192,An Act relative to fairness in workers' compensation disfigurement benefits,Sal N. DiDomenico,No further action taken,False
506,H4979,4979.0,H,192,An Act authorizing the Department of Conservation and Recreation and the Division of Capital Asset Management and Maintenance to transfer an easement in certain property and the fee in certain properties to the city of Revere all for municipal purposes,House Committee on Ways and Means,"Signed by the Governor, Chapter 151 of the Acts of 2022",True
507,H2386,2386.0,H,192,An Act relative to improving outcomes for sudden cardiac arrest,Edward R. Philips,"Accompanied a study order, see H5202",False
508,H3769,3769.0,H,192,"An Act establishing a sick leave bank for Linda R. Berube, an employee of the Department of Developmental Services",Joint Committee on Public Service,No further action taken,False
509,S2026,2026.0,S,192,An Act establishing gender neutral bathrooms,Joanne M. Comerford,No further action taken,False
510,H1875,1875.0,H,192,An Act relative to court filing fees,Todd M. Smola,"Accompanied a study order, see H4844",False
511,H4240,4240.0,H,192,An Act regarding licenses for the sale of alcoholic beverages to be drunk on the premises in the town of Tisbury,Joint Committee on Consumer Protection and Professional Licensure,"Signed by the Governor, Chapter 196 of the Acts of 2022",True
512,H3030,3030.0,H,192,An Act to exempt taxes of forgiven student debt and encourage contributions to student tuition accounts,Steven C. Owens,"Accompanied a study order, see H4894",False
513,H3012,3012.0,H,192,An Act relative to municipal oversight,Michael J. Moran,"Accompanied a study order, see H5247",False
514,H1842,1842.0,H,192,An Act relative to the use of recreation vehicles in the city of Springfield,Orlando Ramos,"Accompanied a study order, see H4844",False
515,S1208,1208.0,S,192,An Act relative to wage transparency,Patricia D. Jehlen,"Accompanied a new draft, see S2721",False
516,H3108,3108.0,H,192,An Act advancing equity for rural communities receiving state grants,Natalie M. Blais,"Accompanied a study order, see H4969",False
517,H2321,2321.0,H,192,An Act exempting barber shops from certain system sewage flow design criteria,Steven S. Howitt,"Accompanied a study order, see H5035",False
518,S2603,2603.0,S,192,An Act further regulating hen welfare and establishing uniform cage-free standards,Hen welfare and establishing uniform cage-free standards ,"Signed by the Governor, Chapter 108 of the Acts of 2021",True
519,S2027,2027.0,S,192,An Act establishing an Indigenous Peoples Day,Joanne M. Comerford,No further action taken,False
520,H1846,1846.0,H,192,An Act relative to caregiver authorization affidavits,Maria Duaime Robinson,No further action taken,False
521,S2034,2034.0,S,192,An Act relative to increasing transparency in public construction,Brendan P. Crighton,Accompanied H3112,False
522,H3086,3086.0,H,192,An Act relative to regional ballot initiatives,Andres X. Vargas,No further action taken,False
523,H1871,1871.0,H,192,An Act relative to agricultural crop and property destruction,"Paul A. Schmid, III","Accompanied a study order, see H4844",False
524,H5049,5049.0,H,192,An Act authorizing the transfer of Martha's Vineyard Land Bank Commission Land in Oak Bluffs,House Committee on Ways and Means,"Signed by the Governor, Chapter 152 of the Acts of 2022",True
525,H3161,3161.0,H,192,An Act prohibiting license revocation for student loan default,Natalie M. Higgins,Amendment (as recommended by the committee on House Ways and Means) adopted,False
526,H1945,1945.0,H,192,An Act relative to worker’s compensation insurance,Tackey Chan,"Accompanied a study order, see H5023",False
527,H3113,3113.0,H,192,An Act relative to default insurance programs for certain public construction projects,Daniel Cahill,"Accompanied a study order, see H4857",False
528,S1523,1523.0,S,192,An Act relative to requiring trauma kits in public buildings,Michael F. Rush,"Accompanied a study order, see S2770",False
529,H4438,4438.0,H,192,An Act providing payment to the estate of Jason Davis,Paul J. Donato,"Accompanied a new draft, see H4570",False
530,S1484,1484.0,S,192,An Act to combat V.I.P. syndrome to protect health care integrity and quality,Mark C. Montigny,"Accompanied a study order, see S2692",False
531,H1839,1839.0,H,192,An Act relative to the Commonwealth’s right to appeal bail decisions,"Angelo J. Puppolo, Jr.","Accompanied a study order, see H4844",False
532,H3691,3691.0,H,192,An Act providing COVID-19 emergency financial relief to veterans ,Adam J. Scanlon,"Accompanied a study order, see H5070",False
533,S1163,1163.0,S,192,An Act relative to employee resignation,William N. Brownsberger,Hearing scheduled for 05/18/2021 from 10:30 AM-03:30 PM in Virtual Hearing,False
534,H3339,3339.0,H,192,An Act relative to fair and stable electricity,Paul W. Mark,No further action taken,False
535,S2243,2243.0,S,192,An Act to expand membership opportunities in local cultural councils,Adam G. Hinds,Accompanied H3378,False
536,H3343,3343.0,H,192,An Act relative to solar power and the green economy,Paul W. Mark,No further action taken,False
537,H3333,3333.0,H,192,An Act to prevent biomass energy to protect the air we breathe ,Jay D. Livingstone,No further action taken,False
538,S2208,2208.0,S,192,An Act providing solar energy to state agencies,Patrick M. O'Connor,"Accompanied a study order, see S2715",False
539,H1121,1121.0,H,192,An Act establishing a commission to study maximum allowable costs lists,"Bradley H. Jones, Jr.",Hearing scheduled for 09/21/2021 from 10:00 AM-03:00 PM in Virtual Hearing,False
540,S220,220.0,S,192,An Act to protect personal biometric data,Mark C. Montigny,"Accompanied a new draft, see S2687",False
541,H1519,1519.0,H,192,An Act relative to access to justice ,Michael S. Day,"Accompanied a study order, see H5170",False
542,S151,151.0,S,192,An Act establishing the Office of Massachusetts Main Streets,Jason M. Lewis,"Accompanied a study order, see S2709",False
543,S1521,1521.0,S,192,An Act relative to liability protection for disaster volunteers,Michael F. Rush,"Accompanied a study order, see S2692",False
544,H3859,3859.0,H,192,An Act changing the Board of Selectmen of the town of Plainfield to a Select Board,Natalie M. Blais,"Signed by the Governor, Chapter 16 of the Acts of 2022",True
545,H777,777.0,H,192,An Act relative to the implementation of elements of the charter for the city known as the town of Amherst,Mindy Domb,No further action taken,False
546,S192,192.0,S,192,An Act to provide increased access to hearing aids,Diana DiZoglio,Accompanied S211,False
547,H331,331.0,H,192,An Act relative to posting information about the National Human Trafficking Resource Center hotline,Tackey Chan,"Accompanied a new draft, see S2678",False
548,S639,639.0,S,192,An Act relative to pharmacy benefit managers,Cynthia Stone Creem,"Accompanied a study order, see S2917",False
549,H400,400.0,H,192,An Act relative to disclosure notice in the right to repair motor vehicle data law,Steven S. Howitt,"Accompanied a study order, see H4880",False
550,H3294,3294.0,H,192,An Act to support innovation and local investment in the green economy,Carolyn C. Dykema,"Accompanied a new draft, see H4348",False
551,H3398,3398.0,H,192,An Act relative to providing improved access to taxicabs for persons with disabilities,Bruce J. Ayers,No further action taken,False
552,H1943,1943.0,H,192,An Act relative to collective bargaining rights,Tackey Chan,"Accompanied a study order, see H5023",False
553,S2127,2127.0,S,192,An Act to analyze future need for electric vehicle infrastructure within the commonwealth,Michael J. Barrett,"Accompanied a study order, see S2715",False
554,S1171,1171.0,S,192,"An Act to require policies and training to prevent unlawful harassment, including sexual harassment",Cynthia Stone Creem,"Accompanied a new draft, see H4853",False
555,H1409,1409.0,H,192,An Act relative to starter homes,Kevin G. Honan,No further action taken,False
556,H1837,1837.0,H,192,An Act establishing civil penalties for littering from a motor vehicle,"Angelo J. Puppolo, Jr.","Accompanied a study order, see H4844",False
557,H3366,3366.0,H,192,An Act relative to better buildings,Maria Duaime Robinson,Senate concurred,False
558,S2285,2285.0,S,192,An Act facilitating better interactions between police officers and persons with autism spectrum disorder,Joanne M. Comerford,No further action taken,False
559,S2124,2124.0,S,192,An Act designating March as Fibromuscular Dysplasia Awareness Month,Walter F. Timilty,"New draft substituted, see S2789",False
560,S2115,2115.0,S,192,An Act relative to a transfer of a certain parcel of land in Hyde Park,Michael F. Rush,No further action taken,False
561,H1865,1865.0,H,192,An Act to increase penalties for shooting a firearm while on release,Daniel J. Ryan,"Accompanied a study order, see H4844",False
562,S2105,2105.0,S,192,An Act relative to civil asset forfeiture data reporting,Rebecca L. Rausch,Accompanied S2671,False
563,S2121,2121.0,S,192,An Act properly account of cost of laws ,Bruce E. Tarr,Hearing scheduled for 06/09/2021 from 10:00 AM-12:00 PM in Virtual Hearing,False
564,S2093,2093.0,S,192,An Act relative to transparency in selecting a public construction alternative delivery method,Patrick M. O'Connor,"Accompanied a study order, see S2620",False
565,S2082,2082.0,S,192,An Act to modernize participation in public meetings,Jason M. Lewis,"Accompanied a new draft, see H5031",False
566,S2167,2167.0,S,192,An Act to increase funding and enhance the mission of the Massachusetts Clean Energy Center,James B. Eldridge,"Accompanied a study order, see S2715",False
567,S1179,1179.0,S,192,"An Act to prevent wage theft, promote employer accountability, and enhance public enforcement",Sal N. DiDomenico,"Accompanied a new draft, see H4681",False
568,H2110,2110.0,H,192,An Act relative to reducing the risk of unintended fatal opioid overdose,David Henry Argosky LeBoeuf,"Accompanied a study order, see H5225",False
569,S2123,2123.0,S,192,An Act relative to the flying of the flag of the Commonwealth at half staff on state buildings and installations,Walter F. Timilty,No further action taken,False
570,H3274,3274.0,H,192,An Act relative to fairness in energy billing,Tackey Chan,No further action taken,False
571,S2307,2307.0,S,192,An Act relative to partial payment of fines relating to driver’s license suspension or revocation,Sal N. DiDomenico,No further action taken,False
572,H324,324.0,H,192,An Act relative to increased consumer protections during a state of emergency,Tackey Chan,"Accompanied a study order, see H4880",False
573,S238,238.0,S,192,An Act authorizing the town of Wareham to grant an additional license for the sale of alcoholic beverages to be drunk off the premises,Marc R. Pacheco,"Accompanied a new draft, see S2501",False
574,H414,414.0,H,192,An Act further regulating certain licenses for the sale of alcoholic beverages,Mary S. Keefe,"Accompanied a study order, see H4935",False
575,H418,418.0,H,192,An Act authorizing the town of Clinton to grant additional licenses for the sale of all alcoholic beverages to be drunk on the premises,Meghan Kilcoyne,"Accompanied a new draft, see H5438",False
576,H421,421.0,H,192,An Act relative to consumer protection on online automobile franchise transactions ,Jack Patrick Lewis,Accompanied S180,False
577,H424,424.0,H,192,An Act relative to the licensure of swimming pool builders and service contractors,Kate Lipper-Garabedian,No further action taken,False
578,S733,733.0,S,192,An Act relative to unilateral contract changes ,John C. Velis,"Accompanied a study order, see S2693",False
579,H1119,1119.0,H,192,An Act relative to the cleanup of accidental home heating oil spills,Steven S. Howitt,No further action taken,False
580,S676,676.0,S,192,An Act relative to the remediation of home heating oil releases,Anne M. Gobi,"New draft substituted, see S2821",False
581,H284,284.0,H,192,An Act establishing the MassMade Program,Josh S. Cutler,"Accompanied a study order, see H5027",False
582,S735,735.0,S,192,An Act to strengthen the state credit union charter,John C. Velis,"Accompanied a study order, see S2699",False
583,S647,647.0,S,192,An Act relative to health insurer reserve requirements,Julian Cyr,"Accompanied a study order, see S2693",False
584,H1188,1188.0,H,192,An Act to protect consumers in the issuance of automobile insurance policies and bonds,Jeffrey N. Roy,"Accompanied a study order, see H5003",False
585,H1081,1081.0,H,192,An Act to increase limited and tiered network enrollment,Michael J. Finn,Hearing scheduled for 11/09/2021 from 11:00 AM-04:00 PM in Virtual Hearing,False
586,S189,189.0,S,192,An Act relative to the online advertising of pet care services,Diana DiZoglio,"Accompanied a study order, see S2666",False
587,H1186,1186.0,H,192,An Act to repeal no fault motor vehicle insurance,David M. Rogers,"Accompanied a study order, see H5003",False
588,S2928,2928.0,S,192,An Act to establish minimum reimbursement rate to insurance claimants,Joint Committee on Financial Services,No further action taken,False
589,H4178,4178.0,H,192,An Act relative to assuring a jumpstart in investments in telecoms to preserve access to the internet,David Allen Robertson,"Accompanied a study order, see H5250",False
590,H1176,1176.0,H,192,An Act relative to colorectal cancer screenings,Edward R. Philips,Hearing scheduled for 11/09/2021 from 11:00 AM-04:00 PM in Virtual Hearing,False
591,S2492,2492.0,S,192,An Act relative to collaborative drug therapy management optimization,John F. Keenan,"Accompanied a study order, see S2917",False
592,S783,783.0,S,192,An Act to ensure transparency for high-cost hospitals,John F. Keenan,"Accompanied a study order, see S2800",False
593,H5156,5156.0,H,192,An Act authorizing the Division of Capital Asset management and Maintenance to convey a certain parcel of land to the school department in the city of Westfield,House Committee on Ways and Means,"Signed by the Governor, Chapter 249 of the Acts of 2022",True
594,H3611,3611.0,H,192,An Act regarding audit performance and functions at the Department of Transportation,William M. Straus,"Accompanied a new draft, see H4096",False
595,S2994,2994.0,S,192,An Act protecting the health and safety of puppies and kittens in cities and towns,Senate Committee on Ways and Means,No further action taken,False
596,S1372,1372.0,S,192,An Act to improve access to emergency contraception,Joseph A. Boncore,Accompanied H2264,False
597,S1410,1410.0,S,192,An Act relative to newborn infant products,Diana DiZoglio,"Accompanied a study order, see S2692",False
598,H739,739.0,H,192,An Act to improve Alzheimer's’ and dementia care in senior care options programs,Danielle W. Gregoire,No further action taken,False
599,H732,732.0,H,192,An Act relative to providing dental care to senior citizens,Tackey Chan,"Accompanied a study order, see H5201",False
600,H4785,4785.0,H,192,An Act improving air quality in airport environmental justice communities,"Joint Committee on Environment, Natural Resources and Agriculture",No further action taken,False
601,H1180,1180.0,H,192,An Act relative to the collaborative agreement of a public health dental hygienist,Smitty Pignatelli,Hearing scheduled for 10/12/2021 from 11:00 AM-04:00 PM in Virtual Hearing,False
602,S227,227.0,S,192,An Act authorizing the town of Millbury to grant an additional liquor license,Michael O. Moore,"Accompanied a new draft, see S2477",False
603,H1205,1205.0,H,192,An Act relative to inactive bank account fees,Todd M. Smola,Hearing scheduled for 10/26/2021 from 11:00 AM-03:00 PM in Virtual Hearing,False
604,S801,801.0,S,192,An Act relative to transfer of assets by MassHealth members,Mark C. Montigny,No further action taken,False
605,S1181,1181.0,S,192,An Act regulating labor standards for transportation network drivers,Sal N. DiDomenico,"Accompanied a study order, see S2918",False
606,H1247,1247.0,H,192,An Act to ensure more affordable care,Christine P. Barber,"Accompanied a new draft, see H4248",False
607,H3587,3587.0,H,192,An Act relative to the use of liquid calcium chloride on state highways,Todd M. Smola,"Accompanied a study order, see H5005",False
608,H1206,1206.0,H,192,An Act relative to insurance companies and death certificates,Todd M. Smola,"Accompanied a study order, see H5167",False
609,S753,753.0,S,192,"An Act advancing health care research and decision-making centered on patients and people with disabilities
",Brendan P. Crighton,"Accompanied a study order, see S2917",False
610,H1197,1197.0,H,192,An Act relative to out-of-network billing,Jon Santiago,Accompanied S674,False
611,S732,732.0,S,192,An Act relative to insurance coverage of mobile integrated health,Walter F. Timilty,"Accompanied a study order, see S2917",False
612,H2249,2249.0,H,192,An Act relative to safe patient handling and mobility in certain health facilities,Claire D. Cronin,"Accompanied a new draft, see H4329",False
613,H4632,4632.0,H,192,An Act establishing a building permit surcharge and special revenue fund in the town of Winchester,Michael S. Day,No further action taken,False
614,S1191,1191.0,S,192,An Act relative to unemployment compensation and labor disputes,Paul R. Feeney,"Accompanied a new draft, see S2817",False
615,H1201,1201.0,H,192,An Act ensuring access to medications,Danillo A. Sena,"Accompanied a study order, see H5222",False
616,H2209,2209.0,H,192,An Act relative to dangerous dogs,David T. Vieira,"Accompanied a new draft, see H4854",False
617,H4109,4109.0,H,192,An Act relative to collaborative drug therapy management optimization,Christine P. Barber,Accompanied S2492,False
618,H1215,1215.0,H,192,An Act relative to hospital grade breast pumps,Daniel R. Carey,Accompanied S2717,False
619,S767,767.0,S,192,An Act relative to fiduciary responsibility,Ryan C. Fattman,"Accompanied a study order, see S2800",False
620,H4486,4486.0,H,192,Study Order,Joint Committee on State Administration and Regulatory Oversight,No further action taken,False
621,H4890,4890.0,H,192,An Act directing the Bristol County Retirement Board to grant creditable service to Michael Cioper,Christopher Hendricks,"Accompanied a study order, see H5344",False
622,S2484,2484.0,S,192,An Act relative to third party settlement organizations,Patrick M. O'Connor,"Accompanied a study order, see H5250",False
623,H4100,4100.0,H,192,An Act providing for a study of noise impacts from Interstate 495,Andres X. Vargas,No further action taken,False
624,H4743,4743.0,H,192,An Act designating a certain portion of state highway in the town of Plymouth as Plimoth Patuxet highway,Mathew J. Muratore,"Signed by the Governor, Chapter 351 of the Acts of 2022",True
625,S2898,2898.0,S,192,Physical Therapy Licensure Compact,Joan B. Lovely,See S4,False
626,H2005,2005.0,H,192,An Act providing protection for police and fire municipality workers in the COVID-19 emergency,Patrick Joseph Kearney,"Accompanied a study order, see H5023",False
627,H2992,2992.0,H,192,An Act relative to lowering the sales tax to 5%,Marc T. Lombardo,"Accompanied a study order, see H5245",False
628,H4246,4246.0,H,192,An Act authorizing the town of Clinton to grant an additional license for the sale of all alcoholic beverages not to be drunk on the premises,Meghan Kilcoyne,"Accompanied a new draft, see H4669",False
629,S2507,2507.0,S,192,An Act authorizing the town of Wareham to grant 5 additional licenses for the sale of all alcoholic beverages to be drunk on the premises,Marc R. Pacheco,"Accompanied a new draft, see S2855",False
630,H373,373.0,H,192,An Act relative to notification of alcohol by volume in beers to be consumed on the premises,Colleen M. Garry,"Accompanied a study order, see H4880",False
631,H259,259.0,H,192,An Act to provide for the alternative method of examining competency,James J. O'Day,No further action taken,False
632,S215,215.0,S,192,An Act to protect innovation and entrepreneurship in the Commonwealth,Eric P. Lesser,"Accompanied a new draft, see S2673",False
633,S144,144.0,S,192,An Act relative to mandated reporters of disabled persons abuse,Bruce E. Tarr,Accompanied S117,False
634,H3975,3975.0,H,192,An Act providing for the terms of certain bonds to be issued by the Commonwealth,House Committee on Ways and Means,"Signed by the Governor, Chapter 28 of the Acts of 2021",True
635,S2974,2974.0,S,192,Order relative to authorizing the joint committee on Financial Services to make an investigation and study of a certain current Senate document relative to growth opportunities for state financial institutions,Joint Committee on Financial Services,No further action taken,False
636,H4801,4801.0,H,192,Extension Order - Public Safety and Homeland Security,Carlos González,"Adopted, in concurrence",False
637,H4905,4905.0,H,192,Study Order,"Joint Committee on Children, Families and Persons with Disabilities",No further action taken,False
638,H958,958.0,H,192,An Act relative to clean drinking water,James M. Kelcourse,"Accompanied a study order, see H5041",False
639,S3010,3010.0,S,192,An Act relative to the Wareham Redevelopment Authority,Marc R. Pacheco,No further action taken,False
640,S641,641.0,S,192,An Act relative to special education health care costs,Cynthia Stone Creem,"Accompanied a study order, see S2800",False
641,H4925,4925.0,H,192,Extension Order - State Administration and Regulatory Oversight,Antonio F. D. Cabral,"Adopted, in concurrence",False
642,S208,208.0,S,192,An Act to end housing discrimination in the commonwealth,Adam Gomez,"Accompanied a new draft, see S2675",False
643,H346,346.0,H,192,"An Act allowing businesses to sign up for the ""Do Not Call"" list",Josh S. Cutler,"Accompanied a study order, see H4880",False
644,H4521,4521.0,H,192,"An Act establishing a sick leave bank for Maryann Donie, an employee of the Executive Office of Technology Services and Security",Kate Lipper-Garabedian,No further action taken,False
645,H4307,4307.0,H,192,An Act supporting municipal light plants,Alice Hanlon Peisch,No further action taken,False
646,S2976,2976.0,S,192,Order relative to authorizing the joint committee on the Judiciary to make an investigation and study of certain current Senate documents relative to judiciary matters,Joint Committee on the Judiciary,No further action taken,False
647,H1316,1316.0,H,192,An Act relative to the primary care workforce development and loan repayment grant program at community health centers,Thomas M. Stanley,No further action taken,False
648,HD4002,4002.0,HD,192,An Act implementing free public transit ,Mike Connolly,"Accompanied a study order, see H4966",False
649,HD2791,2791.0,HD,192,An Act relative to licensed funeral home vehicles,James Arciero,No further action taken,False
650,H104,104.0,H,192,An Act relative to filing slander against anonymous parties on the internet,Tackey Chan,"Accompanied a study order, see H5040",False
651,S54,54.0,S,192,An Act relative to helping residents work remotely,Barry R. Finegold,"Accompanied a study order, see S2683",False
652,H2966,2966.0,H,192,An Act relative to the state tax return filings for annuities,Hannah Kane,"Accompanied a study order, see H5200",False
653,S2015,2015.0,S,192,An Act limiting the impact of student loans to help staff succeed,Harriette L. Chandler,No further action taken,False
654,H3051,3051.0,H,192,An Act relative to providing a tax credit for employee training,Jeffrey N. Roy,"Accompanied a study order, see H5245",False
655,H3142,3142.0,H,192,An Act relative to the definition of fraud in public construction bid laws,Ann-Margaret Ferrante,No further action taken,False
656,H3699,3699.0,H,192,An Act extending veterans status for the National Guard and reserves,Timothy R. Whelan,"Accompanied a study order, see H5070",False
657,H4499,4499.0,H,192,An Act to improve and modernize the information technology systems and capacities of the judiciary,Joint Committee on the Judiciary,"New draft substituted, see H5046",False
658,S2888,2888.0,S,192,Public Safety and Homeland Security - Extension Order,Walter F. Timilty,"Adopted, in concurrence",False
659,H5139,5139.0,H,192,An Act authorizing the city of Boston to grant five additional licenses for the sale of alcoholic beverages to be drunk on the specified premises,Chynah Tyler,"Accompanied a new draft, see H5251",False
660,H5109,5109.0,H,192,An Act relative to the the collection of demographic data,NONE,No further action taken,False
661,H4940,4940.0,H,192,Study Order,Joint Committee on Economic Development and Emerging Technologies,No further action taken,False
662,H4450,4450.0,H,192,An Act authorizing the town of Brookline to hold hybrid town meetings,Tommy Vitolo,No further action taken,False
663,S1958,1958.0,S,192,An Act reducing senior citizen property taxes,Patrick M. O'Connor,"Accompanied a study order, see S2743",False
664,H2792,2792.0,H,192,An Act relative to timely retirement payment,Tommy Vitolo,Accompanied H2748,False
665,S1104,1104.0,S,192,An Act to enhance courthouse security,Michael O. Moore,"Accompanied a study order, see S2665",False
666,H1404,1404.0,H,192,An Act providing for rent regulation and control of evictions in mobile home park accommodations in the city of Attleboro,James K. Hawkins,"Accompanied a study order, see H5204",False
667,H5133,5133.0,H,192,An Act authorizing the Division of Capital Asset management and Maintenance to convey a certain parcel of land to the school department in the city of Westfield,Joint Committee on State Administration and Regulatory Oversight,"New draft substituted, see H5156",False
668,H1079,1079.0,H,192,An Act concerning business interruption insurance,Dylan A. Fernandes,"Accompanied a study order, see H5167",False
669,H4772,4772.0,H,192,An Act merging the Shelburne Housing Authority with and into the Franklin County Regional Housing and Redevelopment Authority and restructuring the Franklin County Regional Housing and Redevelopment Authority members,Natalie M. Blais,"Signed by the Governor, Chapter 297 of the Acts of 2022",True
670,H1077,1077.0,H,192,An Act relative to consumer protection following a bankruptcy,Lori A. Ehrlich,"Accompanied a study order, see H5165",False
671,S2932,2932.0,S,192,Order relative to authorizing the joint committee on Municipalities and Regional Government to make an investigation and study of a certain current Senate document relative to local opt-in for permanent outdoor dining,Joint Committee on Municipalities and Regional Government,No further action taken,False
672,H957,957.0,H,192,An Act relative to clean lakes and waterways in the commonwealth,James M. Kelcourse,"Accompanied a study order, see H5041",False
673,H1008,1008.0,H,192,An Act establishing a commission on livestock shelter requirements,"Paul A. Schmid, III","Accompanied a study order, see H5041",False
674,H5111,5111.0,H,192,An Act relative to energy conservation projects,NONE,No further action taken,False
675,S3015,3015.0,S,192,An Act relative to designating certain portions of Interstate Highway Route 495 as the Susannah North Martin Highway,Diana DiZoglio,"Signed by the Governor, Chapter 229 of the Acts of 2022",True
676,S2559,2559.0,S,192,"An Act relative to military spouse-licensure portability, education and enrollment of dependents",,Reported by S3075,False
677,S2468,2468.0,S,192,An Act relative to fentanyl arrests,Ryan C. Fattman,"Accompanied a study order, see S2665",False
678,S3003,3003.0,S,192,An Act expanding protections for reproductive and gender-affirming care ,,See H4954,False
679,H1005,1005.0,H,192,An Act relative to buffer zones on land under the agricultural restriction program ,"Paul A. Schmid, III","Accompanied a study order, see H5041",False
680,H1133,1133.0,H,192,An Act relative to modernizing private flood insurance,Patrick Joseph Kearney,No further action taken,False
681,S744,744.0,S,192,An Act relative to the primary care workforce development and loan repayment grant program at community health centers,Sonia Chang-Diaz,Accompanied H1316,False
682,S1425,1425.0,S,192,An Act relative to firefighters,Diana DiZoglio,"Accompanied a study order, see S2692",False
683,H978,978.0,H,192,An Act to study the feasibility of creating and implementing a gypsy moth spraying program,Mathew J. Muratore,"Accompanied a study order, see H5041",False
684,H934,934.0,H,192,An Act to improve the review and regulation of emerging contaminants on public water systems,"Thomas A. Golden, Jr.","Accompanied a study order, see H5041",False
685,S714,714.0,S,192,An Act relative to dental insurance assignment of benefits,Patrick M. O'Connor,"Accompanied a study order, see S2701",False
686,S1369,1369.0,S,192,An Act amending chapter 80 of the acts of 2002 relative to special police officers in the town of Agawam,John C. Velis,Amended by striking out all after the enacting clause and inserting in place thereof the text of S2589,False
687,H1208,1208.0,H,192,An Act relative to ensuring treatment for genetic craniofacial conditions,Thomas M. Stanley,Accompanied S648,False
688,H1147,1147.0,H,192,An Act relative to dual diagnosis treatment coverage,Elizabeth A. Malia,No further action taken,False
689,S656,656.0,S,192,"An Act relative to growth opportunities for state financial institutions
",Sal N. DiDomenico,"Accompanied a study order, see S2974",False
690,S1418,1418.0,S,192,An Act requiring food establishments to prepare seafood in separate fryers,Diana DiZoglio,"Accompanied a study order, see S2692",False
691,H976,976.0,H,192,An Act relative to the use of shotguns,"David K. Muradian, Jr.","Accompanied a study order, see H5041",False
692,H1056,1056.0,H,192,An Act requiring insurance coverage of annual lung cancer screenings for firefighters,Linda Dean Campbell,"Accompanied a study order, see H5222",False
693,S612,612.0,S,192,An Act relative to the Elm Bank Reservation,Michael F. Rush,No further action taken,False
694,H1016,1016.0,H,192,An Act authorizing permitting by the Massachusetts Department of Fish and Game,William M. Straus,"Accompanied a study order, see H5041",False
695,H1239,1239.0,H,192,An Act to strengthen the PIP process,James Arciero,"Accompanied a study order, see H5201",False
696,H3770,3770.0,H,192,An Act financing the reconstruction of the Soldiers’ Home in Holyoke,Holyoke Soldiers' Home ,Section 5 passed over veto -see Roll Call #52 (Yeas 37 to Nays 3),False
697,S715,715.0,S,192,An Act relative to disability insurance benefits,Patrick M. O'Connor,"Accompanied a study order, see S2700",False
698,H1055,1055.0,H,192,An Act relative to costs for treatment and management of diabetes,Peter Capano,"Accompanied a study order, see H5222",False
699,S1862,1862.0,S,192,An Act abolishing the death tax,Ryan C. Fattman,"Accompanied a study order, see H5245",False
700,H1131,1131.0,H,192,An Act to protect taxpayer confidentiality,Hannah Kane,Hearing scheduled for 10/26/2021 from 11:00 AM-03:00 PM in Virtual Hearing,False
701,S630,630.0,S,192,An Act to facilitate alternatives to foreclosure,Harriette L. Chandler,"Accompanied a study order, see S2699",False
702,H1150,1150.0,H,192,An Act reducing the costs for small business,Joseph D. McKenna,No further action taken,False
703,S616,616.0,S,192,An Act creating a special commission to scope a state grant or low interest loan program for properties prone to flooding,Bruce E. Tarr,"Accompanied a study order, see S2734",False
704,H3220,3220.0,H,192,An Act to increase competition and reduce costs for constructing water treatment plants,Smitty Pignatelli,No further action taken,False
705,H4182,4182.0,H,192,An Act relative to green building materials,Maria Duaime Robinson,No further action taken,False
706,H361,361.0,H,192,"An Act relative to the issuance of a Class 1 dealer license

",Michael J. Finn,"Accompanied a study order, see H4880",False
707,S540,540.0,S,192,An Act regarding raw milk,Anne M. Gobi,No further action taken,False
708,H814,814.0,H,192,An Act apportioning electoral votes by congressional district,Joseph D. McKenna,"Accompanied a study order, see H5026",False
709,S283,283.0,S,192,An Act expanding student participation in K-12 school councils,Joseph A. Boncore,"Accompanied a study order, see S2755",False
710,H3336,3336.0,H,192,"An Act relative to energy facilities siting reform to address environmental justice, climate, and public health",Adrian C. Madaro,No further action taken,False
711,H3074,3074.0,H,192,An Act relative to local control of boat excise revenue,William M. Straus,No further action taken,False
712,H4119,4119.0,H,192,An Act reducing construction noise and ensuring worker safety ,Ruth B. Balser,"Accompanied a study order, see H5023",False
713,S2106,2106.0,S,192,An Act modernizing birth certificates,Rebecca L. Rausch,No further action taken,False
714,H3155,3155.0,H,192,An Act improving the internal controls within state agencies,Danielle W. Gregoire,No further action taken,False
715,H1433,1433.0,H,192,An Act relative to excess profits resulting from 40B developments,Lenny Mirra,"Accompanied a study order, see H5276",False
716,H2937,2937.0,H,192,An Act in aid of libraries,Kate Hogan,"Accompanied a study order, see H5043",False
717,H4791,4791.0,H,192,An Act relative to equity in the cannabis industry,House Committee on Ways and Means,"Published as amended, see H4800",False
718,H4624,4624.0,H,192,An Act removing the residency requirement for the board of trustees of the Grand Army Building in the city of Lynn,Daniel Cahill,"Signed by the Governor, Chapter 194 of the Acts of 2022",True
719,S1876,1876.0,S,192,An Act promoting rural jobs,Adam G. Hinds,No further action taken,False
720,H1746,1746.0,H,192,An Act relative to pre-trial detention,Kate Lipper-Garabedian,"Accompanied a study order, see H4844",False
721,S1069,1069.0,S,192,An Act reforming the judicial system,Jason M. Lewis,"Accompanied a study order, see S2665",False
722,H4702,4702.0,H,192,Extension Order - State Administration and Regulatory Oversight,Antonio F. D. Cabral,"Adopted, in concurrence",False
723,H3150,3150.0,H,192,An Act relating to access to public records,Sean Garballey,No further action taken,False
724,H1058,1058.0,H,192,An Act to conform private with public subrogation policy,Marjorie C. Decker,"Accompanied a study order, see H5167",False
725,H1897,1897.0,H,192,An Act adjusting the salaries of the judicial branch ,Paul F. Tucker,"Accompanied a study order, see H4844",False
726,S472,472.0,S,192,An Act providing for the annual election of members of the Spencer East Brookfield Regional School Committee,Anne M. Gobi,No further action taken,False
727,S705,705.0,S,192,An Act relative to the fiduciary responsibility of lenders for non-payment of insurance premiums from escrowed accounts,Mark C. Montigny,"Accompanied a study order, see S2699",False
728,H981,981.0,H,192,An Act authorizing the director of the state office of fishing and boating access to issue an annual general permit to the town of Orleans to permit swimming from the state-owned properties located on bakers pond road,Sarah K. Peake,"Accompanied a study order, see H5236",False
729,S688,688.0,S,192,An Act to prevent inappropriate denials by insurers for medically necessary services ,John F. Keenan,"Accompanied a study order, see S2917",False
730,H1063,1063.0,H,192,An Act relative to payments for use of ambulance services,Angelo L. D'Emilia,"Accompanied a study order, see H5208",False
731,H1114,1114.0,H,192,An Act relative to mental health providers,Natalie M. Higgins,"Accompanied a study order, see H5222",False
732,H3686,3686.0,H,192,An Act relative to retirement benefits for veterans,David Allen Robertson,No further action taken,False
733,S1202,1202.0,S,192,An Act amending the unemployment insurance law for workers with fluctuating work schedules,Cindy F. Friedman,No further action taken,False
734,S709,709.0,S,192,An Act to establish minimum reimbursement rates to insurance claimants,Michael O. Moore,"Accompanied a new draft, see S2928",False
735,H930,930.0,H,192,An Act relative to landfills and areas of critical environmental concern,Jessica Ann Giannino,"Accompanied a study order, see H5041",False
736,H1059,1059.0,H,192,An Act relative to patient financial protection,Marjorie C. Decker,Hearing scheduled for 09/21/2021 from 10:00 AM-03:00 PM in Virtual Hearing,False
737,H1898,1898.0,H,192,An Act relative to guardianship,Paul F. Tucker,"Accompanied a study order, see H4844",False
738,H935,935.0,H,192,An Act relative to requiring the sealing of containers transporting solid waste,Carlos González,No further action taken,False
739,H1132,1132.0,H,192,An Act relative to emergency insulin access,Hannah Kane,"Accompanied a study order, see H5222",False
740,HD3428,3428.0,HD,192,An Act relative to internet service outages ,David Henry Argosky LeBoeuf,"Accompanied a study order, see H5040",False
741,H1095,1095.0,H,192,An Act relative to access to care for Ehler Danlos syndrome patients,Colleen M. Garry,"Accompanied a study order, see H5222",False
742,H3404,3404.0,H,192,An Act relative to penalties for operating a motor vehicle under the influence,F. Jay Barrows,"Accompanied a study order, see H4966",False
743,S703,703.0,S,192,An Act requiring mental health parity for disability policies,Joan B. Lovely,No further action taken,False
744,H987,987.0,H,192,An Act regulating the sale and purchase of horses,Alice Hanlon Peisch,"Accompanied a study order, see H5041",False
745,H1046,1046.0,H,192,An Act to relative to an underinsurance issue,F. Jay Barrows,No further action taken,False
746,H1648,1648.0,H,192,An Act relative to justices of the peace,Bradford Hill,"Accompanied a study order, see H4844",False
747,H947,947.0,H,192,An Act relative to Title V approval,"Bradley H. Jones, Jr.","Accompanied a study order, see H5041",False
748,S36,36.0,S,192,An Act to upgrade hen welfare and establish uniform cage-free standards,Jason M. Lewis,"Accompanied a new draft, see S2470",False
749,H969,969.0,H,192,An Act establishing the monitoring of ultrafine particulates,Adrian C. Madaro,"Accompanied a study order, see H5041",False
750,H1065,1065.0,H,192,An Act relative to motor vehicle service contracts,Daniel M. Donahue,No further action taken,False
751,H1098,1098.0,H,192,"An Act relative to colon cancer under the age of 50 years of age, prevalence, screening and insurance coverage and care in the Commonwealth aka Martha's Bill
",Colleen M. Garry,"Accompanied a study order, see H5210",False
752,H3431,3431.0,H,192,An Act relative to electric vehicles in high occupancy lanes,Josh S. Cutler,No further action taken,False
753,S1159,1159.0,S,192,An Act relative to a state minimum wage for municipal employees,Michael D. Brady,No further action taken,False
754,S2643,2643.0,S,192,An Act defining agritourism,"Joint Committee on Tourism, Arts and Cultural Development",No further action taken,False
755,H983,983.0,H,192,An Act establishing a Massachusetts flood risk protection program,Sarah K. Peake,"Accompanied a new draft, see H4744",False
756,H63,63.0,H,192,amending the Rules of The House of Representatives ,William C. Galvin,Adopted,False
757,S213,213.0,S,192,An Act relative to the cancellation of gym memberships,Edward J. Kennedy,"Accompanied a new draft, see H4510",False
758,H1118,1118.0,H,192,An Act relative to unpaid health insurance deductibles ,Steven S. Howitt,"Accompanied a study order, see H5211",False
759,H3758,3758.0,H,192,An Act regarding the disability pension for Ryan Lenane,Daniel J. Hunt,"Amended by substitution of a bill with the same title, see H5452",False
760,S1483,1483.0,S,192,An Act expanding health care proxy access to medical records,Mark C. Montigny,"Accompanied a study order, see S3052",False
761,H1064,1064.0,H,192,An Act to increase health insurer reporting transparency,Mindy Domb,Hearing scheduled for 12/09/2021 from 11:00 AM-04:00 PM in Virtual Hearing,False
762,H1949,1949.0,H,192,An Act relative to youth soccer referees,Josh S. Cutler,Accompanied S1233,False
763,H960,960.0,H,192,An Act relative to proper disposal of products containing PFAS,James M. Kelcourse,"Accompanied a study order, see H5041",False
764,H1126,1126.0,H,192,An Act relative to the equitable assessment of bank fees,"Bradley H. Jones, Jr.",Hearing scheduled for 10/26/2021 from 11:00 AM-03:00 PM in Virtual Hearing,False
765,H60,60.0,H,192,to a study of the rules of the House ,Ronald Mariano,"For report, see H3928",False
766,H1089,1089.0,H,192,An Act promoting continuity of care for Multiple Sclerosis treatment,Sean Garballey,No further action taken,False
767,H262,262.0,H,192,An Act providing for diaper changing stations in public buildings and accommodations,Steven C. Owens,No further action taken,False
768,S702,702.0,S,192,An Act providing protections to victims of domestic violence in connection with property insurance claims,Joan B. Lovely,No further action taken,False
769,H1044,1044.0,H,192,An Act to ensure dependent health coverage for adults with disabilities,Christine P. Barber,Accompanied S700,False
770,H1035,1035.0,H,192,An Act providing mortgage customers additional mandatory information regarding their accounts,Bruce J. Ayers,No further action taken,False
771,H83,83.0,H,192,Proposal for a legislative amendment to the Constitution relative to equal protection of the laws,Patrick Joseph Kearney,"Placed on file, in concurrence
",False
772,S30,30.0,S,192,"Report of the committee on Bills in the Third Reading, to whom was referred the amendment recommended by His Excellency the Governor to the engrossed Bill creating a next-generation roadmap for Massachusetts climate policy (see Senate, No. 9)",Senate Committee on Bills in the Third Reading,No further action taken,False
773,H1047,1047.0,H,192,An Act to reform title insurance,Antonio F. D. Cabral,"Accompanied a study order, see H5167",False
774,H1880,1880.0,H,192,An Act relative to parental visitation and custody for children of rape victims,Alyson M. Sullivan,"Accompanied a study order, see H4844",False
775,H950,950.0,H,192,"An Act to protect open space, historical resources, and community housing from coastal threats",Patrick Joseph Kearney,"Accompanied a study order, see H5041",False
776,H1488,1488.0,H,192,An Act permitting persons to bring car damage arising from a pothole against the public entity into small claims court,Tackey Chan,"Accompanied a study order, see H4844",False
777,H750,750.0,H,192,An Act relative to assisting elders and people with disabilities in the Commonwealth,James J. O'Day,Hearing scheduled for 07/12/2021 from 01:00 PM-03:00 PM in Virtual Hearing,False
778,S2539,2539.0,S,192,An Act authorizing the county of Plymouth to issue pension obligation bonds or notes,Patrick M. O'Connor,No further action taken,False
779,H962,962.0,H,192,An Act relative to protecting coastal communities,James M. Kelcourse,"Accompanied a study order, see H5041",False
780,H2516,2516.0,H,192,An Act relative to the requirement of explosive gas sensor devices,Jeffrey N. Roy,No further action taken,False
781,H2355,2355.0,H,192,An Act to reduce atmospheric pollution ,Jay D. Livingstone,"Accompanied a study order, see H5035",False
782,S1619,1619.0,S,192,An Act relative to the use of unmanned aerial systems,Michael O. Moore,No further action taken,False
783,H2546,2546.0,H,192,An Act relative to the availability of personal floatation devices at certain municipal and recreational programs and camps,Bud L. Williams,No further action taken,False
784,S1680,1680.0,S,192,An Act relative to ordinary disability retirements,Brendan P. Crighton,"Accompanied a study order, see S2679",False
785,H592,592.0,H,192,An Act regarding certifications of librarians,Sean Garballey,"Accompanied a study order, see H5073",False
786,S256,256.0,S,192,An Act relative to a business entity,Nick Collins,"Accompanied a study order, see S2710",False
787,S2397,2397.0,S,192,An Act relative to service dogs,Julian Cyr,No further action taken,False
788,H445,445.0,H,192,An Act amending chapter 138,James M. Murphy,"Accompanied a study order, see H4880",False
789,H3901,3901.0,H,192,An Act authorizing the town of Mendon to establish a means-tested senior citizen property tax exemption,Brian W. Murray,"Signed by the Governor, Chapter 241 of the Acts of 2022",True
790,H564,564.0,H,192,An Act relative to healthy school lunches,Michael S. Day,"Accompanied a study order, see H5143",False
791,H4040,4040.0,H,192,An Act relative to creditable service for Stephen Gerald Roche,David Allen Robertson,"Accompanied a study order, see H4960",False
792,H593,593.0,H,192,An Act relative to the composition of the Board of Elementary and Secondary Education,Sean Garballey,"Accompanied a study order, see H5074",False
793,S277,277.0,S,192,An Act to invest in Massachusetts citizens,Patrick M. O'Connor,"Accompanied a study order, see S2710",False
794,S2400,2400.0,S,192,An Act providing for a waiver of a certain payment of dues for veterans and active and retired Armed Forces members,Diana DiZoglio,"Accompanied a study order, see S2680",False
795,H3009,3009.0,H,192,An Act relative to industries affected by COVID-19,Lenny Mirra,"Accompanied a study order, see H5247",False
796,H444,444.0,H,192,An Act relative to wildlife rehabilitators,James M. Murphy,"Accompanied a new draft, see H4585",False
797,H1017,1017.0,H,192,An Act relative to a cranberry water use transfer program,William M. Straus,"Accompanied a new draft, see H4599",False
798,H347,347.0,H,192,An Act relative to water treatment and wastewater treatment facilities,Josh S. Cutler,No further action taken,False
799,H1222,1222.0,H,192,An Act relative to insurance companies,Tackey Chan,Amendment #1 (Garlick) adopted,False
800,S1065,1065.0,S,192,An Act establishing a foreclosure review division,Edward J. Kennedy,"Accompanied a study order, see S2665",False
801,S2770,2770.0,S,192,Order relative to authorizing the joint committee on Public Health to make an investigation and study of certain current Senate documents relative to public health issues,Joint Committee on Public Health,No further action taken,False
802,S184,184.0,S,192,An Act expanding wheelchair warranty protections for consumers with disabilities,John J. Cronin,"Accompanied a new draft, see S2567",False
803,H386,386.0,H,192,An Act waiving the fee for an annual caterer’s license due to the COVID-19 emergency,Bradford Hill,No further action taken,False
804,S178,178.0,S,192,An Act providing consumers with equal protection for all real estate appraisals ,Cynthia Stone Creem,No further action taken,False
805,H1101,1101.0,H,192,An Act relative to telehealth and digital equity for patients,"Thomas A. Golden, Jr.","Accompanied a study order, see H5281",False
806,S2565,2565.0,S,192,Order relative to procedures to be followed when considering the House Bill relative to immediate COVID-19 recovery needs,Michael J. Rodrigues,Order referred to the committee on Senate Rules,False
807,S2236,2236.0,S,192,An Act relative to fair radius restrictions of transfer stations,Walter F. Timilty,No further action taken,False
808,H3310,3310.0,H,192,An Act to provide for the investment in and expansion of the offshore wind industry in the Commonwealth,"Thomas A. Golden, Jr.","Accompanied a new draft, see H4348",False
809,H1018,1018.0,H,192,An Act establishing a commission to study dredging needs for recreational boating in Commonwealth waterways,William M. Straus,"Accompanied a new draft, see H4597",False
810,S686,686.0,S,192,An Act promoting continuity of care for multiple sclerosis treatment,John F. Keenan,Accompanied H1089,False
811,H4659,4659.0,H,192,An Act authorizing Jacob M. White to purchase creditable service from the Barnstable County Retirement Board,Kip A. Diggs,No further action taken,False
812,S2790,2790.0,S,192,"An Act establishing a sick leave bank for Elizabeth Benard, an employee of the Massachusetts Department of Mental Health",Julian Cyr,No further action taken,False
813,H4257,4257.0,H,192,An Act establishing councillor districts,Special Joint Committee on Redistricting ,"Signed by the Governor, Chapter 92 of the Acts of 2021",True
814,H4258,4258.0,H,192,An Act relative to the appointment of police officers in the town of Plymouth,Mathew J. Muratore,"Signed by the Governor, Chapter 211 of the Acts of 2022",True
815,H4256,4256.0,H,192,An Act establishing Congressional districts,Special Joint Committee on Redistricting ,"Signed by the Governor, Chapter 93 of the Acts of 2021",True
816,H4259,4259.0,H,192,An Act amending the charter of the town of Medway,Denise C. Garlick,"Signed by the Governor, Chapter 90 of the Acts of 2022",True
817,H4260,4260.0,H,192,An Act authorizing the town of Wellesley to grant certain licenses for the sale of alcoholic beverages,Denise C. Garlick,"Signed by the Governor, Chapter 113 of the Acts of 2021",True
818,S1170,1170.0,S,192,An Act relative to social media privacy protection,Cynthia Stone Creem,No further action taken,False
819,H4802,4802.0,H,192,An Act making appropriations for fiscal year 2022 to provide for supplementing certain existing appropriations and for certain other activities and projects,Charles D. Baker,No further action taken,False
820,H3239,3239.0,H,192,An Act to apply the public records law to the legislature,Erika Uyterhoeven,"Accompanied a study order, see H4969",False
821,H1882,1882.0,H,192,An Act relative to protecting domestic violence victims,Alyson M. Sullivan,"Accompanied a study order, see H4844",False
822,S2188,2188.0,S,192,An Act reforming the department of public utilities' proceedings for gas pipelines,Adam G. Hinds,"Accompanied a study order, see S2715",False
823,S1306,1306.0,S,192,An Act enabling physician assistants to authorize psychiatric holds,Michael O. Moore,"Accompanied a study order, see S2919",False
824,H4631,4631.0,H,192,An Act relative to a conservation restriction in the town of Hanson,Josh S. Cutler,"Signed by the Governor, Chapter 133 of the Acts of 2022",True
825,S2771,2771.0,S,192,Order relative to authorizing the joint committee on Public Service to make an investigation and study of certain current Senate documents relative to pensions,Joint Committee on Public Service,No further action taken,False
826,H74,74.0,H,192,Proposal for a legislative amendment to the Constitution relative to voting rights,Mindy Domb,"Placed on file, in concurrence
",False
827,S34,34.0,S,192,An Act to allow the city of Gloucester to appoint retired police officers as special police officers,Bruce E. Tarr,"Reprinted as amended, see S2479",False
828,H3580,3580.0,H,192,An Act relative to accurate impairment testing,David M. Rogers,"Accompanied a study order, see H4966",False
829,S2053,2053.0,S,192,An Act relative to unpaid student loans,Ryan C. Fattman,Accompanied H3161,False
830,S37,37.0,S,192,"An Act establishing a sick leave bank for Rachel Pride, an employee of the Department of Youth Services",Anne M. Gobi,"Signed by the Governor, Chapter 7 of the Acts of 2021",True
831,H4242,4242.0,H,192,An Act relative to the licensure of appraisers,Joint Committee on Consumer Protection and Professional Licensure,No further action taken,False
832,H4642,4642.0,H,192,An Act relative to the bulk purchase of epinephrine auto-injectors,Joint Committee on Public Health,"Accompanied a study order, see H5222",False
833,H82,82.0,H,192,Proposal for a legislative amendment to the Constitution prohibiting eminent domain takings,"Bradley H. Jones, Jr.",Joint session held and dissolved,False
834,H4274,4274.0,H,192,An Act relative to the amendment of section 3-4 of the Home Rule Charter of the city of Methuen,Denise C. Garlick,"Signed by the Governor, Chapter 285 of the Acts of 2022",True
835,H1107,1107.0,H,192,An Act relative to health insurer reserve requirements,Danielle W. Gregoire,Hearing scheduled for 12/09/2021 from 11:00 AM-04:00 PM in Virtual Hearing,False
836,S2638,2638.0,S,192,An Act relative to increasing operational safety for keyless ignition technology in motor vehicles,Joint Committee on Transportation,No further action taken,False
837,S1201,1201.0,S,192,An Act relative to emergency unemployment insurance for gig economy workers,Barry R. Finegold,"Accompanied a study order, see S2816",False
838,S2814,2814.0,S,192,An Act establishing a behavioral health workforce center ,Joint Committee on Higher Education,No further action taken,False
839,S1242,1242.0,S,192,An Act establishing a Commonwealth citizen service initiative,Marc R. Pacheco,No further action taken,False
840,S667,667.0,S,192,An Act relative to group insurance commission procurement,Paul R. Feeney,"Accompanied a study order, see S2693",False
841,H3420,3420.0,H,192,An Act relative to dangerous high speed pursuits,Daniel R. Carey,Hearing scheduled for 12/13/2021 from 03:00 PM-05:00 PM in Virtual Hearing,False
842,S2248,2248.0,S,192,An Act relative to regional tourism councils,Joan B. Lovely,"Accompanied a study order, see S2908",False
843,H1142,1142.0,H,192,An Act relative to mortgage licensing in Massachusetts,"John J. Lawn, Jr.",Hearing scheduled for 10/26/2021 from 11:00 AM-03:00 PM in Virtual Hearing,False
844,H3187,3187.0,H,192,An Act to establish a Massachusetts children’s cabinet,Kay Khan,"Accompanied a new draft, see H5088",False
845,H4222,4222.0,H,192,An Act relative to the West Tisbury Select Board,Denise C. Garlick,"Signed by the Governor, Chapter 12 of the Acts of 2022",True
846,S2531,2531.0,S,192,special election to fill the vacancy in the First Suffolk and Middlesex senatorial district,Karen E. Spilka,Rules suspended and adopted,False
847,H2261,2261.0,H,192,An Act to promote public safety and certainty related to child deaths,Marjorie C. Decker,"New draft substituted, see H5422",False
848,H3627,3627.0,H,192,An Act establishing the Blue Star Family license plate,Thomas P. Walsh,No further action taken,False
849,S1328,1328.0,S,192,An Act creating a commission to study the effects of unfunded mandates on municipalities,Diana DiZoglio,"Accompanied a study order, see S2630",False
850,H4481,4481.0,H,192,An Act relative to low income transit fares,Joint Committee on Transportation,No further action taken,False
851,H4066,4066.0,H,192,An Act amending the charter of the town of Hopkinton to change the name of the board of selectmen to select board,Carolyn C. Dykema,"Signed by the Governor, Chapter 90 of the Acts of 2021",True
852,S2480,2480.0,S,192,An Act making appropriations for fiscal year 2021 to provide for supplementing certain existing appropriations and for certain other activities and projects,Senate Committee on Ways and Means,See H3871,False
853,H254,254.0,H,192,An Act to keep siblings together in foster care,Joan Meschino,"Accompanied a study order, see H4909",False
854,H4172,4172.0,H,192,"An Act recategorizing DMH, DPH, and DDS police ",David Allen Robertson,"Accompanied a study order, see H4960",False
855,H4661,4661.0,H,192,An Act designating a certain bridge in the city of North Adams as the William F. Evans Memorial Bridge,"John Barrett, III","Signed by the Governor, Chapter 349 of the Acts of 2022",True
856,S2826,2826.0,S,192,Election Laws - Extension Order,Barry R. Finegold,"House adopted, in concurrence",False
857,S2817,2817.0,S,192,relative to unemployment compensation and labor disputes,Joint Committee on Labor and Workforce Development,No further action taken,False
858,S2144,2144.0,S,192,An Act promoting local energy investment and infrastructure modernization,Joanne M. Comerford,No further action taken,False
859,S2572,2572.0,S,192,An Act addressing barriers to care for mental health,Senate Committee on Ways and Means,"Reprinted, as amended, see S2584",False
860,H1710,1710.0,H,192,An Act relative to obtaining relief for a child or youth from abuse and harassment,Kay Khan,"Accompanied a study order, see H4844",False
861,H2536,2536.0,H,192,An Act relative to firearm owners protection ,David T. Vieira,"Accompanied a study order, see H5190",False
862,H4436,4436.0,H,192,An Act designating U.S. Route 20 in Massachusetts the Medal of Honor Highway,Jacob R. Oliveira,"Signed by the Governor, Chapter 273 of the Acts of 2022",True
863,S2584,2584.0,S,192,An Act addressing barriers to care for mental health,,Reported by S3097,False
864,S942,942.0,S,192,An Act to prevent illegal trafficking and gun violence among youth in the Commonwealth,Sonia Chang-Diaz,"Accompanied a study order, see S2665",False
865,H4520,4520.0,H,192,An Act authorizing the conveyance of certain state property to the town of Salisbury,James M. Kelcourse,"Accompanied a new draft, see H4673",False
866,H4139,4139.0,H,192,An Act relative to electronic expense payments,Shawn Dooley,"Accompanied a study order, see H5026",False
867,S1052,1052.0,S,192,An Act modernizing time-share extension and termination procedures,Adam G. Hinds,Accompanied H1830,False
868,H1423,1423.0,H,192,An Act relative to condominium elections,Hannah Kane,"Accompanied a study order, see H5276",False
869,H4746,4746.0,H,192,An Act authorizing the town of Raynham to grant additional licenses for the sale of wine and malt beverages not to be drunk on the premises,Joint Committee on Consumer Protection and Professional Licensure,"Signed by the Governor, Chapter 308 of the Acts of 2022",True
870,H1732,1732.0,H,192,An Act relative to the intimidation of witnesses and interfering with justice,David Paul Linsky,"Accompanied a study order, see H4844",False
871,H2488,2488.0,H,192,An Act to clarify the prosecution of illegal guns,David Paul Linsky,"Accompanied a study order, see H5190",False
872,S2543,2543.0,S,192,An Act relative to banning child sex dolls,Joan B. Lovely,"Accompanied a study order, see S2665",False
873,H4626,4626.0,H,192,An Act removing the residency requirement for the city of Lynn’s water and sewer commission,Daniel Cahill,"Signed by the Governor, Chapter 272 of the Acts of 2022",True
874,H1155,1155.0,H,192,An Act to ensure access to generic medications,Paul McMurtry,"Accompanied a study order, see H5222",False
875,H965,965.0,H,192,An Act prohibiting the sale of fur products,Jack Patrick Lewis,"Accompanied a study order, see H5041",False
876,H1110,1110.0,H,192,An Act  to extend coverage for any willing provider to qualify as a mental health professional,Sheila C. Harrington,Hearing scheduled for 07/27/2021 from 11:00 AM-03:00 PM in Virtual Hearing,False
877,S698,698.0,S,192,An Act prohibiting discrimination in insurance on the basis of having a naloxone prescription,Joan B. Lovely,"Accompanied a study order, see S2700",False
878,S697,697.0,S,192,An Act relative to insurance coverage for mammograms and breast cancer screening,Joan B. Lovely,"Accompanied a study order, see S2917",False
879,H1111,1111.0,H,192,An Act to establish minimum reimbursement rate to insurance claimants,James K. Hawkins,"Accompanied a new draft, see H4868",False
880,H1122,1122.0,H,192,An Act establishing pregnancy as a qualifying event,"Bradley H. Jones, Jr.",Hearing scheduled for 10/12/2021 from 11:00 AM-04:00 PM in Virtual Hearing,False
881,H1124,1124.0,H,192,An Act establishing a commission to study the promotion of preferred pharmacy networks,"Bradley H. Jones, Jr.",Hearing scheduled for 09/21/2021 from 10:00 AM-03:00 PM in Virtual Hearing,False
882,H1094,1094.0,H,192,An Act establishing a rideshare driver bill of rights,Denise C. Garlick,"Accompanied a study order, see H5312",False
883,H4889,4889.0,H,192,An Act designating a certain bridge in the town of Pembroke as the Judith Winsor Smith Memorial Bridge,Josh S. Cutler,"Signed by the Governor, Chapter 345 of the Acts of 2022",True
884,H4913,4913.0,H,192,An Act relative to the inspection and certification of modular homes,Sally P. Kerans,"Accompanied a study order, see H5262",False
885,S463,463.0,S,192,An Act relative to corporate accountability for political spending,James B. Eldridge,"Accompanied a study order, see H5026",False
886,H807,807.0,H,192,An Act relative to honest online political advertisement disclosure and election interference,David Henry Argosky LeBoeuf,"Accompanied a study order, see H5284",False
887,H795,795.0,H,192,An Act relative to campaign finance reform,Danielle W. Gregoire,"Accompanied a study order, see H5026",False
888,S2758,2758.0,S,192,Order relative to authorizing the joint committee on Transportation to make an investigation and study of certain current Senate documents relative to miscellaneous transportation issues,Joint Committee on Transportation,No further action taken,False
889,H4885,4885.0,H,192,An Act relative to ranked choice voting in the city of Northampton,Lindsay N. Sabadosa,No further action taken,False
890,H3684,3684.0,H,192,Resolve establishing a commission to study veterans’ transportation issues,Jerald A. Parisella,No further action taken,False
891,S2104,2104.0,S,192,An Act updating the Open Meeting Law to support remote participation,Rebecca L. Rausch,"Accompanied a new draft, see H5031",False
892,H3676,3676.0,H,192,An Act relative to reimbursement for annual training for armed forces members,Kate Lipper-Garabedian,No further action taken,False
893,H3690,3690.0,H,192,An Act relative to EMT certification of veterans and military medics,Adam J. Scanlon,No further action taken,False
894,S149,149.0,S,192,An Act establishing the MassMade Program,Adam G. Hinds,"Accompanied a study order, see S2709",False
895,H3628,3628.0,H,192,An Act relative to the Old King's Highway Regional District,Timothy R. Whelan,"Accompanied a study order, see H4966",False
896,S1343,1343.0,S,192,An Act Municipal Building Assistance Program and Building Authority,Edward J. Kennedy,No further action taken,False
897,H833,833.0,H,192,An Act relative to secure ballot access for eligible incarcerated individuals,Lindsay N. Sabadosa,"Accompanied a study order, see H5026",False
898,S525,525.0,S,192,"An Act relative to plastic bag reduction
",James B. Eldridge,"Accompanied a new draft, see S2895",False
899,S510,510.0,S,192,An Act relative to the pesticide board,Julian Cyr,No further action taken,False
900,H382,382.0,H,192,An Act exempting public school stadiums from certain state regulations,Richard M. Haggerty,"Accompanied a study order, see H4880",False
901,H893,893.0,H,192,An Act limiting toxics release inventory facilities in environmental justice communities,Michelle M. DuBois,"Accompanied a study order, see H5041",False
902,H1148,1148.0,H,192,An Act to prevent inappropriate denials by insurers for medically necessary services,Elizabeth A. Malia,"Accompanied a study order, see H5222",False
903,H820,820.0,H,192,An Act relative to reprecincting,Michael J. Moran,"New draft substituted, see H3863
",False
904,H62,62.0,H,192,"An Act establishing a sick leave bank for Karen T. O'Neil, an employee of the Massachusetts Department of Transportation",Tackey Chan,No further action taken,False
905,S140,140.0,S,192,An Act to increase the safety of individuals with disabilities relying on life-support equipment,Patrick M. O'Connor,No further action taken,False
906,H1428,1428.0,H,192,An Act codifying the Massachusetts Rental Voucher Program,Adrian C. Madaro,Accompanied S898,False
907,S195,195.0,S,192,An Act relative to licensure of art therapists,Diana DiZoglio,"Accompanied a study order, see S2666",False
908,S1528,1528.0,S,192,An Act relative to certified medication aides,Bruce E. Tarr,Accompanied H2380,False
909,H76,76.0,H,192,Proposal for a legislative amendment to the Constitution to provide for no excuse absentee voting,Michael J. Moran,Joint session held and dissolved,False
910,S145,145.0,S,192,An Act establishing a commission to study childhood hunger in Norfolk County as a result of the COVID-19 pandemic,Walter F. Timilty,No further action taken,False
911,H2226,2226.0,H,192,"An Act creating a commission to study the need to reduce salt and sugar content in meals served in restaurants, schools, and public spaces",Ruth B. Balser,"Accompanied a study order, see H5197",False
912,S1456,1456.0,S,192,An Act to define clinical social work practice,Eric P. Lesser,Accompanied H2384,False
913,H2138,2138.0,H,192,An Act relative to partition fences,"John Barrett, III",No further action taken,False
914,S1106,1106.0,S,192,An Act maintaining protective orders,Michael O. Moore,"Accompanied a study order, see S2665",False
915,S1123,1123.0,S,192,An Act to empower and protect survivors of domestic violence,Patrick M. O'Connor,"Accompanied a study order, see S2665",False
916,S684,684.0,S,192,An Act to reduce the cost of pharmacy benefits,Patricia D. Jehlen,"Accompanied a study order, see S2800",False
917,H372,372.0,H,192,An Act restricting the sale of certain items at flea markets,Colleen M. Garry,"Accompanied a study order, see H4880",False
918,H2826,2826.0,H,192,An Act to close corporate tax loopholes and create progressive revenue,Christine P. Barber,"Accompanied a study order, see H5279",False
919,H226,226.0,H,192,An Act relative to early intervention services for children with prenatal exposure to opioids,Patricia A. Haddad,No further action taken,False
920,H4697,4697.0,H,192,An Act establishing the Massachusetts hunger-free campus initiative,Joint Committee on Higher Education,No further action taken,False
921,H1904,1904.0,H,192,An Act ensuring equitable access to cannabis related expungement,Chynah Tyler,"Accompanied a study order, see H5173",False
922,H234,234.0,H,192,An Act to protect safety net access for Massachusetts residents,Mary S. Keefe,"Accompanied a study order, see H5261",False
923,S1949,1949.0,S,192,An Act establishing a tax credit for families caring for relatives with aphasia,Patrick M. O'Connor,"Accompanied a study order, see H5248",False
924,H1902,1902.0,H,192,An Act to designate the courthouse in the Roxbury section of the city of Boston as the Edward O. Gourdin Courthouse,Chynah Tyler,"Accompanied a study order, see H5170",False
925,H3448,3448.0,H,192,An Act relative to school bus safety,Carolyn C. Dykema,"Accompanied a study order, see H4966",False
926,H2841,2841.0,H,192,An Act relative to ensuring fairness and equity in the assessment of the value of property,Gerard J. Cassidy,No further action taken,False
927,H230,230.0,H,192,An Act ensuring the appropriate and timely payment and residential service placement for children deemed to be a safety risk,Steven S. Howitt,"Accompanied a study order, see H4909",False
928,S1778,1778.0,S,192,"An Act relative to creditable service for Lisa Emma, a member of the Massachusetts Teachers' Retirement System",Bruce E. Tarr,No further action taken,False
929,S1950,1950.0,S,192,An Act establishing a tax credit for individuals paying college tuition,Patrick M. O'Connor,"Accompanied a study order, see H5248",False
930,S1758,1758.0,S,192,"An Act allowing Joseph Barbati, a retired member of the Massachusetts Trial Court, an accidental disability retirement option",Patrick M. O'Connor,"Accompanied a new draft, see H4620",False
931,S135,135.0,S,192,An Act requiring the evaluation of governmental services on children and families of the Commonwealth,Michael O. Moore,"Accompanied a study order, see S2624",False
932,H4478,4478.0,H,192,An Act concerning the safety of school children embarking and disembarking school buses,Joint Committee on Transportation,No further action taken,False
933,S2209,2209.0,S,192,An Act relative to air monitoring stations,Patrick M. O'Connor,"Accompanied a study order, see S2715",False
934,H354,354.0,H,192,An Act creating a licensing process for personal care attendants,Shawn Dooley,"Accompanied a study order, see H4880",False
935,H825,825.0,H,192,An Act providing a local option for ranked choice voting in municipal elections,Smitty Pignatelli,"Accompanied a study order, see H5026",False
936,H4314,4314.0,H,192,An Act authorizing a development surcharge for community housing in the town of Lexington,Michelle L. Ciccolo,No further action taken,False
937,H874,874.0,H,192,An Act creating a special commission to scope a state grant or low interest loan program for properties prone to flooding,Josh S. Cutler,"Accompanied a study order, see H5041",False
938,S487,487.0,S,192,An Act moving the state primary to June,Rebecca L. Rausch,"Accompanied a study order, see H5026",False
939,H4881,4881.0,H,192,An Act making appropriations for fiscal year 2022 to provide for supplementing certain existing appropriations and for certain other activities and projects,Charles D. Baker,No further action taken,False
940,H811,811.0,H,192,An Act to create a commission examining child disenfranchisement and recommending alternatives,Jay D. Livingstone,"Accompanied a study order, see H5026",False
941,H3638,3638.0,H,192,An Act relative to life insurance for members of the Massachusetts National Guard,Bruce J. Ayers,No further action taken,False
942,S468,468.0,S,192,An Act relative to expanding voting options in Massachusetts ,Barry R. Finegold,"Accompanied a study order, see H5026",False
943,S479,479.0,S,192,An Act for Primary Election Reform,Jason M. Lewis,"Accompanied a study order, see H5026",False
944,S1221,1221.0,S,192,An Act expanding the community college training incentive program,Eric P. Lesser,No further action taken,False
945,S2437,2437.0,S,192,An Act establishing a real estate transfer fee upon the transfer of property in the town of Concord,Michael J. Barrett,No further action taken,False
946,H2225,2225.0,H,192,An Act relative to facilitating the utilization of psychologists on the health care team,Ruth B. Balser,"Accompanied a study order, see H5222",False
947,S1353,1353.0,S,192,An Act authorizing the town of Middleborough to lease to the town of Plympton land owned by Middleborough and located in Plympton,Marc R. Pacheco,"Signed by the Governor, Chapter 17 of the Acts of 2022 ",True
948,S2114,2114.0,S,192,An Act recognizing the birthday of the United States Navy Seabees,Michael F. Rush,"New draft substituted, see S3159",False
949,H3146,3146.0,H,192,An Act relative to MWRA employees,Sean Garballey,"Accompanied a study order, see H4969",False
950,H3189,3189.0,H,192,An Act relative to Rosa Parks Day,Michael P. Kushmerek,No further action taken,False
951,H3186,3186.0,H,192,An Act establishing a special commission to investigate and study the feasibility of establishing a municipal building financing authority,Patrick Joseph Kearney,"Accompanied a study order, see S2620",False
952,S2156,2156.0,S,192,An Act relative to improving reliability and resiliency of electricity distribution infrastructure,Julian Cyr,No further action taken,False
953,H2983,2983.0,H,192,An Act extending a property tax exemption to the surviving spouse of blind persons,David Paul Linsky,"Accompanied a study order, see H5250",False
954,H3958,3958.0,H,192,An Act providing religious accommodations for students at institutions of higher education during exams,Jack Patrick Lewis,"Accompanied a study order, see H5174",False
955,H323,323.0,H,192,An Act relative to commercial vehicle warranties,Gerard J. Cassidy,"Accompanied a study order, see H4880",False
956,H327,327.0,H,192,An Act relative to the licensure of appraisers ,Tackey Chan,"Accompanied a new draft, see H4242",False
957,S1396,1396.0,S,192,An Act to develop a coordinated stroke care system,Brendan P. Crighton,"Accompanied a study order, see S3174",False
958,S1294,1294.0,S,192,An Act strengthening prescription drug safety and drug stewardship,John F. Keenan,No further action taken,False
959,H3157,3157.0,H,192,An Act to ensure gender parity and racial and ethnic diversity on public boards and commissions,Patricia A. Haddad,No further action taken,False
960,S509,509.0,S,192,An Act relative to wetland protection ,John J. Cronin,"Accompanied a study order, see S2734",False
961,H2178,2178.0,H,192,An Act relative to EMS leave without loss of pay,Daniel J. Hunt,"Accompanied a study order, see H4933",False
962,H3585,3585.0,H,192,An Act relative to discounted MBTA passes for nonprofit entities,Adam J. Scanlon,"Accompanied a study order, see H4966",False
963,S1380,1380.0,S,192,An Act providing for consumer access to and the right to practice complementary and alternative health care services,Nick Collins,Accompanied H2343,False
964,H2254,2254.0,H,192,An Act to add Section 5K(I) to Section 5K of Chapter 111,Josh S. Cutler,"Accompanied a new draft, see S2725",False
965,S506,506.0,S,192,An Act relative to the disposal of sea mammals on metropolitan beaches,Brendan P. Crighton,Accompanied H933,False
966,S587,587.0,S,192,An Act further regulating the enforcement of illegal hunting practices,Michael O. Moore,Accompanied H904,False
967,S2169,2169.0,S,192,An Act supporting solar distribution,James B. Eldridge,"Accompanied a study order, see S2715",False
968,H2165,2165.0,H,192,An Act authorizing cities and towns to establish reduced maximum tow rates during certain declared emergencies,Carlos González,No further action taken,False
969,H1172,1172.0,H,192,An Act Updating the Massachusetts Uniform Commercial Code,Alice Hanlon Peisch,Hearing scheduled for 10/26/2021 from 11:00 AM-03:00 PM in Virtual Hearing,False
970,H2186,2186.0,H,192,An Act relative to sanctuary cities and towns,Marc T. Lombardo,No further action taken,False
971,S2550,2550.0,S,192,An Act ratifying the town meeting of the town of Rowley,Charles D. Baker,"Signed by the Governor, Chapter 2 of the Acts of 2021",True
972,S2476,2476.0,S,192,"Majority Report on the Governor’s Reorganization Plan No. 1 of 2021 (submitted by the Governor pursuant to Article LXXXVII of the Amendments to the Constitution) reorganizing certain licensing agencies of the executive department (House, No. 3774).",,See H3774,False
973,H2360,2360.0,H,192,An Act relative to source plasma donation centers,John J. Mahoney,"Accompanied a new draft, see S2782",False
974,S925,925.0,S,192,An Act to remove collateral consequences and protect the presumption of innocence,Joseph A. Boncore,"Accompanied a study order, see S2665",False
975,H2402,2402.0,H,192,An Act to ensure timely physician licensure,Jon Santiago,"Accompanied a study order, see H5198",False
976,H2771,2771.0,H,192,An Act relative to the commonwealth's fire departments,Danillo A. Sena,"Accompanied a study order, see H4960",False
977,H2361,2361.0,H,192,An Act to expand naloxone access,Elizabeth A. Malia,"Accompanied a new draft, see S2780",False
978,H2900,2900.0,H,192,An Act relative to work from home incentives,Paul K. Frost,"Accompanied a study order, see H5043",False
979,H2312,2312.0,H,192,An Act relative to conducting fetal and infant mortality review,Patricia A. Haddad,Accompanied H2371,False
980,H2385,2385.0,H,192,An Act to reduce lead poisoning in children,Alice Hanlon Peisch,"Accompanied a study order, see H5035",False
981,H2363,2363.0,H,192,An Act relative to emergency room procedure for prescribing or dispensing pain medication to certain persons on probation,Joseph D. McKenna,"Accompanied a study order, see H5035",False
982,H1452,1452.0,H,192,An Act regarding asset forfeiture,James Arciero,"Accompanied a new draft, see S2671",False
983,S1529,1529.0,S,192,An Act further regulating hospitals,Bruce E. Tarr,"Accompanied a study order, see S2692",False
984,H2364,2364.0,H,192,An Act relative to medical health and fitness facilities,Paul McMurtry,"Accompanied a study order, see H5202",False
985,H2234,2234.0,H,192,An Act relative to the burial of pets,David Biele,"Accompanied a study order, see H5035",False
986,H4411,4411.0,H,192,Extension Order - Transportation,William M. Straus,"Adopted, in concurrence",False
987,H3780,3780.0,H,192,An Act establishing a statewide COVID-19 rapid testing program to safely re-open our economy ,Tami L. Gouveia,"Accompanied a study order, see H4968",False
988,S2806,2806.0,S,192,"Order relative to authorizing the joint committee on Environment, Natural Resources and Agriculture to make an investigation and study of a certain current Senate document relative to the Salisbury Beach Preservation Trust Fund","Joint Committee on Environment, Natural Resources and Agriculture",No further action taken,False
989,H75,75.0,H,192,Proposal for a legislative amendment to the Constitution relative to no fault absentee voting,Paul W. Mark,"Placed on file, in concurrence
",False
990,S28,28.0,S,192,An Act further providing for early voting by mail,Jason M. Lewis,Hearing scheduled from 03/4/2021 @ 4:00 PM until 03/08/2021 @ 10:00 AM in Written Testimony Only,False
991,S218,218.0,S,192,An Act relative to advancing the profession of commercial interior design,Joan B. Lovely,"Accompanied a new draft, see S2570",False
992,S2571,2571.0,S,192,An Act regulating the practice and licensure of veterinary technicians,Joint Committee on Consumer Protection and Professional Licensure,No further action taken,False
993,S2827,2827.0,S,192,An Act relative to Massachusetts time zones,Joint Committee on State Administration and Regulatory Oversight,No further action taken,False
994,S2730,2730.0,S,192,An Act to increase access to disposable menstrual products,Senate Committee on Ways and Means,No further action taken,False
995,S200,200.0,S,192,An Act relative to charitable alcohol donations,James B. Eldridge,"Accompanied a study order, see S2666",False
996,H4646,4646.0,H,192,An Act requiring accountability for inequities in suspension and expulsion – the RAISE ACT,Joint Committee on Education,No further action taken,False
997,S2133,2133.0,S,192,An Act to expand carbon pricing in the commonwealth,Michael J. Barrett,No further action taken,False
998,S2831,2831.0,S,192,An Act preserving open space in the Commonwealth,,See H851,False
999,S148,148.0,S,192,An Act authorizing municipalities to expend certain funds for the acquisition of land to be used for rail trails,James B. Eldridge,No further action taken,False
1000,H3831,3831.0,H,192,An Act regarding licenses for the sale of alcoholic beverages to be drunk on the premises in the town of Tisbury,Dylan A. Fernandes,Senate concurred,False
1001,H3208,3208.0,H,192,An Act to limit the state’s authority to prevent the renewal of licenses after default on student loans,"David K. Muradian, Jr.",Accompanied H3161,False
1002,H78,78.0,H,192,"Proposal for a legislative amendment to the Constitution for a Constitutional Right to Housing
",Michael S. Day,"Placed on file, in concurrence
",False
1003,H79,79.0,H,192,Proposal for a legislative amendment to the Constitution relative to use of gender in the Massachusetts Constitution,Mindy Domb,"Placed on file, in concurrence
",False
1004,H4154,4154.0,H,192,An Act to relative to enhancing employment opportunities,David Henry Argosky LeBoeuf,"Accompanied a study order, see H4844",False
1005,S687,687.0,S,192,An Act relative to removing barriers to non-opioid pain management,John F. Keenan,"Accompanied a study order, see S2917",False
1006,H2737,2737.0,H,192,An Act regarding retirement of public authority employee groups,Rady Mom,"Accompanied a study order, see H4960",False
1007,S2567,2567.0,S,192,An Act expanding wheelchair warranty protections for consumers with disabilities,Joint Committee on Consumer Protection and Professional Licensure,"New draft substituted, see S3136",False
1008,S1175,1175.0,S,192,Resolve establishing a commission for social mobility and equitable workforce development  ,John J. Cronin,Hearing scheduled for 07/27/2021 from 10:30 AM-03:30 PM in Virtual Hearing,False
1009,S1183,1183.0,S,192,An Act regulating the use of credit reports by employers,Diana DiZoglio,"Accompanied a new draft, see H4614",False
1010,H4677,4677.0,H,192,"An Act requiring the Department of Public Health to provide for early intervention providers to support increased salaries, wages and benefits for early intervention clinicians and support staff",Aaron Michlewitz,"Signed by the Governor, Chapter 83 of the Acts of 2022",True
1011,H1927,1927.0,H,192,"An Act relative to the efficient management and operation of the registries of probate
",Susannah M. Whipps,"Accompanied a new draft, see H4500",False
1012,H4278,4278.0,H,192,An Act relative to the reserve time of public safety personnel in the city of Revere,Jessica Ann Giannino,"Accompanied a new draft, see H4572",False
1013,S2738,2738.0,S,192,An Act encouraging the use of renewable energy on agricultural land,"Joint Committee on Environment, Natural Resources and Agriculture",Accompanied H4524,False
1014,S154,154.0,S,192,An Act relative to a municipality’s right of first refusal of agricultural and recreational land,Michael O. Moore,"Accompanied a study order, see S2709",False
1015,H875,875.0,H,192,An Act to protect coastal resources,Josh S. Cutler,"Accompanied a study order, see H5041",False
1016,H4440,4440.0,H,192,An Act relative to social equity and host community agreements in the cannabis industry,Joint Committee on Cannabis Policy,No further action taken,False
1017,S2820,2820.0,S,192,An Act preserving open space in the Commonwealth,Senate Committee on Ways and Means,See H851,False
1018,S1172,1172.0,S,192,An Act relative to municipal unemployment insurance reform,Cynthia Stone Creem,"Accompanied a study order, see S2697",False
1019,H4443,4443.0,H,192,An Act relative to the alternative superannuation retirement benefit program for teachers,House Committee on Ways and Means,"Signed by the Governor, Chapter 134 of the Acts of 2022",True
1020,S695,695.0,S,192,An Act relative to specialty medications and patient safety,Jason M. Lewis,"Accompanied a study order, see S2917",False
1021,H288,288.0,H,192,An Act relative to providing relief for micro businesses for the duration of executive order 591 in response to the COVID-19 outbreak,Carlos González,"Accompanied a study order, see H5027",False
1022,S2683,2683.0,S,192,"Order relative to authorizing the joint committee on Advanced Information Technology, the Internet and Cybersecurity to make an investigation and study of certain current Senate documents relative to advanced information technology, the internet and cybersecurity matters","Joint Committee on Advanced Information Technology, the Internet and Cybersecurity",No further action taken,False
1023,H4134,4134.0,H,192,An Act extending rebates for electric and zero emission vehicles,"Angelo J. Puppolo, Jr.","Accompanied a study order, see H5042",False
1024,H2151,2151.0,H,192,An Act relative to public hearing notification for variances from the terms of the applicable zoning ordinance or by-law ,Michelle M. DuBois,"Accompanied a study order, see H4933",False
1025,S1458,1458.0,S,192,An Act relative to the practice of acupuncture,Eric P. Lesser,"Accompanied a new draft, see S2886",False
1026,H4131,4131.0,H,192,An Act authorizing the city of Salem to grant an additional license for the sale of wine and malt beverages not to be drunk on the premises of Peter's Bella Pizza at 84 Highland Avenue,Paul F. Tucker,"Accompanied a new draft, see H4665",False
1027,H4805,4805.0,H,192,An Act relative to work and family mobility,Work and Family Mobility,Chapter 81 of the Acts of 2022,False
1028,S2970,2970.0,S,192,An Act to create alternatives for community emergency services,Joint Committee on Public Safety and Homeland Security,No further action taken,False
1029,H4484,4484.0,H,192,An Act establishing the position of Town Manager in the town of Tyngsborough ,Colleen M. Garry,"Amended by substitution of a bill with the same title, see H5359",False
1030,H4477,4477.0,H,192,An Act relative to the electrification of new and substantially remodeled or rehabilitated buildings,Kay Khan,No further action taken,False
1031,S2629,2629.0,S,192,Technical Amendment,Joanne M. Comerford,See H3900,False
1032,H401,401.0,H,192,An Act creating a maximum allowable check-cashing rate,Daniel J. Hunt,Hearing scheduled for 08/02/2021 from 01:00 PM-03:00 PM in Virtual Hearing,False
1033,H2861,2861.0,H,192,An Act to level the playing field for Massachusetts small and medium sized businesses ,Josh S. Cutler,"Accompanied a study order, see H5043",False
1034,H4473,4473.0,H,192,Extension Order - Housing,James Arciero,"Adopted, in concurrence",False
1035,S157,157.0,S,192,An Act relative to planning boards' approval of subdivision plans,Patrick M. O'Connor,"Accompanied a study order, see S2709",False
1036,H4788,4788.0,H,192,An Act relative to liquor licenses in the City of Chelsea ,Daniel J. Ryan,No further action taken,False
1037,S1325,1325.0,S,192,An Act to prevent nonprofit institutions from avoiding wetlands or natural resource protections under the so-called Dover Amendment,Brendan P. Crighton,"Accompanied a study order, see S2630",False
1038,H1597,1597.0,H,192,An Act relative to the Uniform Electronic Legal Material Act,Carmine Lawrence Gentile,"Accompanied a study order, see H4844",False
1039,S983,983.0,S,192,An Act to address the impact of federal tax law changes on alimony,Cynthia Stone Creem,Accompanied H1633,False
1040,S2546,2546.0,S,192,An Act to promote American manufacturing,Joan B. Lovely,"Accompanied a study order, see S2975",False
1041,H378,378.0,H,192,An Act relative to pet grooming,Carlos González,"Accompanied a study order, see H4880",False
1042,H3526,3526.0,H,192,An Act relative to low income transit fares,Adrian C. Madaro,"Accompanied a new draft, see H4481",False
1043,H2650,2650.0,H,192,An Act relative to disability or death caused by contagious diseases; presumption,Denise C. Garlick,No further action taken,False
1044,H1900,1900.0,H,192,An Act relative to telephone service for inmates in all correctional and other penal institutions in the Commonwealth,Chynah Tyler,"Accompanied a study order, see H5173",False
1045,H1907,1907.0,H,192,An Act prohibiting discrimination based on natural hairstyles,Steven Ultrino,"New draft substituted, see H4554",False
1046,H4453,4453.0,H,192,An Act authorizing the city of Salem to enact a condominium conversion ordinance for buildings containing two or more residential units,Paul F. Tucker,No further action taken,False
1047,S598,598.0,S,192,An Act relative to the financing of dredging projects,Patrick M. O'Connor,"Accompanied a study order, see S2734",False
1048,H1041,1041.0,H,192,An Act relative to mental health parity implementation,Ruth B. Balser,No further action taken,False
1049,S1182,1182.0,S,192,An Act protecting an employee's right to rebuttal of personnel records,Sal N. DiDomenico,No further action taken,False
1050,H1942,1942.0,H,192,An Act requiring OSHA training,Tackey Chan,No further action taken,False
1051,H2149,2149.0,H,192,An Act relative to solar assessments,Marjorie C. Decker,"Accompanied a study order, see H4933",False
1052,H818,818.0,H,192,An Act relative to voter harvesting ,Lenny Mirra,"Accompanied a study order, see H5026",False
1053,H4563,4563.0,H,192,Extension Order - Election Laws,Daniel J. Ryan,"House adopted, in concurrence",False
1054,H816,816.0,H,192,An Act relative to election law reform ,Lenny Mirra,"Accompanied a study order, see H5026",False
1055,S2873,2873.0,S,192,An Act relative to the program of all-inclusive care for the elderly,Joint Committee on Elder Affairs,No further action taken,False
1056,H1616,1616.0,H,192,An Act relative to abuse prevention,Carlos González,"Accompanied a study order, see H5173",False
1057,S1008,1008.0,S,192,An Act relative to school hazing,Diana DiZoglio,"Accompanied a study order, see S2665",False
1058,H1173,1173.0,H,192,An Act relative to a dental patient bill of rights,Alice Hanlon Peisch,"Accompanied a study order, see H5208",False
1059,S798,798.0,S,192,An Act relative to racial and ethnic equity impact testimony on health care,Joan B. Lovely,"Accompanied a study order, see S2917",False
1060,S1253,1253.0,S,192,An Act providing a safe harbor for contractors of services,Bruce E. Tarr,Hearing scheduled for 09/14/2021 from 10:30 AM-03:30 PM in Virtual Hearing,False
1061,H3613,3613.0,H,192,An Act to promote commercial driver safety,William M. Straus,No further action taken,False
1062,H1145,1145.0,H,192,An Act relative to applied behavioral analysis therapy,Jack Patrick Lewis,No further action taken,False
1063,S729,729.0,S,192,An Act relative to health purchasing cooperatives,Bruce E. Tarr,"Accompanied a study order, see S2693",False
1064,H1170,1170.0,H,192,An Act relative to real estate disclosure forms,Alice Hanlon Peisch,Hearing scheduled for 10/26/2021 from 11:00 AM-03:00 PM in Virtual Hearing,False
1065,H2219,2219.0,H,192,An Act relative to non-opioid alternatives in pain treatment,James Arciero,"Accompanied a study order, see H5035",False
1066,S1896,1896.0,S,192,An Act providing a local option to allow more solar energy generation on farmlands,Edward J. Kennedy,No further action taken,False
1067,H4406,4406.0,H,192,Extension Order - Veterans and Federal Affairs,Paul McMurtry,"Adopted, in concurrence",False
1068,H4519,4519.0,H,192,An Act providing for the disposition of certain land in the town of West Brookfield,"Donald R. Berthiaume, Jr.","Signed by the Governor, Chapter 132 of the Acts of 2022",True
1069,H2865,2865.0,H,192,An Act for a COVID-19 vaccination tax credit,Michael S. Day,"Accompanied a study order, see H5043",False
1070,S1869,1869.0,S,192,An Act providing volunteer firefighters and emergency medical technicians with a local option real estate tax exemption,Anne M. Gobi,No further action taken,False
1071,S2785,2785.0,S,192,An Act implementing an elementary and secondary interdisciplinary climate education curriculum in the Commonwealth.,Joint Committee on Education,No further action taken,False
1072,H1068,1068.0,H,192,An Act requiring continual coverage of prescription medication,Shawn Dooley,Hearing scheduled for 10/12/2021 from 11:00 AM-04:00 PM in Virtual Hearing,False
1073,H2268,2268.0,H,192,An Act for healthy and green public schools,Mindy Domb,Hearing scheduled for 06/22/2021 from 10:00 AM-02:00 PM in Virtual Hearing,False
1074,H3430,3430.0,H,192,An Act relative to proactively protecting automotive drivers,Josh S. Cutler,No further action taken,False
1075,H1887,1887.0,H,192,An Act concerning nondisclosure agreements relative to sexual harassment and discrimination,Alyson M. Sullivan,"Accompanied a study order, see H4844",False
1076,H300,300.0,H,192,An Act encouraging the growth of small businesses ,Paul F. Tucker,No further action taken,False
1077,H1093,1093.0,H,192,An Act relative to dental anesthesia,Sean Garballey,Hearing scheduled for 12/09/2021 from 11:00 AM-04:00 PM in Virtual Hearing,False
1078,S615,615.0,S,192,An Act providing for alternative DPA compliance,Bruce E. Tarr,"Accompanied a study order, see S2734",False
1079,H4842,4842.0,H,192,An Act authorizing the town of Dedham to continue the employment of William Spillane as Chief of the Fire Department,Paul McMurtry,"Accompanied a new draft, see H4998",False
1080,S460,460.0,S,192,An Act to allow Saugus town meeting to adopt a process to allow non-binding resolutions,Brendan P. Crighton,"Substituted by a bill, see H5067",False
1081,H964,964.0,H,192,An Act relative to water flow in the Central Plymouth County Water District,Kathleen R. LaNatra,"Accompanied a study order, see H5041",False
1082,S1338,1338.0,S,192,An Act relative to forest wardens,Adam G. Hinds,No further action taken,False
1083,S1861,1861.0,S,192,An Act relative to graduate student loan deductions,Ryan C. Fattman,"Accompanied a study order, see H4894",False
1084,H2210,2210.0,H,192,An Act relative to remote town meetings,Tommy Vitolo,No further action taken,False
1085,H2183,2183.0,H,192,An Act relative to the select board of the town of Clinton,Meghan Kilcoyne,"Signed by the Governor, Chapter 38 of the Acts of 2022",True
1086,H2167,2167.0,H,192,An Act to reduce greenhouse gas emissions by permitting local option all-electric buildings and homes ordinances,Tami L. Gouveia,No further action taken,False
1087,S2460,2460.0,S,192,Reinvesting in Communities Affected by Incarceration ,Sonia Chang-Diaz,See S3,False
1088,S366,366.0,S,192,An Act relative to educator diversity,Jason M. Lewis,"Accompanied a new draft, see S2748",False
1089,H4124,4124.0,H,192,An Act authorizing Tisbury to modify fire department employment,Dylan A. Fernandes,"Accompanied a new draft, see H4622",False
1090,H644,644.0,H,192,An Act relative to equity and inclusion in education,James M. Kelcourse,"Accompanied a study order, see H5306",False
1091,H4395,4395.0,H,192,Extension Order - Education,Alice Hanlon Peisch,"Adopted, in concurrence",False
1092,S4707,,,192,,,,False
1093,H1304,1304.0,H,192,An Act to provide retirement security to care workers,James J. O'Day,"Accompanied a study order, see H5206",False
1094,H4671,4671.0,H,192,An Act establishing the Coronavirus Recovery Corps,Joint Committee on Covid-19 and Emergency Preparedness and Management,No further action taken,False
1095,H2614,2614.0,H,192,An Act relative to the retirement benefits of certain employees of the department of mental health ,Marjorie C. Decker,"Accompanied a study order, see H5319",False
1096,H3291,3291.0,H,192,An Act to create a commission to investigate the advertising practices of the solar energy industry,Shawn Dooley,"Accompanied a study order, see H5042",False
1097,S1071,1071.0,S,192,An Act relative to judicial discretion for probation,Jason M. Lewis,"Accompanied a study order, see S2665",False
1098,H1632,1632.0,H,192,An Act relative to assistant registers and administrative deputy assistants  for the Middlesex Probate and Family Court,Sheila C. Harrington,"Accompanied a new draft, see H4500",False
1099,H1606,1606.0,H,192,An Act relative to the trafficking of W-18,Jessica Ann Giannino,"Accompanied a study order, see H4844",False
1100,S1133,1133.0,S,192,An Act relative to parentage to promote children's security,Bruce E. Tarr,"Accompanied a study order, see S3063",False
1101,H1568,1568.0,H,192,An Act to remove collateral consequences and protect the presumption of innocence,Brandy Fluker Oakley,"Accompanied a study order, see H4844",False
1102,S2541,2541.0,S,192,An Act relative to healthy youth,,No further action taken,False
1103,H4284,4284.0,H,192,An Act exempting the city of Northampton from appointments to the Northampton License Commission on the basis of party affiliation,Lindsay N. Sabadosa,Enacted and laid before the Governor,True
1104,S2711,2711.0,S,192,"Order relative to authorizing the joint committee on Telecommunications, Utilities and Energy to make an investigation and study of certain current Senate documents relative to telecommunications, utilities and energy matters","Joint Committee on Telecommunications, Utilities and Energy",No further action taken,False
1105,S152,152.0,S,192,An Act for community housing packages,Jason M. Lewis,"Accompanied a study order, see S2709",False
1106,H4466,4466.0,H,192,An Act relative to hormonal contraceptives,Joint Committee on Public Health,"Accompanied a study order, see H5222",False
1107,H4460,4460.0,H,192,An Act relative to family child care disclosures,"Joint Committee on Children, Families and Persons with Disabilities",No further action taken,False
1108,S2708,2708.0,S,192,An Act building environmental justice and energy efficiency with jobs,Joint Committee on State Administration and Regulatory Oversight,No further action taken,False
1109,H4582,4582.0,H,192,"An Act establishing a sick leave bank for Anastasios Milonopoulos, an employee of the Massachusetts Department of Correction",Kimberly N. Ferguson,No further action taken,False
1110,H371,371.0,H,192,An Act relative to sonographers and vascular technologists,Colleen M. Garry,"Accompanied a study order, see H4880",False
1111,S2554,2554.0,S,192,"An Act fostering voter opportunities, trust, equity and security",,Reported by S2924,False
1112,H4414,4414.0,H,192,Extension Order - Housing,James Arciero,"House adopted, in concurrence",False
1113,H4446,4446.0,H,192,"An Act designating a certain bridge in the town of Bedford as the Major Barry Allan Seidman, USAF Memorial Bridge",Kenneth I. Gordon,"Signed by the Governor, Chapter 218 of the Acts of 2022",True
1114,S2548,2548.0,S,192,An Act authorizing the town of Stoughton to transfer certain park property in exchange for acquisition and dedication of other land to park purposes,Walter F. Timilty,"New draft (Timilty) substituted, see S2732",False
1115,S2482,2482.0,S,192,An Act amending the town of Sutton Home Rule Charter,Ryan C. Fattman,"New draft substituted, see S2799",False
1116,S2496,2496.0,S,192,An Act to improve augmentative and alternative communication opportunities for children with disabilities,Joint Committee on Education,No further action taken,False
1117,H4145,4145.0,H,192,An Act relative to colon cancer screening,James Arciero,"Accompanied a study order, see H5222",False
1118,S835,835.0,S,192,An Act to ensure safe and healthy public higher education campuses,Adam Gomez,"Accompanied a study order, see S2714",False
1119,H1293,1293.0,H,192,An Act relative to accountable care organizations,Elizabeth A. Malia,Accompanied S780,False
1120,H817,817.0,H,192,An Act relative to campaign vendors ,Lenny Mirra,"Accompanied a study order, see H5026",False
1121,S529,529.0,S,192,An Act protecting water systems through the labeling of flushable wipes,James B. Eldridge,Accompanied H897,False
1122,H2057,2057.0,H,192,An Act relative to consolidating multiple definitions of employee,Erika Uyterhoeven,"Accompanied a study order, see H5023",False
1123,H2056,2056.0,H,192,An Act prohibiting employment discrimination based on the legal use of cannabis,Chynah Tyler,"Accompanied a new draft, see H4699",False
1124,H914,914.0,H,192,An Act authorizing the use of bow and arrows for Sunday hunting,Paul K. Frost,"Accompanied a study order, see H5041",False
1125,S539,539.0,S,192,An Act regarding a farmland protection and viability action plan,Anne M. Gobi,"Accompanied a study order, see S2734",False
1126,H2768,2768.0,H,192,An Act relative to further defining employees classified in Group 4,John H. Rogers,"Accompanied a study order, see H4960",False
1127,S1315,1315.0,S,192,An Act establishing a pilot program to improve behavioral health access through collaboration of municipal law enforcement and behavioral health specialists,Walter F. Timilty,No further action taken,False
1128,S2225,2225.0,S,192,An Act to prevent the worst effects of our climate emergency by providing policy pathways to achieve net zero emissions,Marc R. Pacheco,Hearing scheduled for 12/14/2021 from 01:30 PM-05:00 PM in Virtual Hearing,False
1129,S1781,1781.0,S,192,An Act protecting volunteer law enforcement,Bruce E. Tarr,"Accompanied a study order, see S2679",False
1130,S259,259.0,S,192,Resolve establishing a study of the gaming market in the Commonwealth,John J. Cronin,"Accompanied a new draft, see S2728",False
1131,H468,468.0,H,192,"An Act relative to the registration of irrigation contractors
",David T. Vieira,"Accompanied a new draft, see H4586",False
1132,H498,498.0,H,192,An Act to reduce vaccine hesitancy ,Norman J. Orrall,"Accompanied a study order, see H4968",False
1133,H4517,4517.0,H,192,Extension Order - Veterans and Federal Affairs,Paul McMurtry,"Adopted, in concurrence",False
1134,H4786,4786.0,H,192,An Act relative to helium balloons,"Joint Committee on Environment, Natural Resources and Agriculture",No further action taken,False
1135,H1228,1228.0,H,192,An Act relative to epinephrine injectors,Claire D. Cronin,"Accompanied a study order, see H5222",False
1136,S724,724.0,S,192,An Act relative to vacated foreclosed residential property,Michael F. Rush,"Accompanied a study order, see S2699",False
1137,H1196,1196.0,H,192,An Act ensuring access to full spectrum pregnancy care,Lindsay N. Sabadosa,"Accompanied a study order, see H5210",False
1138,S788,788.0,S,192,An Act to establish the family caregiver tax credit,Jason M. Lewis,"Accompanied a study order, see H5352",False
1139,H1190,1190.0,H,192,"An Act relating to patient cost, benefit, and coverage information, choice, and price transparency",Jeffrey N. Roy,Hearing scheduled for 09/21/2021 from 10:00 AM-03:00 PM in Virtual Hearing,False
1140,S811,811.0,S,192,An Act relative to consistent treatment of life estates,Rebecca L. Rausch,Accompanied H1301,False
1141,S772,772.0,S,192,An Act providing MassHealth benefits to emergency services personnel,Adam G. Hinds,"Accompanied a study order, see S2800",False
1142,S771,771.0,S,192,"An Act relative to pharmaceutical access, costs and transparency",Cindy F. Friedman,"New draft substituted, see S2651",False
1143,H1217,1217.0,H,192,An Act requiring reimbursement for the costs of providing competent interpreter services,Gerard J. Cassidy,"Accompanied a study order, see H5222",False
1144,H1187,1187.0,H,192,An Act modify the safe drivers insurance plan relative to minor violation,David M. Rogers,"Accompanied a study order, see H5003",False
1145,H2930,2930.0,H,192,An Act to provide municipalities with the option to freeze residential tax rate or valuation for the elderly with means tested criteria,James K. Hawkins,Accompanied H2915,False
1146,H2787,2787.0,H,192,An Act relative to a cost of living adjustment for retired judges,Paul F. Tucker,"Accompanied a study order, see H4960",False
1147,S1846,1846.0,S,192,An Act extending raffle tax remittance deadline for small organizations,Diana DiZoglio,"Accompanied a study order, see H5247",False
1148,H2821,2821.0,H,192,An Act exempting certain fraternal organizations from the tax of sales of alcoholic beverages,Bruce J. Ayers,"Accompanied a study order, see H5043",False
1149,H4648,4648.0,H,192,An Act authorizing the town of Wellfleet to establish a real estate transfer fee,Sarah K. Peake,No further action taken,False
1150,H2828,2828.0,H,192,An Act creating a pilot program to enhance economic and community development through live theatrical arts,David Biele,No further action taken,False
1151,H72,72.0,H,192,An Act providing for the terms of certain bonds to be issued by the Commonwealth ,House Committee on Ways and Means,"Signed by the Governor, Chapter 4 of the Acts of 2021",True
1152,S2252,2252.0,S,192,An Act ensuring electric vehicle chargers in service plazas along the Mass Pike,Michael J. Barrett,"Accompanied a new draft, see S2752",False
1153,H968,968.0,H,192,An Act improving air quality in airport environmental justice communities,Adrian C. Madaro,"Accompanied a new draft, see H4785",False
1154,H1994,1994.0,H,192,An Act relative to minor minimum wage,Bradford Hill,"Accompanied a study order, see H5023",False
1155,H1964,1964.0,H,192,An Act creating a youth wage,Shawn Dooley,"Accompanied a study order, see H5023",False
1156,H1164,1164.0,H,192,An Act relative to investments by fraternal benefit societies,Mathew J. Muratore,No further action taken,False
1157,S1246,1246.0,S,192,An Act relative to non-compete agreements for veterinarians,Rebecca L. Rausch,"Accompanied a study order, see S2697",False
1158,H3324,3324.0,H,192,An Act relative to equitable towing rates,Steven S. Howitt,"Accompanied a study order, see H5042",False
1159,S2257,2257.0,S,192,An Act relative to congestion in East Boston,Joseph A. Boncore,No further action taken,False
1160,H1123,1123.0,H,192,An Act relative to pharmaceutical gag clauses,"Bradley H. Jones, Jr.",Hearing scheduled for 09/21/2021 from 10:00 AM-03:00 PM in Virtual Hearing,False
1161,S217,217.0,S,192,An Act establishing a student tuition recovery fund,Jason M. Lewis,"Accompanied a study order, see S2666",False
1162,H4350,4350.0,H,192,An Act relative to educational collaboratives,Joint Committee on State Administration and Regulatory Oversight,No further action taken,False
1163,H1550,1550.0,H,192,An Act ensuring the efficiency of protective order hearings,Shawn Dooley,"Accompanied a study order, see H4844",False
1164,S1452,1452.0,S,192,An Act relative to recovery coach licensure,John F. Keenan,Accompanied H2382,False
1165,S2637,2637.0,S,192,An Act relative to the Transportation Infrastructure Enhancement Trust Fund municipal reporting requirements,Joint Committee on Transportation,No further action taken,False
1166,S754,754.0,S,192,An Act relative to the closing of hospital essential services,Julian Cyr,"Accompanied a study order, see S2917",False
1167,H1243,1243.0,H,192,An Act creating a MassHealth buy in program,Christine P. Barber,"Accompanied a study order, see H5201",False
1168,S625,625.0,S,192,An Act relative to the use of shotgun ammunition for hunting,John C. Velis,"Accompanied a study order, see S2734",False
1169,H1245,1245.0,H,192,An Act providing Medicaid coverage for tobacco cessation programs and information,Christine P. Barber,Accompanied S792,False
1170,H982,982.0,H,192,An Act relative to helium balloons,Sarah K. Peake,"Accompanied a new draft, see H4786",False
1171,H2269,2269.0,H,192,An Act to ensure safe medication administration,Daniel M. Donahue,"Accompanied a study order, see H5035",False
1172,H1944,1944.0,H,192,An Act relative to binding arbitration,Tackey Chan,"Accompanied a study order, see H5023",False
1173,S2605,2605.0,S,192,An Act designating a certain bridge in the city known as the town of Weymouth as the Sergeant Michael C. Chesna First Responders Bridge,Patrick M. O'Connor,No further action taken,False
1174,H1893,1893.0,H,192,An Act relative to judicial security act ,Paul F. Tucker,"Accompanied a study order, see H4844",False
1175,S1197,1197.0,S,192,An Act relative to a just transition to clean energy,Paul R. Feeney,"Accompanied a new draft, see H4796",False
1176,S810,810.0,S,192,An Act to clarify and enhance privacy protections for electronic health records,Marc R. Pacheco,"Accompanied a study order, see S2800",False
1177,H1174,1174.0,H,192,An Act relative to an individual Medicare marketplace option,Alice Hanlon Peisch,Hearing scheduled for 10/12/2021 from 11:00 AM-04:00 PM in Virtual Hearing,False
1178,S1122,1122.0,S,192,An Act relative to bodily autonomy and family integrity,Patrick M. O'Connor,"Accompanied a study order, see S2665",False
1179,H766,766.0,H,192,An Act relative to postage paid absentee ballots,Daniel R. Carey,"Accompanied a study order, see H5026",False
1180,H887,887.0,H,192,An Act establishing memorial markers in the towns of Milton and Canton in memory of certain law enforcement officers killed in the line of duty,"William J. Driscoll, Jr.",No further action taken,False
1181,H395,395.0,H,192,An Act establishing fuel price transparency,Steven S. Howitt,"Accompanied a study order, see H4880",False
1182,S1168,1168.0,S,192,An Act relative to compensation for paramedics and emergency medical technicians providing ambulance services during the COVID-19 Massachusetts state of emergency,Nick Collins,Hearing scheduled for 05/11/2021 from 10:30 AM-02:30 PM in Virtual Hearing,False
1183,H1953,1953.0,H,192,An Act establishing collective bargaining rights for TNC drivers,Marjorie C. Decker,"Accompanied a study order, see H5347",False
1184,S1207,1207.0,S,192,An Act to protect working parents during the COVID-19 emergency ,Adam G. Hinds,Hearing scheduled for 05/11/2021 from 10:30 AM-02:30 PM in Virtual Hearing,False
1185,H1708,1708.0,H,192,An Act relative to health care proxy notification,Sally P. Kerans,"Accompanied a study order, see H4844",False
1186,H203,203.0,H,192,An Act relative to transparency in behavioral health boarding,Marjorie C. Decker,"Accompanied a study order, see H5222",False
1187,S1648,1648.0,S,192,An Act relative to furthering the success of opiate intervention programs,Walter F. Timilty,No further action taken,False
1188,S978,978.0,S,192,An Act improving medical decision making,Cynthia Stone Creem,"Accompanied a study order, see S2665",False
1189,H699,699.0,H,192,An Act relative to vocational education,Adam J. Scanlon,"Accompanied a new draft, see H4542",False
1190,H2434,2434.0,H,192,An Act relative to fire safety education in schools and colleges,Marjorie C. Decker,No further action taken,False
1191,H4976,4976.0,H,192,Study Order,Joint Committee on Financial Services,No further action taken,False
1192,H3417,3417.0,H,192,An Act relative to a motorcycle safety fund,Daniel Cahill,No further action taken,False
1193,H3331,3331.0,H,192,An Act relative to the establishment of municipal lighting authorities,Michael P. Kushmerek,No further action taken,False
1194,S2228,2228.0,S,192,An Act for a clean energy Commonwealth by 2035,Marc R. Pacheco,Hearing scheduled for 12/14/2021 from 01:30 PM-05:00 PM in Virtual Hearing,False
1195,H3429,3429.0,H,192,An Act to ensure benefits through enhanced Selective Service registration,Josh S. Cutler,"Accompanied a new draft, see H4263",False
1196,H2332,2332.0,H,192,An Act relative to home health and hospice aides,Kay Khan,"Accompanied a study order, see H5197",False
1197,S1557,1557.0,S,192,An Act relative to medical examinations in correctional facilities,Cynthia Stone Creem,"Accompanied a study order, see S2763",False
1198,H2344,2344.0,H,192,"An Act relative to the definition of disclosure, apology and early offer programs","John J. Lawn, Jr.","Accompanied a study order, see H5035",False
1199,S550,550.0,S,192,An Act relative to heartworm in dogs ,Anne M. Gobi,"Accompanied a study order, see S2734",False
1200,S1056,1056.0,S,192,An Act enhancing justice for families harmed by lead,Patricia D. Jehlen,"Accompanied a study order, see S2665",False
1201,S500,500.0,S,192,An Act requiring the establishment of recycling programs for ionization smoke detectors,Harriette L. Chandler,No further action taken,False
1202,H800,800.0,H,192,An Act relative to the campaign finance reporting cycle,"Bradley H. Jones, Jr.","Accompanied a study order, see H5307",False
1203,S533,533.0,S,192,An Act to promote economic opportunities for cottage food entrepreneurs,Ryan C. Fattman,"Accompanied a study order, see S2879",False
1204,H95,95.0,H,192,An Act financing a program for improvements to the Unemployment Insurance Trust Fund and providing relief to employers and workers in the Commonwealth,Aaron Michlewitz,"Text of an amendment, see H90
",False
1205,S876,876.0,S,192,An Act promoting open space residential development,Diana DiZoglio,"Accompanied a study order, see H5276",False
1206,H3545,3545.0,H,192,An Act establishing rapid transportation and electrification for the Fairmount corridor,Liz Miranda,"Accompanied a new draft, see H4615",False
1207,H590,590.0,H,192,An Act providing for mandatory recess time in elementary schools,Paul K. Frost,"Accompanied a study order, see H5143",False
1208,H1367,1367.0,H,192,An Act to facilitate additional financial student assistance,Andres X. Vargas,No further action taken,False
1209,H1718,1718.0,H,192,An Act relative to data collection by the Sex Offender Registry Board,Kay Khan,"Accompanied a study order, see H4844",False
1210,S548,548.0,S,192,An Act relative to crumbling concrete foundations,Anne M. Gobi,Senate concurred,False
1211,H2102,2102.0,H,192,An Act relative to substance use disorder evaluations,"Bradley H. Jones, Jr.","Accompanied a study order, see H5225",False
1212,H4033,4033.0,H,192,An Act relative to special election scheduling,Russell E. Holmes,"Accompanied a study order, see H5026",False
1213,HD4710,4710.0,HD,192,"A report of the Merrimack Valley Regional Transit Authority (under Section 8(g) of Chapter 161B of the General Laws) submitting financial statements, supplementary information, and a schedule of expenditures of federal awards and OMB uniform guidance auditors’ reports for fiscal year 2021",Merrimack Valley Regional Transit Authority,Placed on file,False
1214,SD2496,2496.0,SD,192,"Communication from the Department of Public Health relative to its plans of correction for the Bridgewater State Hospital inspection on January 21, 2021 and South Middlesex Correctional Center inspection on January 23, 2021",Department of Public Health,Placed on file,False
1215,H3869,3869.0,H,192,An Act establishing Massachusetts Right Whale Day,Josh S. Cutler,"Signed by the Governor, Chapter 381 of the Acts of 2022",True
1216,S2891,2891.0,S,192,Order relative to authorizing the joint committee on Public Health to make an investigation and study of certain current Senate documents relative to public health issues,Joint Committee on Public Health,No further action taken,False
1217,H3982,3982.0,H,192,"Resolve relative to protecting the archaeological, geological and fossil resources of Massachusetts",Daniel R. Carey,"Accompanied a study order, see H5041",False
1218,H5050,5050.0,H,192,"An Act making appropriations for the fiscal year 2023 for the maintenance of the departments, boards, commissions, institutions, and certain activities of the Commonwealth, for interest, sinking fund and serial bond requirements, and for certain permanent improvements",General Appropriations FY23,"Signed by the Governor, Chapter 126 of the Acts of 2022",True
1219,H877,877.0,H,192,"Resolve to review, consider, and evaluate, and to establish a suitable body and/or special commission to consider climate change economic consequences",Michael S. Day,"Accompanied a study order, see H5041",False
1220,H921,921.0,H,192,An Act to regulate hydraulic fracturing,Sean Garballey,Accompanied S605,False
1221,H2117,2117.0,H,192,An Act relative to benzodiazepines and non-benzodiazepine hypnotics,Paul McMurtry,"Accompanied a new draft, see H4962",False
1222,H4034,4034.0,H,192,An Act relative to insulin access,David Henry Argosky LeBoeuf,"Accompanied a study order, see H5209",False
1223,S20,20.0,S,192,Proposal for a legislative amendment to the Constitution relative to the subject matter of initiative petitions ,Cynthia Stone Creem,"Placed on file, in concurrence
",False
1224,SD2707,2707.0,SD,192,An Act authorizing the town of Berkley to grant one additional license for the sale of all alcoholic beverages not to be drunk on the premises,Marc R. Pacheco,"Accompanied a new draft, see S2788",False
1225,H849,849.0,H,192,An Act relative to community preservation funds for coastal infrastructure,Bruce J. Ayers,"Accompanied a study order, see H5041",False
1226,H58,58.0,H,192,"An Act establishing a sick leave bank for Richard Gurney, an employee of the Massachusetts Department of Correction",Steven G. Xiarhos,No further action taken,False
1227,S2504,2504.0,S,192,An Act authorizing the town of Wareham to grant an additional license for the sale of all alcoholic beverages to be drunk on the premises,Marc R. Pacheco,No further action taken,False
1228,H799,799.0,H,192,An Act relative to the voting procedures for presidential electors,"Bradley H. Jones, Jr.","Accompanied a study order, see H5026",False
1229,H4564,4564.0,H,192,Extension Order - Transportation,William M. Straus,"Adopted, in concurrence",False
1230,S1059,1059.0,S,192,An Act relative to electronic signatures for electronic applications for criminal complaints,Patricia D. Jehlen,"Accompanied a study order, see S2665",False
1231,H314,314.0,H,192,An Act amending real estate appraiser record retention requirements,Nicholas A. Boldyga,"Accompanied a study order, see H4880",False
1232,S2757,2757.0,S,192,Municipalities and Regional Government - Extension Order,John J. Cronin,"Adopted, in concurrence",False
1233,H4171,4171.0,H,192,An Act relative to veteran buy backs,Paul McMurtry,"Accompanied a study order, see H4960",False
1234,S24,24.0,S,192,An Act validating the results of the annual town election held in the town of Hubbardston,Charles D. Baker,"Signed by the Governor, Chapter 12 of the Acts of 2021",True
1235,SD3118,3118.0,SD,192,Plymouth County Registry of Deeds Technological Fund Report,Plymouth County Registry of Deeds,Placed on file,False
1236,H920,920.0,H,192,An Act relative to funding water infrastructure and addressing economic target areas,Sean Garballey,Accompanied S505,False
1237,S494,494.0,S,192,An Act to combat disposable plastic straw waste,Michael J. Barrett,No further action taken,False
1238,H1796,1796.0,H,192,An Act relative to reasonable compensation for equitable representation,Liz Miranda,"Accompanied a study order, see H4844",False
1239,S2505,2505.0,S,192,An Act authorizing the town of Wareham to assess certain solar or wind systems as personal property,Marc R. Pacheco,No further action taken,False
1240,H57,57.0,H,192,An Act financing improvements to municipal roads and bridges,Charles D. Baker,"Accompanied a new draft, see H3852
",False
1241,S2502,2502.0,S,192,"An Act relative to military spouse-licensure portability, education and enrollment of dependents",Joint Committee on Veterans and Federal Affairs,"New draft substituted, as amended, see S2558",False
1242,H3548,3548.0,H,192,An Act providing for a study of noise impacts from the confluence of Interstates 93 and 495,Frank A. Moran,No further action taken,False
1243,H198,198.0,H,192,An Act to promote employment for people with disabilities,Michael S. Day,"Accompanied a study order, see H4909",False
1244,S1142,1142.0,S,192,An Act relative to the tracking of medical malpractice cases ,Bruce E. Tarr,"Accompanied a study order, see S2665",False
1245,H4744,4744.0,H,192,An Act to create a commission to determine the feasibility of voluntary acquisition of flood risk properties and structures,"Joint Committee on Environment, Natural Resources and Agriculture",No further action taken,False
1246,S519,519.0,S,192,An Act to regulate hydraulic fracturing,Diana DiZoglio,Accompanied S605,False
1247,S2552,2552.0,S,192,An Act protecting the Upper Cape water supply reserve,Susan L. Moran,No further action taken,False
1248,H4167,4167.0,H,192,An Act relative to smoking in public housing,"David K. Muradian, Jr.","Accompanied a study order, see H5035",False
1249,S23,23.0,S,192,Proposal for a legislative amendment to the Constitution to cap the state income tax,Bruce E. Tarr,Joint session held and dissolved,False
1250,SD2880,2880.0,SD,192,DPH Correctional Facility Inspection Report - MCI Norfolk,Department of Public Health,Placed on file,False
1251,S492,492.0,S,192,An Act to fairly fund early voting,Bruce E. Tarr,"Accompanied a study order, see H5026",False
1252,H47,47.0,H,192,An Act relative to eligible prior service,Office of the State Treasurer,No further action taken,False
1253,S2428,2428.0,S,192,"An Act relative to honoring the founding of the United States Army, the United States Air Force, and the National Guard",Walter F. Timilty,No further action taken,False
1254,S2731,2731.0,S,192,An Act relative to expanding equitable access to maternal postpartum care,Senate Committee on Ways and Means,"Signed by the Governor, Chapter 436 of the Acts of 2022",True
1255,H2025,2025.0,H,192,An Act regarding treble damages,Joseph D. McKenna,"Accompanied a study order, see H5023",False
1256,S1076,1076.0,S,192,An Act relative to visitation and family court matters in domestic violence cases,Jason M. Lewis,"Accompanied a study order, see S2665",False
1257,S1311,1311.0,S,192,An Act relative to creating a pilot program to transfer high acuity behavioral health and dual diagnosis patients away from overcrowded emergency departments,Marc R. Pacheco,No further action taken,False
1258,H4204,4204.0,H,192,An Act to power Massachusetts’s clean energy economy,Charles D. Baker,"Accompanied a new draft, see H4348",False
1259,S2426,2426.0,S,192,An Act relative to retirement benefits for veterans,Bruce E. Tarr,"Accompanied a study order, see S2680",False
1260,H1703,1703.0,H,192,An Act relative to protection of a deceased family member against foreclosure and other civil action,Patrick Joseph Kearney,"Accompanied a study order, see H4844",False
1261,S501,501.0,S,192,"An Act promoting sustainable development and infrastructure, economic security, and fiscal responsibility with respect to climate risks",Nick Collins,No further action taken,False
1262,S21,21.0,S,192,Proposal for a legislative amendment to the Constitution relative to equity in state policy,Adam G. Hinds,"Placed on file, in concurrence
",False
1263,SD2852,2852.0,SD,192,"Communication from the Department of Public Health relative to its plans of correction for the Middlesex County Jail and House of Correction inspection on October 4, 5 and 6, 2021 and Pondville Correctional Center inspection on November 3, 2021",Department of Public Health,Placed on file,False
1264,S554,554.0,S,192,An Act conserving our natural resources,Anne M. Gobi,"Accompanied a study order, see S2734",False
1265,H781,781.0,H,192,An Act relative to Political designations,Paul J. Donato,"Accompanied a study order, see H5284",False
1266,S588,588.0,S,192,An Act establishing an environmental police cadet program,Michael O. Moore,"Accompanied a study order, see S2734",False
1267,S2579,2579.0,S,192,Architectural Access Board,Michael O. Moore,See S2564,False
1268,S1887,1887.0,S,192,An Act relative to providing better notices and protections in the process for collecting delinquent property taxes,Patricia D. Jehlen,"Accompanied a study order, see H5250",False
1269,S141,141.0,S,192,An Act to ensure accountability in the Department of Transitional Assistance,Marc R. Pacheco,"Accompanied a study order, see S2624",False
1270,S143,143.0,S,192,An Act providing for diaper changing stations in public buildings and accommodations,Rebecca L. Rausch,No further action taken,False
1271,H388,388.0,H,192,An Act modernizing the Massachusetts alcohol laws ,Kate Hogan,"Accompanied a study order, see H4880",False
1272,H244,244.0,H,192,An Act relative to family child care disclosures,Kate Lipper-Garabedian,"Accompanied a new draft, see H4460",False
1273,H2482,2482.0,H,192,An Act relative to medical services,Meghan Kilcoyne,No further action taken,False
1274,H251,251.0,H,192,An Act to allow freedom in counseling,Joseph D. McKenna,"Accompanied a study order, see H4909",False
1275,S1743,1743.0,S,192,An Act relative to firefighter training,Eric P. Lesser,Accompanied H2608,False
1276,H237,237.0,H,192,An Act relative to fair pay for comparable work,Kay Khan,No further action taken,False
1277,H2793,2793.0,H,192,An Act relative to the advisory board to the Massachusetts Bay Transportation Authority,Tommy Vitolo,"Accompanied a new draft, see H4495",False
1278,S1080,1080.0,S,192,An Act relative to determining the best interest of children in probate and family court,Jason M. Lewis,"Accompanied a study order, see S2665",False
1279,S626,626.0,S,192,An Act relative to reinsurance model law update,Joseph A. Boncore,"Accompanied a study order, see S2700",False
1280,H3726,3726.0,H,192,"An Act authorizing the town of Dracut to pay a certain bill to White Water, Inc",Colleen M. Garry,"Signed by the Governor, Chapter 104 of the Acts of 2021",True
1281,H3077,3077.0,H,192,An Act relative to timely restitution payments ,Paul F. Tucker,"Accompanied a study order, see H5250",False
1282,H4512,4512.0,H,192,An Act establishing a commission on automated decision-making by government in the commonwealth,"Joint Committee on Advanced Information Technology, the Internet and Cybersecurity",No further action taken,False
1283,H3434,3434.0,H,192,An Act limiting autonomous driving capabilities to zero emission and electric vehicles,Michael S. Day,"Accompanied a study order, see H4966",False
1284,H2689,2689.0,H,192,An Act defining regular interest for retirement systems,Daniel J. Hunt,"Accompanied a study order, see H4960",False
1285,H2378,2378.0,H,192,An Act relative to public health,Mathew J. Muratore,"Accompanied a study order, see H5035",False
1286,H3891,3891.0,H,192,An Act to establish a surcharge on specific commercial development activities for the purpose of funding the creation of community housing,Michelle L. Ciccolo,No further action taken,False
1287,S1955,1955.0,S,192,An Act establishing a tax exemption for municipalities paying for gas,Patrick M. O'Connor,"Accompanied a study order, see H5248",False
1288,H1464,1464.0,H,192,An Act to amend the definition of hate crime,Christine P. Barber,"Accompanied a study order, see H4844",False
1289,H3327,3327.0,H,192,An Act relative to municipal light plant participation in Green Communities,"Bradley H. Jones, Jr.","Accompanied a new draft, see H4351",False
1290,S1645,1645.0,S,192,An Act relative to drug recognition experts,Bruce E. Tarr,No further action taken,False
1291,S2212,2212.0,S,192,An Act relative to hydrokinetic energy,Patrick M. O'Connor,"Accompanied a study order, see S2715",False
1292,H3359,3359.0,H,192,An Act relative to double poles ,Steven C. Owens,"Accompanied a study order, see H5042",False
1293,S1706,1706.0,S,192,Resolve providing for an investigation and study by a special commission relative to the effects of the Windfall Elimination Provision and Government Pension Offset in Massachusetts,Ryan C. Fattman,"Accompanied a study order, see S2679",False
1294,S2639,2639.0,S,192,Veterans and Federal Affairs - Extension Order,John C. Velis,Rules suspended,False
1295,H2425,2425.0,H,192,An Act to require seat belts on school buses,Antonio F. D. Cabral,No further action taken,False
1296,H4400,4400.0,H,192,"Extension Order - Telecommunications, Utilities and Energy",Jeffrey N. Roy,Rules suspended,False
1297,S2204,2204.0,S,192,An Act relative to smart meters,Michael O. Moore,"Accompanied a study order, see S2715",False
1298,H2637,2637.0,H,192,An Act relative to retirement benefits for June Tooley,Tricia Farley-Bouvier,"Accompanied a study order, see H4960",False
1299,H2353,2353.0,H,192,An Act prohibiting the sale of dextromethorphan to minors ,David Paul Linsky,"Accompanied a new draft, see H4641",False
1300,H3473,3473.0,H,192,An Act relative to tolls on the Tobin/Mystic River Bridge,Jessica Ann Giannino,"Accompanied a study order, see H4944",False
1301,S1713,1713.0,S,192,An Act relative to the composition of the Group Insurance Commission ,Paul R. Feeney,"Accompanied a study order, see S2679",False
1302,H2688,2688.0,H,192,An Act providing creditable service for certain teachers,Daniel J. Hunt,"Accompanied a study order, see H4960",False
1303,H2580,2580.0,H,192,An Act relative to employee retirement,Tackey Chan,"Accompanied a study order, see H4960",False
1304,H2653,2653.0,H,192,An Act relative to death benefits to surviving spouses of call and volunteer firefighters,Carmine Lawrence Gentile,No further action taken,False
1305,H2606,2606.0,H,192,An Act relative to post-retirement earnings of public retirees,Mark J. Cusack,"Accompanied a study order, see H4960",False
1306,S1135,1135.0,S,192,An Act establishing a divorce task force,Bruce E. Tarr,"Accompanied a study order, see S2665",False
1307,H478,478.0,H,192,An Act relative to the governor’s power to declare an emergency,Daniel R. Carey,"Accompanied a study order, see H4968",False
1308,H3281,3281.0,H,192,An Act relative to transparency in private utility construction contracts,Edward F. Coppinger,"New draft substituted, see H5053",False
1309,S1637,1637.0,S,192,An Act relative to the use of chemical weapons against civilians,Rebecca L. Rausch,"Accompanied a study order, see S2764",False
1310,H2567,2567.0,H,192,An Act relative to defining certain disabilities,Daniel Cahill,"Accompanied a study order, see H4960",False
1311,S2542,2542.0,S,192,An Act to support military families,Charles D. Baker,No further action taken,False
1312,H2602,2602.0,H,192,An Act defining further a legislative body,Claire D. Cronin,"Accompanied a study order, see H4960",False
1313,S986,986.0,S,192,An Act relative to the free flow of information,Brendan P. Crighton,"Accompanied a study order, see S2665",False
1314,S1608,1608.0,S,192,An Act to promote transparency of facial recognition and driver's license photos,Mark C. Montigny,"Accompanied a study order, see S2768",False
1315,H2594,2594.0,H,192,An Act relative to the Massachusetts Teachers' Retirement System,Tackey Chan,Accompanied H19,False
1316,S1607,1607.0,S,192,An Act relative to window guards in residential rental properties,Mark C. Montigny,No further action taken,False
1317,H2601,2601.0,H,192,An Act relative to contributory retirement board elections,Claire D. Cronin,"Accompanied a study order, see H4960",False
1318,H2585,2585.0,H,192,An Act relative to expenses incurred in defense against unfair labor practices,Tackey Chan,"Accompanied a study order, see H4960",False
1319,S1149,1149.0,S,192,An Act prohibiting the obstruction of state highways,Walter F. Timilty,"Accompanied a study order, see S2665",False
1320,S918,918.0,S,192,An Act addressing racial disparity in jury selection,Joseph A. Boncore,"Accompanied a study order, see S2665",False
1321,S2663,2663.0,S,192,An Act relative to vertical integration for medical marijuana businesses,Joint Committee on Cannabis Policy,No further action taken,False
1322,S290,290.0,S,192,An Act to prioritize violence prevention and social emotional health in school support staff hiring ,Sonia Chang-Diaz,"Accompanied a study order, see S2756",False
1323,H1878,1878.0,H,192,An Act relative to stenographers and transcribers,William M. Straus,"Accompanied a study order, see H4844",False
1324,H2636,2636.0,H,192,An Act relative to pension divestment from companies selling weapons to the Kingdom of Saudi Arabia,Nika C. Elugardo,"Accompanied a study order, see H5206",False
1325,H3325,3325.0,H,192,An Act regulating the location of pipelines,Steven S. Howitt,"Accompanied a study order, see H5042",False
1326,S1210,1210.0,S,192,An Act relative to consolidating multiple definitions of employee,Patricia D. Jehlen,No further action taken,False
1327,S1164,1164.0,S,192,An Act relative to the defense against abusive waivers,Harriette L. Chandler,No further action taken,False
1328,S958,958.0,S,192,An Act to protect the privacy of crime victims,Cynthia Stone Creem,"Accompanied a study order, see S2665",False
1329,S159,159.0,S,192,An Act to promote livable communities and zoning reform act,Marc R. Pacheco,"Accompanied a study order, see S2709",False
1330,S89,89.0,S,192,An Act allowing spouses to serve as caregivers,Joanne M. Comerford,"Accompanied a study order, see S2917",False
1331,H4681,4681.0,H,192,"An Act to prevent wage theft, promote employer accountability, and enhance public enforcement.",Joint Committee on Labor and Workforce Development,No further action taken,False
1332,S635,635.0,S,192,An Act addressing duplicative notifications of UR approvals (administrative simplification) ,Nick Collins,"Accompanied a study order, see S2917",False
1333,S1004,1004.0,S,192,An Act relative to the mandated reporter law,Diana DiZoglio,"Accompanied a study order, see S2665",False
1334,S81,81.0,S,192,An Act creating a Center on Child Wellness and Trauma,Harriette L. Chandler,No further action taken,False
1335,H425,425.0,H,192,An Act to keep college graduates working,Kate Lipper-Garabedian,No further action taken,False
1336,H5132,5132.0,H,192,"So much of the message from His Excellency the Governor returning the General Appropriation Bill for fiscal year 2023 (see House, No. 5050) as relates to Attachments A through Z, for items returned with disapproval of wording under the provisions of Section 5 of Article LXIII and sections returned with recommendations of amendments under the provisions of Article LVI of the Amendments to the Constitution (House, No. 5132). July 28, 2022",Charles D. Baker,See H5050,False
1337,H857,857.0,H,192,An Act relative to agricultural disaster relief,Natalie M. Blais,Accompanied S537,False
1338,S335,335.0,S,192,An Act improving students' access to life saving treatments,Barry R. Finegold,No further action taken,False
1339,H579,579.0,H,192,An Act to protect student privacy,Carolyn C. Dykema,Accompanied H127,False
1340,S282,282.0,S,192,An Act addressing the needs of students with disabilities turning 22 during the COVID-19 emergency  ,Michael J. Barrett,"Accompanied a new draft, see S2751",False
1341,H760,760.0,H,192,An Act assuring that polling places are accessible to elderly and physically challenged voters,Bruce J. Ayers,"Accompanied a study order, see H5026",False
1342,S332,332.0,S,192,An Act relative to carbon monoxide detectors in schools,Ryan C. Fattman,Accompanied H653,False
1343,H597,597.0,H,192,An Act relative to the reimbursement of school-based care,Denise C. Garlick,"Accompanied a new draft, see H4645",False
1344,H4423,4423.0,H,192,Extension Order - Public Service,Kenneth I. Gordon,"Adopted, in concurrence",False
1345,S2057,2057.0,S,192,An Act relative to land acquisition,Paul R. Feeney,Hearing scheduled for 10/26/2021 from 10:30 AM-01:30 PM in Virtual Hearing,False
1346,H600,600.0,H,192,Resolve authorizing a study of starting times and schedules,Carmine Lawrence Gentile,"Accompanied a new draft, see H3980",False
1347,S294,294.0,S,192,An Act prohibiting the use of Native American mascots by public schools in the Commonwealth,Joanne M. Comerford,"Accompanied a new draft, see S2493",False
1348,H525,525.0,H,192,An Act relative to the student entrepreneurial and economic investment fund,"Bradley H. Jones, Jr.",No further action taken,False
1349,S241,241.0,S,192,An Act relative to the licensure of appraisers,Michael F. Rush,"Accompanied a new draft, see H4242",False
1350,S2658,2658.0,S,192,An Act to support children with neonatal abstinence syndrome,"Joint Committee on Children, Families and Persons with Disabilities",No further action taken,False
1351,H3567,3567.0,H,192,An Act updating bicycle fines,Alice Hanlon Peisch,"Accompanied a study order, see H4942",False
1352,S337,337.0,S,192,An Act establishing a special commission to study the effectiveness of the Massachusetts School Building Authority ,Barry R. Finegold,"Accompanied a new draft, see S2727",False
1353,S205,205.0,S,192,An Act further regulating thoroughbred breeding,Paul R. Feeney,No further action taken,False
1354,S2653,2653.0,S,192,An Act exempting the city of Attleboro from the provisions of chapter 31 of the General Laws as they concern the recruitment and hiring of full-time permanent police officers,Paul R. Feeney,No further action taken,False
1355,H4425,4425.0,H,192,Extension Order - Public Safety and Homeland Security,Carlos González,Rejected,False
1356,S2388,2388.0,S,192,An Act relative to Purple Heart registration plates,John C. Velis,"Accompanied a study order, see S2642",False
1357,H580,580.0,H,192,An Act relative to school transportation,Carolyn C. Dykema,Accompanied H674,False
1358,S289,289.0,S,192,An Act relative to dropout prevention and re-engagement,Sonia Chang-Diaz,"Accompanied a study order, see S2756",False
1359,H3948,3948.0,H,192,An Act relative to the Board of Selectmen of the town of Fairhaven,William M. Straus,"Signed by the Governor, Chapter 81 of the Acts of 2021",True
1360,S524,524.0,S,192,An Act preserving open space in the commonwealth,James B. Eldridge,"Accompanied H851
",False
1361,H527,527.0,H,192,An Act relative to transformative development initiatives in rural communities,Paul W. Mark,"Accompanied a new draft, see H4548",False
1362,S263,263.0,S,192,An Act relative to sports wagering in the Commonwealth,Paul R. Feeney,Accompanied S269,False
1363,H571,571.0,H,192,An Act relative to a graduation requirement for U.S. founding principles,David F. DeCoste,"Accompanied a study order, see H5135",False
1364,S267,267.0,S,192,An Act establishing an independent workers portability of benefits innovation fund,Eric P. Lesser,No further action taken,False
1365,H453,453.0,H,192,An Act relative to inducements in the purchase and sale of alcoholic beverages,Jeffrey N. Roy,"Accompanied a study order, see H4880",False
1366,S2528,2528.0,S,192,"An Act establishing a sick leave bank for Lisa Sbrogna, an employee of the Department of Mental Health",Joint Committee on Public Service,No further action taken,False
1367,H767,767.0,H,192,An Act to provide to certain employees of the Commonwealth the right to participate collectively in the political process,Tackey Chan,"Accompanied a study order, see H5026",False
1368,H23,23.0,H,192,An Act clarifying and normalizing non-public school service purchases,Massachusetts Teachers' Retirement System,No further action taken,False
1369,S33,33.0,S,192,An Act directing the city of Boston police department to waive the maximum age requirement for police officers for Daryle Lamonica,Nick Collins,"Signed by the Governor, Chapter 10 of the Acts of 2021",True
1370,H64,64.0,H,192,An Act financing the reconstruction of the Soldiers’ Home in Holyoke,Charles D. Baker,"Accompanied a new draft, see H96
",False
1371,H1974,1974.0,H,192,An Act relative to the scheduling of employees,Sean Garballey,"Accompanied a new draft, see H4698",False
1372,H540,540.0,H,192,An Act to prevent concussion and head injury,Brian M. Ashe,No further action taken,False
1373,H3133,3133.0,H,192,An Act relative to cybersecurity standards in government procurements,Shawn Dooley,"Accompanied a study order, see H4910",False
1374,H3560,3560.0,H,192,An Act to protect motorists from excessive EZ-Pass fees and fines,Steven C. Owens,No further action taken,False
1375,S2278,2278.0,S,192,An Act relative to 'autocycles' ,Nick Collins,"Accompanied a study order, see S2682",False
1376,H335,335.0,H,192,An Act relative to the direct wine shipper license,Tackey Chan,"Accompanied a new draft, see H4243",False
1377,H333,333.0,H,192,An Act relative to realtor fair housing education,Tackey Chan,"Accompanied a new draft, see S2675",False
1378,H113,113.0,H,192,An Act requiring wireless insurance ,Patricia A. Duffy,"Accompanied a study order, see H5040",False
1379,H3558,3558.0,H,192,An Act to promote transportation demand management,Steven C. Owens,No further action taken,False
1380,H4193,4193.0,H,192,An Act relative to a petition for a special law re: fire cadet program for the city of Cambridge fire department,Marjorie C. Decker,"Accompanied a new draft, see H4337",False
1381,S2627,2627.0,S,192,"Order relative to authorizing the joint committee on Children, Families and Persons with Disabilities to make an investigation and study of certain current Senate documents relative to children, families and persons with disabilities issues","Joint Committee on Children, Families and Persons with Disabilities",No further action taken,False
1382,H2703,2703.0,H,192,An Act relative to Executive Office of Public Safety and Security dispatchers,Meghan Kilcoyne,"Accompanied a study order, see H4960",False
1383,H302,302.0,H,192,An Act to establish the Western Massachusetts balanced sustainable development commission,Bud L. Williams,No further action taken,False
1384,H337,337.0,H,192,An Act extending simulcasting and live horse racing authorization,Tackey Chan,"Accompanied a new draft, see H3912",False
1385,S1860,1860.0,S,192,An Act relative to the small commercial tax exemption,Ryan C. Fattman,"Accompanied a study order, see H5250",False
1386,H304,304.0,H,192,An Act relative to sheet metal work license,Brian M. Ashe,No further action taken,False
1387,S177,177.0,S,192,An Act to prohibit simulcast wagering on dog racing,Cynthia Stone Creem,"Accompanied a new draft, see S3094",False
1388,H2853,2853.0,H,192,An Act establishing a tiered corporate minimum tax,Mike Connolly,"Accompanied a study order, see H5279",False
1389,S797,797.0,S,192,An Act relative to premium impact statements,Joan B. Lovely,"Accompanied a study order, see S2800",False
1390,H1054,1054.0,H,192,An Act relative to mortgage review boards and a small business loan review board within the Division of Banks,Daniel Cahill,Hearing scheduled for 10/26/2021 from 11:00 AM-03:00 PM in Virtual Hearing,False
1391,S651,651.0,S,192,An Act relative to transparency of consumer health insurance rights ,Julian Cyr,"Accompanied a study order, see S2917",False
1392,S700,700.0,S,192,An Act to ensure dependent health coverage for adults with disabilities,Joan B. Lovely,No further action taken,False
1393,S638,638.0,S,192,An Act relative to Holocaust victims insurance relief,Cynthia Stone Creem,"Accompanied a study order, see S2700",False
1394,H4918,4918.0,H,192,Extension Order - Health Care Financing,"John J. Lawn, Jr.","Adopted, in concurrence, by a standing vote (8 to 1)",False
1395,H4410,4410.0,H,192,"Extension Order - Mental Health, Substance Use and Recovery",Adrian C. Madaro,"Adopted, in concurrence",False
1396,S2971,2971.0,S,192,An Act relative to the creation of the Massachusetts Public Safety Building Authority,Joint Committee on Public Safety and Homeland Security,No further action taken,False
1397,S711,711.0,S,192,An Act reforming labor rates paid by insurance companies to auto repairers in the Commonwealth,Michael O. Moore,"Accompanied a study order, see S2930",False
1398,H1103,1103.0,H,192,An Act to provide homeowners with fair insurance premiums,Carlos González,"Accompanied a study order, see H5167",False
1399,S2103,2103.0,S,192,An Act promoting governmental efficiency,Rebecca L. Rausch,No further action taken,False
1400,H3160,3160.0,H,192,An Act making October 25th Dwarfism awareness day in the Commonwealth,James K. Hawkins,"Amended by substitution of a bill with the same title, see H5321",False
1401,H755,755.0,H,192,An Act requiring automated external defibrillators in assisted living residences,John H. Rogers,Accompanied S421,False
1402,H3696,3696.0,H,192,An Act relative to emergency medical transportation provided to veterans,Todd M. Smola,"Accompanied a study order, see H5201",False
1403,S2168,2168.0,S,192,An Act ensuring access to solar energy for all communities ,James B. Eldridge,"Accompanied a study order, see S2715",False
1404,H3166,3166.0,H,192,An Act relative to equity in public contracting in honor of Bruce C. Bolling,Russell E. Holmes,No further action taken,False
1405,H3190,3190.0,H,192,An Act establishing the official dinosaur of the Commonwealth,Jack Patrick Lewis,"Signed by the Governor, Chapter 54 of the Acts of 2022",True
1406,S2163,2163.0,S,192,An Act relative to gas leaks and infrastructure,Diana DiZoglio,"Accompanied a study order, see S2715",False
1407,H3229,3229.0,H,192,An Act to procure public products or services from Massachusetts or the United States,Adam J. Scanlon,"Accompanied a study order, see H5255",False
1408,H3230,3230.0,H,192,An Act relative to landscape sprinkler systems,"Paul A. Schmid, III",No further action taken,False
1409,H3136,3136.0,H,192,An Act further defining fraud in public construction contracts,Shawn Dooley,"Accompanied a study order, see H4859",False
1410,HD4198,4198.0,HD,192,An Act relative to the election of town meeting members in the town of Arlington,Sean Garballey,"Signed by the Governor, Chapter 10 of the Acts of 2022",True
1411,H3225,3225.0,H,192,An Act relative to default insurance programs for certain public construction projects,John H. Rogers,"Accompanied a study order, see H4468",False
1412,HD4254,4254.0,HD,192,An Act relative to investment of certain trust funds in the town of Weston,Alice Hanlon Peisch,"Signed by the Governor, Chapter 57 of the Acts of 2022",True
1413,S2164,2164.0,S,192,An Act relative to pole health,Diana DiZoglio,"Accompanied a study order, see S2715",False
1414,H2189,2189.0,H,192,An Act authorizing the city of Greenfield to lease a certain parcel of land,Paul W. Mark,"Signed by the Governor, Chapter 57 of the Acts of 2021",True
1415,H3116,3116.0,H,192,An Act relative to the Commission on the Status of Asian Americans and Pacific Islanders,Tackey Chan,No further action taken,False
1416,H594,594.0,H,192,An Act relative to standards for highly qualified teachers in institutional settings,Sean Garballey,"Accompanied a study order, see H5073",False
1417,S320,320.0,S,192,An Act establishing an online system to process background checks by the Department of Early Education and Care,Diana DiZoglio,"Accompanied a new draft, see S2883",False
1418,H550,550.0,H,192,An Act to achieve universal pre-kindergarten,Antonio F. D. Cabral,"Accompanied a new draft, see H4795",False
1419,H549,549.0,H,192,An Act relative to compulsory full-day kindergarten,Antonio F. D. Cabral,"Accompanied a new draft, see H4795",False
1420,H4935,4935.0,H,192,Study Order,Joint Committee on Consumer Protection and Professional Licensure,No further action taken,False
1421,H4417,4417.0,H,192,Extension Order - Housing,James Arciero,Rules suspended,False
1422,S2662,2662.0,S,192,An Act to facilitate the unionization of the cannabis workforce,Joint Committee on Cannabis Policy,No further action taken,False
1423,S652,652.0,S,192,An Act relative to LGBTQ family building,Julian Cyr,No further action taken,False
1424,H1163,1163.0,H,192,An Act relative to the Insurance Commission issuing a micromobility report,Michael J. Moran,"Accompanied a study order, see H5235",False
1425,H1034,1034.0,H,192,An Act establishing uniform safeguards and public protections for consumers conducting bank transactions at automated teller machines,Bruce J. Ayers,No further action taken,False
1426,H1928,1928.0,H,192,An Act eliminating mandatory minimum sentences related to drug offenses,Bud L. Williams,"Accompanied a study order, see H4844",False
1427,H4942,4942.0,H,192,bicycle safety,Joint Committee on Transportation,No further action taken,False
1428,H5099,5099.0,H,192,Study Order,Joint Committee on Education,No further action taken,False
1429,H5114,5114.0,H,192,An Act relative to hawkers and peddler license renewal,NONE,No further action taken,False
1430,H4305,4305.0,H,192,An Act relative to court officers injured in service of the state,Richard M. Haggerty,"Accompanied a study order, see H4960",False
1431,H2230,2230.0,H,192,An Act to improve outdoor and indoor air quality for communities burdened by transportation pollution ,Christine P. Barber,"Accompanied a new draft, see H5085",False
1432,S1341,1341.0,S,192,An Act protecting animal welfare in cities and towns,John F. Keenan,"Accompanied a study order, see S2630",False
1433,S1428,1428.0,S,192,An Act relative to patient safety in nursing homes,James B. Eldridge,"Accompanied a study order, see S2772",False
1434,S1397,1397.0,S,192,An Act modernizing childhood lead poisoning prevention,Julian Cyr,No further action taken,False
1435,H180,180.0,H,192,An Act to grant co-op’s equal business opportunity,Erika Uyterhoeven,"Accompanied a study order, see H5022",False
1436,S2868,2868.0,S,192,An Act relative to the disclosure of law enforcement disciplinary records,James B. Eldridge,"Accompanied a study order, see S2976",False
1437,S2080,2080.0,S,192,An Act to ensure more women serve on corporate boards of directors,Jason M. Lewis,No further action taken,False
1438,S2199,2199.0,S,192,An Act relative to reasonable municipal expenses,Jason M. Lewis,"Accompanied a study order, see S2715",False
1439,H3992,3992.0,H,192,An Act establishing a sick leave bank for Tara Blodgett,Michael J. Finn,"Accompanied a new draft, see H4064",False
1440,S2836,2836.0,S,192,An Act relative to judicial supervision to promote child well-being,Joint Committee on the Judiciary,"New draft substituted, see S2942",False
1441,S2079,2079.0,S,192,An Act providing for the creation of a Massachusetts COVID-19 Memorial,Jason M. Lewis,"Accompanied a study order, see S2931",False
1442,H572,572.0,H,192,An Act expanding reasons for excused absences from school to include mental or behavioral health,Carol A. Doherty,"Accompanied a study order, see H5143",False
1443,S670,670.0,S,192,"An Act relative to uncollected co-pays, co-insurance and deductibles",Barry R. Finegold,"Accompanied a study order, see S2693",False
1444,H570,570.0,H,192,An Act to place a moratorium on high stakes testing,Marjorie C. Decker,"Accompanied a study order, see H5074",False
1445,H752,752.0,H,192,An Act relative to Massachusetts home care eligibility ,Sarah K. Peake,Accompanied S405,False
1446,S2807,2807.0,S,192,"Order relative to authorizing the joint committee on Environment, Natural Resources and Agriculture to make an investigation and study of a certain current Senate document promoting drinking water quality for all","Joint Committee on Environment, Natural Resources and Agriculture",No further action taken,False
1447,S171,171.0,S,192,An Act relative to safe application and removal of body art,Harriette L. Chandler,No further action taken,False
1448,S116,116.0,S,192,An Act relative to eligibility for disability services,John F. Keenan,"Accompanied a study order, see S2917",False
1449,H3608,3608.0,H,192,An Act relative to transportation infrastructure value capture,William M. Straus,No further action taken,False
1450,H1177,1177.0,H,192,An Act relative to the treatment of infantile cataracts,Edward R. Philips,"Accompanied a study order, see H5222",False
1451,H2132,2132.0,H,192,"An Act relative to further increasing the fines for cruelty to animals, and establishing a fund dedicated to improvements for local animal shelters",Bruce J. Ayers,No further action taken,False
1452,S1586,1586.0,S,192,An Act relative to medical services,Paul R. Feeney,No further action taken,False
1453,H2607,2607.0,H,192,An Act relative to public retiree COLA financing,Mark J. Cusack,"Accompanied a study order, see H4960",False
1454,S1624,1624.0,S,192,An Act establishing a commission on live-fire training,Michael O. Moore,No further action taken,False
1455,S669,669.0,S,192,An Act relative to rehabilitation periods for those in addiction recovery,Paul R. Feeney,"Accompanied a study order, see S2693",False
1456,S2025,2025.0,S,192,An Act Encouraging Public/Private Partnerships to Create Affordable Housing at Public Sites,Nick Collins,Hearing scheduled for 09/14/2021 from 10:30 AM-01:30 PM in Virtual Hearing,False
1457,H940,940.0,H,192,An Act expanding the sale of products by farmer breweries and pub brewers,Kate Hogan,No further action taken,False
1458,H3031,3031.0,H,192,An Act relative to interest fees,Jerald A. Parisella,"Accompanied a study order, see H5245",False
1459,H652,652.0,H,192,An Act to increase student access to career technical education schools and programs which are aligned with regional labor market needs. ,Kate Lipper-Garabedian,"Accompanied a new draft, see H4542",False
1460,S710,710.0,S,192,An Act relative to special insurance brokers,Michael O. Moore,No further action taken,False
1461,H1071,1071.0,H,192,An Act relative to reinsurance model law update,"William J. Driscoll, Jr.","Accompanied a study order, see H5167",False
1462,H932,932.0,H,192,An Act relative to the closure of the Saugus ash landfill ,Jessica Ann Giannino,"Accompanied a new draft, see H4602",False
1463,H1153,1153.0,H,192,An Act relative to ensuring treatment for genetic craniofacial conditions,Paul McMurtry,Accompanied S648,False
1464,H1330,1330.0,H,192,An Act to establish a finish line grant program to encourage college completion,Sean Garballey,"Accompanied a new draft, see H4694",False
1465,H3762,3762.0,H,192,An Act authorizing special police officers in the town of Natick to serve until the age of 70,David Paul Linsky,"Signed by the Governor, Chapter 124 of the Acts of 2022",True
1466,S2140,2140.0,S,192,An Act to equitably support enhanced 911 service,Michael D. Brady,No further action taken,False
1467,H3204,3204.0,H,192,Resolve providing for the creation of a commemorative memorial portrait in the Massachusetts State House in honor of State Representative Doris Bunte,Liz Miranda,No further action taken,False
1468,H3392,3392.0,H,192,An Act relative to licensed funeral home vehicles,James Arciero,No further action taken,False
1469,S2217,2217.0,S,192,An Act relative to pipeline siting,Marc R. Pacheco,Hearing scheduled for 11/02/2021 from 01:00 PM-05:00 PM in Virtual Hearing,False
1470,S2271,2271.0,S,192,An Act relative to Hot Box Detectors,Michael D. Brady,No further action taken,False
1471,H3315,3315.0,H,192,An Act relative to clean energy resources,"Thomas A. Golden, Jr.","Accompanied a study order, see H5042",False
1472,H3908,3908.0,H,192,An Act authorizing the city of Lawrence to establish a program for enforcement against illegal bars and illegal casinos,Frank A. Moran,No further action taken,False
1473,S2402,2402.0,S,192,Resolutions for a United States Constitutional Amendment and a limited amendment proposing convention,James B. Eldridge,No further action taken,False
1474,S2267,2267.0,S,192,An Act relative to transportation network companies,Joseph A. Boncore,"Accompanied a new draft, see S2753",False
1475,S2892,2892.0,S,192,An Act establishing a special commission to study the youth sports industry,Joint Committee on Public Health,No further action taken,False
1476,S2132,2132.0,S,192,An Act instituting a governance structure for Mass Save,Michael J. Barrett,No further action taken,False
1477,H840,840.0,H,192,An Act relative to political contributions,Erika Uyterhoeven,"Accompanied a study order, see H5026",False
1478,H3409,3409.0,H,192,An Act to enhance agricultural operations,Natalie M. Blais,No further action taken,False
1479,S2241,2241.0,S,192,Resolve establishing a commission on artistic representation in the People’s House,Julian Cyr,"Accompanied a study order, see S2648",False
1480,H3491,3491.0,H,192,An Act concerning the safety of school children embarking and disembarking school buses,Kevin G. Honan,"Accompanied a new draft, see H4478",False
1481,H901,901.0,H,192,An Act protecting research animals,Carolyn C. Dykema,"Signed by the Governor, Chapter 149 of the Acts of 2022",True
1482,S2084,2084.0,S,192,An Act relative to the 401(k) CORE plan,Joan B. Lovely,Accompanied H35,False
1483,S1571,1571.0,S,192,An Act relative to the disclosure of certain police reports,Sal N. DiDomenico,No further action taken,False
1484,S2129,2129.0,S,192,An Act to make electric vehicles more affordable,Michael J. Barrett,"Accompanied a study order, see S2715",False
1485,H2337,2337.0,H,192,An Act establishing a special commission to study the integration of support groups into our healthcare system,Kay Khan,"Accompanied a study order, see H5197",False
1486,S216,216.0,S,192,An Act relative to allergens in cosmetic products,Jason M. Lewis,"Accompanied a study order, see S2666",False
1487,H1011,1011.0,H,192,An Act relative to noise and air pollution,Todd M. Smola,"Accompanied a study order, see H5041",False
1488,H126,126.0,H,192,An Act establishing a special commission on blockchain and cryptocurrency,Kate Lipper-Garabedian,"Accompanied a new draft, see H4513",False
1489,H970,970.0,H,192,An Act to reform the Toxic Use Reduction Act ,John J. Mahoney,"Accompanied a study order, see H5041",False
1490,H294,294.0,H,192,"An Act to address inequality, promote opportunity and end poverty",Sally P. Kerans,No further action taken,False
1491,H3943,3943.0,H,192,An Act directing the Bristol County Retirement Board to grant creditable service to Christopher J. Gallagher,Angelo L. D'Emilia,No further action taken,False
1492,H2175,2175.0,H,192,An Act to establish commonsense permitting reforms for businesses and landowners,Kevin G. Honan,"Accompanied a study order, see H4933",False
1493,H4392,4392.0,H,192,Extension Order - Financial Services,James M. Murphy,"Adopted, in concurrence",False
1494,H582,582.0,H,192,An Act providing for the creation of a permanent commission relative to the education of American Indian and Alaska Native residents of the Commonwealth,Nika C. Elugardo,"Accompanied a new draft, see H4539",False
1495,H3586,3586.0,H,192,An Act to reduce the fee for motor vehicle veteran registration plates,"Paul A. Schmid, III","Accompanied a study order, see H4966",False
1496,H4420,4420.0,H,192,"Extension Order - Environment, Natural Resources and Agriculture",Mindy Domb,"Adopted, in concurrence",False
1497,S2578,2578.0,S,192,"An Act establishing a sick leave bank for Joseph Filardi, an employee of the Department of Revenue",Patrick M. O'Connor,No further action taken,False
1498,S1391,1391.0,S,192,An Act to promote the option of alkaline hydrolysis (AH),Cynthia Stone Creem,Accompanied H4036,False
1499,H189,189.0,H,192,An Act establishing that the rights of a child to supersede the rights of the biological rights,"Donald R. Berthiaume, Jr.","Accompanied a study order, see H4895",False
1500,S600,600.0,S,192,"An Act to protect open space, historical resources, and community housing from coastal threats",Patrick M. O'Connor,"Accompanied a study order, see S2734",False
1501,S247,247.0,S,192,An Act to promote economic recovery for restaurants and bars,John C. Velis,"Accompanied a new draft, see S2871",False
1502,S2686,2686.0,S,192,"An Act establishing a sick leave bank for John Carlson, an employee of the Department of Correction",Barry R. Finegold,"Signed by the Governor, Chapter 79 of the Acts of 2022",True
1503,S706,706.0,S,192,An Act relative to executive compensation for mutual companies,Mark C. Montigny,No further action taken,False
1504,H149,149.0,H,192,An Act to create an open-container law for marijuana,Shawn Dooley,"Accompanied a study order, see H5022",False
1505,S1400,1400.0,S,192,An Act relative to supporting geographically isolated small farms ,Julian Cyr,"Accompanied a study order, see S3173",False
1506,H2318,2318.0,H,192,An Act to improve access to family physicians,Kate Hogan,No further action taken,False
1507,S482,482.0,S,192,An Act to limit political spending by foreign-influenced corporations,Mark C. Montigny,"Accompanied a study order, see H5026",False
1508,S258,258.0,S,192,An Act to improve the economy of the commonwealth,John J. Cronin,"Accompanied a study order, see S2710",False
1509,S621,621.0,S,192,An Act to protect coastal resources,Bruce E. Tarr,"Accompanied a study order, see S2734",False
1510,H997,997.0,H,192,An Act to incentivize the reduction of residential waste disposal,David M. Rogers,"Accompanied a study order, see H5041",False
1511,S645,645.0,S,192,An Act for Medical Necessity Fairness,John J. Cronin,"Accompanied a study order, see S2693",False
1512,S1130,1130.0,S,192,An Act protecting bank employees and customers,Michael F. Rush,"Accompanied a study order, see S2665",False
1513,H1134,1134.0,H,192,An Act relative to surcharges on motor vehicle insurance premiums,Mary S. Keefe,"Accompanied a study order, see H5311",False
1514,S104,104.0,S,192,An Act to authorize the Commonwealth of Massachusetts to establish additional mandated reporters for the purpose of the protection and care of children,Paul R. Feeney,"Accompanied a new draft, see S2846",False
1515,S699,699.0,S,192,An Act to increase health insurer reporting transparency,Joan B. Lovely,"Accompanied a study order, see S2693",False
1516,S1352,1352.0,S,192,An Act authorizing the town of Marshfield to withdraw from the Metropolitan Area Planning District,Patrick M. O'Connor,"Accompanied a study order, see S2630",False
1517,S1524,1524.0,S,192,An Act relative to public safety and public health worker protections,Michael F. Rush,"Accompanied a study order, see S2692",False
1518,H1602,1602.0,H,192,An Act modernizing notary services,Carmine Lawrence Gentile,"Accompanied a new draft, see H4716",False
1519,S64,64.0,S,192,An Act relative to vertical integration for medical marijuana businesses,Julian Cyr,Hearing rescheduled to 06/29/2021 from 11:00 AM-02:00 PM in Virtual Hearing,False
1520,H2280,2280.0,H,192,An Act creating a commission to study concussions that occur as a result of varsity sports in public and private high schools,Tricia Farley-Bouvier,"Accompanied a new draft, see H4819",False
1521,H173,173.0,H,192,An Act relative to vertical integration of medical marijuana businesses,David M. Rogers,"Accompanied a new draft, see H4546",False
1522,S2697,2697.0,S,192,Order relative to authorizing the joint committee on Labor and Workforce Development to make an investigation and study of certain current Senate documents relative to public employees and employer obligations,Joint Committee on Labor and Workforce Development,No further action taken,False
1523,H1934,1934.0,H,192,An Act updating hunter harassment laws,Jonathan D. Zlotnik,"Accompanied a study order, see H4844",False
1524,S203,203.0,S,192,An Act establishing an online lottery,Paul R. Feeney,"Accompanied a study order, see S2666",False
1525,H3362,3362.0,H,192,An Act ensuring a healthy future for environmental justice communities,Orlando Ramos,No further action taken,False
1526,H531,531.0,H,192,An Act authorizing and regulating sports wagering,Orlando Ramos,"Accompanied a new draft, see H3974
",False
1527,H3919,3919.0,H,192,An Act relative to the residency requirement for the executive assistant in the town of Hudson,Kate Hogan,"Signed by the Governor, Chapter 32 of the Acts of 2022",True
1528,H4941,4941.0,H,192,transportation,Joint Committee on Transportation,No further action taken,False
1529,S1919,1919.0,S,192,An Act relative to real estate tax abatements to help businesses impacted by the Phase IV reopening plan,Joan B. Lovely,"Accompanied a study order, see H5250",False
1530,H4489,4489.0,H,192,Study Order,Joint Committee on State Administration and Regulatory Oversight,No further action taken,False
1531,S3011,3011.0,S,192,An Act relative to funding for the Wareham affordable housing trust,Marc R. Pacheco,"Signed by the Governor, Chapter 377 of the Acts of 2022",True
1532,S488,488.0,S,192,An Act to modernize the central registry of voters,Rebecca L. Rausch,"Accompanied a study order, see H5026",False
1533,S536,536.0,S,192,An Act relative to the use of crossbows in hunting,Anne M. Gobi,Accompanied H991,False
1534,S2478,2478.0,S,192,"Resolutions designating August 14th and 15th, 2021 as the sales tax holiday",Eric P. Lesser,"Adopted, in concurrence
",False
1535,H4398,4398.0,H,192,"Extension Order - Children, Families and Persons with Disabilities",Michael J. Finn,"Adopted, in concurrence",False
1536,S1332,1332.0,S,192,An Act encouraging municipal recycling and composting,James B. Eldridge,"Accompanied a study order, see S2630",False
1537,H2192,2192.0,H,192,An Act relative to proceeds from the sale of bonds,Brian W. Murray,Accompanied S1335,False
1538,HD4438,4438.0,HD,192,A communication from the Office of the Comptroller (see Item 1599-6152 contained of Chapter 24 of the Acts of 2021) submitting changes to the State Retirees Benefits Trust Fund.  ,Executive Office of the Comptroller,Addenda,False
1539,H1072,1072.0,H,192,An Act relative to health insurance coverage for structured outpatient addiction programs,Michelle M. DuBois,Hearing scheduled for 10/12/2021 from 11:00 AM-04:00 PM in Virtual Hearing,False
1540,H1073,1073.0,H,192,An Act to establish a resolution trust fund for receipt of reasonable mortgage payments,Michelle M. DuBois,Hearing scheduled for 10/26/2021 from 11:00 AM-03:00 PM in Virtual Hearing,False
1541,S618,618.0,S,192,An Act relative to pesticide applications,Bruce E. Tarr,"Accompanied a study order, see S2734",False
1542,S1114,1114.0,S,192,An Act relative to health care proxies,Patrick M. O'Connor,"Accompanied a study order, see S2665",False
1543,S268,268.0,S,192,An Act to provide startup capital for minority entrepreneurs,Eric P. Lesser,No further action taken,False
1544,H1599,1599.0,H,192,An Act to eliminate the charitable immunity cap,Carmine Lawrence Gentile,"Accompanied a study order, see H5170",False
1545,H544,544.0,H,192,An Act to support healthy development among preschoolers,Ruth B. Balser,No further action taken,False
1546,H1982,1982.0,H,192,An Act relative to social media privacy protection,Kenneth I. Gordon,Accompanied S1170,False
1547,S731,731.0,S,192,An Act relative to ambulance service reimbursement,Walter F. Timilty,"Accompanied a study order, see S2701",False
1548,H1091,1091.0,H,192,An Act providing for certain health insurance coverage,Sean Garballey,"Accompanied a study order, see H5222",False
1549,H1198,1198.0,H,192,An Act to ensure access to the full range of treatment options for people with obesity,Jon Santiago,Hearing scheduled for 12/09/2021 from 11:00 AM-04:00 PM in Virtual Hearing,False
1550,H4104,4104.0,H,192,An Act authorizing Nantucket land transfers,Dylan A. Fernandes,"Amended by substitution of a bill with the same title, see H4360",False
1551,S284,284.0,S,192,An Act providing health education in schools,Harriette L. Chandler,"Accompanied a study order, see S2756",False
1552,H293,293.0,H,192,An Act relative to the establishment of a small business recovery task force,"Bradley H. Jones, Jr.","Accompanied a study order, see H5027",False
1553,S222,222.0,S,192,An Act prohibiting inhumane feline declawing,Mark C. Montigny,No further action taken,False
1554,H473,473.0,H,192,An Act authorizing the town of Athol to grant 6 additional liquor licenses for the sale of alcoholic beverages to be drunk on the premises,Susannah M. Whipps,"Accompanied a new draft, see H5437",False
1555,H291,291.0,H,192,An Act relative to housing production plans,"Bradley H. Jones, Jr.","Accompanied a study order, see H5027",False
1556,H2545,2545.0,H,192,An Act relevant to the diverse recruitment and reform of the Massachusetts State Police,Timothy R. Whelan,No further action taken,False
1557,H1876,1876.0,H,192,An Act establishing penalties for the filing of false reports against police officers,Thomas M. Stanley,"Accompanied a study order, see H4844",False
1558,H1773,1773.0,H,192,An Act requiring only a justice to remove a trial default of a defendant who fails to appear at trial,Christopher M. Markey,"Accompanied a study order, see H4844",False
1559,S1604,1604.0,S,192,An Act to establish a committee on fire safety inspection standards,Jason M. Lewis,"Accompanied a study order, see S2765",False
1560,S1718,1718.0,S,192,An Act to provide diabetes prevention program benefits,Paul R. Feeney,No further action taken,False
1561,H2518,2518.0,H,192,An Act requiring the use of helmets for equine riders and drivers,Lindsay N. Sabadosa,"Accompanied a study order, see H5239",False
1562,H2430,2430.0,H,192,An Act for police chief certification reform and improvement,Michael S. Day,No further action taken,False
1563,H2338,2338.0,H,192,An Act relative to newborn screenings for congenital cytomegalovirus,Kay Khan,Accompanied S1471,False
1564,H2648,2648.0,H,192,An Act relative to Parkinson's disease disability and death in firefighters,Sean Garballey,No further action taken,False
1565,H2642,2642.0,H,192,An Act relative to disability pensions for violent crimes,Dylan A. Fernandes,No further action taken,False
1566,H4299,4299.0,H,192,An Act to amend the charter of the city of Holyoke,Patricia A. Duffy,"Bills in the Third Reading special report accepted, see H4501",False
1567,H971,971.0,H,192,An Act relative to recycling,Paul W. Mark,"Accompanied a study order, see H5041",False
1568,S2828,2828.0,S,192,An Act advancing taxpayers' right to know,Joint Committee on State Administration and Regulatory Oversight,No further action taken,False
1569,H1903,1903.0,H,192,An Act relative to the composition of the Victim and Witness Assistance Board,Chynah Tyler,No further action taken,False
1570,H476,476.0,H,192,An Act relative to the direct sale of alcoholic beverages for off-premises consumption,Jonathan D. Zlotnik,"Accompanied a study order, see H4880",False
1571,H4063,4063.0,H,192,An Act relative to regulating the septic industry,Joint Committee on Consumer Protection and Professional Licensure,No further action taken,False
1572,H996,996.0,H,192,An Act to improve plastic bottles and their recycling,David M. Rogers,"Accompanied a study order, see H5041",False
1573,H273,273.0,H,192,An Act to establish an Office of Youth Development,Chynah Tyler,"Accompanied a new draft, see H4463",False
1574,S167,167.0,S,192,An Act allowing for video lottery terminals,Michael D. Brady,"Accompanied a study order, see S2666",False
1575,H342,342.0,H,192,An Act relative to motor vehicle mechanics,Claire D. Cronin,"Accompanied a study order, see H4880",False
1576,S172,172.0,S,192,An Act relative to identity fraud,Sonia Chang-Diaz,"Accompanied a study order, see S2666",False
1577,H269,269.0,H,192,An Act relative to income calculation for certain benefits ,"Paul A. Schmid, III","Accompanied a study order, see H4905",False
1578,H2922,2922.0,H,192,An Act relative to the senior property tax deferral program ,Kenneth I. Gordon,"Accompanied a study order, see H5352",False
1579,S1926,1926.0,S,192,An Act protecting homeowners from unfair tax lien practices by cities and towns,Mark C. Montigny,"Accompanied a study order, see S2743",False
1580,H4009,4009.0,H,192,An Act relative to the taxation of pass-through entities,NONE,Chapter 69 of the Acts of 2021,False
1581,H1983,1983.0,H,192,An Act amending the unemployment insurance law for workers with fluctuating work schedules,Kenneth I. Gordon,Senate concurred,False
1582,S1240,1240.0,S,192,An Act to clarify employer sanctions for improper expenditure of withholdings or deductions from wages,Marc R. Pacheco,"Accompanied a new draft, see H4681",False
1583,H5160,5160.0,H,192,An Act relative to sustainability and resiliency in the Dorchester section of the city of Boston,House Committee on Ways and Means,"Text of an amendment, see S3088",False
1584,S2939,2939.0,S,192,An Act providing for a revised charter for the city of Taunton,Joint Committee on Municipalities and Regional Government,"New draft substituted, see S3156",False
1585,S2938,2938.0,S,192,An Act authorizing the town of Northfield to establish the Grandin Water District,Joanne M. Comerford,"New draft (Comerford) substituted, see S3116",False
1586,S1274,1274.0,S,192,"An Act to better coordinate suicide prevention services, behavioral health crisis care, and emergency services through 988 implementation",Julian Cyr,No further action taken,False
1587,S1344,1344.0,S,192,An Act to establish a commission to study the distribution of unrestricted local aid,Eric P. Lesser,No further action taken,False
1588,H3614,3614.0,H,192,An Act relative to the study of traffic in East Bridgewater,Alyson M. Sullivan,"Accompanied a study order, see H4966",False
1589,S1940,1940.0,S,192,An Act relative to the separation of cranberry bogs from agricultural use for renewable energy purposes,Susan L. Moran,"Accompanied a study order, see H4934",False
1590,H757,757.0,H,192,An Act protecting elders from bullying,Alan Silvia,"Accompanied a study order, see H5029",False
1591,S457,457.0,S,192,An Act extending early voting options in local elections,Cynthia Stone Creem,"Accompanied a study order, see H5026",False
1592,H906,906.0,H,192,An Act ensuring safe drinking water in schools,Lori A. Ehrlich,Accompanied S580,False
1593,H876,876.0,H,192,An Act to increase access to recycling,Michael S. Day,"Accompanied a study order, see H4865",False
1594,S557,557.0,S,192,An Act preserving old growth forests,Adam G. Hinds,"Accompanied a new draft, see H4784",False
1595,H2839,2839.0,H,192,An Act relative to the exemption of private pension income from taxation,Peter Capano,"Accompanied a study order, see H5043",False
1596,H1053,1053.0,H,192,An Act relative to consumer deductibles ,Daniel Cahill,"Accompanied a study order, see H5222",False
1597,S1439,1439.0,S,192,An Act to promote public safety and certainty related to child deaths,Cindy F. Friedman,Accompanied H2261,False
1598,H1135,1135.0,H,192,An Act providing health insurance coverage for scalp and facial hair prosthesis,Sally P. Kerans,"Accompanied a study order, see H5222",False
1599,H1919,1919.0,H,192,An Act relative to protecting victims of domestic violence,Timothy R. Whelan,"Accompanied a study order, see H4844",False
1600,H2194,2194.0,H,192,An Act further addressing challenges to municipal governance caused by the COVID-19 emergency,James J. O'Day,Accompanied S1356,False
1601,H1801,1801.0,H,192,"An Act relative to sexual assaults by adults in positions of authority or trust
",Liz Miranda,"Accompanied a study order, see H4844",False
1602,H3629,3629.0,H,192,An Act to reduce litter on the highways of the Commonwealth,Timothy R. Whelan,"Accompanied a study order, see H5005",False
1603,S1174,1174.0,S,192,"An Act Protecting the Right to Time Off for Voting
",Brendan P. Crighton,"Accompanied a new draft, see H4605",False
1604,H2009,2009.0,H,192,An Act relative to prevailing wages,Meghan Kilcoyne,"Accompanied a new draft, see H4611",False
1605,S601,601.0,S,192,An Act relative to the board of registration of hazardous waste site cleanup professionals,Patrick M. O'Connor,"Accompanied a study order, see S2734",False
1606,S1251,1251.0,S,192,An Act relative to wage theft and due process,Bruce E. Tarr,"Accompanied a new draft, see H4681",False
1607,H1019,1019.0,H,192,An Act authorizing deer hunting on Sunday,Alyson M. Sullivan,"Accompanied a study order, see H5041",False
1608,H2184,2184.0,H,192,An Act relative to emergency action on FEMA Flood Insurance Rate Maps,Kathleen R. LaNatra,No further action taken,False
1609,H3486,3486.0,H,192,An Act relative to license plates for disabled veterans,Bradford Hill,"Accompanied a study order, see H4966",False
1610,H619,619.0,H,192,An Act relative to school recess,Bradford Hill,"Accompanied a study order, see H5143",False
1611,H1990,1990.0,H,192,An Act relative to workers' compensation disfigurement benefits concerning scarring,Christopher Hendricks,"Accompanied a study order, see H5023",False
1612,H1246,1246.0,H,192,An Act protecting the homes of seniors and disabled people on MassHealth,Christine P. Barber,No further action taken,False
1613,H3622,3622.0,H,192,An Act relative to Massachusetts Civil Air Patrol vehicles and trailers,David T. Vieira,No further action taken,False
1614,H2000,2000.0,H,192,An Act relative to fairness in workers' compensation benefits,"Bradley H. Jones, Jr.","Accompanied a study order, see H5023",False
1615,S1155,1155.0,S,192,An Act relative to COVID-19 and improving workers' benefits,Michael J. Barrett,Hearing scheduled for 05/11/2021 from 10:30 AM-02:30 PM in Virtual Hearing,False
1616,S650,650.0,S,192,"An Act relating to patient cost, benefit and coverage information, choice, and price transparency ",Julian Cyr,"Accompanied a study order, see S2693",False
1617,H2266,2266.0,H,192,An Act relative to the board of registration in naturopathy,Mindy Domb,"Accompanied a study order, see H5222",False
1618,S1937,1937.0,S,192,An Act relative to the establishment of a means tested senior citizen property tax exemption,Susan L. Moran,Accompanied H2915,False
1619,H1941,1941.0,H,192,An Act protecting wages of employees who receive wages through an electronic wage card,Tackey Chan,No further action taken,False
1620,H2901,2901.0,H,192,An Act relative to home heating oil deductions,Paul K. Frost,"Accompanied a study order, see H5043",False
1621,H2756,2756.0,H,192,An Act relative to retirement benefits for Kevin Wilder,Edward R. Philips,"Accompanied a study order, see H4960",False
1622,H181,181.0,H,192,An Act ensuring transparency in host community agreements,Andres X. Vargas,"Accompanied a new draft, see H4440",False
1623,H1968,1968.0,H,192,An Act relative to community college tuition,Patricia A. Duffy,"Accompanied a new draft, see H4694",False
1624,H172,172.0,H,192,An Act relative to research by independent testing laboratories,David M. Rogers,No further action taken,False
1625,S1200,1200.0,S,192,"An Act addressing workplace bullying, mobbing, and harassment, without regard to protected class status while promoting healthy workplaces",Paul R. Feeney,"Accompanied a new draft, see S2723",False
1626,H2977,2977.0,H,192,An Act relative to the classification and taxation of urban public access land,David Henry Argosky LeBoeuf,"Accompanied a study order, see H5250",False
1627,H1925,1925.0,H,192,An Act relative to leaving the scene of a motor vehicle crash,Timothy R. Whelan,"Accompanied a study order, see H4844",False
1628,H2978,2978.0,H,192,An Act relative to regional transportation ballot initiatives,Jack Patrick Lewis,Accompanied H3086,False
1629,H266,266.0,H,192,An Act relative to a loan repayment program for human service workers ,Jeffrey N. Roy,No further action taken,False
1630,H1948,1948.0,H,192,An Act relative to contractor accountability,Mark J. Cusack,"Accompanied a new draft, see H4681",False
1631,S161,161.0,S,192,An Act relative to protecting biometric information under the security breach law,Michael J. Barrett,"Accompanied a study order, see S2666",False
1632,H1917,1917.0,H,192,An Act relative to taking or transmitting images of crime victims by first responders,Joseph F. Wagner,"Signed by the Governor, Chapter 146 of the Acts of 2022",True
1633,H253,253.0,H,192,An Act to provide notice to counsel of changes in a child’s or a young adult’s placement and other events,Joan Meschino,No further action taken,False
1634,H364,364.0,H,192,An Act relative to the sale of alcoholic beverages,Michael J. Finn,"Accompanied a study order, see H4880",False
1635,S153,153.0,S,192,An Act encouraging the growth of small businesses,Joan B. Lovely,No further action taken,False
1636,H305,305.0,H,192,"An Act to regulate pet daycare facilities in cities and towns, aka Ollie's Law",Brian M. Ashe,"Accompanied a study order, see H4880",False
1637,H1508,1508.0,H,192,An Act relative to escheat,Josh S. Cutler,No further action taken,False
1638,H3088,3088.0,H,192,An Act relative to commuter transit benefits,Tommy Vitolo,Hearing scheduled for 12/22/2021 from 10:00 AM-05:00 PM in Virtual Hearing,False
1639,H322,322.0,H,192,An Act to create direct dental care agreements,Daniel R. Carey,Hearing scheduled for 07/27/2021 from 11:00 AM-03:00 PM in Virtual Hearing,False
1640,H3368,3368.0,H,192,An Act codifying the electric vehicle consumer rebate program,Jeffrey N. Roy,"Accompanied a study order, see H5042",False
1641,S1228,1228.0,S,192,An Act relative to fair hiring practices,Mark C. Montigny,No further action taken,False
1642,H263,263.0,H,192,An Act relative to the use of electronic benefit transfer cards with regard to online grocery delivery services,Edward R. Philips,No further action taken,False
1643,H369,369.0,H,192,An Act establishing a dentist diversion program,Denise C. Garlick,Hearing scheduled for 07/26/2021 from 01:00 PM-03:00 PM in Virtual Hearing,False
1644,H295,295.0,H,192,An Act relative to worker-owned cooperative enterprises,Paul W. Mark,"Accompanied a study order, see H5027",False
1645,H385,385.0,H,192,An Act relative to training for certain medical professional about eating disorders,Bradford Hill,"Accompanied a study order, see H5035",False
1646,H287,287.0,H,192,"An Act relative to the development of a strategy supporting micro businesses in inner city communities
",Carlos González,"Accompanied a study order, see H5027",False
1647,H2166,2166.0,H,192,An Act to change the name of the board of selectmen in the town of Burlington to select board,Kenneth I. Gordon,"Signed by the Governor, Chapter 65 of the Acts of 2021",True
1648,S181,181.0,S,192,An Act modernizing lottery payment options,Brendan P. Crighton,Accompanied H37,False
1649,H312,312.0,H,192,An Act to limit consumer exposure to deceptive calling practices,"John Barrett, III","Accompanied a study order, see H4880",False
1650,H1667,1667.0,H,192,"An Act to define indecent assault and battery, including nonconsensual condom removal",Vanna Howard,"Accompanied a study order, see H4844",False
1651,H278,278.0,H,192,An Act establishing a low vision registry,Steven G. Xiarhos,"Accompanied a study order, see H4909",False
1652,H380,380.0,H,192,An Act authorizing the town of Somerset to grant additional licenses for the sale of alcoholic beverages to be drunk off the premises,Patricia A. Haddad,"Accompanied a new draft, see H3811",False
1653,H2064,2064.0,H,192,An Act to require equitable payment from the Commonwealth,Ruth B. Balser,"Accompanied a study order, see H5237",False
1654,S176,176.0,S,192,"An Act to mandate domestic violence and sexual assault awareness education for aestheticians, barbers, cosmetologists, electrologists, hairdressers, manicurists, and massage therapists",Cynthia Stone Creem,"Accompanied a new draft, see S2678",False
1655,H292,292.0,H,192,An Act to reduce clustering in Massachusetts,"Bradley H. Jones, Jr.","Accompanied a study order, see H5027",False
1656,H384,384.0,H,192,An Act banning the retail sale of cats and dogs in pet shops,Natalie M. Higgins,"Accompanied a study order, see H5041",False
1657,S221,221.0,S,192,An Act regulating alternative healing therapies,Mark C. Montigny,"Accompanied a study order, see S2666",False
1658,H367,367.0,H,192,An Act relative to permanent alcoholic beverage takeout​​,Paul K. Frost,"Accompanied a study order, see H4880",False
1659,H296,296.0,H,192,An Act relative to expanding relief to new businesses established during the COVID-19 pandemic,Lenny Mirra,No further action taken,False
1660,H390,390.0,H,192,An Act relative to exempting home appliance service and repair technicians from certain provisions of the Massachusetts plumbing code,Kate Hogan,"Accompanied a study order, see H4880",False
1661,H2507,2507.0,H,192,An Act enhancing child safety,James J. O'Day,No further action taken,False
1662,S1020,1020.0,S,192,An Act concerning nondisclosure agreements relative to sexual harassment and discrimination,Diana DiZoglio,"Accompanied a study order, see S2665",False
1663,H272,272.0,H,192,"An Act Relative to Supported Decision Making  

 ",Paul F. Tucker,"Accompanied a new draft, see H4725",False
1664,H1961,1961.0,H,192,An Act relative to emergency paid sick time,Paul J. Donato,"Accompanied a study order, see H5023",False
1665,S162,162.0,S,192,An Act relative to home inspections,Joseph A. Boncore,No further action taken,False
1666,H252,252.0,H,192,An Act protecting vulnerable adults from financial exploitation,Paul McMurtry,"Accompanied a new draft, see H4462",False
1667,H353,353.0,H,192,An Act relative to the establishment of a commission for fairness in liquor licensing,Shawn Dooley,"Accompanied a study order, see H4880",False
1668,H281,281.0,H,192,An Act relative to neighborhood stabilization and economic development,Antonio F. D. Cabral,"Accompanied a study order, see H5027",False
1669,H1855,1855.0,H,192,An Act relative to improper and discriminatory police reporting,David M. Rogers,"Accompanied a study order, see H4844",False
1670,S1023,1023.0,S,192,An Act ensuring domestic violence victims' protections for all employees in the Commonwealth,Ryan C. Fattman,"Accompanied a study order, see S2665",False
1671,S567,567.0,S,192,An Act decreasing food waste by standardizing the date labeling of food,Edward J. Kennedy,"Accompanied a study order, see S2772",False
1672,S1176,1176.0,S,192,An Act relative to compliance with the fair minimum wage,Julian Cyr,Hearing scheduled for 10/19/2021 from 10:30 AM-04:30 PM in Virtual Hearing,False
1673,S1238,1238.0,S,192,An Act relative to plant relocation,Marc R. Pacheco,"Accompanied a study order, see S2697",False
1674,H362,362.0,H,192,An Act relative to alcoholic beverage containers,Michael J. Finn,"Accompanied a study order, see H4880",False
1675,S2151,2151.0,S,192,An Act promoting zero-emission vehicles,Brendan P. Crighton,No further action taken,False
1676,S473,473.0,S,192,An Act relative to voting rights,Adam G. Hinds,"Accompanied a study order, see H5026",False
1677,H3192,3192.0,H,192,An Act establishing an Overdose Awareness Day,Jack Patrick Lewis,"Accompanied a study order, see H4969",False
1678,H3213,3213.0,H,192,An Act updating the Open Meeting Law to support remote participation,James J. O'Day,"Accompanied a new draft, see H5031",False
1679,S2178,2178.0,S,192,An Act relative to the safety and protection of utility work and construction sites,Paul R. Feeney,"Accompanied a study order, see S2715",False
1680,S2884,2884.0,S,192,"An Act establishing a sick leave bank for Jacquelyne Foley, an employee of the department of early education and care",Lydia Edwards,"Signed by the Governor, Chapter 88 of the Acts of 2022",True
1681,S2600,2600.0,S,192,An Act relative to personal health information portability and accessibility,Bruce E. Tarr,"Accompanied a study order, see S2917",False
1682,S1502,1502.0,S,192,An Act relative to the reform of the personal care attendant system,Patrick M. O'Connor,No further action taken,False
1683,H863,863.0,H,192,An Act to create the department of marine fisheries resources,Antonio F. D. Cabral,"Accompanied a study order, see H5041",False
1684,S1559,1559.0,S,192,"An Act relative to inmate telephone calls
",Cynthia Stone Creem,"Accompanied a study order, see S2911",False
1685,H1144,1144.0,H,192,An Act to facilitate alternatives to foreclosure ,David Henry Argosky LeBoeuf,"Accompanied a study order, see H5166",False
1686,S123,123.0,S,192,An Act relative to expanding access to adoption,Joan B. Lovely,"Committee recommended ought to pass with an amendment, substituting therefor a new draft, see S2616",False
1687,S778,778.0,S,192,An Act relative to hospital closures and health planning,John F. Keenan,"Accompanied a new draft, see H4248",False
1688,S802,802.0,S,192,An Act to ensure timely health care cost reporting,Mark C. Montigny,"Accompanied a study order, see S2800",False
1689,H797,797.0,H,192,An Act improving fiscal transparency ,Natalie M. Higgins,"Accompanied a study order, see H5026",False
1690,S1419,1419.0,S,192,An Act prohibiting smoking near public housing buildings,Diana DiZoglio,"Accompanied a study order, see S2692",False
1691,H2180,2180.0,H,192,An Act relative to protecting municipalities from unfunded mandates,Hannah Kane,"Accompanied a study order, see H4933",False
1692,H988,988.0,H,192,An Act to establish a mattress recycling program in the Commonwealth,Edward R. Philips,"Accompanied a new draft, see H4852",False
1693,H1479,1479.0,H,192,An Act to remove qualified immunity for civil rights violations,Antonio F. D. Cabral,"Accompanied a study order, see H5173",False
1694,S737,737.0,S,192,An Act relative to the effective date of MassHealth coverage for new applicants,Joseph A. Boncore,No further action taken,False
1695,H1015,1015.0,H,192,An Act authorizing the use of bow and arrows for Sunday hunting,William M. Straus,"Accompanied a study order, see H5041",False
1696,S776,776.0,S,192,An Act to require equitable access to behavioral health services for MassHealth consumers,John F. Keenan,"Accompanied a study order, see S2917",False
1697,H714,714.0,H,192,An Act relative to universal school meals,Andres X. Vargas,No further action taken,False
1698,S39,39.0,S,192,"Joint Rules of the Senate and House of Representatives for the 192nd General Court for the 2021-2022 legislative sessions, insomuch as relates to “portions of Joint Rule 1” and 1F",Joint Rules 192GC,"Report accepted, in concurrence
",False
1699,H880,880.0,H,192,An Act requiring reserve electric power at wastewater treatment facilities,Linda Dean Campbell,No further action taken,False
1700,S485,485.0,S,192,An Act providing a local option for ranked choice voting in municipal elections,Rebecca L. Rausch,"Accompanied a study order, see H5026",False
1701,H789,789.0,H,192,An Act relative to accessibility and preservation of write in voting records,Ann-Margaret Ferrante,"Accompanied a study order, see H5026",False
1702,HD768,768.0,HD,192,"An Act in relation to prohibiting price gouging with respect to goods, services and supplies during a declared public health emergency",Alyson M. Sullivan,"Accompanied a study order, see H4880",False
1703,H1762,1762.0,H,192,An Act prohibiting the display of symbols of hate in public spaces,Elizabeth A. Malia,"Accompanied a study order, see H4844",False
1704,S1431,1431.0,S,192,Resolve establishing a special commission to broaden the availability of naloxone,Ryan C. Fattman,"Accompanied a study order, see S2692",False
1705,H2317,2317.0,H,192,An Act relative to sexual assault counselor task force,Natalie M. Higgins,"Accompanied a new draft, see H4330",False
1706,H101,101.0,H,192,An Act creating a human services transportation task force,Sarah K. Peake,"Accompanied a study order, see H5218",False
1707,S280,280.0,S,192,An Act creating a creative economy master plan,Bruce E. Tarr,No further action taken,False
1708,H1862,1862.0,H,192,An Act to amend the medical peer review law,Jeffrey N. Roy,"Accompanied a study order, see H4844",False
1709,H2339,2339.0,H,192,An Act establishing a commission on quality patient outcomes and professional nursing practice,Kay Khan,"Accompanied a study order, see H5461",False
1710,H396,396.0,H,192,An Act to prohibit negative option sales and disclosure of financial and personal information without a consumer’s express agreement,Steven S. Howitt,"Accompanied a study order, see H4880",False
1711,H794,794.0,H,192,An Act establishing healthy voting habits among youth ,Tami L. Gouveia,"Accompanied a study order, see H5026",False
1712,HD3452,3452.0,HD,192,An Act establishing a statewide COVID-19 rapid testing program to safely re-open our economy ,Tami L. Gouveia,"Accompanied a study order, see H4968",False
1713,S2180,2180.0,S,192,An Act supporting solar energy deployment in the Commonwealth,Barry R. Finegold,Accompanied H4524,False
1714,H872,872.0,H,192,An Act increasing the annual stipend for members of the Commonwealth’s hazardous material response teams,Claire D. Cronin,No further action taken,False
1715,H3182,3182.0,H,192,An Act providing regulatory reform to promote job growth,"Bradley H. Jones, Jr.","Accompanied a study order, see H5333",False
1716,S2176,2176.0,S,192,An Act to promote gas safety,Paul R. Feeney,"Accompanied a study order, see S2715",False
1717,S2096,2096.0,S,192,An Act improving government accountability,Marc R. Pacheco,No further action taken,False
1718,H2515,2515.0,H,192,An Act establishing a primary seat belt law,Jeffrey N. Roy,"Accompanied a study order, see H5353",False
1719,H1045,1045.0,H,192,An Act to increase access to lactation care and services,Christine P. Barber,"Accompanied a study order, see H5222",False
1720,H684,684.0,H,192,An Act relative to the consideration of ergonomically designed school buildings,Edward R. Philips,"Accompanied a new draft, see S2727",False
1721,H711,711.0,H,192,An Act relative to the composition of the Board of Elementary and Secondary Education,Steven Ultrino,"Accompanied a study order, see H5073",False
1722,H664,664.0,H,192,An Act to promote the education success of court involved children,Joan Meschino,"Accompanied a new draft, see H4646",False
1723,S2004,2004.0,S,192,An Act relative to certain tax exemptions for non-profit educational institutions ,Walter F. Timilty,"Accompanied a study order, see H5250",False
1724,S1556,1556.0,S,192,Resolutions relative to the existential threat posed by nuclear weapons to the Commonwealth of Massachusetts,Joanne M. Comerford,"Accompanied a study order, see S2767",False
1725,S1187,1187.0,S,192,An Act to protect injured workers during and after the COVID-19 pandemic ,James B. Eldridge,"Accompanied a new draft, see H4606",False
1726,S1723,1723.0,S,192,An Act relative to the annual allowance for certain survivors of public retirees and employees,Cindy F. Friedman,No further action taken,False
1727,S1981,1981.0,S,192,An Act creating a private mortgage insurance tax deduction,Bruce E. Tarr,"Accompanied a study order, see H5250",False
1728,H764,764.0,H,192,An Act relative to polling place security and integrity,Antonio F. D. Cabral,"Accompanied a study order, see H5026",False
1729,S2274,2274.0,S,192,An Act relative to extending the blue line,William N. Brownsberger,"Accompanied a study order, see S2758",False
1730,S1982,1982.0,S,192,An Act relative to promoting tax relief for adoptive parents,Bruce E. Tarr,"Accompanied a study order, see H5248",False
1731,S2090,2090.0,S,192,An Act relative to state transportation project landowner notification,Michael O. Moore,No further action taken,False
1732,S1764,1764.0,S,192,An Act relative to line of duty injury benefits for public employees,Marc R. Pacheco,"Accompanied a study order, see S2679",False
1733,H2711,2711.0,H,192,An Act relative to pensions for children of public safety officers killed in the line of duty,David Henry Argosky LeBoeuf,"Accompanied a study order, see H5340",False
1734,H42,42.0,H,192,An Act requiring financial education in schools,Office of the State Treasurer,"Accompanied a study order, see H5135",False
1735,S481,481.0,S,192,An Act relative to early voting and absent voting,Joan B. Lovely,"Accompanied a study order, see H5026",False
1736,S889,889.0,S,192,An Act relative to the stabilization of rents and evictions in towns and cities facing distress in the housing market ,Patricia D. Jehlen,"Accompanied a study order, see S3069",False
1737,S530,530.0,S,192,An Act relative to maintaining adequate water supplies through effective drought management,James B. Eldridge,No further action taken,False
1738,H3246,3246.0,H,192,"An Act the Commonwealth housing, economic, education and equity in recovery and reconstruction",Bud L. Williams,"Accompanied a study order, see H4969",False
1739,H3241,3241.0,H,192,An Act enhancing the effectiveness of nonprofits’ core mission work through full cost funding,Andres X. Vargas,No further action taken,False
1740,S2190,2190.0,S,192,An Act providing oversight to leverage economic security in rural Massachusetts,Adam G. Hinds,"Accompanied a study order, see S2715",False
1741,H151,151.0,H,192,An Act relative to host community agreements,Danielle W. Gregoire,"Accompanied a new draft, see H4440",False
1742,S130,130.0,S,192,An Act establishing a commission on the status of children and youth,Joan B. Lovely,No further action taken,False
1743,S2194,2194.0,S,192,An Act relative to municipal light plants,John F. Keenan,No further action taken,False
1744,H228,228.0,H,192,An Act to eliminate disproportionality and inequities for at-risk children,Natalie M. Higgins,"Accompanied a study order, see H5261",False
1745,H3244,3244.0,H,192,An Act extending certain permits and approvals ,Joseph F. Wagner,"Accompanied a study order, see H5337",False
1746,S113,113.0,S,192,An Act creating a special commission to study the current refugee resettlement infrastructure and ensure the successful integration of refugees in Massachusetts ,Adam G. Hinds,"Accompanied a new draft, see S2847",False
1747,H2416,2416.0,H,192,An Act relative to fire protection,Ruth B. Balser,No further action taken,False
1748,S1763,1763.0,S,192,An Act relative to public higher education campus police officers injured in the line of duty,Marc R. Pacheco,"Accompanied a study order, see S2679",False
1749,H1758,1758.0,H,192,An Act relative to the reform of unconstitutional archaic laws,Jay D. Livingstone,Hearing scheduled for 07/27/2021 from 10:00 AM-02:00 PM in Virtual Hearing,False
1750,S1057,1057.0,S,192,An Act relative to probation violations,Patricia D. Jehlen,No further action taken,False
1751,H2817,2817.0,H,192,An Act establishing a homestead exemption for disabled veterans,Bruce J. Ayers,"Accompanied a study order, see H5244",False
1752,S757,757.0,S,192,An Act relative to the examination of health care cost trends in MassHealth,Julian Cyr,No further action taken,False
1753,H2144,2144.0,H,192,An Act authorizing the Hampshire County Regional Housing Authority to convey a certain parcel of land in the town of South Hadley to the South Hadley Housing Authority,Daniel R. Carey,"Signed by the Governor, Chapter 91 of the Acts of 2021",True
1754,H1485,1485.0,H,192,An Act to assist the investigation of serious crimes,Tackey Chan,"Accompanied a study order, see H4844",False
1755,H928,928.0,H,192,An Act authorizing mushroom picking for personal use on certain state park lands,Carmine Lawrence Gentile,"Accompanied a study order, see H5041",False
1756,H1210,1210.0,H,192,An Act relative to drug prices paid by carriers,William M. Straus,Hearing scheduled for 09/21/2021 from 10:00 AM-03:00 PM in Virtual Hearing,False
1757,H1539,1539.0,H,192,An Act to protect victims of rape and children conceived during the commission of said offense,David F. DeCoste,"Accompanied a study order, see H4844",False
1758,H1489,1489.0,H,192,An Act providing for equitable rights to indemnity for public employees,Tackey Chan,"Accompanied a study order, see H4844",False
1759,H201,201.0,H,192,"An Act advancing health care research and decision-making centered on patients and people with
disabilities",Marjorie C. Decker,"Accompanied a study order, see H5222",False
1760,S1877,1877.0,S,192,An Act to improve oversight of state government,Adam G. Hinds,Hearing scheduled for 10/18/2021 from 10:00 AM-05:00 PM in Virtual Hearing,False
1761,H1715,1715.0,H,192,An Act for health education in women's correctional institutions,Kay Khan,"Accompanied a study order, see H4844",False
1762,S2591,2591.0,S,192,An Act authorizing the town of Mansfield to grant additional licenses for the sale of all alcoholic beverages to be drunk on the premises,Paul R. Feeney,"Signed by the Governor, Chapter 69 of the Acts of 2022",True
1763,S3013,3013.0,S,192,Eliminating debt-based incarceration and suspensions ,Julian Cyr,See S2989,False
1764,S946,946.0,S,192,An Act to secure civil rights through the courts of the Commonwealth,Sonia Chang-Diaz,"Accompanied a study order, see S3063",False
1765,S1771,1771.0,S,192,An Act relative to surviving family members of public emergency medical technicians,Michael F. Rush,No further action taken,False
1766,H3804,3804.0,H,192,An Act to establish a commission to determine whether EOHHS should be separated into two agencies with each being administered by a cabinet level secretary,"John Barrett, III","Accompanied a study order, see H4969",False
1767,H2747,2747.0,H,192,An Act relative to creditable service for certain state contract employees,Steven C. Owens,"Accompanied a study order, see H4960",False
1768,S1782,1782.0,S,192,An Act providing the next of kin of a police officer or firefighter killed in the line of duty with the flags of the Commonwealth and the United States,Bruce E. Tarr,Accompanied H2794,False
1769,S1225,1225.0,S,192,An Act updating overtime protections to protect the Commonwealth's middle class workers,Jason M. Lewis,No further action taken,False
1770,S1192,1192.0,S,192,An Act relative to wrongful discharge from employment,Paul R. Feeney,Hearing scheduled for 07/13/2021 from 10:30 AM-04:30 PM in Virtual Hearing,False
1771,H318,318.0,H,192,An Act relative to the sale of wines and malt beverages by food stores,Daniel Cahill,"Accompanied a study order, see H4880",False
1772,S1935,1935.0,S,192,An Act allowing for the deduction of business interest ,Michael O. Moore,Accompanied H2967,False
1773,H343,343.0,H,192,An Act relative to the sale of liquor licenses,Mark J. Cusack,"Accompanied a study order, see H4880",False
1774,S1881,1881.0,S,192,An Act promoting accountability in tax expenditures,Adam G. Hinds,No further action taken,False
1775,S175,175.0,S,192,An Act relative to the guaranty fund for home improvement contractors,Cynthia Stone Creem,"Accompanied a new draft, see S2677",False
1776,H871,871.0,H,192,An Act to reduce packaging waste,Mike Connolly,"Accompanied a new draft, see H4827",False
1777,H2380,2380.0,H,192,An Act relative to certified medication aides,Brian W. Murray,"Accompanied a study order, see H5222",False
1778,S1509,1509.0,S,192,"An Act relative to a healthier, stronger Massachusetts",Patrick M. O'Connor,"Accompanied a study order, see S2692",False
1779,S1602,1602.0,S,192,"An Act relative to the discharge of firearm, large capacity weapon, rifle, shotgun, sawed-off shotgun or machine gun without regard for the risk of harm",Edward J. Kennedy,"Accompanied a study order, see S2762",False
1780,S1516,1516.0,S,192,An Act prohibiting the sale of dextromethorphan to minors,Rebecca L. Rausch,"Accompanied a new draft, see H4641",False
1781,H2311,2311.0,H,192,An Act clarifying participation in athletic safety programs,Patricia A. Haddad,"Accompanied a study order, see H5035",False
1782,S1690,1690.0,S,192,An Act relative to retirement benefits for care givers at the Soldiers' Homes,Sal N. DiDomenico,"Accompanied a study order, see S2679",False
1783,H2366,2366.0,H,192,An Act relative to the bulk purchase of Epinephrine Auto-Injectors,Paul McMurtry,"Accompanied a new draft, see H4642",False
1784,H865,865.0,H,192,An Act expanding pleasure boat access to Boston Harbor,Tackey Chan,"Accompanied a study order, see H5041",False
1785,S1496,1496.0,S,192,An Act relative to the certification of resident care assistants,Michael O. Moore,"Accompanied a study order, see S2692",False
1786,H2309,2309.0,H,192,An Act to advance health and well-being for all Massachusetts residents,Tami L. Gouveia,"Accompanied a study order, see H5035",False
1787,H2359,2359.0,H,192,An Act establishing a physical therapy licensure compact,Adrian C. Madaro,No further action taken,False
1788,H1681,1681.0,H,192,An Act increasing the liability for permitting an intoxicated arrestee to operate a motor vehicle,"Bradley H. Jones, Jr.","Accompanied a study order, see H4844",False
1789,S960,960.0,S,192,An Act relative to the use of administrative subpoenas to obtain telephone and internet records without judicial review,Cynthia Stone Creem,"Accompanied a study order, see S2665",False
1790,H2306,2306.0,H,192,An Act relative to the charitable donation of not readily marketable food,Susan Williams Gifford,"Accompanied a study order, see H5199",False
1791,H2503,2503.0,H,192,An Act to promote equitable access to parole,Liz Miranda,"Accompanied a study order, see H5353",False
1792,H2362,2362.0,H,192,An Act to strengthen the worker voice in hospital care planning,Elizabeth A. Malia,Accompanied S1399,False
1793,H2367,2367.0,H,192,An Act relative to out-of-state physician consultations,Paul McMurtry,"Accompanied a study order, see H5035",False
1794,H1619,1619.0,H,192,An Act amending the victim of violent crime compensation law,Kenneth I. Gordon,"Accompanied a study order, see H4844",False
1795,S1491,1491.0,S,192,An Act relative to stroke protocols,Michael O. Moore,"Accompanied a study order, see S3173",False
1796,H2307,2307.0,H,192,An Act relative to timely care and saving lives,"Thomas A. Golden, Jr.","Accompanied a study order, see H5444",False
1797,H2305,2305.0,H,192,An Act relative to liability for optometrists and ophthalmologists for the negligent dilation of the pupils of a patient,Jessica Ann Giannino,"Accompanied a study order, see H5035",False
1798,S1492,1492.0,S,192,An Act relative to dental hygienists,Michael O. Moore,"Accompanied a study order, see S2692",False
1799,H2365,2365.0,H,192,An Act relative to food donations,Paul McMurtry,"Accompanied a study order, see H5199",False
1800,H669,669.0,H,192,An Act relative to the reimbursement of school-based care,Mathew J. Muratore,"Accompanied a new draft, see H4645",False
1801,H3087,3087.0,H,192,An Act relative to preserving information content of historic resources with community preservation funds ,David T. Vieira,"Accompanied a study order, see H5245",False
1802,S2042,2042.0,S,192,An Act providing training for boards and commissions,Diana DiZoglio,No further action taken,False
1803,H3085,3085.0,H,192,An Act relative to tax rates on generational wealth,Erika Uyterhoeven,"Accompanied a new draft, see H4997",False
1804,H3011,3011.0,H,192,An Act to establish a sales tax exemption for earth day,Michael J. Moran,"Accompanied a study order, see H5247",False
1805,H3188,3188.0,H,192,An Act authorizing the commissioner of Capital Asset Management and Maintenance to convey a certain parcel of land to the Fitchburg Redevelopment Authority ,Michael P. Kushmerek,"Accompanied a new draft, see H3994",False
1806,H3148,3148.0,H,192,An Act to establish Uncle Sam day,Sean Garballey,"Accompanied a study order, see H4969",False
1807,S2276,2276.0,S,192,An Act to provide identification to youth and adults experiencing homelessness,Harriette L. Chandler,"New draft substituted, see S2612",False
1808,H3295,3295.0,H,192,An Act relative to S-license compliance,Carolyn C. Dykema,No further action taken,False
1809,H2591,2591.0,H,192,An Act relative to the Department of Youth Services,Tackey Chan,No further action taken,False
1810,H1043,1043.0,H,192,An Act relative to insurance coverage for mammograms and breast cancer screening,Ruth B. Balser,"Accompanied a study order, see H5222",False
1811,S617,617.0,S,192,An Act relative to maintaining adequate water supplies through effective drought management,Bruce E. Tarr,Accompanied S530,False
1812,H1050,1050.0,H,192,An Act relating to modernizing business to business commercial insurance transactions,Daniel Cahill,No further action taken,False
1813,H1185,1185.0,H,192,An Act to protect consumers in the issuance of automobile insurance policies and bonds,David M. Rogers,"Accompanied a study order, see H5003",False
1814,H4656,4656.0,H,192,An Act authorizing Matthew K. Sonnabend to purchase creditable service from the Barnstable County Retirement Board,Kip A. Diggs,No further action taken,False
1815,H2921,2921.0,H,192,An Act relative to tax abatement for permanently disabled veterans ,Kenneth I. Gordon,No further action taken,False
1816,S2150,2150.0,S,192,An Act relative to electric ratepayer protections,Brendan P. Crighton,Accompanied H4524,False
1817,H3135,3135.0,H,192,An Act relative to limiting public records requests,Shawn Dooley,"Accompanied a study order, see H4969",False
1818,S2100,2100.0,S,192,An Act relative to calculation full costs for public construction,Marc R. Pacheco,No further action taken,False
1819,H735,735.0,H,192,An Act increasing the personal needs allowance for residents of long term care facilities,Sean Garballey,Accompanied S412,False
1820,S2130,2130.0,S,192,An Act to convert the MBTA bus fleet to zero-emission vehicles,Michael J. Barrett,Accompanied H4524,False
1821,H3178,3178.0,H,192,An Act finalizing the transfer of land in the town of Middleton,"Bradley H. Jones, Jr.","Signed by the Governor, Chapter 94 of the Acts of 2021",True
1822,S2145,2145.0,S,192,An Act expanding equitable access for solar energy net metering,Joanne M. Comerford,Accompanied H4524,False
1823,H3159,3159.0,H,192,An Act relative to the Fort Devens Museum,Sheila C. Harrington,"Accompanied a study order, see H4969",False
1824,H3219,3219.0,H,192,An Act designating the Charleston Chew as the official candy of the Commonwealth,Edward R. Philips,"Accompanied a study order, see H4969",False
1825,S2174,2174.0,S,192,An Act relative to large-scale solar energy installations on agricultural or recreational land of the commonwealth,Paul R. Feeney,No further action taken,False
1826,S2152,2152.0,S,192,"An Act establishing the gateway cities renewable, efficient, and electrified neighborhoods initiative",Brendan P. Crighton,"Accompanied a study order, see S2715",False
1827,S2166,2166.0,S,192,An Act relative to ensuring gas safety and consumer fairness,James B. Eldridge,"Accompanied a study order, see S2715",False
1828,S29,29.0,S,192,An Act authorizing the city of New Bedford to convey certain land acquired for open space and play ground purposes,Mark C. Montigny,"Signed by the Governor, Chapter 18 of the Acts of 2022",True
1829,S1872,1872.0,S,192,An Act authorizing the town of Charlton to establish an additional excise on sales of gasoline and diesel fuel,Anne M. Gobi,No further action taken,False
1830,S1773,1773.0,S,192,An Act relative to retirement survivor benefits for Katherine M. McGuinness,Michael F. Rush,"Accompanied a study order, see S2679",False
1831,H1808,1808.0,H,192,"An Act promoting housing opportunity and mobility through eviction sealing (HOMES)
",Michael J. Moran,"Accompanied a new draft, see H4505",False
1832,H1642,1642.0,H,192,An Act relative to improving training for child advocates to recognize indicators of domestic violence,Natalie M. Higgins,"Accompanied a study order, see H4844",False
1833,H3003,3003.0,H,192,An Act ensuring consistent reimbursement of PILOT funding,Joseph D. McKenna,"Accompanied a study order, see H5245",False
1834,H532,532.0,H,192,An Act Protecting the Commonwealth’s Gaming Industry,Jeffrey N. Roy,"Accompanied a study order, see H5004",False
1835,S445,445.0,S,192,An Act to allow parties to permit candidates to run for more than one office in their own primaries,William N. Brownsberger,"Accompanied a study order, see H5026",False
1836,S2117,2117.0,S,192,An Act relative to the authority of the state ethics commission ,Bruce E. Tarr,"Accompanied a study order, see S2620",False
1837,S929,929.0,S,192,An Act relative to governmental and charitable tort liability,William N. Brownsberger,"Accompanied a study order, see S2665",False
1838,S766,766.0,S,192,An Act establishing medicare for all in Massachusetts,James B. Eldridge,"Accompanied a study order, see S2917",False
1839,H2406,2406.0,H,192,An Act to repeal the state menthol ban,Alan Silvia,"Accompanied a study order, see H5035",False
1840,H2732,2732.0,H,192,An Act to preserve the practice of including annual payments in lieu of vacation as regular compensation for current retirees and active retirement system members where such benefit existed as of May 2018,Paul McMurtry,"New draft substituted, see H4338",False
1841,S2337,2337.0,S,192,An Act relative to unpaved roads,Adam G. Hinds,No further action taken,False
1842,S2330,2330.0,S,192,An Act relative to year of manufacture registration plates,Anne M. Gobi,No further action taken,False
1843,HD3466,3466.0,HD,192,"An Act to establish a grant program for low noise, low emissions landscape maintenance equipment ",Michelle L. Ciccolo,No further action taken,False
1844,H4808,4808.0,H,192,"An Act establishing a sick leave bank for Susanne Cleveland, an employee of the Department of Transitional Assistance",Joint Committee on Public Service,No further action taken,False
1845,S565,565.0,S,192,An Act re-establishing the Clean Environment Fund,Edward J. Kennedy,No further action taken,False
1846,H1819,1819.0,H,192,An Act to reform the hate crime statutes,Tram T. Nguyen,"Accompanied a study order, see H5173",False
1847,S1858,1858.0,S,192,An Act promoting student loan repayment,Ryan C. Fattman,"Accompanied a study order, see H4894",False
1848,H3500,3500.0,H,192,An Act relative to spare tires,Steven S. Howitt,"Accompanied a study order, see H4944",False
1849,H1009,1009.0,H,192,An Act relative to failed septic systems,"Paul A. Schmid, III","Accompanied a new draft, see H4598",False
1850,H1175,1175.0,H,192,An Act relative to the diagnosis and treatment of breast cancer,Edward R. Philips,"Accompanied a study order, see H5313",False
1851,H1010,1010.0,H,192,An Act providing a parks pass waiver for veterans,"Paul A. Schmid, III","Accompanied a study order, see H5041",False
1852,H992,992.0,H,192,An Act reducing plastic bag pollution,Smitty Pignatelli,"Accompanied a new draft, see H4826",False
1853,H3617,3617.0,H,192,An Act relative to license reinstatement fees for drivers without a conviction,Steven Ultrino,No further action taken,False
1854,H1031,1031.0,H,192,An Act relative to an investigation to review flood insurance rates,Bruce J. Ayers,No further action taken,False
1855,S805,805.0,S,192,An Act relative to hospital profit and fairness,Michael O. Moore,"Accompanied a study order, see S2800",False
1856,H1146,1146.0,H,192,An Act expanding the use of video and telephone conferencing,Kate Lipper-Garabedian,No further action taken,False
1857,S633,633.0,S,192,An Act expanding insurance options available through the group insurance commission,Harriette L. Chandler,"Accompanied a study order, see S2693",False
1858,H1087,1087.0,H,192,An Act regarding cervical cancer and women's preventative health,William C. Galvin,"Accompanied a study order, see H5222",False
1859,S646,646.0,S,192,An Act for supportive care for serious mental illness,John J. Cronin,No further action taken,False
1860,H936,936.0,H,192,An Act relative to the use of chlorpyrifos in the Commonwealth,Kenneth I. Gordon,"Accompanied a study order, see H5041",False
1861,H1227,1227.0,H,192,An Act to increase limits of liability bonds and policies to protect consumers involved in motor vehicle collisions,Claire D. Cronin,"Accompanied a study order, see H5003",False
1862,S644,644.0,S,192,"An Act relative to consumer deductibles
",Brendan P. Crighton,"Accompanied a study order, see S2917",False
1863,S1257,1257.0,S,192,An Act establishing a commission on the history of state institutions for people with developmental and mental health disabilities in the Commonwealth ,Michael J. Barrett,Reported favorably by committee and referred to the committee on Health Care Financing,False
1864,S634,634.0,S,192,An Act relative to women's health,Sonia Chang-Diaz,"Accompanied a study order, see S2693",False
1865,S671,671.0,S,192,An Act relative to long-term care insurance consumer protections,Cindy F. Friedman,"Accompanied a study order, see S2693",False
1866,H1240,1240.0,H,192,An Act to ensure MassHealth rate parity for behavioral health inpatient providers,Ruth B. Balser,"Accompanied a study order, see H5222",False
1867,H979,979.0,H,192,"An Act to require producer responsibility for collection, reuse and recycling of discarded electronic products",Steven C. Owens,"Accompanied a study order, see H5041",False
1868,H1251,1251.0,H,192,An Act to incentivize high-value care,Daniel Cahill,"Accompanied a study order, see H5201",False
1869,S657,657.0,S,192,An Act relative to motor vehicle service contracts,Diana DiZoglio,"Accompanied a study order, see S2698",False
1870,S659,659.0,S,192,An Act relative to a long term care partnership program,Diana DiZoglio,"Accompanied a study order, see S2693",False
1871,H2976,2976.0,H,192,An Act relative to the sales tax,"John J. Lawn, Jr.","Accompanied a study order, see H5279",False
1872,S2229,2229.0,S,192,An Act creating a 21st Century clean energy economy,Marc R. Pacheco,Hearing scheduled for 12/14/2021 from 01:30 PM-05:00 PM in Virtual Hearing,False
1873,H3377,3377.0,H,192,An Act to protect Native American heritage,Nika C. Elugardo,Accompanied H3385,False
1874,S2224,2224.0,S,192,An Act to reduce greenhouse gas emissions,Marc R. Pacheco,No further action taken,False
1875,H3475,3475.0,H,192,An Act relative to autonomous vehicles,Jessica Ann Giannino,"Accompanied a study order, see H5212",False
1876,S2275,2275.0,S,192,An Act relative to RMV amnesty,William N. Brownsberger,"Accompanied a study order, see S2712",False
1877,H3306,3306.0,H,192,"An Act to improve outdoor lighting, conserve energy, and increase dark-sky visibility",Sean Garballey,"Amended by substitution of a bill with the same title, H5079",False
1878,H1437,1437.0,H,192,An Act to maintain stable housing for families with pets in an economic crisis and beyond,David M. Rogers,"Accompanied a study order, see H5267",False
1879,S1092,1092.0,S,192,An Act relative to sexual assaults by adults in positions of authority or trust,Joan B. Lovely,"Accompanied a study order, see S2665",False
1880,H3698,3698.0,H,192,Resolve establishing a Deborah Samson memorial commission,David T. Vieira,"Accompanied a new draft, see H4873",False
1881,H3174,3174.0,H,192,An Act relative to timely decisions by awarding authorities,Daniel J. Hunt,No further action taken,False
1882,S2185,2185.0,S,192,An Act providing for community-based green infrastructure in Western Massachusetts,Adam Gomez,"Accompanied a study order, see S2715",False
1883,H370,370.0,H,192,An Act relative to maintaining independent authority over nursing licensure in the Commonwealth,Denise C. Garlick,"Accompanied a study order, see H5201",False
1884,H3692,3692.0,H,192,An Act relative to a volunteer veteran corps mentoring program,"Paul A. Schmid, III",No further action taken,False
1885,S2085,2085.0,S,192,An Act to sell naming rights to the Boston Convention and Exhibition Center and other properties operated by the MCCA,Mark C. Montigny,No further action taken,False
1886,S2125,2125.0,S,192,An Act relative to the creation of the Massachusetts Board of Public Safety Building Authority ,Walter F. Timilty,"Accompanied a new draft, see S2971",False
1887,H3202,3202.0,H,192,An Act relative to expedited referrals by legislators ,Paul McMurtry,"Accompanied a study order, see H4969",False
1888,H2150,2150.0,H,192,An Act relative to tax title expense,Paul J. Donato,"Signed by the Governor, Chapter 356 of the Acts of 2022",True
1889,S164,164.0,S,192,An Act relative to surcharges on credit card sales transactions,Joseph A. Boncore,"Accompanied a study order, see S2666",False
1890,S1453,1453.0,S,192,An Act prohibiting the use of lead paint on outdoor structures,Edward J. Kennedy,No further action taken,False
1891,H2262,2262.0,H,192,An Act relative to protecting public health and reducing health care costs,Marjorie C. Decker,"Accompanied a study order, see H5201",False
1892,S2254,2254.0,S,192,An Act to provide cities and towns data on electric vehicles,Michael J. Barrett,No further action taken,False
1893,H3440,3440.0,H,192,An Act concerning the safety of school children embarking and disembarking school buses,Paul J. Donato,"Accompanied a new draft, see H4478",False
1894,H3394,3394.0,H,192,An Act relative to increasing the fine for handicap parking violations for city/town implementation and compliance with the Americans with Disabilities Act,Bruce J. Ayers,No further action taken,False
1895,H2119,2119.0,H,192,An Act relative to harm reduction and racial justice,Liz Miranda,"Accompanied a study order, see H5281",False
1896,H3375,3375.0,H,192,"An Act to recover hospitality, visitor and tourism jobs from Covid-19",Natalie M. Blais,"Accompanied a study order, see H5219",False
1897,H3393,3393.0,H,192,An Act relative to increasing the fine for handicap parking violations for city/town implementation and compliance with the Americans with Disabilities Act,Bruce J. Ayers,"Accompanied a study order, see H4966",False
1898,H3267,3267.0,H,192,An Act relative to energy production through waste reduction,Daniel Cahill,No further action taken,False
1899,H249,249.0,H,192,An Act relative to a supportive technology commission,Paul W. Mark,No further action taken,False
1900,H1962,1962.0,H,192,An Act creating a training wage,Shawn Dooley,"Accompanied a study order, see H5023",False
1901,H2244,2244.0,H,192,An Act further regulating the sale of tobacco products,Tackey Chan,"Accompanied a study order, see H5035",False
1902,H621,621.0,H,192,An Act relative to special education funding reform,Bradford Hill,"Accompanied a study order, see H5099",False
1903,S191,191.0,S,192,An Act relative to unsolicited loans,Diana DiZoglio,"Accompanied a study order, see S2666",False
1904,S1329,1329.0,S,192,An Act relative to variances,Diana DiZoglio,No further action taken,False
1905,H282,282.0,H,192,An Act to allow certain stores and shops to open on holidays,Tackey Chan,"Accompanied a study order, see H5027",False
1906,S146,146.0,S,192,An Act relative to establishing an emergency food assistance committee,Walter F. Timilty,No further action taken,False
1907,H350,350.0,H,192,An Act regulating alternative healing therapies,Michael S. Day,"Accompanied a study order, see H4880",False
1908,S1254,1254.0,S,192,An Act relative to consumers and workers,Walter F. Timilty,Hearing scheduled for 07/13/2021 from 10:30 AM-04:30 PM in Virtual Hearing,False
1909,S1255,1255.0,S,192,Resolve establishing a special commission to study the impact of telecommuting on employees of the Commonwealth,Walter F. Timilty,No further action taken,False
1910,H3057,3057.0,H,192,An Act relative to the senior circuit breaker tax credit,Adam J. Scanlon,"Accompanied a new draft, see H4997",False
1911,H3001,3001.0,H,192,An Act relative to income tax rates,Christopher M. Markey,"Accompanied a study order, see H5247",False
1912,H3048,3048.0,H,192,An Act relative to tuition tax credit,John H. Rogers,"Accompanied a study order, see H5247",False
1913,S1986,1986.0,S,192,An Act increasing the conservation land tax credit,Bruce E. Tarr,Accompanied H2960,False
1914,S1985,1985.0,S,192,An Act relative to tax credits for affordable housing,Bruce E. Tarr,"Accompanied a study order, see H5250",False
1915,S571,571.0,S,192,Resolve to diversify farmland opportunities to combat climate change,Edward J. Kennedy,"Accompanied a new draft, see S2737",False
1916,S1705,1705.0,S,192,An Act designating January as Peace Officer History Month,Ryan C. Fattman,"Accompanied a study order, see S2794",False
1917,S2028,2028.0,S,192,An Act establishing the official dinosaur of the commonwealth,Joanne M. Comerford,Accompanied H3190,False
1918,S453,453.0,S,192,An Act relative to specially qualified voters,Nick Collins,"Accompanied a study order, see H5026",False
1919,H2997,2997.0,H,192,An Act relative to interest on abated bills,Paul W. Mark,"Accompanied a study order, see H5247",False
1920,H852,852.0,H,192,An Act establishing time limits for idling trains,"John Barrett, III","Accompanied a study order, see H5259",False
1921,H803,803.0,H,192,An Act relating to ballot nominations during the state of emergency due to COVID-19,Patrick Joseph Kearney,"Accompanied a study order, see H5026",False
1922,H2763,2763.0,H,192,An Act relative to injured correctional officers ,David Allen Robertson,No further action taken,False
1923,S1848,1848.0,S,192,An Act relative to saving summer season weekly vacation rentals,Diana DiZoglio,"Accompanied a study order, see H5247",False
1924,S40,40.0,S,192,An Act authorizing the town of Southbridge to grant additional licenses for the sale of all alcoholic beverages to be drunk on the premises,Ryan C. Fattman,"Accompanied a new draft, see S2509",False
1925,H1520,1520.0,H,192,An Act to improve and modernize the information technology systems and capacities of the judiciary,Michael S. Day,"Accompanied a new draft, see H4499",False
1926,H4504,4504.0,H,192,An Act increasing penalties for hit and runs with recreational vehicles in the Commonwealth to be known as the James Ward Act,Joint Committee on the Judiciary,No further action taken,False
1927,H4276,4276.0,H,192,An Act establishing representative town meetings,Brian W. Murray,No further action taken,False
1928,S2413,2413.0,S,192,"Resolve memorializing the Massachusetts Delegation, and the United States Congress, on the need for a Syrian War Crimes Tribunal",Jason M. Lewis,"Accompanied a study order, see S2680",False
1929,S991,991.0,S,192,An Act repealing homophobic and transphobic laws ,Julian Cyr,"Accompanied a study order, see S2665",False
1930,H1453,1453.0,H,192,An Act relative to service of civil process fees,Brian M. Ashe,"Accompanied a study order, see H4844",False
1931,S2596,2596.0,S,192,An Act allowing municipalities to reasonably regulate solar siting,Joanne M. Comerford,"Accompanied a study order, see S2715",False
1932,H951,951.0,H,192,An Act requiring a Massachusetts Fishermen's Partnership Seat on the seaport economic counsel,Patrick Joseph Kearney,"Accompanied a study order, see H5041",False
1933,H2666,2666.0,H,192,An Act directing the State Retirement Board to grant creditable service to Cheryl A. Bednarik,Patricia A. Haddad,Hearing scheduled for 05/19/2021 from 10:00 AM-01:00 PM in Virtual Hearing,False
1934,S1606,1606.0,S,192,An Act allowing humane transportation of K9 partners aka Nero's law,Mark C. Montigny,"New draft substituted, see S2573",False
1935,H2390,2390.0,H,192,An Act promoting radon testing,David M. Rogers,"Accompanied a new draft, see H4467",False
1936,H3207,3207.0,H,192,An Act relative to restricted vital records,Michael J. Moran,"Amended by substitution of a bill with the same title, see H5355",False
1937,S2564,2564.0,S,192,An Act relative to immediate COVID-19 recovery needs,Senate Committee on Ways and Means,See H4234,False
1938,S690,690.0,S,192,An Act relative to applied behavioral analysis therapy,Eric P. Lesser,No further action taken,False
1939,S974,974.0,S,192,An Act to establish an office of adult decisional support services,Cynthia Stone Creem,"Accompanied a study order, see S2665",False
1940,H69,69.0,H,192,Order relative to amendments for the proposed joint rules for the 2021 - 2022 legislative session ,William C. Galvin,Adopted,False
1941,HD5135,5135.0,HD,192,An Act to increase access to blood donation,Edward F. Coppinger,No further action taken,False
1942,H71,71.0,H,192,An Act further providing for early voting by mail,"Bradley H. Jones, Jr.","New draft substituted, see H73
",False
1943,H70,70.0,H,192,An Act expanding sports wagering in the Commonwealth,Charles D. Baker,"Accompanied a new draft, see H3974
",False
1944,H4004,4004.0,H,192,An Act relative to certain statutory funds and transfers of appropriations,NONE,"Signed by the Governor, Chapter 33 of the Acts of 2021",True
1945,H2753,2753.0,H,192,An Act relative to victim witness advocate retirement classification,Edward R. Philips,"Accompanied a study order, see H4960",False
1946,H4490,4490.0,H,192,Study Order,Joint Committee on State Administration and Regulatory Oversight,No further action taken,False
1947,HD5044,5044.0,HD,192,An Act relative to town meeting in the town of Burlington,Kenneth I. Gordon,"Signed by the Governor, Chapter 123 of the Acts of 2022",True
1948,H956,956.0,H,192,An Act to protect pollinator habitat,Mary S. Keefe,"Accompanied a new draft, see H4603",False
1949,S83,83.0,S,192,An Act to establish an acquired brain injury advisory board,Harriette L. Chandler,No further action taken,False
1950,H171,171.0,H,192,An Act expanding agriculture preservation restrictions for hemp cultivation,Smitty Pignatelli,"Accompanied a new draft, see H4507",False
1951,H977,977.0,H,192,An Act relative to critical wildlife habitat management,"David K. Muradian, Jr.","Accompanied a study order, see H5041",False
1952,S1261,1261.0,S,192,An Act creating a special commission on racism and mental health,Harriette L. Chandler,"Accompanied a study order, see H5227",False
1953,H1984,1984.0,H,192,An Act relative to defense against abusive waivers,Kenneth I. Gordon,Accompanied S1164,False
1954,S782,782.0,S,192,An Act to ensure more affordable care,John F. Keenan,"Accompanied a study order, see S2917",False
1955,S1517,1517.0,S,192,An Act promoting community immunity,Rebecca L. Rausch,"Accompanied a study order, see S3163",False
1956,S2442,2442.0,S,192,An Act financing the reconstruction of the Soldiers' Home in Holyoke,,See H3701,False
1957,H4287,4287.0,H,192,An Act authorizing the town of Norwood to continue the employment of Fire Chief David Hayes,John H. Rogers,No further action taken,False
1958,H1851,1851.0,H,192,An Act establishing reasonable limitations on the solitary confinement of inmates 21 years of age or younger,David M. Rogers,"Accompanied a study order, see H4844",False
1959,H3707,3707.0,H,192,An Act relative to the city of Everett home rule charter,"Joseph W. McGonagle, Jr.",Accompanied S41,False
1960,H4508,4508.0,H,192,An Act relative to health insurance benefits for state employees,Joint Committee on Public Service,No further action taken,False
1961,HD5004,5004.0,HD,192,An annual report of the State Lottery Charitable Gaming Division (under Section 38 of Chapter 10 of the General Laws) for calendar year 2021,Charitable Gaming Division,Placed on file,False
1962,S1300,1300.0,S,192,Resolve to ensure delivery of mental health services to adults with acute mental illness,Edward J. Kennedy,"Accompanied a study order, see S2919",False
1963,H2885,2885.0,H,192,An Act establishing the COVID-19 pandemic emergency tax payer relief exemption and refund for income taxes on 2020 unemployment benefits,Michelle M. DuBois,"Accompanied a study order, see H5250",False
1964,H2082,2082.0,H,192,An Act to identify and eliminate racial and sexual orientation and gender identity disparities in mental health ,Marjorie C. Decker,"Accompanied a study order, see H5194",False
1965,S1319,1319.0,S,192,An Act relative to solar drying of laundry,Michael J. Barrett,No further action taken,False
1966,S2067,2067.0,S,192,Resolve establishing a needs assessment of municipal public safety & security facilities,Adam G. Hinds,No further action taken,False
1967,H2047,2047.0,H,192,An Act relative to unemployment insurance benefits for replacement workers,Jeffrey N. Roy,No further action taken,False
1968,S2513,2513.0,S,192,An Act relative to the select board of the town of Goshen,Adam G. Hinds,"Signed by the Governor, Chapter 234 of the Acts of 2022",True
1969,H2088,2088.0,H,192,An Act relative to preventing overdose deaths and increasing access to treatment,Dylan A. Fernandes,Bill reported favorably by committee and referred to the committee on Health Care Financing,False
1970,H3236,3236.0,H,192,An Act relative to the Massachusetts Department of Transportation,William M. Straus,"Accompanied a study order, see H5336",False
1971,H3235,3235.0,H,192,An Act designating the song “14 Counties of Massachusetts” as the official county song of the Commonwealth,Thomas M. Stanley,"Accompanied a study order, see H5335",False
1972,H3164,3164.0,H,192,An Act designating the blanding turtle as the official turtle of the Commonwealth,Kate Hogan,"Accompanied a study order, see H4969",False
1973,H3237,3237.0,H,192,An Act relative to equity in public workforce ,Chynah Tyler,Accompanied H3166,False
1974,H2407,2407.0,H,192,An Act relative to well water disclosures,Todd M. Smola,"Accompanied a study order, see H5035",False
1975,S764,764.0,S,192,An Act relative to maintenance of certification,Diana DiZoglio,"Accompanied a study order, see S2800",False
1976,H614,614.0,H,192,"An Act implementing an elementary and secondary interdisciplinary climate education curriculum in the Commonwealth
",James K. Hawkins,"Accompanied a new draft, see H4643",False
1977,S383,383.0,S,192,An Act relative to physical and social recess in schools ,Michael F. Rush,"Accompanied a study order, see S2756",False
1978,H629,629.0,H,192,An Act relative to non-public school student access to the MCAS exam,"Bradley H. Jones, Jr.",No further action taken,False
1979,S1408,1408.0,S,192,An Act relative to delivered food,Sal N. DiDomenico,"Accompanied a study order, see S2770",False
1980,H2704,2704.0,H,192,An Act authorizing the town of Clinton to continue the employment of police chief Mark R. Laverdure,Meghan Kilcoyne,No further action taken,False
1981,S1906,1906.0,S,192,An Act to establish a lifelong learning and training program,Eric P. Lesser,"Accompanied a study order, see S2743",False
1982,H2245,2245.0,H,192,An Act relative to timely issuance of death certificates to funeral directors,Tackey Chan,"Accompanied a study order, see H5035",False
1983,H2798,2798.0,H,192,An Act relative to harbormasters,Timothy R. Whelan,"Accompanied a study order, see H4960",False
1984,H2758,2758.0,H,192,An Act authorizing the town of Sandisfield to continue the employment of employees subject to mandatory retirement,Smitty Pignatelli,"Accompanied a new draft, see H3856",False
1985,H2112,2112.0,H,192,Resolve establishing a special commission on post traumatic stress disorder,Kate Lipper-Garabedian,"Accompanied a study order, see H5225",False
1986,H2728,2728.0,H,192,An Act relative to public safety line of duty benefits,Paul McMurtry,No further action taken,False
1987,H2751,2751.0,H,192,An Act relative to the membership of the PRIM Board,Alice Hanlon Peisch,No further action taken,False
1988,H2892,2892.0,H,192,An Act relative to corporate board diversity,Nika C. Elugardo,"Accompanied a study order, see H5279",False
1989,H2027,2027.0,H,192,An Act relative to employee references,Joseph D. McKenna,"Accompanied a study order, see H5023",False
1990,H835,835.0,H,192,An Act relative to certain county elections for certain vacancies,William M. Straus,No further action taken,False
1991,H801,801.0,H,192,An Act relative to pay-to-play schemes,"Bradley H. Jones, Jr.","Accompanied a study order, see H5026",False
1992,H1557,1557.0,H,192,An Act updating bail procedures for justice-involved youth,Carolyn C. Dykema,Accompanied S923,False
1993,S768,768.0,S,192,An Act to protect medically fragile children,Cindy F. Friedman,No further action taken,False
1994,S605,605.0,S,192,An Act to eliminate hydraulic fracturing in the Commonwealth,Marc R. Pacheco,No further action taken,False
1995,H1169,1169.0,H,192,An Act to add a compulsory death benefit to automobile liability insurance,Alice Hanlon Peisch,No further action taken,False
1996,H999,999.0,H,192,An Act responding to the threat of invasive species,David M. Rogers,"Accompanied a new draft, see H4595",False
1997,H2427,2427.0,H,192,An Act relative to local law enforcement continuity between the city of Boston and the town of Dedham,Rob Consalvo,No further action taken,False
1998,S1662,1662.0,S,192,An Act relative to restoration to service,William N. Brownsberger,No further action taken,False
1999,H2494,2494.0,H,192,An Act establishing automated bus lane enforcement,Adrian C. Madaro,No further action taken,False
2000,S235,235.0,S,192,An Act to reduce lottery littering,Patrick M. O'Connor,"Accompanied a study order, see S2666",False
2001,H2988,2988.0,H,192,An Act relative to economic recovery for small businesses ,Jay D. Livingstone,"Accompanied a study order, see H5247",False
2002,S265,265.0,S,192,An Act relative to the Rural Policy Advisory Commission,Adam G. Hinds,No further action taken,False
2003,S2020,2020.0,S,192,"An Act relative to the purpose, utility, nature, and timeliness of commissions in the Commonwealth",Sonia Chang-Diaz,"Accompanied a study order, see S2620",False
2004,H2190,2190.0,H,192,An Act to repeal Chapter 404 of the Acts of 2008,Christina A. Minicucci,"Signed by the Governor, Chapter 20 of the Acts of 2022",True
2005,S1394,1394.0,S,192,An Act relative to modernizing the regulation of clinical laboratories,Brendan P. Crighton,Bill reported favorably by committee and referred to the committee on Health Care Financing,False
2006,H2263,2263.0,H,192,An Act to restrict the use of polystyrene,Marjorie C. Decker,No further action taken,False
2007,S795,795.0,S,192,An Act providing transparency for patients receiving care at hospital-based facilities,Jason M. Lewis,"Accompanied a study order, see S2917",False
2008,H2174,2174.0,H,192,An Act regarding mandatory land use board training,Kevin G. Honan,No further action taken,False
2009,S1406,1406.0,S,192,An Act relative to health care liens and consumer protection ,Julian Cyr,"Accompanied a study order, see S2692",False
2010,H1989,1989.0,H,192,An Act relative to pay equity,Patricia A. Haddad,"Accompanied a study order, see H5023",False
2011,S1268,1268.0,S,192,An Act to facilitate access to treatment,Brendan P. Crighton,No further action taken,False
2012,H1867,1867.0,H,192,An Act to promote the health and safety of people in the sex trade,Lindsay N. Sabadosa,"Accompanied a study order, see H4844",False
2013,S1147,1147.0,S,192,An Act to provide a safe harbor for health regulations,Bruce E. Tarr,"Accompanied a study order, see S2665",False
2014,H1193,1193.0,H,192,An Act relative to testing for Factor V Leiden,Daniel J. Ryan,Hearing scheduled for 11/09/2021 from 11:00 AM-04:00 PM in Virtual Hearing,False
2015,H1988,1988.0,H,192,An Act clarifying the prevailing wage law,Danielle W. Gregoire,No further action taken,False
2016,S1539,1539.0,S,192,An Act relative to military grade controlled property,Michael J. Barrett,"Accompanied a study order, see S2764",False
2017,S1467,1467.0,S,192,An Act relative to expanding access to healthy food choices in vending machines on state property,Jason M. Lewis,"Accompanied a study order, see S2692",False
2018,S1361,1361.0,S,192,An Act amending the Newbury general by-laws from board of selectmen to select board,Bruce E. Tarr,"Accompanied a new draft, see S2451",False
2019,H2247,2247.0,H,192,An Act relative to athletic training,Edward F. Coppinger,"Accompanied a study order, see H5196",False
2020,H1657,1657.0,H,192,An Act ensuring timely access to medical information ,Bradford Hill,"Accompanied a study order, see H4844",False
2021,S906,906.0,S,192,An Act relative to public housing determination for veterans,Michael F. Rush,"Accompanied a study order, see H5276",False
2022,S1461,1461.0,S,192,An Act relative to diabetes prevention,Jason M. Lewis,No further action taken,False
2023,H1924,1924.0,H,192,An Act to protect the citizens of the Commonwealth from drunk drivers,Timothy R. Whelan,"Accompanied a study order, see H4844",False
2024,S1436,1436.0,S,192,An Act to establish a pilot program for specialty pharmacy in urology,Paul R. Feeney,"Accompanied a new draft, see S2894",False
2025,S1269,1269.0,S,192,An Act to strengthen emergency restraint for persons suffering dangerous or violent mental illness,John J. Cronin,"Accompanied a study order, see H5225",False
2026,H289,289.0,H,192,"An Act relative to state grants targeting minority communities
",Carlos González,"Accompanied a study order, see H5027",False
2027,H297,297.0,H,192,An Act relative to small business payments ,Michael J. Moran,"Accompanied a study order, see H5027",False
2028,H3255,3255.0,H,192,An Act to promote electric vehicle fleets by 2035,Christine P. Barber,No further action taken,False
2029,H3348,3348.0,H,192,An Act relative to monthly minimum reliability contributions,Joan Meschino,"Accompanied a study order, see H5042",False
2030,S2219,2219.0,S,192,An Act relative to solar net metering fairness,Marc R. Pacheco,Hearing scheduled for 12/07/2021 from 01:00 PM-05:00 PM in Virtual Hearing,False
2031,H311,311.0,H,192,"An Act to mandate domestic violence and sexual assault awareness education for aestheticians, barbers, cosmetologists, electrologists, hairdressers, manicurists, and massage therapists",Christine P. Barber,"Accompanied a new draft, see S2678",False
2032,H351,351.0,H,192,An Act expanding licensure opportunity for school counselors,Linda Dean Campbell,"Accompanied a study order, see H4880",False
2033,S150,150.0,S,192,An Act establishing the MassMade Program,Eric P. Lesser,"Accompanied a study order, see S2709",False
2034,H270,270.0,H,192,An Act relative to autism education reform,Alan Silvia,"Accompanied a study order, see H4906",False
2035,H51,51.0,H,192,An Act relative to joint and last survivor allowance for judicial retirement benefits,Office of the State Treasurer,No further action taken,False
2036,H1937,1937.0,H,192,An Act to protect the collective bargaining rights of certain administrative employees,David Biele,"Accompanied a new draft, see H4607",False
2037,H2776,2776.0,H,192,An Act relative to clarifying the application of the heart bill,Todd M. Smola,"Accompanied a study order, see H4960",False
2038,H650,650.0,H,192,An Act relative to at-promise youth,Jack Patrick Lewis,"Accompanied a study order, see H5093",False
2039,H2128,2128.0,H,192,An Act to expand access to patient centered care for substance use disorders,Jon Santiago,No further action taken,False
2040,S374,374.0,S,192,An Act promoting local control and effective training of school resource officers,Patrick M. O'Connor,"Accompanied a study order, see S2756",False
2041,S1472,1472.0,S,192,"An Act addressing the inequitable impacts of the pandemic on Black and Latinx individuals with autism
",Joan B. Lovely,"Accompanied a study order, see S2770",False
2042,S741,741.0,S,192,An Act to protect MassHealth applicants facing undue hardship,Harriette L. Chandler,No further action taken,False
2043,S1258,1258.0,S,192,An Act relative to supervised consumption sites,Joseph A. Boncore,Accompanied S1272,False
2044,H4230,4230.0,H,192,An Act to amend the charter of the city of Holyoke,Patricia A. Duffy,Consolidated with H4299,False
2045,H2143,2143.0,H,192,An Act enabling municipal pre-foreclosure mediation,Peter Capano,"Accompanied a study order, see H4933",False
2046,S1299,1299.0,S,192,An Act to enhance patient education and informed consent before issuance of opioids ,Edward J. Kennedy,"Accompanied a study order, see H5225",False
2047,H4934,4934.0,H,192,Study Order,Joint Committee on Revenue,No further action taken,False
2048,H3820,3820.0,H,192,An Act regulating the membership of the Board of Trustees of the Woburn Public Library Corporation,Richard M. Haggerty,"Signed by the Governor, Chapter 95 of the Acts of 2021",True
2049,S1780,1780.0,S,192,An Act expanding insurance choices for state and local employees,Bruce E. Tarr,"Accompanied a study order, see S2679",False
2050,S2191,2191.0,S,192,An Act promoting energy storage systems ,Adam G. Hinds,No further action taken,False
2051,H2715,2715.0,H,192,An Act relative to employment benefits for Patricia Kannler,Kate Lipper-Garabedian,No further action taken,False
2052,H4310,4310.0,H,192,An Act authorizing the commissioner of Capital Asset Management and Maintenance to convey a certain parcel in the Roxbury section of the city of Boston,Joint Committee on State Administration and Regulatory Oversight,"New draft substituted, see H5159",False
2053,H3243,3243.0,H,192,An Act sparking the modernization of state heating systems,Tommy Vitolo,"Accompanied a new draft, see H4571",False
2054,H3796,3796.0,H,192,An Act relative to patient assessment and notification prior to prescribing certain medications,Carole A. Fiola,"Accompanied a new draft, see H4814",False
2055,S2235,2235.0,S,192,An Act to sustain natural and working lands carbon in communities,Bruce E. Tarr,"Accompanied a study order, see S2715",False
2056,H3251,3251.0,H,192,An Act making August 31st overdose awareness day in the Commonwealth,Steven G. Xiarhos,"Accompanied a study order, see H4855",False
2057,H2267,2267.0,H,192,An Act prohibiting non consensual pelvic examinations,Mindy Domb,"Accompanied a new draft, see H4270",False
2058,S807,807.0,S,192,An Act relative to infection control in nursing facilities,Michael O. Moore,Accompanied H1313,False
2059,H1249,1249.0,H,192,An Act relative to establishing a commission to investigate fraudulent acts in Mass Health,"Donald R. Berthiaume, Jr.","Accompanied a study order, see H5201",False
2060,H2327,2327.0,H,192,An Act decreasing food waste by standardizing the date labeling of food,Hannah Kane,"Accompanied a study order, see H5197",False
2061,S622,622.0,S,192,An Act relative to waste removal plans for transfer stations,Walter F. Timilty,No further action taken,False
2062,S597,597.0,S,192,An Act relative to community preservation funds for coastal infrastructure,Patrick M. O'Connor,"Accompanied a study order, see S2734",False
2063,S1392,1392.0,S,192,An Act further regulating the sale of tobacco products,Brendan P. Crighton,"Accompanied a study order, see S2692",False
2064,SD2884,2884.0,SD,192,EOTC November 2021 Summary Process Data Report,Executive Office of the Trial Court,Placed on file,False
2065,S1245,1245.0,S,192,An Act advancing public employee labor rights,Rebecca L. Rausch,"Accompanied a study order, see S2697",False
2066,H1996,1996.0,H,192,An Act relative to prevailing wages,Daniel J. Hunt,"Accompanied a new draft, see H4611",False
2067,HD4309,4309.0,HD,192,Order relative to an investigation and study of diversity and inclusion in the construction industry ,Ronald Mariano,No further action taken,False
2068,S773,773.0,S,192,An Act preserving special needs trusts for disabled seniors,Patricia D. Jehlen,Hearing scheduled for 09/28/2021 from 11:00 AM-03:00 PM in Virtual Hearing,False
2069,H1209,1209.0,H,192,An Act relative to providing for the security of public deposits,Thomas M. Stanley,Hearing scheduled for 10/26/2021 from 11:00 AM-03:00 PM in Virtual Hearing,False
2070,H3757,3757.0,H,192,An Act regarding the disability pension of Harry Jean,Daniel J. Hunt,"Amended by substitution of a bill with the same title, see H5451",False
2071,S515,515.0,S,192,An Act building resilience to acidification of our coastal waters,Julian Cyr,"Accompanied a new draft, see H4596",False
2072,S677,677.0,S,192,An Act relative to increasing consumer access to licensed rehabilitation counselors,Anne M. Gobi,"Accompanied a study order, see S2917",False
2073,S785,785.0,S,192,An Act to improve the accessibility and affordability of pharmaceutical drugs of public health concern,Eric P. Lesser,Accompanied S771,False
2074,S1384,1384.0,S,192,An Act relative to end of life options,Joanne M. Comerford,No further action taken,False
2075,S1435,1435.0,S,192,An Act relative to patient identity and privacy protection in waiting rooms,Paul R. Feeney,"Accompanied a study order, see S2891",False
2076,H1203,1203.0,H,192,An Act relative to insurance coverage for individuals with autism,Alan Silvia,Hearing scheduled for 12/09/2021 from 11:00 AM-04:00 PM in Virtual Hearing,False
2077,H3065,3065.0,H,192,An Act relative to the Thames River Valley,Todd M. Smola,"Accompanied a study order, see H5245",False
2078,HD2439,2439.0,HD,192,An Act relative to municipal relief from Transportation Infrastructure Enhancement Trust Fund reporting requirements,Natalie M. Blais,No further action taken,False
2079,S1334,1334.0,S,192,An Act relative to remote town meetings,Paul R. Feeney,No further action taken,False
2080,H4101,4101.0,H,192,An Act establishing the appointed office of town clerk in the town of Dunstable,Sheila C. Harrington,"Signed by the Governor, Chapter 110 of the Acts of 2021",True
2081,S580,580.0,S,192,An Act ensuring safe drinking water in schools,Joan B. Lovely,No further action taken,False
2082,S787,787.0,S,192,An Act establishing a public health option,Jason M. Lewis,"Accompanied a study order, see S2800",False
2083,S1412,1412.0,S,192,An Act relative to public safety,Diana DiZoglio,"Accompanied a study order, see S2692",False
2084,H2140,2140.0,H,192,An Act relative to zoning voting thresholds,Daniel Cahill,"Accompanied a study order, see H4933",False
2085,S31,31.0,S,192,An Act authorizing certain investments by the Treasurer of the town of East Bridgewater,Michael D. Brady,"Signed by the Governor, Chapter 13 of the Acts of 2021",True
2086,S1358,1358.0,S,192,"An Act authorizing the city of Fall River Housing Authority to convey a certain parcel of land to Southcoast Hospital Group, Inc",Michael J. Rodrigues,"New draft substituted, see S2503",False
2087,H2147,2147.0,H,192,An Act relative to the permanent intermittent police force for the city of Methuen,Linda Dean Campbell,"Signed by the Governor, Chapter 251 of the Acts of 2022",True
2088,S59,59.0,S,192,An Act to establish the Massachusetts Open Data Standard,Eric P. Lesser,No further action taken,False
2089,H2236,2236.0,H,192,An Act to increase patient access to certain health care services,Nicholas A. Boldyga,"Accompanied a study order, see H5035",False
2090,S604,604.0,S,192,An Act establishing tracking and reporting requirements for Massachusetts transportation fuels and associated greenhouse gas emissions,Marc R. Pacheco,No further action taken,False
2091,H941,941.0,H,192,An Act relative to regulating the septic industry,Steven S. Howitt,"Accompanied a new draft, see H4063",False
2092,H1969,1969.0,H,192,An Act protecting public employees from retaliation,Carolyn C. Dykema,"Accompanied a study order, see H5023",False
2093,H2658,2658.0,H,192,An Act relative to the Massachusetts teacher retirement system,Susan Williams Gifford,No further action taken,False
2094,S746,746.0,S,192,"An Act administering national standards to Medicaid medical necessity reviews
",Nick Collins,"Accompanied a study order, see S2800",False
2095,H1080,1080.0,H,192,An Act relative to Commonwealth automobile reinsurers,Michael J. Finn,No further action taken,False
2096,HD1748,1748.0,HD,192,An Act improving access to affordable higher education,Sean Garballey,No further action taken,False
2097,S643,643.0,S,192,An Act promoting consumer choice in health care,Brendan P. Crighton,"Accompanied a study order, see S2917",False
2098,S1259,1259.0,S,192,An Act relative to medication assisted recovery and care (MARC),Joseph A. Boncore,Bill reported favorably by committee and referred to the committee on Health Care Financing,False
2099,H1000,1000.0,H,192,An Act to assist municipal and district ratepayers,Jeffrey N. Roy,"Accompanied a study order, see H5041",False
2100,H1154,1154.0,H,192,An Act expanding coverage of dental procedures,Paul McMurtry,"Accompanied a study order, see H5222",False
2101,H1220,1220.0,H,192,An Act relative to travel insurance,Tackey Chan,No further action taken,False
2102,H2204,2204.0,H,192,An Act requiring a performance bond prior to demolition,Alan Silvia,"Accompanied a study order, see H4933",False
2103,H1025,1025.0,H,192,An Act relative to hunting near a dwelling,David T. Vieira,Accompanied S552,False
2104,H1184,1184.0,H,192,An Act relative to colon screenings,David Allen Robertson,Hearing scheduled for 11/09/2021 from 11:00 AM-04:00 PM in Virtual Hearing,False
2105,H2258,2258.0,H,192,"An Act to encourage, and improve, the level of availability of physicians",Michael S. Day,"Accompanied a study order, see H5196",False
2106,H1113,1113.0,H,192,An Act providing insurance coverage for Alfi’s syndrome,Natalie M. Higgins,Hearing scheduled for 12/09/2021 from 11:00 AM-04:00 PM in Virtual Hearing,False
2107,H2773,2773.0,H,192,An Act providing prescription drug cost reimbursements to elderly governmental retirees,Alan Silvia,"Accompanied a study order, see H4960",False
2108,H4241,4241.0,H,192,"An Act establishing a sick leave bank for Heather Worster, an employee of the Massachusetts Department of Mental Health",Paul K. Frost,"Signed by the Governor, Chapter 209 of the Acts of 2022",True
2109,H1414,1414.0,H,192,An Act to expedite multifamily housing construction,Kevin G. Honan,"Accompanied a study order, see H5276",False
2110,S2703,2703.0,S,192,An Act establishing the third Saturday in July as Negro Election Day,Senate Committee on Rules,"Signed by the Governor, Chapter 108 of the Acts of 2022",True
2111,S1012,1012.0,S,192,"An Act to define indecent assault and battery, including nonconsensual condom removal",Diana DiZoglio,"Accompanied a study order, see S2665",False
2112,H1431,1431.0,H,192,An Act to increase access and financing for smart growth developments,Lenny Mirra,"Accompanied a study order, see H5276",False
2113,S2710,2710.0,S,192,Order relative to authorizing the joint committee on Economic Development and Emerging Technologies to make an investigation and study of certain current Senate documents relative to economic development issues,Joint Committee on Economic Development and Emerging Technologies,No further action taken,False
2114,H80,80.0,H,192,Proposal for a legislative amendment to the Constitution relative to the oaths and affirmations of public office,Mindy Domb,Joint session held and dissolved,False
2115,H1866,1866.0,H,192,An Act to track the implementation of the Brangan ruling,Lindsay N. Sabadosa,"Accompanied a study order, see H4844",False
2116,H3625,3625.0,H,192,An Act relative to electronic toll payments,Tommy Vitolo,"Accompanied a study order, see H5212",False
2117,S1077,1077.0,S,192,An Act to enhance state anti-trust powers and enforcement,Jason M. Lewis,"Accompanied a study order, see S2665",False
2118,H1458,1458.0,H,192,"An Act relative to selling tattooing, branding, body piercing kit or device to an unlicensed body art practitioner or minor",Bruce J. Ayers,"Accompanied a study order, see H4844",False
2119,H2889,2889.0,H,192,An Act relative to chapter land applications,Carolyn C. Dykema,No further action taken,False
2120,S1034,1034.0,S,192,An Act relative to guilty but with a mental illness,Cindy F. Friedman,"Accompanied a study order, see S2665",False
2121,H1546,1546.0,H,192,An Act relative to the payment of rent while awaiting a court proceeding,Shawn Dooley,"Accompanied a study order, see H4844",False
2122,H1542,1542.0,H,192,An Act relative to a guardianship pilot program,Kip A. Diggs,"Accompanied a study order, see H4844",False
2123,S1097,1097.0,S,192,An Act enhancing the issuance of citations for cruel conditions for animals,Mark C. Montigny,"Accompanied a new draft, see S2672",False
2124,H1547,1547.0,H,192,An Act relative to parenting time,Shawn Dooley,"Accompanied a study order, see H4844",False
2125,H3249,3249.0,H,192,"An Act the Commonwealth housing, economic, education and equity in recovery and reconstruction",Bud L. Williams,"Accompanied a study order, see H4969",False
2126,H4832,4832.0,H,192,"An Act dedicating the grove at Heritage State Park in the city of Fall River as the David Almond Grove, in honor of the late David Almond",Carole A. Fiola,"Signed by the Governor, Chapter 157 of the Acts of 2022",True
2127,S1139,1139.0,S,192,An Act relative to involuntary holds for overdose treatment,Bruce E. Tarr,"Accompanied a study order, see S2665",False
2128,H3856,3856.0,H,192,An Act authorizing the town of Sandisfield to continue the employment of employees subject to mandatory retirement,Joint Committee on Public Service,"Signed by the Governor, Chapter 80 of the Acts of 2021",True
2129,H1745,1745.0,H,192,An Act providing protection from child enticement,Kate Lipper-Garabedian,"Accompanied a study order, see H4844",False
2130,H4915,4915.0,H,192,"An Act exempting all future members of police department of the town of Great Barrington from the civil service law


",Smitty Pignatelli,No further action taken,False
2131,S1214,1214.0,S,192,An Act to increase unemployment insurance benefits for low wage workers. ,Patricia D. Jehlen,Senate concurred,False
2132,HD3247,3247.0,HD,192,An Act to establish a Massachusetts public bank,Mike Connolly,"Accompanied a study order, see H5314",False
2133,H3818,3818.0,H,192,An Act to modernize Massachusetts Credit Union Share Insurance Corporation (MSIC) investments ,Richard M. Haggerty,Hearing scheduled for 10/26/2021 from 11:00 AM-03:00 PM in Virtual Hearing,False
2134,H1607,1607.0,H,192,An Act relative to oil spills on public ways,Jessica Ann Giannino,"Accompanied a study order, see H4844",False
2135,H3256,3256.0,H,192,An Act to establish municipal access to utility poles located in municipal rights-of-way,"John Barrett, III","Accompanied a study order, see H5042",False
2136,S1132,1132.0,S,192,"An Act relative to banning the ""Confederate flag"" in the Commonwealth",Bruce E. Tarr,"Accompanied a study order, see S2665",False
2137,H2755,2755.0,H,192,"An Act relative to creditable service for Robert Iantosca, an employee of the Department of Revenue",Edward R. Philips,No further action taken,False
2138,H4115,4115.0,H,192,An Act authorizing the town of Wellesley to grant certain licenses for the sale of alcoholic beverages,Joint Committee on Consumer Protection and Professional Licensure,"Amended by substitution of a bill with the same title, H4260",False
2139,S2308,2308.0,S,192,An Act relative to mobile carrying devices ,Sal N. DiDomenico,"Accompanied a study order, see S2642",False
2140,H3352,3352.0,H,192,An Act relative to electric ratepayer protections,Frank A. Moran,No further action taken,False
2141,H4412,4412.0,H,192,Extension Order - Public Health,Marjorie C. Decker,"Adopted, in concurrence",False
2142,S1475,1475.0,S,192,An Act relative to Medicaid coverage for doula services,Joan B. Lovely,Accompanied H2372,False
2143,S109,109.0,S,192,An Act to assure quality foster care,Adam Gomez,No further action taken,False
2144,H1269,1269.0,H,192,An Act relative to parity of treatment with substance abuse,"Thomas A. Golden, Jr.","Accompanied a study order, see H5201",False
2145,H160,160.0,H,192,An Act to further continue the special commission on operating under the influence,Hannah Kane,"Accompanied a study order, see H5022",False
2146,H441,441.0,H,192,An Act relative to a model carrier reporting requirement,Michael J. Moran,No further action taken,False
2147,H340,340.0,H,192,"An Act defining client, intended use and intended user in real property appraisal assignments and reports",Edward F. Coppinger,"Accompanied a study order, see H4880",False
2148,H355,355.0,H,192,An Act relative to clarifying homeowners right to perform electrical work,Peter J. Durant,"Accompanied a study order, see H4880",False
2149,H660,660.0,H,192,An Act strengthening recovery high schools,Elizabeth A. Malia,"Accompanied a new draft, see H4543",False
2150,S1886,1886.0,S,192,An Act relative to emergency tax relief to unemployed workers,Patricia D. Jehlen,"Accompanied a study order, see H5250",False
2151,H721,721.0,H,192,An Act relative to social card games at municipal senior centers,James Arciero,"Accompanied a study order, see H5029",False
2152,H345,345.0,H,192,An Act relative to licensure simplification,Mark J. Cusack,"New draft substituted, see H5421",False
2153,H1630,1630.0,H,192,An Act to adopt the uniform family law arbitration act,Sheila C. Harrington,"Accompanied a study order, see H4844",False
2154,HD3976,3976.0,HD,192,An Act relative to the abolition of MCAS and profiteering from public education,Erika Uyterhoeven,"Accompanied a study order, see H5074",False
2155,S428,428.0,S,192,Resolve relative to a special community care retirement communities commission,Michael F. Rush,"Accompanied a study order, see S2650",False
2156,H391,391.0,H,192,An Act relative to vehicle warranty fulfillment,Steven S. Howitt,"Accompanied a study order, see H4880",False
2157,S769,769.0,S,192,An Act relative to collaborative care,Cindy F. Friedman,No further action taken,False
2158,S95,95.0,S,192,An Act relative to Children’s Advocacy Centers and the Massachusetts Children’s Alliance ,Julian Cyr,No further action taken,False
2159,S2518,2518.0,S,192,"An Act authorizing the treasurer of the town of Middleborough to pay from available funds to Middleborough High School students, parents or guardians amounts paid but not reimbursed for the costs of the 2020 senior trip",Marc R. Pacheco,"Signed by the Governor, Chapter 226 of the Acts of 2022",True
2160,H724,724.0,H,192,An Act to improve nursing home job standards and care quality,Ruth B. Balser,"Accompanied a new draft, see H4780",False
2161,S196,196.0,S,192,An Act to continue expanded take-out/delivery options in response to COVID-19,Diana DiZoglio,"Accompanied a study order, see S2666",False
2162,S2111,2111.0,S,192,An Act designating the first Wednesday in May as State Parks Day,Michael F. Rush,No further action taken,False
2163,H889,889.0,H,192,An Act providing transparency for the Blue Hills Reservation Trust Fund,"William J. Driscoll, Jr.",No further action taken,False
2164,H4130,4130.0,H,192,An Act authorizing the city of Salem to convert a seasonal license for the sale of all alcoholic beverages to be drunk on the premises to an annual license for the sale of all alcoholic beverages to be drunk on the premises for La Delicia Restaurant at 75 Congress Street,Paul F. Tucker,No further action taken,False
2165,S219,219.0,S,192,An Act regulating the practice and licensure of veterinary technicians,Joan B. Lovely,"Accompanied a new draft, see S2571",False
2166,HD4040,,,192,,,,False
2167,S2471,2471.0,S,192,An Act relative to the appointment of guardians ad litem in the housing court,Anne M. Gobi,"Accompanied a study order, see S2665",False
2168,H283,283.0,H,192,An Act regarding municipal master plans,Michelle L. Ciccolo,"Accompanied a study order, see H5027",False
2169,H250,250.0,H,192,An Act relative to an agricultural healthy incentives program,Paul W. Mark,Accompanied S108,False
2170,H339,339.0,H,192,An Act relative to large project based licenses,Tackey Chan,"Accompanied a study order, see H4880",False
2171,H3828,3828.0,H,192,An Act relative to the preparation of certain bilingual ballots in the city of Malden,Steven Ultrino,"New draft substituted, see H4793",False
2172,S206,206.0,S,192,An Act relative to ensuring the availability of customer service,Barry R. Finegold,"Accompanied a study order, see S2666",False
2173,H393,393.0,H,192,An Act relative to background checking for bidding privileges at auto auctions,Steven S. Howitt,"Accompanied a study order, see H4880",False
2174,S1281,1281.0,S,192,An Act relative to psychotropic medication,Diana DiZoglio,"Accompanied a study order, see S2919",False
2175,H112,112.0,H,192,An Act hard-wiring state offices and investing in hard-wired communications ,Patricia A. Duffy,"Accompanied a study order, see H5040",False
2176,HD2373,2373.0,HD,192,An Act relative to the practice of acupuncture,Smitty Pignatelli,No further action taken,False
2177,S251,251.0,S,192,An Act establishing the Massachusetts Coronavirus Recovery Corps,Eric P. Lesser,"Accompanied a new draft, see H4671",False
2178,S2207,2207.0,S,192,An Act relative to the prompt decommissioning of nuclear power stations,Susan L. Moran,"Accompanied a study order, see S2715",False
2179,H4,4.0,H,192,An Act relative to Chapter 12A,Office of the Inspector General,No further action taken,False
2180,H2767,2767.0,H,192,An Act relative to the retirement of Michael Gallerani,John H. Rogers,"Accompanied a study order, see H4960",False
2181,H756,756.0,H,192,An Act to strengthen emergency preparedness for home care workers,Jon Santiago,"Accompanied a new draft, see H4472",False
2182,H257,257.0,H,192,An Act providing timely court oversight of DCF’s custody decisions and protecting children from unnecessary removals and trauma,Joan Meschino,"Accompanied a study order, see H4905",False
2183,H258,258.0,H,192,Resolve to better prepare the Commonwealth for climate change refugees,Liz Miranda,"Accompanied a study order, see H4908",False
2184,H878,878.0,H,192,An Act to save recycling costs in the commonwealth,Michael S. Day,"Accompanied a new draft, see H4851",False
2185,S1936,1936.0,S,192,An Act relative to single sales factor,Michael O. Moore,"Accompanied a study order, see H5248",False
2186,S2813,2813.0,S,192,An act relative to college athlete compensation,Joint Committee on Higher Education,No further action taken,False
2187,S1239,1239.0,S,192,An Act relative to continuation of health insurance in the case of plant closings,Marc R. Pacheco,No further action taken,False
2188,H2985,2985.0,H,192,An Act encouraging employer student loan repayment,Kate Lipper-Garabedian,"Accompanied a study order, see H4894",False
2189,H1049,1049.0,H,192,An Act relative to homeowners’ insurance,Antonio F. D. Cabral,"Accompanied a study order, see H5167",False
2190,H2788,2788.0,H,192,An Act relative to electronic monitoring department personnel pension group classification,Steven Ultrino,"Accompanied a study order, see H5319",False
2191,S1786,1786.0,S,192,"An Act relative to the safety of fire, police, and emergency medical technicians from contagious diseases ",Walter F. Timilty,"Accompanied a study order, see S2679",False
2192,H2727,2727.0,H,192,An Act to study the modernization of retirement systems for future state employees,Joseph D. McKenna,"Accompanied a study order, see H4960",False
2193,H1078,1078.0,H,192,An Act improving lives by ensuring access to brain injury treatment,Kimberly N. Ferguson,Accompanied S629,False
2194,S1762,1762.0,S,192,An Act relative to corrections officers injured in the line of duty,Marc R. Pacheco,"Accompanied a study order, see S2679",False
2195,H974,974.0,H,192,An Act protecting the natural resources of the Commonwealth,Lenny Mirra,"Accompanied H851
",False
2196,H1371,1371.0,H,192,An Act further defining the purposes of the affordable housing trust in the city of Somerville,Christine P. Barber,No further action taken,False
2197,H4474,4474.0,H,192,An Act authorizing the conveyance of easements by the city of Fitchburg to the town of Westminster,Kimberly N. Ferguson,"Amended by substitution of a bill with the same title, H4946",False
2198,S93,93.0,S,192,An Act to ensure reporting of excessive force on children,John J. Cronin,"Accompanied a study order, see S2624",False
2199,S1009,1009.0,S,192,An Act relative to juvenile violence,Diana DiZoglio,"Accompanied a study order, see S2665",False
2200,H4416,4416.0,H,192,Extension Order - Housing,James Arciero,"Adopted, in concurrence",False
2201,H433,433.0,H,192,An Act relative to home inspectors ,Paul McMurtry,"Accompanied a new draft, see H4244",False
2202,H1335,1335.0,H,192,"An Act establishing the ""Massachusetts collegiate athletic participation compensation act""",Carlos González,"Accompanied a new draft, see H4696",False
2203,H1296,1296.0,H,192,An Act relative to state funding of certain nonprofits,Joseph D. McKenna,"Accompanied a study order, see H5201",False
2204,H4356,4356.0,H,192,An Act authorizing the town of Amherst to continue the employment of Walter (Tim) Nelson,Mindy Domb,"Accompanied a new draft, see H4593",False
2205,S2997,2997.0,S,192,"An Act to expand access to high-quality, affordable early education and care",,No further action taken,False
2206,H1106,1106.0,H,192,An Act relative to human donor milk coverage,Danielle W. Gregoire,No further action taken,False
2207,H4840,4840.0,H,192,"Extension Order - Children, Families and Persons with Disabilities",Michael J. Finn,"Adopted, in concurrence, by a standing vote (8 to 1)",False
2208,H344,344.0,H,192,An Act further regulating storage of alcoholic beverages,Mark J. Cusack,Accompanied H338,False
2209,S2921,2921.0,S,192,An Act relative to preventing discrimination against persons with disabilities in the provision of health care,Joint Committee on Health Care Financing,No further action taken,False
2210,S2408,2408.0,S,192,An Act relative to COLA adjustments for veteran benefits,Jason M. Lewis,No further action taken,False
2211,H1076,1076.0,H,192,An Act relative to tobacco premium ratings,Lori A. Ehrlich,Hearing scheduled for 10/12/2021 from 11:00 AM-04:00 PM in Virtual Hearing,False
2212,S1787,1787.0,S,192,An Act to authorize creditable service for certain public higher education faculty and professional employees,Walter F. Timilty,"Accompanied a study order, see S2679",False
2213,H1272,1272.0,H,192,An Act to promote transparency in prescription drug prices,Kate Hogan,Accompanied S771,False
2214,S2665,2665.0,S,192,Order relative to authorizing the joint committee on the Judiciary to make an investigation and study of certain current Senate documents relative to judiciary matters,Joint Committee on the Judiciary,No further action taken,False
2215,H208,208.0,H,192,An Act concerning public assistance for working families and the creation of a pilot program to address the impacts of the cliff effect,Patricia A. Duffy,No further action taken,False
2216,H3574,3574.0,H,192,An Act commissioning a study of a public transportation benefit program for employees of the commonwealth,Smitty Pignatelli,"Accompanied a study order, see H5005",False
2217,S229,229.0,S,192,"An Act allowing businesses to sign up for the ""Do Not Call"" list",Patrick M. O'Connor,"Accompanied a study order, see S2666",False
2218,H402,402.0,H,192,An Act relative to the protection of open spaces,Daniel J. Hunt,"Accompanied a study order, see H4880",False
2219,H20,20.0,H,192,An Act relative to pension forfeiture,Massachusetts Teachers' Retirement System,"Accompanied a study order, see H4960",False
2220,H437,437.0,H,192,An Act relative to a specialty pharmacy pilot program for Urology,Paul McMurtry,"Accompanied a new draft, see S2894",False
2221,H426,426.0,H,192,An Act regarding requirements for continuing education for electricians,Marc T. Lombardo,"Accompanied a study order, see H4880",False
2222,H3169,3169.0,H,192,An Act relative to transparency for grant applications ,Steven S. Howitt,"Accompanied a study order, see H4969",False
2223,H1057,1057.0,H,192,An Act relative to collaborative care,Marjorie C. Decker,"Accompanied a study order, see H5222",False
2224,H1465,1465.0,H,192,An Act providing for the expungement of racially restrictive covenants in recorded real property documents,"John Barrett, III",No further action taken,False
2225,S956,956.0,S,192,An Act protecting LGBTQ victims,Joanne M. Comerford,"Accompanied a study order, see S2665",False
2226,H1675,1675.0,H,192,An Act relative to aggressive panhandling on or adjacent to public ways,Daniel J. Hunt,"Accompanied a study order, see H4844",False
2227,S594,594.0,S,192,An Act establishing a regional dredge grants program,Patrick M. O'Connor,"Accompanied a study order, see S2734",False
2228,H1125,1125.0,H,192,An Act relative to epinephrine injectors,"Bradley H. Jones, Jr.","Accompanied a study order, see H5222",False
2229,H1238,1238.0,H,192,An Act relative to notices by insurance companies,Michael S. Day,No further action taken,False
2230,H1963,1963.0,H,192,An Act relative to the payment of terminated employees,Shawn Dooley,"Accompanied a study order, see H5023",False
2231,H147,147.0,H,192,An Act relative to a property owner’s right to ban the growing of medical marijuana,David F. DeCoste,"Accompanied a study order, see H5022",False
2232,H2233,2233.0,H,192,An Act relative to student safety in interscholastic athletic activities,David Biele,"Accompanied a study order, see H5198",False
2233,H1370,1370.0,H,192,An Act relative to accessory dwelling units,Christine P. Barber,No further action taken,False
2234,H2270,2270.0,H,192,An Act relative to the definition of podiatry,Paul J. Donato,"Accompanied a study order, see H5222",False
2235,S1355,1355.0,S,192,An Act authorizing the investment of trust funds benefiting the town of Sherborn library,Rebecca L. Rausch,"Signed by the Governor, Chapter 336 of the Acts of 2022",True
2236,S1058,1058.0,S,192,An Act relative to caregiver authorization affidavits,Patricia D. Jehlen,Accompanied H1846,False
2237,H1604,1604.0,H,192,"An Act to enact “Stephen’s Law”, relative to the distribution of fentanyl that results in death",Jessica Ann Giannino,"Accompanied a study order, see H4844",False
2238,S1126,1126.0,S,192,An Act relative to consensual adolescent sexual activity,Rebecca L. Rausch,"Accompanied a study order, see S2665",False
2239,H267,267.0,H,192,An Act improving front-line service coordinators quality of care,Jon Santiago,"Accompanied a study order, see H4909",False
2240,H4911,4911.0,H,192,An Act making certain appropriations for Fiscal Year 2023 before final action on the General Appropriation Bill,Charles D. Baker,"Signed by the Governor, Chapter 98 of the Acts of 2022",True
2241,H2022,2022.0,H,192,An Act relative to unemployment compensation and labor disputes,Paul W. Mark,"Accompanied a new draft, see S2817",False
2242,H2423,2423.0,H,192,An Act relative to firearm licensing,"Donald R. Berthiaume, Jr.","Accompanied a study order, see H5190",False
2243,S2908,2908.0,S,192,"Order relative to authorizing the joint committee on Tourism, Arts and Cultural Development to make an investigation and study of certain current Senate documents relative to tourism, arts and cultural development","Joint Committee on Tourism, Arts and Cultural Development",No further action taken,False
2244,H4919,4919.0,H,192,"Communication from the Division of Energy Resources of the Executive Office of Energy and Environmental Affairs (under the provisions of section 12 of Chapter 25A of the General Laws) submitting amendments to 225 CMR 14.00 and 15.00, Renewable Energy Portfolio Standard Regulations (RPS) Class I and Class II",Department of Energy Resources,"Report accepted, in concurrence.",False
2245,H4912,4912.0,H,192,An Act to provide collective bargaining rights to employees of the mosquito control projects and mosquito control districts,Tackey Chan,No further action taken,False
2246,S1218,1218.0,S,192,An Act expanding access to commuter transit benefits offered by employers,John F. Keenan,"Accompanied a new draft, see S2720",False
2247,S2922,2922.0,S,192,An Act to assess the future of mattress recycling in the Commonwealth,"Joint Committee on Environment, Natural Resources and Agriculture",No further action taken,False
2248,H2415,2415.0,H,192,An Act relative to jet ski safety,Bruce J. Ayers,No further action taken,False
2249,S1598,1598.0,S,192,An Act establishing a commission to review substance use in correctional facilities,Patricia D. Jehlen,No further action taken,False
2250,H2838,2838.0,H,192,An Act to protect historic buildings from fires,Antonio F. D. Cabral,"Accompanied a study order, see H5043",False
2251,S343,343.0,S,192,An Act relative to the financial impact of charter schools,Patricia D. Jehlen,"Accompanied a study order, see S2755",False
2252,H530,530.0,H,192,An Act relative to the use of slot machines in veterans’ organizations for its members and invited guests,Mathew J. Muratore,"Accompanied a study order, see H5004",False
2253,H332,332.0,H,192,An Act relative to consumer rights of renters,Tackey Chan,"Accompanied a new draft, see H4588",False
2254,S458,458.0,S,192,An Act improving voting rights education for formerly incarcerated persons,Cynthia Stone Creem,"Accompanied a study order, see H5026",False
2255,H3581,3581.0,H,192,An Act authorizing the Department of Highways to acquire a certain dam in the town of Norwood,John H. Rogers,"Accompanied a study order, see H4966",False
2256,S863,863.0,S,192,An Act relative to the disclosure of smoking within a multi-residence building by lessor,William N. Brownsberger,Senate concurred,False
2257,S585,585.0,S,192,An Act to prevent animal suffering by irresponsible breeding practices,Mark C. Montigny,"Accompanied a study order, see S2734",False
2258,H775,775.0,H,192,An Act addressing Gubernatorial selection for US Congress vacancies,Mindy Domb,"Accompanied a study order, see H5026",False
2259,H3156,3156.0,H,192,An Act improving government accountability,Danielle W. Gregoire,No further action taken,False
2260,H3152,3152.0,H,192,An Act to modernize participation in public meetings,Denise C. Garlick,"Accompanied a new draft, see H5031",False
2261,S2128,2128.0,S,192,An Act to facilitate electric vehicle ownership among low- and middle-income families ,Michael J. Barrett,"Accompanied a study order, see S2715",False
2262,H2293,2293.0,H,192,An Act relative to liability protection for disaster volunteers,Sean Garballey,"Accompanied a study order, see H5035",False
2263,S2107,2107.0,S,192,An Act expanding the public records law ,Rebecca L. Rausch,Hearing scheduled for 10/26/2021 from 10:30 AM-01:30 PM in Virtual Hearing,False
2264,H3701,3701.0,H,192,An Act financing the reconstruction of the Soldiers' Home in Holyoke,House Committee on Ways and Means,"Reported by H3770
",False
2265,H4254,4254.0,H,192,"Order relative to H4248, An Act enhancing the market review process",William C. Galvin,Adopted,False
2266,H5039,5039.0,H,192,An Act relative to Chapter 30B: Uniform Procurement Act,Russell E. Holmes,"Signed by the Governor, Chapter 334 of the Acts of 2022",True
2267,H4696,4696.0,H,192,An act relative to college athlete compensation,Joint Committee on Higher Education,No further action taken,False
2268,S2903,2903.0,S,192,Provider Access,Cindy F. Friedman,See S4,False
2269,H4926,4926.0,H,192,"An Act relative to tracking, tracing and stopping illegal firearms",Joint Committee on Public Safety and Homeland Security,No further action taken,False
2270,HD4,4.0,HD,192,An Act relative to Chapter 12A,Office of the Inspector General,No further action taken,False
2271,S1821,1821.0,S,192,An Act improving the earned income credit for working families,Joanne M. Comerford,"Accompanied a new draft, see H4997",False
2272,S1941,1941.0,S,192,An Act to increase health insurance affordability for small business ,Susan L. Moran,"Accompanied a study order, see H5250",False
2273,H4472,4472.0,H,192,An Act to strengthen emergency preparedness for home care workers,Joint Committee on Elder Affairs,No further action taken,False
2274,S462,462.0,S,192,An Act to Allow and Fund Remote Voting for Disabled Persons,Diana DiZoglio,"Accompanied a study order, see H5026",False
2275,S2628,2628.0,S,192,An Act relative to the town administrator in the town of Milton,Walter F. Timilty,"New draft (Timilty) substituted, see S3127",False
2276,H299,299.0,H,192,An Act to establish to an industrial mill building task force ,Todd M. Smola,"Accompanied a study order, see H5027",False
2277,S98,98.0,S,192,An Act establishing a program to promote infant sleep safety,Diana DiZoglio,"Accompanied a study order, see S2624",False
2278,H3741,3741.0,H,192,An Act authorizing the town of Norwood to grant an additional liquor license,John H. Rogers,"Accompanied a new draft, see H3897",False
2279,S631,631.0,S,192,An Act relative to increasing patient choice through assignment of benefits,Harriette L. Chandler,"Accompanied a study order, see S2693",False
2280,H984,984.0,H,192,An Act relative to Sunday hunting,Kelly W. Pease,"Accompanied a study order, see H5041",False
2281,H5112,5112.0,H,192,An Act to provide voice communication services at no cost to inmates ,NONE,No further action taken,False
2282,H488,488.0,H,192,An Act relative to non-medical healthcare expenses related to prevention of COVID-19,William C. Galvin,"Accompanied a study order, see H4968",False
2283,S246,246.0,S,192,An Act relative to liquor licenses in the city of Westfield,John C. Velis,"Accompanied a new draft, see S2566",False
2284,S2687,2687.0,S,192,An Act establishing the Massachusetts Information Privacy and Security Act,"Joint Committee on Advanced Information Technology, the Internet and Cybersecurity",No further action taken,False
2285,S349,349.0,S,192,An Act establishing farm to school grants to promote healthy eating and strengthen the agricultural economy,Eric P. Lesser,"Accompanied a study order, see S2756",False
2286,H495,495.0,H,192,Resolve relative to the establishment of a joint oversight committee on personal protective equipment,Kevin G. Honan,"Accompanied a study order, see H4968",False
2287,H4421,4421.0,H,192,"Extension Order - Environment, Natural Resources and Agriculture",Mindy Domb,"Adopted, in concurrence",False
2288,S2666,2666.0,S,192,Order relative to authorizing the joint committee on Consumer Protection and Professional Licensure to make an investigation and study of certain current Senate documents relative to consumer protection and professional licensure matters,Joint Committee on Consumer Protection and Professional Licensure,No further action taken,False
2289,H2772,2772.0,H,192,"An Act providing for disability and death benefits for explosive device canine handlers and bomb technicians
",Alan Silvia,"Accompanied a study order, see H4960",False
2290,H4914,4914.0,H,192,An Act relative to employment within the Oxford police department,Joseph D. McKenna,No further action taken,False
2291,S1464,1464.0,S,192,An Act to protect youth from the health risks of sugary drinks,Jason M. Lewis,"Accompanied a new draft, see S2781",False
2292,H2200,2200.0,H,192,An Act to support the equitable utilization of third party consultants in land use determinations,Daniel J. Ryan,"Accompanied a study order, see H4933",False
2293,S1498,1498.0,S,192,An Act enabling trained school personnel to administer life saving epinephrine treatment,Patrick M. O'Connor,"Accompanied a study order, see S2891",False
2294,S2685,2685.0,S,192,An Act exempting the town of Brookline from in-person quorums,Cynthia Stone Creem,"New draft (Creem) substituted, see S3145",False
2295,H4676,4676.0,H,192,An Act relative to electric bicycles,Joint Committee on Transportation,"New draft substituted, see H5105",False
2296,H4329,4329.0,H,192,An Act relative to safe patient handling and mobility in certain health facilities,Joint Committee on Public Health,No further action taken,False
2297,H1480,1480.0,H,192,An Act to create the offense of leaving the scene after causing serious bodily injury,Antonio F. D. Cabral,"Accompanied a study order, see H4844",False
2298,S112,112.0,S,192,An Act relative to state assistance for funeral expenses,Adam G. Hinds,No further action taken,False
2299,H1841,1841.0,H,192,An Act to further clear titles to real property affected by technical irregularities in recorded instruments,"Angelo J. Puppolo, Jr.",Accompanied H1804,False
2300,H4217,4217.0,H,192,An Act relative to establishing representative districts in the General Court,,"Signed by the Governor, Chapter 83 of the Acts of 2021",True
2301,S79,79.0,S,192,An Act to require closed captioning in telecommunications in public areas,Michael J. Barrett,"Accompanied a study order, see S2627",False
2302,H1981,1981.0,H,192,An Act to ensure funding for the Workforce Competitiveness Trust Fund,Kenneth I. Gordon,"Accompanied a study order, see H5023",False
2303,S881,881.0,S,192,An Act relative to full disclosure of fees,Diana DiZoglio,"Accompanied a study order, see H5276",False
2304,S2906,2906.0,S,192,The Judiciary - Extension Order,James B. Eldridge,"Adopted, in concurrence",False
2305,H4750,4750.0,H,192,An Act regarding the disability pension for Matthew Morris,Joint Committee on Public Service,"Amended by substitution of a bill with the same title, see H5462",False
2306,S2927,2927.0,S,192,Order relative to requesting the opinions of the Honorable the Justices of the Supreme Judicial Court on important questions of law relative article CV of the Constitution and as to the constitutionality of Senate No. 2924 (VOTES Act),Bruce E. Tarr,No further action taken,False
2307,H274,274.0,H,192,An Act preventing funds deposited in children’s savings accounts from counting against cash assistance benefits,Chynah Tyler,"Accompanied a study order, see H4909",False
2308,S982,982.0,S,192,An Act relating to parental choice of terminology in certain domestic relations matters ,Cynthia Stone Creem,"Accompanied a study order, see S2665",False
2309,H1391,1391.0,H,192,An Act promoting workforce housing,Shawn Dooley,"Accompanied a study order, see H5276",False
2310,S2905,2905.0,S,192,Modernizing the Wiretap law,Bruce E. Tarr,See S4,False
2311,S2912,2912.0,S,192,"Order relative to authorizing the joint committee on Children, Families and Persons with Disabilities to make an investigation and study of a certain current Senate document creating an electronic backpack for foster children","Joint Committee on Children, Families and Persons with Disabilities",No further action taken,False
2312,H5147,5147.0,H,192,An Act authorizing the town of Billerica to transfer certain parcels of land,House Committee on Ways and Means,"Text of an amendment, see S3062",False
2313,H1966,1966.0,H,192,An Act relative to workplace safety and disclosure of violations,Michelle M. DuBois,"Accompanied a study order, see H5023",False
2314,S1349,1349.0,S,192,An Act relative to marijuana-related revenue in the town of Millbury,Michael O. Moore,No further action taken,False
2315,S2682,2682.0,S,192,Order relative to authorizing the joint committee on Transportation to make an investigation and study of certain current Senate documents relative to rail operations and other matters,Joint Committee on Transportation,No further action taken,False
2316,H2177,2177.0,H,192,An Act creating a commission to study the effects of unfunded mandates on municipalities,Steven S. Howitt,"Accompanied a study order, see H4933",False
2317,H1756,1756.0,H,192,An Act to clarify the meal break law and to establish private enforcement,Jay D. Livingstone,"Accompanied a study order, see H4844",False
2318,S954,954.0,S,192,An Act encouraging the donation of food to persons in need,Joanne M. Comerford,Accompanied H1702,False
2319,S979,979.0,S,192,An Act to provide landowners title protection,Cynthia Stone Creem,"Accompanied a study order, see S2665",False
2320,S1542,1542.0,S,192,An Act creating the public safety building authority,Michael D. Brady,"Accompanied a new draft, see S2971",False
2321,H1451,1451.0,H,192,An Act relative to speed limitations near waste or recycling collection vehicles,James Arciero,No further action taken,False
2322,H1598,1598.0,H,192,An Act relative to the Uniform Power of Attorney Act,Carmine Lawrence Gentile,"Accompanied a study order, see H5170",False
2323,S936,936.0,S,192,An Act relative to appellate rights for forensic justice,William N. Brownsberger,"Accompanied a study order, see S2665",False
2324,S931,931.0,S,192,An Act relative to sealing of records pursuant to Section 100C of Chapter 276,William N. Brownsberger,Accompanied H1515,False
2325,H4598,4598.0,H,192,An Act relative to failed septic systems,"Joint Committee on Environment, Natural Resources and Agriculture",No further action taken,False
2326,S1005,1005.0,S,192,An Act relative to child-centered family law,Diana DiZoglio,"Accompanied a study order, see S2665",False
2327,S78,78.0,S,192,An Act dedicating one-percent of the recreational marijuana excise tax to youth substance use prevention,Patrick M. O'Connor,"Accompanied a study order, see S2661",False
2328,H1802,1802.0,H,192,An Act relative to the reporting of certain violations,Lenny Mirra,"Accompanied a study order, see H4844",False
2329,H1461,1461.0,H,192,An Act relative to ensuring quality mental health services in state correctional facilities,Ruth B. Balser,"Accompanied a study order, see H4844",False
2330,S2756,2756.0,S,192,Order relative to authorizing the joint committee on Education to make an investigation and study of certain current Senate documents relative to education issues,Joint Committee on Education,No further action taken,False
2331,S69,69.0,S,192,An Act to facilitate the unionization of the cannabis workforce,James B. Eldridge,Hearing scheduled for 12/01/2021 from 01:00 PM-04:00 PM in Virtual Hearing,False
2332,S2593,2593.0,S,192,An Act authorizing the town of Tewksbury to change the name of its Board of Selectmen to Select Board,Barry R. Finegold,"New draft (Finegold) substituted, see S3128",False
2333,H4658,4658.0,H,192,"An Act granting certain creditable service to Bernard Wheeler, an employee of the Boston Municipal Court",Chynah Tyler,"Accompanied a study order, see H5343",False
2334,H5150,5150.0,H,192,An Act authorizing the commissioner of capital asset management and maintenance to convey a certain parcel of land to the town of Salisbury,House Committee on Ways and Means,"Signed by the Governor, Chapter 188 of the Acts of 2022",True
2335,S559,559.0,S,192,An Act establishing a Greylock Glen commission,Adam G. Hinds,"New draft substituted, see S3095",False
2336,H931,931.0,H,192,An Act relative to solid waste disposal facilities,Jessica Ann Giannino,"Accompanied a study order, see H5041",False
2337,S1583,1583.0,S,192,An Act preserving second amendment rights for medical marijuana patients,Ryan C. Fattman,"Accompanied a study order, see S2762",False
2338,H1697,1697.0,H,192,An Act expanding protections against incest,"Bradley H. Jones, Jr.","Accompanied a study order, see H4844",False
2339,S367,367.0,S,192,An Act relative to recovery high schools,Joan B. Lovely,"Accompanied a new draft, see S2745",False
2340,S386,386.0,S,192,An Act ensuring charter school integrity,Bruce E. Tarr,"Accompanied a study order, see S2755",False
2341,S2527,2527.0,S,192,"An Act establishing a sick leave bank for Li Zang, an employee of the Department of Unemployment Assistance",Joint Committee on Public Service,No further action taken,False
2342,H4198,4198.0,H,192,An Act establishing a select board in the town of Bolton,Kate Hogan,"Signed by the Governor, Chapter 70 of the Acts of 2022",True
2343,H635,635.0,H,192,An Act to improve and enhance the Advisory Board to the Massachusetts School Building Authority ,"Bradley H. Jones, Jr.","Accompanied a new draft, see S2727",False
2344,S821,821.0,S,192,An Act ensuring students' access to academic transcripts,Harriette L. Chandler,"Accompanied a new draft, see S2746",False
2345,H583,583.0,H,192,An Act ensuring diversity in public education,Nika C. Elugardo,"Accompanied a new draft, see H4539",False
2346,S311,311.0,S,192,An Act implementing an elementary and secondary interdisciplinary climate education curriculum in the Commonwealth ,Julian Cyr,"Accompanied a new draft, see S2785",False
2347,S340,340.0,S,192,An Act providing for increased reimbursements for special education costs,Adam G. Hinds,"Accompanied a study order, see S2756",False
2348,H1282,1282.0,H,192,An Act relative to certificate of need laws,"Bradley H. Jones, Jr.","Accompanied a new draft, see H4248",False
2349,H2816,2816.0,H,192,An Act providing for a donation check-off box on state tax returns for the Massachusetts Youth & Government program,Bruce J. Ayers,No further action taken,False
2350,H307,307.0,H,192,An Act relative to the civilian certification of military medical personnel,Bruce J. Ayers,"Accompanied a study order, see H5035",False
2351,H1130,1130.0,H,192,An Act relative to insurance discounts,Hannah Kane,"Accompanied a study order, see H5003",False
2352,H4606,4606.0,H,192,An Act to protect injured workers,Joint Committee on Labor and Workforce Development,No further action taken,False
2353,H1128,1128.0,H,192,An Act relative to insurance surcharges,"Bradley H. Jones, Jr.","Accompanied a study order, see H5003",False
2354,H2308,2308.0,H,192,An Act relative to clinical laboratory testing,Kenneth I. Gordon,"Accompanied a study order, see H5198",False
2355,S606,606.0,S,192,An Act to ensure consistency in climate adaptation management planning,Marc R. Pacheco,"Accompanied a study order, see S2734",False
2356,S1189,1189.0,S,192,An Act relative to compliance with the prevailing wage laws of the Commonwealth,Paul R. Feeney,Accompanied H2046,False
2357,S2246,2246.0,S,192,An Act to rebuild the Commonwealth’s cultural future,Edward J. Kennedy,No further action taken,False
2358,H1006,1006.0,H,192,An Act protecting the viability of farms in the Commonwealth,"Paul A. Schmid, III","Accompanied a study order, see H5041",False
2359,H1915,1915.0,H,192,An Act relative to swatting,David T. Vieira,"Accompanied a study order, see H4844",False
2360,H4362,4362.0,H,192,An Act to improve tax administration in the Commonwealth,Charles D. Baker,"Accompanied a new draft, see H4996",False
2361,S313,313.0,S,192,An Act enhancing the educational outcomes of expectant and parenting students,Sal N. DiDomenico,"Accompanied a study order, see S2756",False
2362,S1476,1476.0,S,192,An Act to improve infection control within long-term care facilities,Mark C. Montigny,Accompanied H1313,False
2363,H1127,1127.0,H,192,An Act relative to electronic automobile insurance charges,"Bradley H. Jones, Jr.","Accompanied a study order, see H5003",False
2364,H2528,2528.0,H,192,An Act relative to kayak safety,William M. Straus,No further action taken,False
2365,S1165,1165.0,S,192,An Act to provide pathways for Certified Nursing Assistants,Harriette L. Chandler,No further action taken,False
2366,H1102,1102.0,H,192,An Act relative to community reinvestment goals for banks,Carlos González,Hearing scheduled for 10/26/2021 from 11:00 AM-03:00 PM in Virtual Hearing,False
2367,H1910,1910.0,H,192,An Act to eliminate mandatory minimum sentences related to drug offenses,Erika Uyterhoeven,"Accompanied a study order, see H4844",False
2368,H4361,4361.0,H,192,An Act to improve Massachusetts’ competitiveness and reduce the cost of living,Charles D. Baker,"Accompanied a new draft, see H4997",False
2369,H1958,1958.0,H,192,"An Act to discourage employers from closing call centers and other customer service operations in the Commonwealth of Massachusetts and relocating overseas, and for other purposes",Carol A. Doherty,"Accompanied a study order, see H5023",False
2370,S2568,2568.0,S,192,An Act relative to the licensure of behavior analysts,Joint Committee on Consumer Protection and Professional Licensure,No further action taken,False
2371,H1027,1027.0,H,192,An Act improving access to the natural and recreational resources of Massachusetts,Susannah M. Whipps,"Accompanied a study order, see H5041",False
2372,H1747,1747.0,H,192,An Act relative to judicial discretion for probation,Kate Lipper-Garabedian,"Accompanied a study order, see H4844",False
2373,H1849,1849.0,H,192,An Act relative to the protection of trees from interference by abutting property owners,David M. Rogers,"Accompanied a study order, see H5170",False
2374,H1026,1026.0,H,192,An Act to enhance the management of problem wildlife,David T. Vieira,"Accompanied a study order, see H5041",False
2375,H949,949.0,H,192,An Act protecting dogs at boarding kennels and daycare facilities,Hannah Kane,No further action taken,False
2376,H3263,3263.0,H,192,An Act relative to delivery vehicle identification,Natalie M. Blais,"Accompanied a study order, see H5212",False
2377,S1018,1018.0,S,192,An Act specifying an electronic system to ensure that sales of certain products containing pseudoephedrine (PSE) do not exceed limits established under federal law,Diana DiZoglio,"Accompanied a study order, see S2665",False
2378,S214,214.0,S,192,An Act to ensure driver privacy with electronic tolling,Eric P. Lesser,"Accompanied a study order, see S2666",False
2379,H3218,3218.0,H,192,"An Act establishing a holiday known as ""John F. Kennedy Day"" to promote civic engagement and voter participation in the Commonwealth",Edward R. Philips,No further action taken,False
2380,S1448,1448.0,S,192,An Act relative to the determination of need of new technology,John F. Keenan,"Accompanied a study order, see S2772",False
2381,S1063,1063.0,S,192,An Act encouraging the donation of food to persons in need,Edward J. Kennedy,Accompanied H1702,False
2382,H4065,4065.0,H,192,"An Act authorizing the issuing of 3 wine and malt beverages license not to be drunk on the premises for downtown mixed use district, Natick, Massachusetts",David Paul Linsky,No further action taken,False
2383,H3885,3885.0,H,192,An Act requiring public safety vehicles to be equipped with emergency thermal blankets,Gerard J. Cassidy,"Accompanied a study order, see H5220",False
2384,H2858,2858.0,H,192,An Act to improve oversight of state government,Mark J. Cusack,No further action taken,False
2385,S1904,1904.0,S,192,An Act to ensure the efficacy of corporate tax expenditures,Eric P. Lesser,"Accompanied a study order, see H5250",False
2386,S65,65.0,S,192,An Act relative to social consumption sites,Julian Cyr,"Accompanied a new draft, see S2660",False
2387,H1495,1495.0,H,192,An Act establishing a regional keep safe program in Suffolk County,Rob Consalvo,"Accompanied a study order, see H4844",False
2388,H537,537.0,H,192,An Act to ensure representation of Special Education Parent Advisory Councils on school committees,James Arciero,"Accompanied a study order, see H5101",False
2389,H4704,4704.0,H,192,An Act relative to Chapter 26 of the Acts of 2021,James Arciero,No further action taken,False
2390,S993,993.0,S,192,An Act addressing discriminatory police reporting,Sal N. DiDomenico,"Accompanied a study order, see S2665",False
2391,H157,157.0,H,192,An Act to protect children from the use of alcohol and marijuana,Daniel J. Hunt,"Accompanied a study order, see H5022",False
2392,S940,940.0,S,192,An Act to strengthen justice and support for sex trade survivors,Harriette L. Chandler,"Accompanied a study order, see S2665",False
2393,H1494,1494.0,H,192,An Act establishing a task force to study equitable access to entheogenic plants,Mike Connolly,"Accompanied a study order, see H4844",False
2394,S249,249.0,S,192,An Act relative to the duration of a proclaimed state of emergency,Diana DiZoglio,"Accompanied a study order, see H4968",False
2395,H515,515.0,H,192,An Act relative to increasing education funding,Bradford Hill,"Accompanied a new draft, see H3974
",False
2396,S959,959.0,S,192,An Act to amend the definition of hate crime,Cynthia Stone Creem,"Accompanied a study order, see S2665",False
2397,H1688,1688.0,H,192,An Act relative to the defense of private property rights through the prevention of abusive eminent domain takings in the Commonwealth,"Bradley H. Jones, Jr.","Accompanied a study order, see H4844",False
2398,H1650,1650.0,H,192,"An Act holding habitual, violent offenders responsible for simultaneous crimes",Bradford Hill,"Accompanied a study order, see H4844",False
2399,S1107,1107.0,S,192,An Act relative to the safety of courthouses and remote court proceedings,Michael O. Moore,"Accompanied a study order, see S2665",False
2400,H517,517.0,H,192,An Act relative to sports betting and public funding,Bradford Hill,"Accompanied a new draft, see H3974
",False
2401,H454,454.0,H,192,An Act relative to alcohol purchasing discounts,Jeffrey N. Roy,"Accompanied a study order, see H4880",False
2402,S276,276.0,S,192,An Act relative to LLC filing fees,Patrick M. O'Connor,"Accompanied a study order, see S2710",False
2403,S300,300.0,S,192,An Act supporting the local determination of educational competency and multiple forms of academic assessment,Cynthia Stone Creem,"Accompanied a study order, see S2756",False
2404,H948,948.0,H,192,An Act establishing the commission on extended producer responsibility,"Bradley H. Jones, Jr.","Accompanied a new draft, see H4851",False
2405,S620,620.0,S,192,An Act establishing a Fisheries Conservation Gear Grant Program,Bruce E. Tarr,"Accompanied a new draft, see H4594",False
2406,S1247,1247.0,S,192,An Act regarding protections extended to lay teachers in parochial schools,Michael F. Rush,"Accompanied a new draft, see S2719",False
2407,H4672,4672.0,H,192,"Resolutions establishing the annual observance of COVID-19 Remembrance Day
",Joint Committee on State Administration and Regulatory Oversight,No further action taken,False
2408,H1713,1713.0,H,192,An Act relative to sexually exploited individuals,Kay Khan,"Accompanied a study order, see H4844",False
2409,S1048,1048.0,S,192,An Act ensuring equitable access to cannabis related expungement ,Adam Gomez,"Accompanied a study order, see S2976",False
2410,S1382,1382.0,S,192,An Act for healthy and green public schools,Joanne M. Comerford,No further action taken,False
2411,H1682,1682.0,H,192,An Act relative to federal and local law enforcement cooperation,"Bradley H. Jones, Jr.","Accompanied a study order, see H4844",False
2412,H2131,2131.0,H,192,An Act to hold property owners accountable for recurring public nuisance,Bruce J. Ayers,"Accompanied a study order, see H4933",False
2413,S947,947.0,S,192,An Act supporting survivors of trafficking and abuse and encouraging increased access to opportunities through expungement and/or sealing of records. ,Sonia Chang-Diaz,"Accompanied a study order, see S2665",False
2414,H3773,3773.0,H,192,An Act making appropriations for fiscal year 2021 to provide for supplementing certain existing appropriations and for certain other activities and projects,Charles D. Baker,No further action taken,False
2415,H3772,3772.0,H,192,An Act directing the Bristol County Retirement Board to grant creditable service to Frank Cabral Jr,Angelo L. D'Emilia,No further action taken,False
2416,H3782,3782.0,H,192,An Act providing mental health sick days to public school students ,Tami L. Gouveia,"Accompanied a study order, see H5143",False
2417,H4253,4253.0,H,192,An Act enhancing the market review process,House Committee on Ways and Means,"Published as amended, see H4262",False
2418,S158,158.0,S,192,An Act to promote livable communities,Marc R. Pacheco,"Accompanied a study order, see S2709",False
2419,H651,651.0,H,192,An Act relative to celebrating and teaching Native American culture and history,Jack Patrick Lewis,"Accompanied a new draft, see H4539",False
2420,H631,631.0,H,192,An Act relative to foundation budget review commission permanence,"Bradley H. Jones, Jr.","Accompanied a study order, see H5101",False
2421,H1230,1230.0,H,192,An Act relative to insurance premium criteria,Claire D. Cronin,"Accompanied a study order, see H5003",False
2422,H3929,3929.0,H,192,Order relative to the Extension of Emergency House Rules,William C. Galvin,"Adopted -
130 YEAS to 30 NAYS (See YEA and NAY No. 54)
",False
2423,S752,752.0,S,192,An Act relative to the Community Hospital Reinvestment Trust Fund,Brendan P. Crighton,"Accompanied a study order, see S2800",False
2424,H1233,1233.0,H,192,An Act relative to MassHealth,Mark J. Cusack,Hearing scheduled for 12/09/2021 from 11:00 AM-04:00 PM in Virtual Hearing,False
2425,S395,395.0,S,192,An Act relative to school districts in receivership and the Massachusetts School Building Authority ,John C. Velis,"Accompanied a new draft, see S2727",False
2426,H653,653.0,H,192,An Act relative to carbon monoxide alarms in schools,Kate Lipper-Garabedian,No further action taken,False
2427,H648,648.0,H,192,An Act Relative to Safer Schools,Kay Khan,"Accompanied a study order, see H5305",False
2428,H3496,3496.0,H,192,An Act designating historic routes,Steven S. Howitt,No further action taken,False
2429,S2320,2320.0,S,192,An Act designating a certain bridge in the town of Salisbury as the Jerry Kilma Bridge,Diana DiZoglio,No further action taken,False
2430,H3478,3478.0,H,192,An Act to establish driver education and training reform,Carlos González,"Accompanied a study order, see H5212",False
2431,S2364,2364.0,S,192,An Act relative to parking safety,Patrick M. O'Connor,"Accompanied a study order, see S2642",False
2432,S2313,2313.0,S,192,An Act to improve road safety,Diana DiZoglio,"Accompanied a study order, see S2682",False
2433,S2335,2335.0,S,192,An Act promoting bicycle safety,Adam G. Hinds,"Accompanied a new draft, see S2636",False
2434,H3531,3531.0,H,192,An Act relative to pup trailers,Paul W. Mark,No further action taken,False
2435,H3514,3514.0,H,192,An Act relative to trailer hitch drawbars,James M. Kelcourse,Hearing scheduled for 12/13/2021 from 03:00 PM-05:00 PM in Virtual Hearing,False
2436,S608,608.0,S,192,An Act relative to recycling car seats,Rebecca L. Rausch,No further action taken,False
2437,H2393,2393.0,H,192,An Act relative to improving asthma in schools,David M. Rogers,"Accompanied a study order, see H5196",False
2438,H2550,2550.0,H,192,An Act relative to regional planning agencies ,James Arciero,"Accompanied a new draft, see H4592",False
2439,S1715,1715.0,S,192,An Act relative to retirement board membership,Paul R. Feeney,"Accompanied a study order, see S2679",False
2440,H2604,2604.0,H,192,An Act relative to mandatory coverage for certain health screenings for firefighters,Claire D. Cronin,No further action taken,False
2441,H2443,2443.0,H,192,An Act further defining a hate crime,David F. DeCoste,"Accompanied a study order, see H5193",False
2442,S1067,1067.0,S,192,An Act establishing a commission on electronic notarization,Eric P. Lesser,"Accompanied a new draft, see H4716",False
2443,H547,547.0,H,192,An Act relative to OT of district vocational school transportation,"Donald R. Berthiaume, Jr.",Accompanied H674,False
2444,H2963,2963.0,H,192,An Act exempting small businesses from a telecommunications tax,"Bradley H. Jones, Jr.","Accompanied a study order, see H5200",False
2445,S295,295.0,S,192,An Act establishing a Special Education Funding Reform Commission ,Joanne M. Comerford,"Accompanied a study order, see S2756",False
2446,H526,526.0,H,192,An Act updating gateway municipalities ,Paul W. Mark,"Accompanied a study order, see H5004",False
2447,H4701,4701.0,H,192,"An Act making appropriations for the fiscal year 2023 for the maintenance of the departments, boards, commissions, institutions, and certain activities of the Commonwealth, for interest, sinking fund, and serial bond requirements, and for certain permanent improvements",,"Reported, in part, by H5050",False
2448,H1084,1084.0,H,192,An Act requiring licensed auto insurance damage appraisers to provide safety notices to the owners of damaged motor vehicles,Michael J. Finn,No further action taken,False
2449,H5415,5415.0,H,192,An Act authorizing the commissioner of Capital Asset Management and Maintenance to convey a certain parcel of land in the town of Lancaster,Joint Committee on State Administration and Regulatory Oversight,"New draft substituted, see H5448",False
2450,HD5485,5485.0,HD,192,"An Act establishing a sick leave bank for Brittany S. Ketcham, an employee of the Executive Office of Public Safety and Security",Andres X. Vargas,"Signed by the Governor, Chapter 310 of the Acts of 2022",True
2451,H1327,1327.0,H,192,An Act expanding access to higher education tuition and fee waivers for adopted foster children,Sean Garballey,"Accompanied a study order, see H5174",False
2452,H1365,1365.0,H,192,An Act relative to establishing a tuition free program for teachers and paraprofessionals,Steven Ultrino,"Accompanied a study order, see H5174",False
2453,H2801,2801.0,H,192,An Act relative to veterans retirement and pensions,Bud L. Williams,"Accompanied a study order, see H4960",False
2454,S891,891.0,S,192,An Act to prevent COVID-19 evictions and foreclosures and promote an equitable housing recovery. ,Patricia D. Jehlen,"Accompanied a study order, see H5268",False
2455,H1376,1376.0,H,192,An Act relative to manufactured housing,Tackey Chan,"Accompanied a new draft, see H4686",False
2456,H2289,2289.0,H,192,An Act relative to Parkinson's Disease public awareness and education,William C. Galvin,"Accompanied a study order, see H5197",False
2457,S2120,2120.0,S,192,An Act to protect mortgagees,Bruce E. Tarr,Hearing scheduled for 09/14/2021 from 10:30 AM-01:30 PM in Virtual Hearing,False
2458,H3154,3154.0,H,192,"An Act relative to the purpose, utility, nature, and timeliness of commissions in the Commonwealth",Tami L. Gouveia,"Accompanied a study order, see H4490",False
2459,H2740,2740.0,H,192,An Act relative to credible service for VISTA volunteers,"David K. Muradian, Jr.",No further action taken,False
2460,H233,233.0,H,192,An Act relative to the healthy incentives program ,"Bradley H. Jones, Jr.","Accompanied a study order, see H4906",False
2461,H1366,1366.0,H,192,An Act to establish the grow your own teacher education initiative,Erika Uyterhoeven,"Accompanied a study order, see H5174",False
2462,H2879,2879.0,H,192,An Act relative to information included with municipal tax bills,Shawn Dooley,"Accompanied a study order, see H5200",False
2463,H1670,1670.0,H,192,"An Act changing the legal status of ""pets"" from personal property to ""companion animals""",Steven S. Howitt,"Accompanied a study order, see H4844",False
2464,S1791,1791.0,S,192,An Act to provide a retirement enhancement opportunity for certain members of the Massachusetts Teachers Retirement System,John C. Velis,"Accompanied a new draft, see S2783",False
2465,H1360,1360.0,H,192,An Act relative to admission requirements for public institutions of higher education,Adam J. Scanlon,"Accompanied a study order, see H5174",False
2466,S872,872.0,S,192,An Act leveraging additional resources for local housing authorities,Brendan P. Crighton,No further action taken,False
2467,H1336,1336.0,H,192,"An Act creating higher education opportunities for students with intellectual disabilities, autism, and other developmental disabilities who have exited special education",Patricia A. Haddad,"Accompanied a new draft, see H4695",False
2468,H398,398.0,H,192,An Act relative to out of state purchases at auto auctions,Steven S. Howitt,"Accompanied a study order, see H4880",False
2469,H2103,2103.0,H,192,An Act relative to treatment for substance use disorder,"Bradley H. Jones, Jr.","Accompanied a study order, see H5225",False
2470,H3736,3736.0,H,192,An Act relative to mopeds and scooters operating on public ways,"Joseph W. McGonagle, Jr.",No further action taken,False
2471,H2078,2078.0,H,192,An Act to promote high value and evidence-based behavioral health care,Michael S. Day,"Accompanied a study order, see H5225",False
2472,H2969,2969.0,H,192,An Act relative to restoring corporate tax rates,Mary S. Keefe,"Accompanied a study order, see H5279",False
2473,S882,882.0,S,192,An Act relative to affordable housing,Diana DiZoglio,"Accompanied a study order, see H5276",False
2474,H298,298.0,H,192,An Act improving housing opportunities,"Angelo J. Puppolo, Jr.",No further action taken,False
2475,H1483,1483.0,H,192,An Act preventing unnecessary vacancies in foreclosed homes,Peter Capano,Accompanied S1047,False
2476,H3665,3665.0,H,192,An Act establishing veterans’ service officers as mandated reporters,Kate Hogan,No further action taken,False
2477,S2378,2378.0,S,192,An Act promoting motor vehicle safety,Bruce E. Tarr,"Accompanied a study order, see S2976",False
2478,H1318,1318.0,H,192,An Act to update Medicaid resource limits for seniors,Steven Ultrino,No further action taken,False
2479,H2746,2746.0,H,192,An Act relative to public higher education collective labor contracts,James J. O'Day,"Accompanied a study order, see H4960",False
2480,H4151,4151.0,H,192,An Act affirming and protecting the constitutional right to personal liberty,Sheila C. Harrington,"Accompanied a study order, see H4844",False
2481,H366,366.0,H,192,An Act to provide increased access to hearing aids,Carole A. Fiola,Accompanied S211,False
2482,S166,166.0,S,192,An Act relative to Digital Right to Repair Act,Michael D. Brady,No further action taken,False
2483,H2730,2730.0,H,192,An Act further regulating the retirement benefits of certain public safety employees,Paul McMurtry,"Accompanied a study order, see H4960",False
2484,H3845,3845.0,H,192,An Act relative to the well-being of law enforcement officers after involvement in a critical incident,Kathleen R. LaNatra,No further action taken,False
2485,H2729,2729.0,H,192,An Act relative to retirement survivor benefits for Katherine M. McGuinness,Paul McMurtry,"Accompanied a study order, see H4960",False
2486,S2623,2623.0,S,192,An Act designating a certain playground on the Esplanade in the city of Boston as the Gronk Playground,Sal N. DiDomenico,Accompanied H3914,False
2487,H264,264.0,H,192,An Act providing a bill of rights for people experiencing homelessness,Smitty Pignatelli,"Accompanied a study order, see H5201",False
2488,H1381,1381.0,H,192,An Act relative to reducing barriers to housing,Edward F. Coppinger,"Accompanied a study order, see H5277",False
2489,H2916,2916.0,H,192,An Act relative to small scale commercial development for gateway cities,"Thomas A. Golden, Jr.","Accompanied a study order, see H5043",False
2490,S1552,1552.0,S,192,An Act to create alternatives for community emergency services,Sonia Chang-Diaz,"Accompanied a new draft, see S2970",False
2491,H2109,2109.0,H,192,An Act to further define medical necessity determinations,Michael P. Kushmerek,"Accompanied a study order, see H5194",False
2492,S1879,1879.0,S,192,An Act addressing challenges of rural zip codes and state revenue calculations,Adam G. Hinds,No further action taken,False
2493,H1319,1319.0,H,192,An Act regarding Medicare savings programs eligibility,Steven Ultrino,Accompanied S794,False
2494,H2741,2741.0,H,192,An Act creating the office of senior justice in the judicial branch,James M. Murphy,"Accompanied a study order, see H4960",False
2495,H265,265.0,H,192,An Act to increase the safety of individuals with disabilities relying on life-support equipment,David M. Rogers,Accompanied S140,False
2496,S165,165.0,S,192,"An Act regulating horse racing, simulcasting and wagering",Joseph A. Boncore,"Accompanied a study order, see S2666",False
2497,H389,389.0,H,192,An Act authorizing charitable alcohol donations,Kate Hogan,"Accompanied a study order, see H4880",False
2498,H3734,3734.0,H,192,An Act authorizing the town of Harvard to establish a cap on property taxes for means tested senior citizens,Danillo A. Sena,Amendment #1 (Garlick) adopted,False
2499,H2802,2802.0,H,192,An Act expanding creditable service benefits to veterans who have served in the armed forces of the United States,Steven G. Xiarhos,"Accompanied a study order, see H4960",False
2500,H1306,1306.0,H,192,An Act relative to personal care attendant services,Kelly W. Pease,Accompanied S818,False
2501,S1323,1323.0,S,192,An Act to update the public shade tree law,Cynthia Stone Creem,No further action taken,False
2502,H2915,2915.0,H,192,An Act relative to the establishment of a means tested senior citizen property tax exemption,Carmine Lawrence Gentile,No further action taken,False
2503,H1795,1795.0,H,192,An Act improving juvenile justice data collection,Liz Miranda,"Accompanied a study order, see H5205",False
2504,H3677,3677.0,H,192,An Act relative to COLA adjustments for veteran benefits,Kate Lipper-Garabedian,No further action taken,False
2505,H2104,2104.0,H,192,An Act establishing a substance use protection fund,Kay Khan,"Accompanied a study order, see H5194",False
2506,H4074,4074.0,H,192,An Act implementing progressive options for raising new revenue,Mike Connolly,"Accompanied a study order, see H5279",False
2507,S870,870.0,S,192,An Act establishing a special commission to study racial segregation in housing and public schools,Brendan P. Crighton,No further action taken,False
2508,H1358,1358.0,H,192,An Act supporting urgent community college equity through student services,Jeffrey N. Roy,Accompanied S833,False
2509,S2078,2078.0,S,192,An Act for improving boards and commissions,Jason M. Lewis,"Accompanied a study order, see S2620",False
2510,H1300,1300.0,H,192,An Act to promote graduate medical education,Frank A. Moran,Accompanied  S789,False
2511,H2028,2028.0,H,192,An Act providing for increased transparency in the prevailing wage,Lenny Mirra,"Accompanied a study order, see H5023",False
2512,H1744,1744.0,H,192,An Act to protect property of elder or disabled persons,Kate Lipper-Garabedian,"Accompanied a study order, see H4844",False
2513,S1898,1898.0,S,192,An Act providing permanency to the Massachusetts Educational Financing Authority's College Savings Tax Deduction program,Eric P. Lesser,"Accompanied a study order, see H4894",False
2514,H2039,2039.0,H,192,An Act relative to fair wages on government subsidized construction projects,Orlando Ramos,"Accompanied a study order, see H5023",False
2515,S2419,2419.0,S,192,An Act relative to protecting veterans,Michael F. Rush,No further action taken,False
2516,S599,599.0,S,192,An Act relative to waterways permitting,Patrick M. O'Connor,"Accompanied a study order, see S2734",False
2517,S544,544.0,S,192,"An Act designating the Quabbin Visitor Center, in the town of Belchertown, as The Les and Terry Campbell Quabbin Visitor Center",Anne M. Gobi,"Signed by the Governor, Chapter 325 of the Acts of 2022",True
2518,S1795,1795.0,S,192,An Act relative to the definition of Veteran for public retirees,John C. Velis,No further action taken,False
2519,H741,741.0,H,192,An Act to update the prescription monitoring program,Richard M. Haggerty,"Accompanied a study order, see H5035",False
2520,S131,131.0,S,192,Resolve establishing a special commission on the treatment of intellectually and developmentally disabled offenders in the criminal justice system,Joan B. Lovely,No further action taken,False
2521,H2016,2016.0,H,192,An Act for unemployment rules for gig economy,Jay D. Livingstone,"Accompanied a study order, see H5233",False
2522,S233,233.0,S,192,An Act relative to the automatic renewal of professional licenses,Patrick M. O'Connor,"Accompanied a study order, see S2666",False
2523,S442,442.0,S,192,An Act to allow political parties to permit voters enrolled in other parties to vote in their primaries,William N. Brownsberger,"Accompanied a study order, see H5026",False
2524,H241,241.0,H,192,An Act relative to the prevention of child sexual abuse in schools and youth organizations,"John J. Lawn, Jr.","Accompanied a study order, see H4909",False
2525,H2302,2302.0,H,192,An Act protecting victims of sexual assault,Colleen M. Garry,"Accompanied a study order, see H5035",False
2526,S2242,2242.0,S,192,"An Act to recover hospitality, visitor and tourism jobs from Covid-19",Julian Cyr,"Accompanied a study order, see S2908",False
2527,H3313,3313.0,H,192,An Act relative to modern grid access and customer service,"Thomas A. Golden, Jr.","Accompanied a new draft, see H4348",False
2528,H68,68.0,H,192,proposed Joint Rules governing the 2021-2022 legislative session,William C. Galvin,"Duplicate of text of H68, as amended, adopted as the House amended text for S14",False
2529,H3198,3198.0,H,192,Resolve establishing a special commission to identify a suitable location for a justice complex in Southern Middlesex County,Marc T. Lombardo,"Accompanied a study order, see H4486",False
2530,S1776,1776.0,S,192,An Act relative to veterans service officers retirement benefits,Michael F. Rush,"Accompanied a study order, see S2679",False
2531,H1874,1874.0,H,192,An Act relative to body worn cameras,Alan Silvia,"Accompanied a study order, see H4844",False
2532,H3226,3226.0,H,192,An Act establishing a commission on the 250th anniversary of the American Revolution,Jeffrey N. Roy,"Accompanied a study order, see H4910",False
2533,H2207,2207.0,H,192,An Act relative to additional inspectors; inspector engaging in plumbing or gas fitting work,Alyson M. Sullivan,No further action taken,False
2534,H275,275.0,H,192,An Act establishing a special commission on two-generation approaches to childhood education,Steven Ultrino,"Accompanied a study order, see H4909",False
2535,H2208,2208.0,H,192,"An Act relative to the maintenance of private roads, beaches and amenities in municipalities ",David T. Vieira,No further action taken,False
2536,H328,328.0,H,192,An Act relative to debt collection licensure,Tackey Chan,No further action taken,False
2537,H2206,2206.0,H,192,An Act relative to assessor certificates,Thomas M. Stanley,"Amended by substitution of a bill with the same title, H5137",False
2538,H106,106.0,H,192,An Act regulating screen time in early and K-12 education ,Patricia A. Duffy,"Accompanied a study order, see H5040",False
2539,H105,105.0,H,192,An Act reducing non-ionizing radiation such as wireless from early to higher education,Patricia A. Duffy,"Accompanied a study order, see H5040",False
2540,S62,62.0,S,192,"Resolve establishing a special commission to review advancements in educational technology, digital/online learning and related programs in order to provide the Commonwealth with the most current research and information",Walter F. Timilty,"Accompanied a study order, see S2683",False
2541,S58,58.0,S,192,An Act promoting universal access to broadband internet,Adam G. Hinds,"Accompanied a study order, see S2683",False
2542,H3559,3559.0,H,192,An Act relative to public transit electrification,Steven C. Owens,No further action taken,False
2543,S49,49.0,S,192,An Act relative to a Massachusetts broadband competitive marketplace study,Paul R. Feeney,"Accompanied a study order, see S2683",False
2544,H123,123.0,H,192,An Act creating a task force to study the use of the internet by sex offenders,"Bradley H. Jones, Jr.",No further action taken,False
2545,H1120,1120.0,H,192,An Act relating to mutual company dividends,Daniel J. Hunt,"Accompanied a study order, see H5167",False
2546,S722,722.0,S,192,An Act authorizing independent retirement boards to divest from fossil fuel companies,Marc R. Pacheco,No further action taken,False
2547,H1821,1821.0,H,192,An Act updating the definition of sexual assault counsellor to expand confidentiality protections,Tram T. Nguyen,No further action taken,False
2548,S1045,1045.0,S,192,An Act relative to advertising by a Justice of the Peace,Anne M. Gobi,"Accompanied a study order, see S2665",False
2549,H1879,1879.0,H,192,An Act relative to indecent assault and battery,Alyson M. Sullivan,"Accompanied a study order, see H4844",False
2550,H2278,2278.0,H,192,An Act to require the disclosure of lead in water pipes,Carolyn C. Dykema,Accompanied S1463,False
2551,S1413,1413.0,S,192,An Act relative to health care,Diana DiZoglio,"Accompanied a study order, see S2692",False
2552,H1161,1161.0,H,192,An Act requiring the fingerprinting of TNC drivers,Michael J. Moran,"Accompanied a study order, see H5235",False
2553,S678,678.0,S,192,An Act relative to telehealth and digital equity for patients,Adam Gomez,Bill reported favorably by committee and referred to the committee on Health Care Financing,False
2554,S1272,1272.0,S,192,An Act relative to preventing overdose deaths and increasing access to treatment,Julian Cyr,"Accompanied a study order, see S3051",False
2555,H990,990.0,H,192,An Act promoting snowmobiling sustainability,Smitty Pignatelli,Accompanied S538,False
2556,H1226,1226.0,H,192,An Act to provide prompt payment following settlement by insurance company,Claire D. Cronin,"Accompanied a study order, see H5167",False
2557,S765,765.0,S,192,An Act to increase access to urgent care centers,Diana DiZoglio,"Accompanied a study order, see S2917",False
2558,S781,781.0,S,192,An Act relative to applied behavioral health clinic rates,John F. Keenan,Accompanied H1302,False
2559,H649,649.0,H,192,An Act to promote sustainability of state-subsidized family childcare,David Henry Argosky LeBoeuf,"Accompanied a new draft, see H4795",False
2560,H2800,2800.0,H,192,"An Act authorizing the state retirement board to retire Jamie J. Magarian, a uniformed member of the Department of State Police at the regular rate of compensation",Susannah M. Whipps,"Accompanied a new draft, see H4496",False
2561,S2640,2640.0,S,192,An Act relative to school bus safety,Joint Committee on Transportation,No further action taken,False
2562,S380,380.0,S,192,An Act relative to student financial literacy,Patrick M. O'Connor,"Accompanied a study order, see S2756",False
2563,H4255,4255.0,H,192,An Act implementing the recommendations of the Special Commission on Operating Under the Influence and Impaired Driving,Charles D. Baker,"Accompanied a study order, see H4844",False
2564,H1223,1223.0,H,192,An Act to establish a Massachusetts public bank,Mike Connolly,"Accompanied a study order, see H5314",False
2565,S742,742.0,S,192,An Act relative to stabilizing the Commonwealth’s nursing facilities,Harriette L. Chandler,Accompanied H1268,False
2566,S1209,1209.0,S,192,An Act relative to banning noncompetition agreements in the Commonwealth,Patricia D. Jehlen,Hearing scheduled for 07/13/2021 from 10:30 AM-04:30 PM in Virtual Hearing,False
2567,H641,641.0,H,192,An Act relative to academic acceleration of K-12 students,James M. Kelcourse,"Accompanied a study order, see H5093",False
2568,S1460,1460.0,S,192,An Act relative to color coded patient wristbands,Jason M. Lewis,"Accompanied a study order, see S2692",False
2569,H1166,1166.0,H,192,An Act relative to the regulation of the business of domestic and foreign money transmission by the Division of Banks,James M. Murphy,"Accompanied a new draft, see H4550",False
2570,H2139,2139.0,H,192,An Act to establish a commission to study the distribution of unrestricted local aid,Antonio F. D. Cabral,Accompanied S1344,False
2571,H1838,1838.0,H,192,An Act providing for special death benefits to fallen public safety officers,"Angelo J. Puppolo, Jr.","Accompanied a study order, see H4960",False
2572,S780,780.0,S,192,An Act relative to accountable care,John F. Keenan,No further action taken,False
2573,H2214,2214.0,H,192,An Act relative to preceptorship programs for students of chiropractic,James Arciero,"Accompanied a study order, see H5035",False
2574,H3620,3620.0,H,192,An Act relative to federally recognized Native American tribes,David T. Vieira,"Accompanied a study order, see H4966",False
2575,H672,672.0,H,192,An Act to promote collaboration in Horace Mann and innovation schools,James J. O'Day,"Accompanied a study order, see H5078",False
2576,H506,506.0,H,192,An Act to regulate sports wagering,Daniel Cahill,"Accompanied a new draft, see H3974
",False
2577,H2169,2169.0,H,192,An Act to amend the Attleboro city charter by making all gender references therein gender neutral,James K. Hawkins,"Signed by the Governor, Chapter 111 of the Acts of 2021",True
2578,H3147,3147.0,H,192,An Act designating inflammatory breast cancer awareness day,Sean Garballey,"Signed by the Governor, Chapter 359 of the Acts of 2022",True
2579,H848,848.0,H,192,An Act relative to the Division of Waterways to dredge Quincy Bay,Bruce J. Ayers,"Accompanied a study order, see H5041",False
2580,H3679,3679.0,H,192,An Act relative to reimbursement to armed service members,Kate Lipper-Garabedian,No further action taken,False
2581,H792,792.0,H,192,An Act ensuring the election integrity through voter identification,Colleen M. Garry,"Accompanied a study order, see H5026",False
2582,H3963,3963.0,H,192,An Act banning hostile architecture targeting unhoused individuals,Mike Connolly,No further action taken,False
2583,H3389,3389.0,H,192,"An Act to authorize the acquisition of land, the development and construction of an underground railroad, civil rights and black heritage museum and cultural center in Springfield",Bud L. Williams,"Accompanied a new draft, see H4830",False
2584,H802,802.0,H,192,An Act relative to examining election reform efforts in the 2020 election cycle,"Bradley H. Jones, Jr.","Accompanied a study order, see H5026",False
2585,H856,856.0,H,192,An Act authorizing the establishment of old growth forest reserves,Natalie M. Blais,"Accompanied a new draft, see H4784",False
2586,H1407,1407.0,H,192,An Act to prevent and respond to bullying of elderly and disabled residents,Kevin G. Honan,Accompanied S900,False
2587,S1454,1454.0,S,192,An Act streamlining COVID-19 vaccination sign-up in Massachusetts,Eric P. Lesser,"Accompanied a study order, see S2692",False
2588,H1475,1475.0,H,192,An Act limiting the use of prison labor,Antonio F. D. Cabral,"Accompanied a study order, see H4844",False
2589,H499,499.0,H,192,An Act establishing a commission to study the Commonwealth’s response to the global COVID-19 pandemic,David M. Rogers,"Accompanied a new draft, see H4670",False
2590,H1427,1427.0,H,192,An Act relative to affordable housing units,Marc T. Lombardo,"Accompanied a study order, see H5276",False
2591,H2222,2222.0,H,192,An Act enabling trained school personnel to administer life saving epinephrine treatment,Bruce J. Ayers,"Accompanied a study order, see H5196",False
2592,H2281,2281.0,H,192,An Act relative to food labeling,Kimberly N. Ferguson,"Accompanied a study order, see H5197",False
2593,H1753,1753.0,H,192,An Act increasing fair housing protections for domestic violence survivors,Jay D. Livingstone,"Accompanied a study order, see H4844",False
2594,S1374,1374.0,S,192,An Act relative to dentistry licensure examinations,Harriette L. Chandler,"Accompanied a new draft, see H4464",False
2595,H2182,2182.0,H,192,An Act relative to the management of Fuller Field in the town of Clinton,Meghan Kilcoyne,"Signed by the Governor, Chapter 101 of the Acts of 2022",True
2596,H3163,3163.0,H,192,An Act authorizing the Division of Capital Asset Management and Maintenance to convey a certain parcel of land to the town of Hudson,Kate Hogan,"New draft substituted, see H4126
",False
2597,H3193,3193.0,H,192,An Act designating the song “Roadrunner” as the official rock song of the Commonwealth,David Paul Linsky,"Accompanied a study order, see H4969",False
2598,H3688,3688.0,H,192,Resolve providing for an investigation and study by a special commission relative to the existential threat posed by nuclear weapons to the commonwealth of Massachusetts,Lindsay N. Sabadosa,No further action taken,False
2599,S2135,2135.0,S,192,"An Act relative to energy facilities siting reform to address environmental justice, climate, and public health",Joseph A. Boncore,No further action taken,False
2600,H834,834.0,H,192,An Act relative to expanding voting options,Thomas M. Stanley,"Accompanied a study order, see H5026",False
2601,H837,837.0,H,192,An Act relative to voting rights,Chynah Tyler,"Accompanied a study order, see H5026",False
2602,H1850,1850.0,H,192,An Act to define inducing a minor into prostitution,David M. Rogers,"Accompanied a study order, see H4844",False
2603,H846,846.0,H,192,An Act instructing the Massachusetts Department of Fish & Game to study the feasibility of repurposing the former Moon Island Sewage Treatment Plant for the purposes of fish and shellfish farms,Bruce J. Ayers,"Accompanied a study order, see H5236",False
2604,H2734,2734.0,H,192,An Act regarding free tuition for students seeking a degree in criminal justice ,Lenny Mirra,"Accompanied a study order, see H4960",False
2605,H864,864.0,H,192,An Act to upgrade hen welfare and establish uniform cage-free standards,Daniel Cahill,"Accompanied a new draft, see S2470",False
2606,H407,407.0,H,192,"An Act further regulating business practices between motor vehicle dealers, manufacturers, and distributors",Daniel J. Hunt,"Accompanied a study order, see H4880",False
2607,S474,474.0,S,192,An Act to protect the voting rights of eligible incarcerated people,Adam G. Hinds,"Accompanied a study order, see H5026",False
2608,H773,773.0,H,192,"An Act for public reporting and disclosure of political campaign contributions for political party offices
",Michael S. Day,"Accompanied a study order, see H5307",False
2609,H774,774.0,H,192,An Act requiring major policy makers to disclose donations to entities engaging in political activity,Marjorie C. Decker,"Accompanied a study order, see H5307",False
2610,H902,902.0,H,192,An Act relative to plastic bag reduction,Lori A. Ehrlich,"Accompanied a new draft, see H4826",False
2611,H2692,2692.0,H,192,An Act relative to the earnings cap on retirees,"Bradley H. Jones, Jr.","Accompanied a study order, see H4960",False
2612,H1700,1700.0,H,192,An Act establishing mandatory post release supervision in the Commonwealth,"Bradley H. Jones, Jr.","Accompanied a study order, see H4844",False
2613,H3555,3555.0,H,192,An Act relative to motor vehicle leasing parity,Jacob R. Oliveira,No further action taken,False
2614,S933,933.0,S,192,An Act relative to juveniles accused of sex offenses ,William N. Brownsberger,"Accompanied a study order, see S2665",False
2615,S921,921.0,S,192,An Act promoting housing opportunity and mobility through eviction sealing (HOMES),Joseph A. Boncore,"Accompanied a new draft, see H4505",False
2616,H1686,1686.0,H,192,An Act relative to profits from crime,"Bradley H. Jones, Jr.","Accompanied a study order, see H4844",False
2617,S2474,2474.0,S,192,"An Act to amend the Cohasset Town Manager Act to change the Cohasset board of selectmen to the ""Cohasset select board""",Patrick M. O'Connor,"New draft (O'Connor) substituted, see S2706",False
2618,H2905,2905.0,H,192,An Act providing for a means tested senior citizen property tax exemption,William C. Galvin,Accompanied H2915,False
2619,S1759,1759.0,S,192,An Act providing health insurance coverage to the surviving children of police officers and firefighters killed in the line of duty,Patrick M. O'Connor,"Accompanied a study order, see S2679",False
2620,S1953,1953.0,S,192,An Act establishing a tax credit for teachers purchasing supplies,Patrick M. O'Connor,No further action taken,False
2621,H2883,2883.0,H,192,An Act excluding student loan forgiveness from taxable income for permanently and totally disabled veterans,"William J. Driscoll, Jr.",No further action taken,False
2622,H4081,4081.0,H,192,An Act concerning the expansion of renewable heating fuels and renewable thermal heating,"Thomas A. Golden, Jr.",No further action taken,False
2623,S1774,1774.0,S,192,"An Act relative to boston school police retirement 
",Michael F. Rush,"Accompanied a study order, see S2679",False
2624,H2907,2907.0,H,192,An Act creating a tax credit for remote learning expenses,William C. Galvin,"Accompanied a study order, see H5043",False
2625,H4061,4061.0,H,192,An Act authorizing persons sixteen years of age or older to vote in town elections in the town of Wendell,Susannah M. Whipps,"Accompanied a study order, see H5026",False
2626,H783,783.0,H,192,An Act regulating certain activities at polling locations,Shawn Dooley,"Accompanied a study order, see H5026",False
2627,H813,813.0,H,192,An Act relative to same day voter registration,Elizabeth A. Malia,"Accompanied a study order, see H5026",False
2628,S521,521.0,S,192,An Act relative to the implementation of mesh drainage,Diana DiZoglio,"Accompanied a study order, see S2734",False
2629,S517,517.0,S,192,An Act to save recycling costs in the commonwealth,Sal N. DiDomenico,"Accompanied a new draft, see S2923",False
2630,H804,804.0,H,192,An Act to provide accessible absentee voting to commonwealth voters with disabilities,Kay Khan,"Accompanied a study order, see H5026",False
2631,H909,909.0,H,192,An Act to provide for housing within the Manuel F. Correllus State Forest,Dylan A. Fernandes,No further action taken,False
2632,H2718,2718.0,H,192,An Act regarding post-disability retirement earnings,Marc T. Lombardo,"Accompanied a study order, see H4960",False
2633,S461,461.0,S,192,An Act protecting personal privacy in street listings,Diana DiZoglio,"Accompanied a study order, see H5026",False
2634,S2406,2406.0,S,192,Resolutions condemning political oppression and encouraging free and fair elections in Cambodia,Edward J. Kennedy,No further action taken,False
2635,H861,861.0,H,192,An Act supporting the Commonwealth's farmers,Natalie M. Blais,"Accompanied a study order, see H5041",False
2636,H765,765.0,H,192,An Act relative to increasing voting opportunities in Massachusetts,Daniel Cahill,"Accompanied a study order, see H5026",False
2637,H890,890.0,H,192,An Act protecting research animals,Michelle M. DuBois,Accompanied H901,False
2638,S1889,1889.0,S,192,An Act relative to the senior circuit breaker tax credit,John F. Keenan,"Accompanied a new draft, see H4997",False
2639,HD3748,3748.0,HD,192,An Act relative to special education funding,"David K. Muradian, Jr.","Accompanied a study order, see H5099",False
2640,H1859,1859.0,H,192,An Act relative to transmitting indecent visual depictions by teens,Jeffrey N. Roy,"New draft substituted, see H4498",False
2641,H1888,1888.0,H,192,"An Act relative to strengthening the penalty for assault or assault and battery on an emergency medical technician, ambulance operator, ambulance attendant or health care provider ",Paul F. Tucker,"Accompanied a study order, see H4844",False
2642,S717,717.0,S,192,An Act relative to human donor milk coverage,Patrick M. O'Connor,No further action taken,False
2643,H2232,2232.0,H,192,An Act relative to CPR recertifications,"Donald R. Berthiaume, Jr.","Accompanied a study order, see H5035",False
2644,H1860,1860.0,H,192,An Act concerning equitable allocation of recovery proceeds for subrogation claims,Jeffrey N. Roy,"Accompanied a study order, see H5170",False
2645,H1858,1858.0,H,192,An Act relative to child custody,John H. Rogers,"Accompanied a study order, see H4844",False
2646,S1198,1198.0,S,192,An Act relative to clean energy workforce standards and accountability,Paul R. Feeney,"Accompanied a new draft, see H4796",False
2647,H4698,4698.0,H,192,An Act relative to the scheduling of employees,Joint Committee on Labor and Workforce Development,No further action taken,False
2648,H882,882.0,H,192,An Act relative to the board of registration of hazardous waste site cleanup professionals,David F. DeCoste,"Accompanied a study order, see H5041",False
2649,H365,365.0,H,192,An Act relative to the right to repair motor vehicle data law,Michael J. Finn,"Accompanied a study order, see H4880",False
2650,H768,768.0,H,192,An Act requiring a residency affidavit by a candidate,Tackey Chan,"Accompanied a study order, see H5026",False
2651,H3806,3806.0,H,192,An Act further regulating out-of-state moving violations,"John Barrett, III",Hearing scheduled for 01/10/2022 from 02:00 PM-05:00 PM in Virtual Hearing,False
2652,S2146,2146.0,S,192,An Act promoting net neutrality and consumer protection,Cynthia Stone Creem,"Accompanied a study order, see S2715",False
2653,S2131,2131.0,S,192,An Act establishing a Climate Policy Commission,Michael J. Barrett,No further action taken,False
2654,H3210,3210.0,H,192,An Act designating the official seasoning of the Commonwealth,James M. Murphy,"Accompanied a study order, see H4969",False
2655,H3140,3140.0,H,192,Resolve establishing a study of public safety & security facilities,Tricia Farley-Bouvier,No further action taken,False
2656,S2095,2095.0,S,192,An Act improving the internal controls within state agencies,Marc R. Pacheco,No further action taken,False
2657,S2139,2139.0,S,192,An Act to promote zero-emission vehicle fleets by 2035,Joseph A. Boncore,No further action taken,False
2658,H3217,3217.0,H,192,An Act authorizing the conveyance of a parcel of land in the town of Brewster,Sarah K. Peake,"New draft substituted, see H4901",False
2659,S2136,2136.0,S,192,"An Act transitioning Massachusetts to clean electricity, heating, and transportation",Joseph A. Boncore,No further action taken,False
2660,S2886,2886.0,S,192,An Act relative to the practice of acupuncture,Joint Committee on Public Health,No further action taken,False
2661,H4623,4623.0,H,192,An Act amending the charter of the city of Lynn,Daniel Cahill,"Signed by the Governor, Chapter 223 of the Acts of 2022",True
2662,H5110,5110.0,H,192,An Act further regulating quarry activity,NONE,No further action taken,False
2663,S2723,2723.0,S,192,"An Act addressing workplace bullying, mobbing, and harassment, without regard to protected class status while promoting healthy workplaces",Joint Committee on Labor and Workforce Development,No further action taken,False
2664,H2913,2913.0,H,192,An Act relative to an income tax exemption for survivors of terrorism who have lost one or more limbs,Colleen M. Garry,"Accompanied a study order, see H5244",False
2665,S1765,1765.0,S,192,An Act relative to the cost of living adjustment for public retirees,Marc R. Pacheco,"Accompanied a study order, see S2679",False
2666,S511,511.0,S,192,An Act relative to recreation on private tidelands ,Julian Cyr,"Accompanied a study order, see S2878",False
2667,H899,899.0,H,192,An Act relative to the control of tick-borne illness,Carolyn C. Dykema,"Accompanied a study order, see H5041",False
2668,H809,809.0,H,192,An Act relative to youth voting and civic participation ,Jack Patrick Lewis,"Accompanied a study order, see H5026",False
2669,H782,782.0,H,192,An Act relative to public information requests,Shawn Dooley,"Accompanied a study order, see H5026",False
2670,H3895,3895.0,H,192,An Act authorizing the town of Sudbury to grant an additional license for the sale of alcoholic beverages to be drunk on the premises,Joint Committee on Consumer Protection and Professional Licensure,"Signed by the Governor, Chapter 58 of the Acts of 2021",True
2671,S1301,1301.0,S,192,An Act to establish a commission to study substance use disorder and treatment disparities in the minority community,Eric P. Lesser,"Accompanied a study order, see S2919",False
2672,H1322,1322.0,H,192,An Act assisting low-income students success through work-study ,Patricia A. Duffy,"Accompanied a new draft, see H4694",False
2673,S1287,1287.0,S,192,An Act to increase investment in behavioral health care in the Commonwealth,Cindy F. Friedman,No further action taken,False
2674,H1313,1313.0,H,192,An Act relative to infection control in nursing facilities,Jon Santiago,No further action taken,False
2675,H2068,2068.0,H,192,An Act relative to overdose notifications for opioid prescribers,Peter Capano,"Accompanied a study order, see H5225",False
2676,H1333,1333.0,H,192,An Act making public higher education in Massachusetts free for residents of the state,Carmine Lawrence Gentile,"Accompanied a new draft, see H4694",False
2677,H2067,2067.0,H,192,An Act regarding consistent care for addiction rooted in evidence ,Ruth B. Balser,"Accompanied a new draft, see H4947",False
2678,H1323,1323.0,H,192,An Act promoting educational awareness and opportunity,Peter J. Durant,"Accompanied a study order, see H5174",False
2679,H2065,2065.0,H,192,An Act to update mental health parity,Ruth B. Balser,"Accompanied a study order, see H5281",False
2680,H240,240.0,H,192,An Act relative to individuals with intellectual or developmental disabilities,Kay Khan,"Accompanied a new draft, see H5089",False
2681,H1345,1345.0,H,192,An Act relative to establishing institutional public private partnerships,"Bradley H. Jones, Jr.","Accompanied a study order, see H5174",False
2682,H2063,2063.0,H,192,An Act transferring Bridgewater State Hospital from the Department of Corrections to the Department of Mental Health,Ruth B. Balser,No further action taken,False
2683,H3860,3860.0,H,192,An Act relative to the West Tisbury Select Board,Dylan A. Fernandes,"Amended by substitution of a bill with the same title, H4222",False
2684,S132,132.0,S,192,An Act relative to preventing sexual abuse of children and youth by adults in positions of authority or trust,Joan B. Lovely,No further action taken,False
2685,S1404,1404.0,S,192,An Act relative to HIV prevention access for young adults,Julian Cyr,Accompanied H2349,False
2686,H2213,2213.0,H,192,An Act relative to civilian mental health advocates,Steven G. Xiarhos,"Accompanied a new draft, see H4928",False
2687,H2212,2212.0,H,192,An Act relative to hillside protection,Thomas P. Walsh,"Accompanied a study order, see H4933",False
2688,S613,613.0,S,192,An Act protecting research animals,Bruce E. Tarr,Accompanied H901,False
2689,S1312,1312.0,S,192,Resolve designating August 31st  Overdose Awareness Day in the Commonwealth,Marc R. Pacheco,"Accompanied a study order, see S2919",False
2690,S760,760.0,S,192,An Act to reduce racial and ethnic health disparities through commercial rate equity for safety net hospitals,Sal N. DiDomenico,"Accompanied a study order, see S2917",False
2691,H2035,2035.0,H,192,An Act relative to ensuring fairness in public employee workers' compensation benefits,James J. O'Day,"Accompanied a study order, see H5023",False
2692,H1108,1108.0,H,192,An Act to strengthen the state credit union charter,Patricia A. Haddad,Hearing scheduled for 10/26/2021 from 11:00 AM-03:00 PM in Virtual Hearing,False
2693,H937,937.0,H,192,An Act providing for the public health by establishing an ecologically based mosquito management program in the Commonwealth,Tami L. Gouveia,"Accompanied a study order, see H5041",False
2694,S1286,1286.0,S,192,An Act relative to a PACT pilot program for children,Cindy F. Friedman,"Accompanied a study order, see H5225",False
2695,H1275,1275.0,H,192,An Act to improve health care cost accountability,Kevin G. Honan,"Accompanied a new draft, see H4248",False
2696,H2006,2006.0,H,192,"An Act providing for payment by the Commonwealth of wages for members of the United States Coast Guard during the shut-down, so-called, of the United States Government",Patrick Joseph Kearney,"Accompanied a study order, see H5023",False
2697,S829,829.0,S,192,An Act to guarantee debt-free public higher education,James B. Eldridge,"Accompanied a new draft, see S2812",False
2698,S602,602.0,S,192,An Act relative to recycling,Marc R. Pacheco,No further action taken,False
2699,S1980,1980.0,S,192,An Act relative to the Massachusetts Maritime Commercial Development tax credit,Bruce E. Tarr,"Accompanied a study order, see H5248",False
2700,H2986,2986.0,H,192,An Act authorizing a local affordable housing surcharge,Jay D. Livingstone,"Accompanied a study order, see H5247",False
2701,S1337,1337.0,S,192,An Act to improve the local infrastructure development program,Adam G. Hinds,Accompanied H2135,False
2702,H2160,2160.0,H,192,An Act requiring automatic external defibrillators in Norfolk County public buildings,Denise C. Garlick,No further action taken,False
2703,H2129,2129.0,H,192,An Act providing for more efficient wetlands,James Arciero,"Accompanied a study order, see H4933",False
2704,S186,186.0,S,192,Resolve relative to disclosure of radio frequency notifications,Julian Cyr,No further action taken,False
2705,H271,271.0,H,192,An Act relative to studying best practices for ensuring the safety of blind persons,Alyson M. Sullivan,No further action taken,False
2706,H248,248.0,H,192,An Act to ensure positive transition plans to prevent youth homelessness,Elizabeth A. Malia,No further action taken,False
2707,S2741,2741.0,S,192,An Act relative to the Salisbury Beach Preservation Trust Fund,Diana DiZoglio,"Accompanied a study order, see S2806",False
2708,S379,379.0,S,192,An Act creating a special commission to study classroom temperatures,Patrick M. O'Connor,"Accompanied a study order, see S2756",False
2709,S2865,2865.0,S,192,Public Safety and Homeland Security - Extension Order,Walter F. Timilty,"Adopted, in concurrence",False
2710,H1032,1032.0,H,192,An Act relative to an investigation of flood insurance by the attorney general,Bruce J. Ayers,No further action taken,False
2711,H1894,1894.0,H,192,An Act to increase the safety of courthouses ,Paul F. Tucker,"Accompanied a study order, see H5205",False
2712,S160,160.0,S,192,An Act limiting time period parking lots can remain open,Walter F. Timilty,No further action taken,False
2713,S3564,,,192,,,,False
2714,H1690,1690.0,H,192,An Act relative to the protection of children,"Bradley H. Jones, Jr.","Accompanied a study order, see H4844",False
2715,H742,742.0,H,192,An Act clarifying the classification of assisted living residences ,Kevin G. Honan,"Accompanied a study order, see H5029",False
2716,S444,444.0,S,192,"An Act to allow parties to permit multiple candidates on nomination petitions in their own primaries
",William N. Brownsberger,"Accompanied a study order, see H5026",False
2717,S2448,2448.0,S,192,An Act amending the charter of the city of Amesbury,Diana DiZoglio,"New draft substituted, see S3133",False
2718,H260,260.0,H,192,An Act relative to cueing and supervision in the PCA program,James J. O'Day,No further action taken,False
2719,H306,306.0,H,192,An Act relative to the sale of dogs and cats in the Commonwealth of Massachusetts,Bruce J. Ayers,"Accompanied a study order, see H5041",False
2720,S2210,2210.0,S,192,An Act relative to anaerobic digestion,Patrick M. O'Connor,No further action taken,False
2721,S2740,2740.0,S,192,An Act relative to extending third-party delivery cost containment for restaurants,Diana DiZoglio,"Accompanied a study order, see S2839",False
2722,S2736,2736.0,S,192,Massachusetts Capital Resource Company 45th Annual Report,Massachusetts Capital Resource Company,"Placed on file, in concurrence",False
2723,H3410,3410.0,H,192,An Act relative to certain truck transportation practices,Natalie M. Blais,No further action taken,False
2724,S2244,2244.0,S,192,An Act to establish a Massachusetts Public Arts Program,Adam G. Hinds,No further action taken,False
2725,H3674,3674.0,H,192,An Act relative to burial expenses for veterans,Michael P. Kushmerek,"Accompanied a new draft, see H4873",False
2726,S727,727.0,S,192,An Act relative to preventing fraud,Michael F. Rush,No further action taken,False
2727,S387,387.0,S,192,An Act relative to enhancing special education services delivery,Bruce E. Tarr,"Accompanied a study order, see S2756",False
2728,S726,726.0,S,192,An Act relative to breast cancer equity and early detection,Michael F. Rush,"Accompanied a new draft, see S2856",False
2729,H1168,1168.0,H,192,An Act relative to fairness in debt collection,Tram T. Nguyen,"Accompanied a new draft, see H4749",False
2730,S388,388.0,S,192,An Act relative to homeless children school transportation,Bruce E. Tarr,"Accompanied a study order, see S2756",False
2731,H617,617.0,H,192,An Act relative to safety and violence education for students (the SAVE Students Act),Natalie M. Higgins,"Accompanied a new draft, see H4540",False
2732,S800,800.0,S,192,An Act relative to the continuous skilled nursing program,Joan B. Lovely,Accompanied S774 and H737,False
2733,H1229,1229.0,H,192,An Act relative to greater fairness in insurance,Claire D. Cronin,"Accompanied a study order, see H5167",False
2734,H1200,1200.0,H,192,An Act to improve the health insurance prior authorization process,Jon Santiago,Hearing scheduled for 11/09/2021 from 11:00 AM-04:00 PM in Virtual Hearing,False
2735,S401,401.0,S,192,An Act establishing adequate funding for residents of Massachusetts nursing homes,Diana DiZoglio,"Accompanied a study order, see S2650",False
2736,S398,398.0,S,192,An Act relative to intensive case management for clinically complex older adults,Harriette L. Chandler,Accompanied H740,False
2737,H624,624.0,H,192,An Act relative to independent child protection,Steven S. Howitt,"Accompanied a study order, see H5099",False
2738,H639,639.0,H,192,An Act to ensure the health and safety of children,Hannah Kane,"Accompanied a new draft, see H4795",False
2739,S1698,1698.0,S,192,An Act authorizing Diana Grullon to take the civil service examination for the position of firefighter in the city of Haverhill notwithstanding the maximum age requirement,Diana DiZoglio,No further action taken,False
2740,H2517,2517.0,H,192,An Act relative to fire safety,Daniel J. Ryan,"Signed by the Governor, Chapter 357 of the Acts of 2022",True
2741,S53,53.0,S,192,An Act relative to internet fairness for local newspapers and musicians,Barry R. Finegold,"Accompanied a study order, see S2683",False
2742,H117,117.0,H,192,An Act to provide facial recognition accountability and comprehensive enforcement,Dylan A. Fernandes,"Accompanied a study order, see H5173",False
2743,S52,52.0,S,192,"An Act removing barriers to internet regulation, competition and affordability",Barry R. Finegold,"Accompanied a study order, see S2683",False
2744,S56,56.0,S,192,An Act ensuring accessible and reliable internet service to promote public safety,Barry R. Finegold,"Accompanied a study order, see S2683",False
2745,S55,55.0,S,192,An Act relative to cyber crime prevention in schools,Barry R. Finegold,"Accompanied a study order, see S2683",False
2746,H1790,1790.0,H,192,An Act relative to privileged communications  ,Joan Meschino,"Accompanied a study order, see H4844",False
2747,S57,57.0,S,192,An Act creating the Massachusetts digital equity broadband adoption program,Barry R. Finegold,"Accompanied a study order, see S2683",False
2748,H124,124.0,H,192,An Act relative to a 5G technology task force,"Bradley H. Jones, Jr.","Accompanied a study order, see H5040",False
2749,H1787,1787.0,H,192,An Act relative to the definition of custody in protection and care of children proceedings,Joan Meschino,"Accompanied a study order, see H4844",False
2750,S1634,1634.0,S,192,An Act relative to disclosures and the prevention of domestic violence,Patrick M. O'Connor,No further action taken,False
2751,H1828,1828.0,H,192,An Act relative to the well-being of new mothers and infants,James J. O'Day,"Accompanied a study order, see H4844",False
2752,S1546,1546.0,S,192,An Act banning pretextual traffic stops,Harriette L. Chandler,"Accompanied a study order, see S2764",False
2753,H2422,2422.0,H,192,An Act to establish a prepaid wireless E911 surcharge,F. Jay Barrows,No further action taken,False
2754,S1545,1545.0,S,192,An Act relative to automated enforcement,William N. Brownsberger,"Accompanied a study order, see S2768",False
2755,S197,197.0,S,192,An Act banning the advertisement of alcohol and marijuana on billboards,Diana DiZoglio,"Accompanied a study order, see S2666",False
2756,H245,245.0,H,192,An Act to provide relief for the cost of child care,Jay D. Livingstone,No further action taken,False
2757,S1310,1310.0,S,192,An Act relative to creating intensive stabilization and treatment units within the Department of Mental Health,Marc R. Pacheco,"Accompanied a study order, see S2919",False
2758,H4155,4155.0,H,192,Resolve establishing a durable power of attorney review commission,David Paul Linsky,"Accompanied a study order, see H4844",False
2759,S2514,2514.0,S,192,"An Act establishing a sick leave bank for Lisa Sbrogna, an employee of the Department of Mental Health",Marc R. Pacheco,"Accompanied a new draft, see S2528",False
2760,H611,611.0,H,192,An Act to assure opportunity for all students with disabilities,Patricia A. Haddad,No further action taken,False
2761,H1954,1954.0,H,192,An Act relative to a just transition to clean energy,Marjorie C. Decker,"Accompanied a new draft, see H4796",False
2762,H2611,2611.0,H,192,An Act relative to certain retirement benefits for the surviving spouse of a state police officer injured in the line of duty,Josh S. Cutler,"Accompanied a new draft, see H5020",False
2763,H2301,2301.0,H,192,An Act relative to healthcare worker and first responder safety,Denise C. Garlick,"Accompanied a study order, see H5461",False
2764,H2512,2512.0,H,192,An Act relative to constitutional rights,David Allen Robertson,"Accompanied a study order, see H5190",False
2765,H1612,1612.0,H,192,An Act to establish the Massachusetts innocence commission,Carlos González,"Accompanied a study order, see H4844",False
2766,S1585,1585.0,S,192,An Act relative to change of address for firearm licensing,Ryan C. Fattman,"Accompanied a study order, see S2762",False
2767,S1601,1601.0,S,192,An Act establishing a public safety building authority and assistance program,Edward J. Kennedy,"Accompanied a new draft, see S2971",False
2768,H4208,4208.0,H,192,An Act authorizing the city of Somerville to enact Right to Purchase Legislation,Erika Uyterhoeven,No further action taken,False
2769,S2447,2447.0,S,192,An Act authorizing Brigette Hamel to take the civil service examination for the position of police officer in the city of Haverhill notwithstanding the maximum age requirement,Diana DiZoglio,"Signed by the Governor, Chapter 96 of the Acts of 2021",True
2770,H2408,2408.0,H,192,An Act relative to food labeling,Thomas M. Stanley,"Accompanied a study order, see H5197",False
2771,S1103,1103.0,S,192,An Act to update the definition of leaving the scene of an accident aka Katie Brienzo's Law,Mark C. Montigny,"Accompanied a study order, see S2665",False
2772,H939,939.0,H,192,An Act for Massachusetts toxic free kids ,James K. Hawkins,"Accompanied a new draft, see S2676",False
2773,H1351,1351.0,H,192,An Act to ensure safe and healthy public higher education campuses,Liz Miranda,"Accompanied a study order, see H5174",False
2774,S1359,1359.0,S,192,An Act to support the equitable utilization of third party consultants in land use determinations,Michael F. Rush,"Accompanied a study order, see S2630",False
2775,S84,84.0,S,192,An Act preventing funds deposited in children's savings accounts from counting against cash assistance benefits,Sonia Chang-Diaz,"Accompanied a study order, see S2624",False
2776,H191,191.0,H,192,An Act prohibiting undocumented person from fostering children,"Donald R. Berthiaume, Jr.","Accompanied a study order, see H4903",False
2777,H1195,1195.0,H,192,An Act assuring prompt access to health care,Lindsay N. Sabadosa,Hearing scheduled for 11/09/2021 from 11:00 AM-04:00 PM in Virtual Hearing,False
2778,S755,755.0,S,192,An Act establishing a community health center transformation fund,Julian Cyr,Accompanied H1276,False
2779,S207,207.0,S,192,An Act relative to toxic-free kids,Cindy F. Friedman,"Accompanied a new draft, see S2676",False
2780,S2029,2029.0,S,192,An Act advancing equity for rural communities receiving state grants,Joanne M. Comerford,Hearing scheduled for 09/14/2021 from 10:30 AM-01:30 PM in Virtual Hearing,False
2781,H3095,3095.0,H,192,An Act relative to payments of property taxes and payments made in lieu of property taxes for certain gaming licensees,Bud L. Williams,"Accompanied a study order, see H5247",False
2782,H2145,2145.0,H,192,"An Act promoting the adoption of renewable energy for heating, cooling and hot water",Mike Connolly,No further action taken,False
2783,H137,137.0,H,192,An Act establishing free broadband internet access in public housing,Danillo A. Sena,"Accompanied a study order, see H5040",False
2784,H1216,1216.0,H,192,An Act to provide equal and fair access to affordable dental care for all patients,Daniel R. Carey,Hearing scheduled for 07/27/2021 from 11:00 AM-03:00 PM in Virtual Hearing,False
2785,S739,739.0,S,192,An Act relative to MassHealth rates,Michael D. Brady,"Accompanied a study order, see S2800",False
2786,H1502,1502.0,H,192,An Act relative to non-violation of parole for possession of valid prescriptions,Claire D. Cronin,"Accompanied a study order, see H4844",False
2787,H2400,2400.0,H,192,An Act regarding racism as a public health crisis,Jon Santiago,No further action taken,False
2788,H1501,1501.0,H,192,An Act relative to construction defect claims by condominium owners,Claire D. Cronin,No further action taken,False
2789,H1029,1029.0,H,192,An Act relative to the use of shotgun ammunition for hunting,Jonathan D. Zlotnik,"Accompanied a study order, see H5041",False
2790,H1218,1218.0,H,192,An Act relative to insurance companies and quality measures,Gerard J. Cassidy,Hearing scheduled for 11/09/2021 from 11:00 AM-04:00 PM in Virtual Hearing,False
2791,H738,738.0,H,192,An Act relative to promoting innovation in eldercare services,"Thomas A. Golden, Jr.","Accompanied a new draft, see H4780",False
2792,H625,625.0,H,192,An Act relative to special education reimbursement programs ,Steven S. Howitt,"Accompanied a study order, see H5099",False
2793,H1545,1545.0,H,192,An Act designating right of disposition,Daniel M. Donahue,"Accompanied a study order, see H4844",False
2794,S73,73.0,S,192,An Act relative to the expungement of convictions for marijuana possession,Jason M. Lewis,No further action taken,False
2795,H1116,1116.0,H,192,An Act relative to preserving fertility,Kevin G. Honan,"Accompanied a study order, see H5222",False
2796,H4487,4487.0,H,192,"Extension Order - Bonding, Capital Expenditures and State Assets",Danielle W. Gregoire,Rules suspended,False
2797,S653,653.0,S,192,An Act relative to secure choice retirement savings plan,Sal N. DiDomenico,"Accompanied a study order, see S2699",False
2798,H929,929.0,H,192,An Act governing the use of pesticides containing the herbicide substance Glyphosate in the Commonwealth,Carmine Lawrence Gentile,No further action taken,False
2799,H975,975.0,H,192,An Act relative to the prohibition of chemical pesticides on golf courses,Michael J. Moran,"Accompanied a study order, see H5041",False
2800,S1117,1117.0,S,192,"An Act relative to setting proportionate penalties for the distribution of heroin, fentanyl, and carfentanil",Patrick M. O'Connor,"Accompanied a study order, see S2665",False
2801,S693,693.0,S,192,An Act relative to interstate branching of a credit union ,Eric P. Lesser,"Accompanied a study order, see S2699",False
2802,H1083,1083.0,H,192,An Act relative to insurance coverage of mobile integrated health,Michael J. Finn,"Accompanied a study order, see H5222",False
2803,S632,632.0,S,192,An Act relative to medical loss ratio reporting for dental benefits corporations ,Harriette L. Chandler,"Accompanied a study order, see S2693",False
2804,H942,942.0,H,192,An Act enhancing the sewage disposal system inspection process,Steven S. Howitt,"Accompanied a study order, see H5041",False
2805,H1419,1419.0,H,192,An Act prohibiting level 2 and level 3 sex offenders from public housing hotels and motels,"Bradley H. Jones, Jr.","Accompanied a study order, see H5276",False
2806,S1002,1002.0,S,192,An Act relative to a person’s failure to appear in court due to enrollment in rehabilitation or detoxification facility,Diana DiZoglio,"Accompanied a study order, see S2665",False
2807,S1019,1019.0,S,192,An Act strengthening sexual harassment and discrimination policies in the commonwealth,Diana DiZoglio,"Accompanied a study order, see S2665",False
2808,S2821,2821.0,S,192,An Act relative to the remediation of home heating oil releases,Senate Committee on Ways and Means,"Reprinted as amended, see S2830",False
2809,H1701,1701.0,H,192,An Act relative to sexual assault evidence kits,"Bradley H. Jones, Jr.","Accompanied a study order, see H4844",False
2810,S2694,2694.0,S,192,"An Act establishing a sick leave bank for Jennifer Almond, an employee of the Department of Correction",Mark C. Montigny,"Signed by the Governor, Chapter 78 of the Acts of 2022",True
2811,H1702,1702.0,H,192,An Act encouraging the donation of food to persons in need,Hannah Kane,No further action taken,False
2812,H1399,1399.0,H,192,An Act creating a commission to study the definition of affordable housing,Susan Williams Gifford,"Accompanied a study order, see H5276",False
2813,H1655,1655.0,H,192,An Act relative to tree damage,Bradford Hill,"Accompanied a study order, see H4844",False
2814,S1079,1079.0,S,192,"Resolve for a commission to review, replace, and eliminate the Grand Jury System",Jason M. Lewis,"Accompanied a study order, see S2665",False
2815,H4810,4810.0,H,192,Extension Order - Economic Development and Emerging Technologies,Jerald A. Parisella,"Adopted, in concurrence",False
2816,H2354,2354.0,H,192,"An Act to increase access to disposable menstrual products in prisons, homeless shelters, and public schools",Jay D. Livingstone,Accompanied S1445,False
2817,S449,449.0,S,192,An Act relative to the central registry of voters,Sonia Chang-Diaz,"Accompanied a study order, see H5026",False
2818,H4288,4288.0,H,192,An Act establishing the behavioral health trust fund and the behavioral health advisory commission,NONE,Chapter 77 of the Acts of 2022,False
2819,H4150,4150.0,H,192,An Act banning the use of tear gas by law enforcement,Mike Connolly,"Accompanied a study order, see H4844",False
2820,S520,520.0,S,192,An Act to create a Merrimack River District Commission,Diana DiZoglio,No further action taken,False
2821,H843,843.0,H,192,An Act ensuring municipal power over whether elections are reformed,Andres X. Vargas,"Accompanied a study order, see H5026",False
2822,H904,904.0,H,192,An Act further regulating the enforcement of illegal hunting practices,Lori A. Ehrlich,Amendment (as recommended by the committee on House Ways and Means) adopted,False
2823,H821,821.0,H,192,An Act providing disclosure of political phone calls,James M. Murphy,"Accompanied a study order, see H5284",False
2824,S516,516.0,S,192,An Act to improve notice requirements of hazardous waste release,Sal N. DiDomenico,No further action taken,False
2825,H4741,4741.0,H,192,An Act establishing a maternal mental health equity grant program,Jamie Zahlaway Belsito,"Accompanied a study order, see H5194",False
2826,H3181,3181.0,H,192,An Act relative to further relocating state government personnel to remote work arrangements,"Bradley H. Jones, Jr.","Accompanied a study order, see H4492",False
2827,H325,325.0,H,192,An Act relative to genetic counselors,Tackey Chan,Hearing scheduled for 07/26/2021 from 01:00 PM-03:00 PM in Virtual Hearing,False
2828,S560,560.0,S,192,An Act establishing the Office of Outdoor Recreation,Adam G. Hinds,No further action taken,False
2829,S777,777.0,S,192,An Act promoting workforce development and provider retention at community health centers,John F. Keenan,No further action taken,False
2830,S789,789.0,S,192,An Act to promote graduate medical education,Jason M. Lewis,No further action taken,False
2831,H2465,2465.0,H,192,An Act requiring health care employers to develop and implement programs to prevent workplace violence,Denise C. Garlick,"Accompanied a new draft, see H4574",False
2832,H1234,1234.0,H,192,An Act establishing portable benefit accounts for app-based drivers,Mark J. Cusack,"Accompanied a study order, see H5310",False
2833,S658,658.0,S,192,An Act relative to prescription drug voice synthesizers,Diana DiZoglio,"Accompanied a study order, see S2800",False
2834,H1141,1141.0,H,192,An Act relative to insurance company rebates,"John J. Lawn, Jr.",No further action taken,False
2835,S1668,1668.0,S,192,An Act relative to non-clerical workers of the Massachusetts Water Resources Authority,Nick Collins,No further action taken,False
2836,H3631,3631.0,H,192,An Act increasing the penalties for passing a stopped school bus,Susannah M. Whipps,No further action taken,False
2837,H966,966.0,H,192,An Act concerning the use of animals in product testing,Jack Patrick Lewis,No further action taken,False
2838,S27,27.0,S,192,An Act relative to extending COVID-19 accommodations for municipalities in elections and for representative town meetings,William N. Brownsberger,No further action taken,False
2839,H61,61.0,H,192,"Annual report of the Public Employee Retirement Administration Commission (under sections 21, 102 and 103 of Chapter 32 of the General Laws) relative to the percentum change in the average cost-of-living as shown by the United States consumer price index for the year 2020 compared with such index for the year 2019",Public Employee Retirement Administration Commission,"Accompanied a study order, see H5206",False
2840,H73,73.0,H,192,An Act further providing for early voting by mail,House Committee on Ways and Means,"Signed by the Governor, Chapter 5 of the Acts of 2021",True
2841,S202,202.0,S,192,An Act further regulating the continuing education requirements for real estate brokers and salespersons,Paul R. Feeney,"Accompanied a new draft, see S2675",False
2842,H279,279.0,H,192,An Act relative to Department of Transitional Assistance benefits,Steven G. Xiarhos,"Accompanied a study order, see H4909",False
2843,H2935,2935.0,H,192,An Act relative to property tax relief for veterans,Bradford Hill,"Accompanied a study order, see H5200",False
2844,S512,512.0,S,192,An Act prohibiting the use of mobile gear in certain waters off the coast of the town of Nantucket,Julian Cyr,No further action taken,False
2845,H881,881.0,H,192,An Act relative to public space recycling,Marjorie C. Decker,"Accompanied a study order, see H5041",False
2846,H916,916.0,H,192,An Act relative to the siting of facilities dealing with refuse,William C. Galvin,"Accompanied a study order, see H5041",False
2847,S513,513.0,S,192,An Act preserving public trust rights in land affected by ocean erosion,Julian Cyr,No further action taken,False
2848,S2113,2113.0,S,192,"An Act establishing a commission on government accountability, economy, and efficiency",Michael F. Rush,"Accompanied a study order, see S2620",False
2849,S477,477.0,S,192,An Act to expand voter access by making mail-in voting permanent,Jason M. Lewis,"Accompanied a study order, see H5026",False
2850,H770,770.0,H,192,An Act extending voting rights in municipal elections to noncitizen voters of the commonwealth,Mike Connolly,"Accompanied a study order, see H5058",False
2851,S450,450.0,S,192,"An Act to increase voter registration, participation, and to help prevent recidivism",Sonia Chang-Diaz,"Accompanied a study order, see H5026",False
2852,H784,784.0,H,192,An Act authorizing the establishment of a special election guarantee fund,Shawn Dooley,"Accompanied a study order, see H5026",False
2853,S443,443.0,S,192,An Act allowing parties to nominate candidates to their own primaries by additional means,William N. Brownsberger,"Accompanied a study order, see H5026",False
2854,S1979,1979.0,S,192,An Act relative to deeds excise receipts,Michael F. Rush,"Accompanied a study order, see H5250",False
2855,H3630,3630.0,H,192,An Act providing for a Red Shield/Blue Shield license plate to survivors of firefighters and police officers who have died in the line of duty,Susannah M. Whipps,No further action taken,False
2856,S2570,2570.0,S,192,An Act relative to advancing the profession of commercial interior design,Joint Committee on Consumer Protection and Professional Licensure,No further action taken,False
2857,S855,855.0,S,192,An Act relative to UMass tuition credit,Marc R. Pacheco,"Accompanied a study order, see S2714",False
2858,H513,513.0,H,192,An Act relative to rail-trail construction,Sheila C. Harrington,No further action taken,False
2859,H3927,3927.0,H,192,"An Act establishing a sick leave bank for Christina Ruccio, an employee of the Suffolk County Sheriff's Department",Kate Lipper-Garabedian,"Signed by the Governor, Chapter 41 of the Acts of 2021",True
2860,H2125,2125.0,H,192,An Act helping overdosing persons in emergencies,Smitty Pignatelli,"Accompanied a study order, see H5281",False
2861,S373,373.0,S,192,An Act creating a school resource officer grant program and fund,Patrick M. O'Connor,"Accompanied a study order, see S2756",False
2862,S390,390.0,S,192,An Act to promote alternative dispute resolution for students,Bruce E. Tarr,"Accompanied a study order, see S2756",False
2863,H2833,2833.0,H,192,An Act to allow individual donations to countries vulnerable to climate change ,Antonio F. D. Cabral,No further action taken,False
2864,S1561,1561.0,S,192,An Act relative to preventing illegal trafficking of firearms ,Cynthia Stone Creem,"Accompanied a study order, see S2762",False
2865,H1004,1004.0,H,192,An Act relative to farmers' markets ,Adam J. Scanlon,"Accompanied a study order, see H5041",False
2866,H159,159.0,H,192,An Act further regulating the promotion of marijuana and marijuana products,Hannah Kane,"Accompanied a study order, see H5022",False
2867,S1014,1014.0,S,192,An Act specifying controlling or coercive behavior as domestic abuse,Diana DiZoglio,"Accompanied a study order, see S2976",False
2868,S2488,2488.0,S,192,An Act authorizing the town of Milford to grant an additional license for the sale of all alcoholic beverages not to be consumed on the premises,Ryan C. Fattman,"Accompanied a new draft, see H4663",False
2869,H2856,2856.0,H,192,An Act relative to the electronic filing of certain forms used in property valuation,Edward F. Coppinger,No further action taken,False
2870,S451,451.0,S,192,An Act relative to voting options for inclusive and comprehensive elections,Sonia Chang-Diaz,"Accompanied a study order, see H5026",False
2871,S908,908.0,S,192,An Act relative to accessory dwelling units,Bruce E. Tarr,Accompanied H1370,False
2872,S1043,1043.0,S,192,An Act relative to hate crimes against police officers,Anne M. Gobi,"Accompanied a study order, see S2665",False
2873,H1411,1411.0,H,192,An Act facilitating site plan review,Kevin G. Honan,"Accompanied a study order, see S2760",False
2874,H1689,1689.0,H,192,An Act relative to the enticement of children online,"Bradley H. Jones, Jr.","Accompanied a study order, see H4844",False
2875,H1641,1641.0,H,192,An Act removing barriers to justice in the workplace,Natalie M. Higgins,"Accompanied a study order, see H4844",False
2876,S957,957.0,S,192,An Act empowering individuals affected by substance abuse to rebuild their lives,Joanne M. Comerford,"Accompanied a study order, see S2665",False
2877,H381,381.0,H,192,An Act relative to advancing the profession of commercial interior design,Patricia A. Haddad,"Accompanied a new draft, see S2570",False
2878,H2869,2869.0,H,192,An Act relative to the electronic deposit of tax refunds,Marjorie C. Decker,"Accompanied a study order, see H5043",False
2879,S1383,1383.0,S,192,An Act to assure informed consent for pelvic examinations of anesthetized or unconscious patients,Joanne M. Comerford,"Accompanied a new draft, see H4270",False
2880,H2148,2148.0,H,192,An Act protecting the health and safety of puppies and kittens in cities and towns,Linda Dean Campbell,Accompanied S1322,False
2881,H1061,1061.0,H,192,An Act to strengthen and expand access to behavioral healthcare,Marjorie C. Decker,"Accompanied a study order, see H5222",False
2882,H3472,3472.0,H,192,An Act relative to tolls on the Tobin/Mystic River Bridge and Sumner Tunnel,Jessica Ann Giannino,"Accompanied a study order, see H4944",False
2883,S168,168.0,S,192,An Act relative to the creation of additional business opportunities for alcohol retailers ,William N. Brownsberger,"Accompanied a study order, see S2666",False
2884,S3002,3002.0,S,192,Genetic Counselors ,Brendan P. Crighton,See S2996,False
2885,H3279,3279.0,H,192,An Act to modernize our natural gas infrastructure,Edward F. Coppinger,No further action taken,False
2886,S1292,1292.0,S,192,An Act providing access to full spectrum addiction treatment services,John F. Keenan,No further action taken,False
2887,H3340,3340.0,H,192,An Act creating a green bank to promote clean energy in Massachusetts ,Paul W. Mark,No further action taken,False
2888,S518,518.0,S,192,An Act preventing the disposal of hydraulic fracturing wastewater,Diana DiZoglio,Accompanied S605,False
2889,S204,204.0,S,192,An Act furthering fair housing in real estate,Paul R. Feeney,"Accompanied a new draft, see S2675",False
2890,H2133,2133.0,H,192,An Act relative to the building or rebuilding of bridges on land that falls under the jurisdiction of more than one municipality,Bruce J. Ayers,No further action taken,False
2891,H3371,3371.0,H,192,An Act promoting transparency in wind generated electricity production,Todd M. Smola,"Accompanied a study order, see H5042",False
2892,H3855,3855.0,H,192,An Act authorizing the town of Whately to continue the employment of fire department member William Smith,Joint Committee on Public Service,"Signed by the Governor, Chapter 79 of the Acts of 2021",True
2893,H3097,3097.0,H,192,An Act relative to the taxation of inventory in manufacturing,Jonathan D. Zlotnik,"Accompanied a study order, see H5247",False
2894,H84,84.0,H,192,Proposal for a legislative amendment to the Constitution to define the succession plan for a vacancy in the office of Lieutenant Governor,Paul W. Mark,"Placed on file, in concurrence
",False
2895,H413,413.0,H,192,An Act relative to transparency in health club cancellation policies,"Bradley H. Jones, Jr.","Accompanied a new draft, see H4510",False
2896,H989,989.0,H,192,"An Act to restrict, reduce, and minimize the use and distribution of single-use plastic straws in Massachusetts",Smitty Pignatelli,Accompanied S494,False
2897,S240,240.0,S,192,An Act relative to the licensure of appraisers ,Michael F. Rush,"Accompanied a new draft, see H4242",False
2898,S1248,1248.0,S,192,An Act relative to collective bargaining dues,Michael F. Rush,No further action taken,False
2899,S610,610.0,S,192,An Act to save recycling costs in the commonwealth,Michael F. Rush,"Accompanied a new draft, see S2923",False
2900,H497,497.0,H,192,An Act providing for checks and balances to the Civil Defense Act of 1950,Marc T. Lombardo,"Accompanied a study order, see H4968",False
2901,S2429,2429.0,S,192,"An Act relative to military spouse-licensure portability, education and enrollment of dependents ",Walter F. Timilty,"Accompanied a new draft, see S2502",False
2902,S708,708.0,S,192,An Act to save lives by preventing unscrupulous medical referral restrictions by profit-driven health care networks,Mark C. Montigny,"Accompanied a study order, see S2693",False
2903,H1995,1995.0,H,192,An Act protecting the employment benefits of Civil Air Patrol and Coast Guard Auxiliary members,Kate Hogan,No further action taken,False
2904,S1256,1256.0,S,192,An Act relative to employee leave of absence to comply with a family court order,John C. Velis,No further action taken,False
2905,H1978,1978.0,H,192,An Act relative to prohibit contract provisions requiring subcontractors to assume liability for negligence of others,"Thomas A. Golden, Jr.",No further action taken,False
2906,S74,74.0,S,192,An Act relative to marijuana potency,Jason M. Lewis,"Accompanied a study order, see S2661",False
2907,H161,161.0,H,192,An Act relative to possession and consumption of marijuana or marijuana accessories,Hannah Kane,"Accompanied a study order, see H5022",False
2908,S187,187.0,S,192,An Act relative to the safe use of electronic devices by children,Julian Cyr,"Accompanied a study order, see S2666",False
2909,H1038,1038.0,H,192,An Act requiring mental health parity for disability policies,Ruth B. Balser,No further action taken,False
2910,H352,352.0,H,192,An Act relative to the cancellation of physical fitness services,Marjorie C. Decker,"Accompanied a new draft, see H4510",False
2911,S593,593.0,S,192,An Act to protect the Commonwealth from toxic chemicals,Susan L. Moran,"Accompanied a study order, see S2734",False
2912,S2804,2804.0,S,192,An Act addressing crumbling concrete foundations,"Joint Committee on Environment, Natural Resources and Agriculture",No further action taken,False
2913,S1134,1134.0,S,192,An Act criminalizing sexual assault by fraud by a medical professional,Bruce E. Tarr,Accompanied H1661,False
2914,S2803,2803.0,S,192,An Act authorizing the town of Brookline to establish a means-tested senior citizen property tax exemption,Cynthia Stone Creem,"Signed by the Governor, Chapter 437 of the Acts of 2022",True
2915,S68,68.0,S,192,An Act encouraging transparency in host community agreements,Diana DiZoglio,"Accompanied a new draft, see S2660",False
2916,S120,120.0,S,192,An Act relative to creating a loan repayment program for human service workers,Eric P. Lesser,No further action taken,False
2917,H164,164.0,H,192,An Act relative to research data collection,Hannah Kane,No further action taken,False
2918,H1600,1600.0,H,192,An Act protecting survivors of rape and their children,Carmine Lawrence Gentile,"Accompanied a study order, see H4844",False
2919,H153,153.0,H,192,An Act relative to the prevention of health harms of marijuana products ,Bradford Hill,"Accompanied a study order, see H5022",False
2920,S77,77.0,S,192,An Act to support partnerships between the cannabis industry and municipalities,Susan L. Moran,"Accompanied a new draft, see S2660",False
2921,H214,214.0,H,192,An Act to establish an acquired brain injury advisory board,Kimberly N. Ferguson,"Accompanied a study order, see H5201",False
2922,H4635,4635.0,H,192,An Act authorizing the town of Hanson to grant special one-day licenses to sell all alcoholic beverages to certain organizations in said town,Josh S. Cutler,No further action taken,False
2923,H2012,2012.0,H,192,An Act creating a special legislative commission to study barriers to job retention for low-income workers,David Henry Argosky LeBoeuf,"Accompanied a new draft, see S2724",False
2924,H2264,2264.0,H,192,An Act to improve access to emergency contraception,Marjorie C. Decker,"New draft substituted, see H4930",False
2925,S1411,1411.0,S,192,An Act relative to patient notification,Diana DiZoglio,"Accompanied a study order, see S2692",False
2926,S1407,1407.0,S,192,"An Act enabling pharmacists to prescribe, dispense and administer PrEP",Julian Cyr,"New draft substituted, see S2955 ",False
2927,H1137,1137.0,H,192,An Act relative to cancer patient access to biomarker testing to provide appropriate therapy,Meghan Kilcoyne,"Accompanied a study order, see H5222",False
2928,H4229,4229.0,H,192,An Act to restore Boston's governmentally-involved housing protection,Nika C. Elugardo,"Accompanied a study order, see H5204",False
2929,S927,927.0,S,192,An Act relative to benefits for court officers,Michael D. Brady,"Accompanied a study order, see S2665",False
2930,H4235,4235.0,H,192,An Act authorizing the licensing authority of the town of Hull to grant additional licenses for the sale of alcoholic beverages to be drunk on the premises,Joan Meschino,"Accompanied a new draft, see H4667",False
2931,H1728,1728.0,H,192,An Act providing a stipend for first justices and regional administrative justices,David Paul Linsky,"Accompanied a study order, see H4844",False
2932,H1640,1640.0,H,192,An Act relative to preventing suicide,Natalie M. Higgins,"Accompanied a study order, see H4844",False
2933,S596,596.0,S,192,An Act reestablishing the harbors and inland waters maintenance fund,Patrick M. O'Connor,"Accompanied a study order, see S2734",False
2934,H3019,3019.0,H,192,An Act relative to motor vehicle excise taxes,Mathew J. Muratore,"Accompanied a study order, see H5245",False
2935,S1978,1978.0,S,192,An Act relative to Veteran Tax Abatements,Michael F. Rush,"Accompanied a study order, see H5248",False
2936,S913,913.0,S,192,An Act relative to the enactment of the Uniform Collateral Consequences of Conviction ,Joseph A. Boncore,"Accompanied a study order, see S2665",False
2937,H3017,3017.0,H,192,An Act providing tax credits to promote the adoption of a dog or cat from a shelter,"David K. Muradian, Jr.","Accompanied a study order, see H5245",False
2938,H3092,3092.0,H,192,An Act relative to PILOT compensation to towns with a high percentage of state owned land,Susannah M. Whipps,No further action taken,False
2939,H2087,2087.0,H,192,An Act providing for the treatment of overdose victims,Shawn Dooley,"Accompanied a study order, see H5225",False
2940,S720,720.0,S,192,An Act relative to modernizing private flood insurance,Patrick M. O'Connor,No further action taken,False
2941,H1097,1097.0,H,192,An Act ensuring pharmacy access,Colleen M. Garry,Hearing scheduled for 09/21/2021 from 10:00 AM-03:00 PM in Virtual Hearing,False
2942,S1017,1017.0,S,192,An Act to strengthen rules governing attorney conduct; penalties for misconduct,Diana DiZoglio,"Accompanied a study order, see S2665",False
2943,S2171,2171.0,S,192,An Act removing barriers for municipal power communities to become green communities,James B. Eldridge,"Accompanied a study order, see S2715",False
2944,S912,912.0,S,192,An Act relative to the recording of custodial interrogations ,Joseph A. Boncore,"Accompanied a study order, see S2665",False
2945,H4068,4068.0,H,192,An Act relative to educational support for children in foster care,David Henry Argosky LeBoeuf,No further action taken,False
2946,S994,994.0,S,192,An Act prohibiting discrimination based on natural hairstyles,Sal N. DiDomenico,Accompanied H1907,False
2947,H1086,1086.0,H,192,"An Act relative to uncollected co-pays, co-insurance and deductibles",Carole A. Fiola,Hearing scheduled for 11/09/2021 from 11:00 AM-04:00 PM in Virtual Hearing,False
2948,H1410,1410.0,H,192,An Act relative to housing service coordinators,Kevin G. Honan,No further action taken,False
2949,H933,933.0,H,192,An Act relative to the disposal of sea mammals on metropolitan beaches,Jessica Ann Giannino,No further action taken,False
2950,H972,972.0,H,192,An Act relative to harvesting of forest products  ,Paul W. Mark,"Accompanied a study order, see H5041",False
2951,H955,955.0,H,192,An Act to establish a flood mitigation and preparedness program,Patrick Joseph Kearney,"Accompanied a study order, see H5041",False
2952,H3759,3759.0,H,192,An Act regarding the disability pension for Terry Cotton,Daniel J. Hunt,"Amended by substitution of a bill with the same title, see H5453",False
2953,H954,954.0,H,192,An Act to assure the attainment of greenhouse gas emissions goals in the alternative portfolio standard,Patrick Joseph Kearney,"Accompanied a study order, see H5041",False
2954,H1405,1405.0,H,192,An Act relative to local considerations for housing development ,Bradford Hill,"Accompanied a study order, see H5276",False
2955,H1033,1033.0,H,192,An Act authorizing insurance providers to extend motor vehicle liability insurance rebates to customers with safe driving records,Bruce J. Ayers,"Accompanied a study order, see H5003",False
2956,H705,705.0,H,192,An Act relative to education standards,Todd M. Smola,"Accompanied a study order, see H5135",False
2957,H4640,4640.0,H,192,An Act relative to out-of-hospital birth access and safety,Joint Committee on Public Health,"Accompanied a study order, see H5222",False
2958,H2834,2834.0,H,192,An Act to reduce graduate student loan debt,Antonio F. D. Cabral,"Accompanied a study order, see H4894",False
2959,H1525,1525.0,H,192,An Act specifying an electronic system to ensure that sales of certain products containing pseudoephedrine (PSE) do not exceed limits established under federal law,Linda Dean Campbell,"Accompanied a study order, see H4844",False
2960,H277,277.0,H,192,An Act to improve child safety,Steven G. Xiarhos,"Accompanied a study order, see H4909",False
2961,H3445,3445.0,H,192,An Act relative to autocycles,"William J. Driscoll, Jr.","Accompanied a study order, see H5005",False
2962,H3072,3072.0,H,192,An Act providing economic COVID-19 relief for the middle-class,Michael J. Soter,"Accompanied a study order, see H5245",False
2963,H3073,3073.0,H,192,An Act relative to conservation restrictions,William M. Straus,"Accompanied a study order, see H5247",False
2964,H3071,3071.0,H,192,An Act promoting COVID-19 economic recovery through meals tax relief,Michael J. Soter,"Accompanied a study order, see H5245",False
2965,H3111,3111.0,H,192,An Act relative to the open meeting law,Antonio F. D. Cabral,"Accompanied a new draft, see H5031",False
2966,H4359,4359.0,H,192,"An Act fostering voter opportunities, trust, equity and security",House Committee on Ways and Means,"Published as amended, see H4367",False
2967,H118,118.0,H,192,An Act specifying an electronic system to ensure that sales of certain products containing pseudoephedrine (PSE) do not exceed limits established under federal law,Michael J. Finn,"Accompanied a study order, see H4892",False
2968,H1082,1082.0,H,192,An Act relative to special insurance brokers,Michael J. Finn,No further action taken,False
2969,H2795,2795.0,H,192,An Act relative to the civil service hiring of surviving dependents,Timothy R. Whelan,No further action taken,False
2970,H4132,4132.0,H,192,An Act authorizing the city of Salem to convert a seasonal license for the sale of all alcoholic beverages to be drunk on the premises to an annual license for the sale of all alcoholic beverages to be drunk on the premises of Salem's Retreat at 96 North Street ,Paul F. Tucker,No further action taken,False
2971,H383,383.0,H,192,"An Act providing for alcoholic beverage licenses in the town of Dunstable

",Sheila C. Harrington,"Accompanied a new draft, see H3812",False
2972,S5100,,,192,,,,False
2973,H471,471.0,H,192,An Act relative to used police cars sold at auction,Timothy R. Whelan,"Accompanied a study order, see H4880",False
2974,H2256,2256.0,H,192,An Act prohibiting the participation of healthcare professionals in the torture and abuse of prisoners,Michael S. Day,"Accompanied a study order, see H5198",False
2975,H938,938.0,H,192,An Act relative to paint recycling,Patricia A. Haddad,No further action taken,False
2976,S1330,1330.0,S,192,An Act to repeal Chapter 404 of the Acts of 2008,Diana DiZoglio,Accompanied H2190,False
2977,H2859,2859.0,H,192,An Act creating a protective facial covering sales tax exemption,Josh S. Cutler,"Accompanied a study order, see H5043",False
2978,H1115,1115.0,H,192,An Act for health care non-discrimination,Kevin G. Honan,Hearing scheduled for 12/09/2021 from 11:00 AM-04:00 PM in Virtual Hearing,False
2979,H4803,4803.0,H,192,"An Act establishing a sick leave bank for Susanne Cleveland, an employee of the Department of Transitional Assistance",Patrick Joseph Kearney,"Accompanied a new draft, see H4808",False
2980,S674,674.0,S,192,An Act relative to out-of-network billing,Cindy F. Friedman,No further action taken,False
2981,H2333,2333.0,H,192,An Act to protect youth from the health risks of sugary drinks ,Kay Khan,"Accompanied a new draft, see S2781",False
2982,S911,911.0,S,192,An Act to eliminate the public counsel fee,Michael J. Barrett,"Accompanied a study order, see S2665",False
2983,H3268,3268.0,H,192,An Act increasing opportunities for clean peak energy storage,Daniel Cahill,No further action taken,False
2984,H3363,3363.0,H,192,An Act establishing a natural gas demand response pilot program,Maria Duaime Robinson,"Accompanied a study order, see H5042",False
2985,S2201,2201.0,S,192,An Act relative to municipal light plant participation in green communities,Jason M. Lewis,No further action taken,False
2986,H1610,1610.0,H,192,An Act relative to parental rights and child survivors of homicide,"Thomas A. Golden, Jr.","Accompanied a study order, see H4844",False
2987,S1956,1956.0,S,192,An Act establishing the Commonwealth Municipal Dog Park Trust Fund,Patrick M. O'Connor,"Accompanied a study order, see S2743",False
2988,H1526,1526.0,H,192,An Act requiring the relocation of the Cambridge District Court,Marjorie C. Decker,"Accompanied a new draft, see H4502",False
2989,H158,158.0,H,192,An Act to promote social equity and economic empowerment in the cannabis industry,Daniel J. Hunt,"Accompanied a new draft, see H4440",False
2990,S136,136.0,S,192,An Act improving child eye care,Michael O. Moore,Accompanied H2231,False
2991,H1750,1750.0,H,192,An Act to enhance the availability of immunity to witnesses in the courts of the Commonwealth,Jay D. Livingstone,"Accompanied a study order, see H4844",False
2992,S2853,2853.0,S,192,Veterans and Federal Affairs - Extension Order,John C. Velis,"Adopted, in concurrence",False
2993,H4327,4327.0,H,192,An Act relative to private street betterment assessments in the city of Worcester,James J. O'Day,"Signed by the Governor, Chapter 286 of the Acts of 2022",True
2994,H1450,1450.0,H,192,An Act relative to reducing damage caused by the current foreclosure crisis in the historic districts of Massachusetts,Bud L. Williams,"Accompanied a study order, see H5276",False
2995,S939,939.0,S,192,An Act improving protections for sexual assault survivors ,Harriette L. Chandler,"Accompanied a study order, see S2665",False
2996,H1446,1446.0,H,192,An Act establishing a statewide affirmatively furthering fair housing framework,Thomas M. Stanley,"Accompanied a study order, see H5276",False
2997,HD1767,1767.0,HD,192,An Act to improve and enhance the Advisory Board to the Massachusetts School Building Authority,Kate Lipper-Garabedian,"Accompanied a new draft, see S2727",False
2998,S225,225.0,S,192,An Act protecting personal identifying information,Michael O. Moore,"Accompanied a study order, see S2683",False
2999,H416,416.0,H,192,An Act to provide increased access to hearing aids,James M. Kelcourse,Accompanied S211,False
3000,H3761,3761.0,H,192,An Act relative to the deputy fire chief of the town of Lancaster,Meghan Kilcoyne,"Signed by the Governor, Chapter 39 of the Acts of 2022",True
3001,HD86,,,192,,,,False
3002,HD708,708.0,HD,192,"An Act to improve the fairness of sales tax collections, and revenue sources of the Commonwealth of Massachusetts",Michael S. Day,"Accompanied a study order, see H5043",False
3003,H3479,3479.0,H,192,An Act designating a certain bridge in the town of Wilmington as the Trooper Thomas W. Devlin memorial bridge,Kenneth I. Gordon,"Accompanied a new draft, see H3942",False
3004,S2240,2240.0,S,192,An Act to protect Native American heritage,Nick Collins,Accompanied H3385,False
3005,H3329,3329.0,H,192,An Act relative to a clean transportation future,Patrick Joseph Kearney,"Accompanied a study order, see H5042",False
3006,S2261,2261.0,S,192,An Act to establish free access to ride to elections in Massachusetts (FARE),Joseph A. Boncore,"Accompanied a new draft, see S2519",False
3007,H3311,3311.0,H,192,An Act relative to hydro,"Thomas A. Golden, Jr.","Accompanied a study order, see H5042",False
3008,H2582,2582.0,H,192,An Act designating certain employees of the Massachusetts Department of Transportation to be in Group 2 of the contributory retirement system,Tackey Chan,"Accompanied a study order, see H4960",False
3009,H2584,2584.0,H,192,An Act providing that decisions of the Labor Relations Commission in representation cases shall be subject to judicial review,Tackey Chan,"Accompanied a study order, see H4960",False
3010,HD4243,4243.0,HD,192,"A communication from the Rose Fitzgerald Kennedy Greenway Conservancy, Inc. (see Section 7 of Chapter 306 of the Acts of 2008) submitting audited financial statements of said conservancy for December 31, 2019 and December 31, 2020, entitled “The Green Way”. ",Rose Fitzgerald Kennedy Greenway Conservancy,Placed on file,False
3011,S2365,2365.0,S,192,An Act to ensure benefits through enhanced Selective Service registration,Patrick M. O'Connor,"Accompanied a new draft, see S2585",False
3012,H3232,3232.0,H,192,An Act authorizing the release of a restriction on certain parcels of land in Freetown,"Paul A. Schmid, III",No further action taken,False
3013,H3209,3209.0,H,192,An Act providing for the observance of election worker appreciation day,"David K. Muradian, Jr.","Accompanied a study order, see H4969",False
3014,H3176,3176.0,H,192,An Act relative to timely decisions by awarding authorities,Daniel J. Hunt,Accompanied H3174,False
3015,S2175,2175.0,S,192,An Act relative to reduce administrative burden for government and industry,Paul R. Feeney,"Accompanied a study order, see S2715",False
3016,S2101,2101.0,S,192,An Act authorizing the transfer of a parcel of land in the city of Taunton,Marc R. Pacheco,No further action taken,False
3017,S2158,2158.0,S,192,An Act to create offshore clean energy and new renewable jobs ,Julian Cyr,No further action taken,False
3018,S2138,2138.0,S,192,An Act relative to transportation and environmental justice,Joseph A. Boncore,No further action taken,False
3019,S1918,1918.0,S,192,An Act for a grade improvement tax credit,Jason M. Lewis,"Accompanied a study order, see H5250",False
3020,S2165,2165.0,S,192,An Act increasing solar rooftop energy,James B. Eldridge,"Accompanied a study order, see S2715",False
3021,HD1737,1737.0,HD,192,An Act to clarify the earned sick time statute,Joseph D. McKenna,"Accompanied a study order, see H5023",False
3022,S1342,1342.0,S,192,An Act relative to MBTA billboards in the city of Quincy,John F. Keenan,"Accompanied a study order, see S2630",False
3023,H2123,2123.0,H,192,An Act to expand access to treatment for health professionals with substance use disorders,James J. O'Day,"Accompanied a study order, see H5226",False
3024,H554,554.0,H,192,An Act to require school attendance up to age 18 or until graduation,Antonio F. D. Cabral,"Accompanied a study order, see H5093",False
3025,H3849,3849.0,H,192,An Act relative to contractor liability for unpermitted construction,Sheila C. Harrington,"Accompanied a study order, see H4469",False
3026,H1929,1929.0,H,192,An Act decriminalizing non-violent and verbal student misconduct,Bud L. Williams,"Accompanied a study order, see H4844",False
3027,H1912,1912.0,H,192,An Act eliminating standard conditions and creating maximum caps on probation supervision terms,Andres X. Vargas,"Accompanied a study order, see H5205",False
3028,H1946,1946.0,H,192,An Act protecting the right to strike,Mike Connolly,"Accompanied a study order, see H5023",False
3029,H41,41.0,H,192,An Act relative to student debt,Office of the State Treasurer,"Accompanied a new draft, see H4694",False
3030,S869,869.0,S,192,An Act relative to reducing barriers to housing,Brendan P. Crighton,"Accompanied a study order, see H5277",False
3031,S888,888.0,S,192,An Act promoting access to affordable housing in the 21st century,Adam G. Hinds,"Accompanied a study order, see H5276",False
3032,S866,866.0,S,192,An Act relative to homes for all ,Sonia Chang-Diaz,"Accompanied a study order, see S3069",False
3033,H1332,1332.0,H,192,An Act creating financial opportunities in higher education by reducing unnecessary state administrative policies,Sean Garballey,"Accompanied a study order, see H5174",False
3034,H1377,1377.0,H,192,An Act empowering cities and towns to support affordable housing with a fee on certain real estate transactions,Mike Connolly,"Accompanied a study order, see H5351",False
3035,S180,180.0,S,192,An Act relative to consumer protection on online automobile franchise transactions,Brendan P. Crighton,No further action taken,False
3036,S2786,2786.0,S,192,An Act to promote the education success of court involved children,Joint Committee on Education,No further action taken,False
3037,H2121,2121.0,H,192,An Act relative to assisted outpatient therapy ,Mathew J. Muratore,"Accompanied a study order, see H5225",False
3038,H1328,1328.0,H,192,An Act improving access to affordable higher education,Sean Garballey,No further action taken,False
3039,H222,222.0,H,192,An Act providing educational stability for vulnerable children,Denise C. Garlick,No further action taken,False
3040,S895,895.0,S,192,An Act to update Chapter 40B to support the creation of affordable housing while strengthening local oversight,Jason M. Lewis,"Accompanied a study order, see H5276",False
3041,S890,890.0,S,192,An Act to guarantee a tenant’s first right of refusal,Patricia D. Jehlen,No further action taken,False
3042,H1317,1317.0,H,192,An Act relative to same day drug testing,Paul F. Tucker,"Accompanied a study order, see H5222",False
3043,H3180,3180.0,H,192,An Act relative to online posting of CMRs,"Bradley H. Jones, Jr.",No further action taken,False
3044,H1374,1374.0,H,192,An Act relative to senior and non-elderly disabled housing,David Biele,No further action taken,False
3045,S873,873.0,S,192,An Act relative to attainable housing in seasonal communities,Julian Cyr,No further action taken,False
3046,H4389,4389.0,H,192,Extension Order - Covid-19 and Emergency Preparedness and Management,"William J. Driscoll, Jr.","Adopted, in concurrence",False
3047,S879,879.0,S,192,An Act relative to access to housing for first responders,Diana DiZoglio,"Accompanied a study order, see H5276",False
3048,H1297,1297.0,H,192,An Act relative to expanding equitable access to maternal postpartum care,Liz Miranda,"Accompanied a new draft, see S2583",False
3049,S86,86.0,S,192,An Act relative to athletic activities of students with disabilities,Nick Collins,"Accompanied a study order, see S2649",False
3050,H2492,2492.0,H,192,An Act relative to the disclosure of certain police reports,Jay D. Livingstone,No further action taken,False
3051,S1570,1570.0,S,192,An Act relative to fire safety education in schools and colleges,Sal N. DiDomenico,No further action taken,False
3052,H2493,2493.0,H,192,An Act relative to weapon regulation,Marc T. Lombardo,"Accompanied a study order, see H5190",False
3053,S1572,1572.0,S,192,An Act relative to seat belts on school buses,Diana DiZoglio,No further action taken,False
3054,H2315,2315.0,H,192,An Act to protect little lungs,James K. Hawkins,"Accompanied a study order, see H5035",False
3055,H2628,2628.0,H,192,An Act providing disability benefits for police officers with certain conditions of cancer,Shawn Dooley,"Accompanied a study order, see H4960",False
3056,S1486,1486.0,S,192,An Act to protect life-saving electronic health records from reckless corporate greed and corruption,Mark C. Montigny,"Accompanied a study order, see S2772",False
3057,H2421,2421.0,H,192,"An Act requiring carbon monoxide alarms in all residential, governmental and commercial structures",Christine P. Barber,No further action taken,False
3058,H3476,3476.0,H,192,An Act designating a certain bridge in the towns of Middleborough and Carver as the Medal of Honor Bridge,Susan Williams Gifford,No further action taken,False
3059,S1548,1548.0,S,192,An Act to reduce recidivism and promote family relationships during incarceration,Harriette L. Chandler,"Accompanied a study order, see S2763",False
3060,S1694,1694.0,S,192,"An Act to provide retirement security to care workers
",Sal N. DiDomenico,"Accompanied a study order, see S2679",False
3061,H2531,2531.0,H,192,An Act relative to police training in appropriate interactions with persons on the autism spectrum and other intellectual and developmental disabilities,Paul F. Tucker,No further action taken,False
3062,S1736,1736.0,S,192,An Act relative to surplus in retirement systems ,John F. Keenan,"Accompanied a study order, see S2679",False
3063,H2618,2618.0,H,192,An Act authorizing the South Shore Charter School to join the State Employees Retirement System,David F. DeCoste,"Accompanied a study order, see H4960",False
3064,S1614,1614.0,S,192,An Act relative to equitable firearm license fees,Michael O. Moore,"Accompanied a study order, see S2762",False
3065,S2323,2323.0,S,192,An Act modernizing protections for consumers in automobile transactions,Paul R. Feeney,No further action taken,False
3066,H2638,2638.0,H,192,An Act relative to the size of the Group Insurance Commission board,Tricia Farley-Bouvier,"Accompanied a study order, see H4960",False
3067,S1658,1658.0,S,192,An Act to exempt certain local housing authority executive directors from anti-spiking provisions,Michael D. Brady,No further action taken,False
3068,S2887,2887.0,S,192,Order relative to authorizing the joint committee on Public Health to make an investigation and study of certain current Senate documents relative to public health matters,Joint Committee on Public Health,No further action taken,False
3069,H2286,2286.0,H,192,An Act to reduce fraud in prescription drug abuse testing and help prevent substance abuse,Carole A. Fiola,"Accompanied a study order, see H5197",False
3070,S1609,1609.0,S,192,An Act relative to inmate telephone call rates,Mark C. Montigny,"Accompanied a study order, see S2911",False
3071,S1747,1747.0,S,192,An Act relative to the Fairhaven Fire Department,Mark C. Montigny,"Signed by the Governor, Chapter 85 of the Acts of 2022",True
3072,S1519,1519.0,S,192,An Act relative to out-of-hospital birth access and safety,Rebecca L. Rausch,"Accompanied a new draft, see H4640",False
3073,S1673,1673.0,S,192,An Act exempting Barbara Killeen from certain requirements of the retired municipal teacher program,Joanne M. Comerford,No further action taken,False
3074,S1732,1732.0,S,192,An Act to provide fair working conditions for public higher education adjunct faculty,Patricia D. Jehlen,No further action taken,False
3075,H4821,4821.0,H,192,An Act to require public universities to provide medication abortion,Joint Committee on Public Health,No further action taken,False
3076,S1588,1588.0,S,192,"An Act to ensure the safety of students, faculty and staff on the campuses of state colleges, community colleges and state universities",Paul R. Feeney,No further action taken,False
3077,S1734,1734.0,S,192,An Act authorizing the appointment of special firefighters in the city of Somerville,Patricia D. Jehlen,"Signed by the Governor, Chapter 59 of the Acts of 2021",True
3078,H2388,2388.0,H,192,An Act relative to expanding the availability of sharps disposal sites,Smitty Pignatelli,"Accompanied a study order, see H5197",False
3079,S1605,1605.0,S,192,An Act requiring healthcare employers to develop and implement programs to prevent workplace violence,Joan B. Lovely,No further action taken,False
3080,S1746,1746.0,S,192,An Act relative to the SMART plan,Joan B. Lovely,"Accompanied a study order, see S2679",False
3081,H2394,2394.0,H,192,An Act ensuring fair and appropriate distribution of vaccines during a public health emergency,David M. Rogers,"Accompanied a study order, see H5201",False
3082,S1693,1693.0,S,192,"An Act relative to retirement classification 
",Sal N. DiDomenico,"Accompanied a study order, see S2679",False
3083,S1558,1558.0,S,192,An Act improving juvenile justice data collection,Cynthia Stone Creem,No further action taken,False
3084,S1703,1703.0,S,192,An Act relative to the divestment of state pension funds from nuclear weapons,James B. Eldridge,"Accompanied a study order, see S2679",False
3085,H2667,2667.0,H,192,An Act relative to retirement classification of licensed drinking water operators,Patricia A. Haddad,"Accompanied a study order, see H4960",False
3086,S1533,1533.0,S,192,An Act establishing a special commission to study and recommend improvements in the delivery of prescription drug benefits for the citizens of the Commonwealth,Walter F. Timilty,"Accompanied a study order, see S2692",False
3087,S1674,1674.0,S,192,An Act regarding pension ratio of the funding system,Brendan P. Crighton,"Accompanied a study order, see S2679",False
3088,S1346,1346.0,S,192,An Act relative to PEG access and cable related funds,Joan B. Lovely,No further action taken,False
3089,H1970,1970.0,H,192,An Act relative to transparency in employee benefits reporting in private construction,Carolyn C. Dykema,Accompanied S1217,False
3090,H1971,1971.0,H,192,An Act requiring one fair wage,Tricia Farley-Bouvier,Accompanied S1213,False
3091,H2122,2122.0,H,192,An Act relative to the safe care of residents with active substance use disorder accessing skilled nursing facility care,James J. O'Day,"Accompanied a study order, see H5194",False
3092,S1340,1340.0,S,192,An Act relative to the terms for members of the city of Somerville's Zoning Board of Appeals,Patricia D. Jehlen,"Signed by the Governor, Chapter 63 of the Acts of 2021",True
3093,H1831,1831.0,H,192,An Act relative to the Uniform Probate Code,Alice Hanlon Peisch,"Accompanied a study order, see H4844",False
3094,H1354,1354.0,H,192,An Act relative to veteran tuition,Michael J. Moran,"Accompanied a study order, see H5174",False
3095,H4559,4559.0,H,192,An Act authorizing the town of Shutesbury to establish a means-tested senior citizen property tax exemption,Natalie M. Blais,"Signed by the Governor, Chapter 259 of the Acts of 2022",True
3096,S134,134.0,S,192,An Act protecting safety net access for Massachusetts residents,Michael O. Moore,"Accompanied a study order, see S2914",False
3097,H2762,2762.0,H,192,An Act relative to retirement systems and pensions for correctional officers,Orlando Ramos,"Accompanied a study order, see H4960",False
3098,S1291,1291.0,S,192,An Act to improve access to behavioral health services,John F. Keenan,No further action taken,False
3099,H1368,1368.0,H,192,An Act establishing the Massachusetts hunger-free campus initiative,Andres X. Vargas,"Accompanied a new draft, see H4697",False
3100,S1768,1768.0,S,192,An Act relative to retirement benefits for Thomas Brian Donnelly,Marc R. Pacheco,"Accompanied a study order, see S2679",False
3101,H154,154.0,H,192,An Act relative to THC potency limits for types of marijuana,Bradford Hill,"Accompanied a study order, see H5022",False
3102,S1793,1793.0,S,192,An Act protecting veterans’ preference in hiring practices,John C. Velis,No further action taken,False
3103,S100,100.0,S,192,An Act relative to the well being of children,Diana DiZoglio,"Accompanied a study order, see S2627",False
3104,S1798,1798.0,S,192,An Act exempting electric vehicle chargers from the sales tax ,Michael J. Barrett,Accompanied H3044,False
3105,H211,211.0,H,192,An Act establishing the Massachusetts foster care review office,Tricia Farley-Bouvier,"Accompanied a study order, see H5287",False
3106,S296,296.0,S,192,An Act promoting equity in school building assistance and ensuring best practice incentives are available for all school building projects,Joanne M. Comerford,"Accompanied a new draft, see S2727",False
3107,S87,87.0,S,192,An Act establishing a Foster Parents' Bill of Rights,Joanne M. Comerford,"New draft substituted, see S2954",False
3108,H145,145.0,H,192,An Act dedicating one-percent of the recreational marijuana excise tax to youth substance use prevention,Bruce J. Ayers,"Accompanied a study order, see H5022",False
3109,H566,566.0,H,192,An Act relative to recess for elementary school children,Marjorie C. Decker,"Accompanied a study order, see H5143",False
3110,S2251,2251.0,S,192,"An Act relative to the use of elephants, big cats, primates, giraffes, and bears in traveling exhibits and shows",Bruce E. Tarr,No further action taken,False
3111,H2066,2066.0,H,192,An Act ensuring access to addiction services,Ruth B. Balser,"Accompanied a new draft, see H5018",False
3112,H2059,2059.0,H,192,An Act expanding worker ownership training opportunities,Erika Uyterhoeven,"Accompanied a study order, see H5023",False
3113,S1112,1112.0,S,192,An Act improving protections relative to domestic violence,Michael O. Moore,"Accompanied a study order, see S2976",False
3114,S382,382.0,S,192,An Act relative to celebrating and teaching Native American culture and history,Rebecca L. Rausch,"Accompanied a new draft, see S2748",False
3115,H1662,1662.0,H,192,"An Act increasing penalties for discharging a firearm into a dwelling, residence, or structure where persons reside",Russell E. Holmes,Hearing scheduled for 07/27/2021 from 10:00 AM-02:00 PM in Virtual Hearing,False
3116,H2644,2644.0,H,192,An Act relative to impairment of health caused by infectious disease,Michael J. Finn,Accompanied H2650,False
3117,S1737,1737.0,S,192,An Act relative to the membership of the PRIM board,John F. Keenan,Accompanied H2751,False
3118,SD2457,2457.0,SD,192,An Act modernizing student transportation ,Adam G. Hinds,No further action taken,False
3119,H2685,2685.0,H,192,An Act further regulating the compensation of members of the General Court,Russell E. Holmes,"Accompanied a study order, see H4960",False
3120,H1149,1149.0,H,192,An Act relative to service dogs,Paul W. Mark,Hearing scheduled for 12/09/2021 from 11:00 AM-04:00 PM in Virtual Hearing,False
3121,H2322,2322.0,H,192,An Act regulating central service technicians,Daniel J. Hunt,Accompanied S1522,False
3122,H2552,2552.0,H,192,An Act relative to the creditable service for local municipal police and the Massachusetts State Police ,James Arciero,"Accompanied a study order, see H4960",False
3123,S1178,1178.0,S,192,An Act relative to nondiscrimination,Sal N. DiDomenico,No further action taken,False
3124,S1704,1704.0,S,192,An Act relative to death benefits to surviving spouses of call and volunteer firefighters,James B. Eldridge,Accompanied H2653,False
3125,S1477,1477.0,S,192,An Act to prevent death and disability from stroke,Mark C. Montigny,"Accompanied a study order, see S3164",False
3126,S1623,1623.0,S,192,An Act relative to oversight of the sex offender registry board,Michael O. Moore,No further action taken,False
3127,H1767,1767.0,H,192,An Act relative to the tax status of alimony,Christopher M. Markey,Accompanied H1633,False
3128,H2603,2603.0,H,192,An Act requiring creditable service for Massachusetts National Guard service,Claire D. Cronin,"Accompanied a study order, see H4960",False
3129,H3956,3956.0,H,192,An Act relative to the environmental protection of Joint Base Cape Cod,David T. Vieira,"Accompanied a study order, see H5041",False
3130,S1716,1716.0,S,192,An Act relative to retirement boards,Paul R. Feeney,"Accompanied a study order, see S2679",False
3131,H2609,2609.0,H,192,An Act relative to the membership of the PRIM board,Mark J. Cusack,Accompanied H2751,False
3132,S1636,1636.0,S,192,An Act relative to health education in women's correctional institutions,Rebecca L. Rausch,No further action taken,False
3133,S1719,1719.0,S,192,An Act to preserve the practice of including annual payments in lieu of vacation as regular compensation for current retirees and active retirement system members where such benefit existed as of May 2018,Cindy F. Friedman,Accompanied H2732,False
3134,H2683,2683.0,H,192,An Act relative to firefighter training,Kate Hogan,Accompanied H2608,False
3135,S1697,1697.0,S,192,An Act authorizing Nikos Sofronas to take the civil service examination for the position of firefighter in the city of Haverhill notwithstanding the maximum age requirement,Diana DiZoglio,"Signed by the Governor, Chapter 281 of the Acts of 2022",True
3136,S2296,2296.0,S,192,An Act relative to the Move Over Law,Brendan P. Crighton,No further action taken,False
3137,H2647,2647.0,H,192,An Act designating certain employees of the Massachusetts Department of Transportation to be in Group 2 of the contributory retirement system,Sean Garballey,"Accompanied a study order, see H4960",False
3138,S1741,1741.0,S,192,An Act providing fair and equitable line of duty death benefits for public employees,Eric P. Lesser,Accompanied H2716,False
3139,H2532,2532.0,H,192,An Act relative to automated enforcement,Paul F. Tucker,"Accompanied a study order, see H5320",False
3140,S1088,1088.0,S,192,An Act eliminating the statute of limitation in civil child sexual abuse cases,Joan B. Lovely,"Accompanied a study order, see S2665",False
3141,S1749,1749.0,S,192,An Act relative to the retirement of MassPort officers,Michael O. Moore,"Accompanied a study order, see S2679",False
3142,H2114,2114.0,H,192,An Act to improve access to behavioral health services,Elizabeth A. Malia,No further action taken,False
3143,H1764,1764.0,H,192,An Act relative to beneficiary deeds,Paul W. Mark,"Accompanied a study order, see H4844",False
3144,H1789,1789.0,H,192,An Act rescinding an order terminating parental rights,Joan Meschino,"Accompanied a study order, see H4844",False
3145,H2645,2645.0,H,192,An Act relative to the abolishment of the board of police in the city of Fall River,Carole A. Fiola,"Signed by the Governor, Chapter 35 of the Acts of 2022",True
3146,S1740,1740.0,S,192,An Act allowing for payment in lieu of a disability allowance,John F. Keenan,"Accompanied a study order, see S2679",False
3147,S1826,1826.0,S,192,An Act to ensure fairness through the economic development tax increment financing program,Brendan P. Crighton,"Accompanied a study order, see H5247",False
3148,H3408,3408.0,H,192,An Act relative to blocking the box traffic violations,David Biele,"Accompanied a study order, see H4944",False
3149,SD2520,2520.0,SD,192,OIG 2020 MassHealth and Health Safety Net Annual Report,Office of the Inspector General,Placed on file,False
3150,H556,556.0,H,192,An Act relative to emergency stock supply of epinephrine in schools,Daniel Cahill,Accompanied H604,False
3151,H2250,2250.0,H,192,An Act relative to the prescription monitoring program,Claire D. Cronin,"Accompanied a study order, see H5202",False
3152,S1427,1427.0,S,192,An Act relative to student heart health,Diana DiZoglio,"Accompanied a study order, see S2692",False
3153,S4653,,,192,,,,False
3154,H967,967.0,H,192,An Act relative to food justice with jobs,Adrian C. Madaro,"Accompanied a new draft, see S2880",False
3155,S1333,1333.0,S,192,An Act to reduce greenhouse gas emissions by permitting local option all-electric buildings and homes ordinances,James B. Eldridge,Accompanied H4524,False
3156,H2187,2187.0,H,192,An Act relative to school service contracts,Adrian C. Madaro,"Accompanied a study order, see H5101",False
3157,S1381,1381.0,S,192,An Act relative to the board of registration in naturopathy,Joanne M. Comerford,Accompanied H2266,False
3158,S1414,1414.0,S,192,An Act relative to continuing education requirements for chiropractors,Diana DiZoglio,"Accompanied a study order, see S2692",False
3159,S1430,1430.0,S,192,An Act relative to the Massachusetts lead law and promoting equal access to lead-free housing,James B. Eldridge,"Accompanied a study order, see S2772",False
3160,H2146,2146.0,H,192,An Act to protect pets,Mark J. Cusack,"Accompanied a study order, see H4933",False
3161,H1140,1140.0,H,192,An Act making changes to certain references in the banking laws of the Commonwealth,"John J. Lawn, Jr.",No further action taken,False
3162,S1508,1508.0,S,192,An Act relative to uniform HIPAA standards,Patrick M. O'Connor,"Accompanied a study order, see S2692",False
3163,H3557,3557.0,H,192,An Act relative to the transportation impacts of new developments ,Steven C. Owens,"Accompanied a study order, see H4966",False
3164,S654,654.0,S,192,An Act relative to out-of-pocket expenses for prescription drug coverage,Sal N. DiDomenico,"Accompanied a study order, see S2693",False
3165,H2399,2399.0,H,192,An Act to require public universities to provide medication abortion,Lindsay N. Sabadosa,"Accompanied a new draft, see H4821",False
3166,H2358,2358.0,H,192,An Act relative to dental service quotes,Marc T. Lombardo,"Accompanied a study order, see H5035",False
3167,S1371,1371.0,S,192,An Act to reduce atmospheric pollution ,Joseph A. Boncore,"Accompanied a study order, see S2692",False
3168,S1495,1495.0,S,192,An Act relative to high school sports injury and health data,Michael O. Moore,"Accompanied a new draft, see H4819",False
3169,S179,179.0,S,192,An Act to update the alcohol excise tax ,Cynthia Stone Creem,"Accompanied a study order, see S2666",False
3170,H4275,4275.0,H,192,An Act to change the number of members of the Insurance Advisory Committee for the town of Milford,Brian W. Murray,"Signed by the Governor, Chapter 242 of the Acts of 2022",True
3171,S2734,2734.0,S,192,"Order relative to authorizing the joint committee on Environment, Natural Resources and Agriculture to make an investigation and study of certain current Senate documents relative to environment, natural resources and agriculture matters","Joint Committee on Environment, Natural Resources and Agriculture",No further action taken,False
3172,H628,628.0,H,192,An Act relative to pre-school teachers,"Bradley H. Jones, Jr.","Accompanied a new draft, see H4795",False
3173,H3292,3292.0,H,192,An Act achieving a green future with infrastructure and workforce investments,"William J. Driscoll, Jr.",No further action taken,False
3174,S2456,2456.0,S,192,An Act authorizing the release of certain land in the town of Raynham from the operation of an agricultural preservation restriction,Marc R. Pacheco,No further action taken,False
3175,H2990,2990.0,H,192,An Act to encourage Massachusetts residency ,Jay D. Livingstone,"Accompanied a new draft, see H4997",False
3176,H1048,1048.0,H,192,An Act reforming labor rates paid by insurance companies to auto repairers in the Commonwealth,Antonio F. D. Cabral,"Accompanied a study order, see H5235",False
3177,H4225,4225.0,H,192,An Act relative to suicide prevention in schools,Edward R. Philips,"Accompanied a new draft, see H4540",False
3178,H486,486.0,H,192,An Act relative to PPP loan tax exemption,Paul K. Frost,"Accompanied a study order, see H4968",False
3179,H558,558.0,H,192,An Act establishing a special education funding reform commission,Daniel R. Carey,"Accompanied a study order, see H5099",False
3180,H1264,1264.0,H,192,An Act to support disproportionate share hospitals ,Michael J. Finn,"Accompanied a study order, see H5201",False
3181,H1289,1289.0,H,192,An Act ensuring protections for physicians and hospitals that contract with Medicaid managed care organizations,David Paul Linsky,"Accompanied a study order, see H5201",False
3182,H2695,2695.0,H,192,An Act relative to the disability retirement system alternative commission,"Bradley H. Jones, Jr.","Accompanied a study order, see H4960",False
3183,H3462,3462.0,H,192,An Act relative to the extension of the red line,Sean Garballey,"Accompanied a study order, see H4944",False
3184,S815,815.0,S,192,An Act establishing a healthcare insurance premium payment pool for working families,Bruce E. Tarr,"Accompanied a study order, see S2800",False
3185,S845,845.0,S,192,An Act to increase access to higher education for disadvantaged students,Jason M. Lewis,"Accompanied a study order, see S2714",False
3186,S1522,1522.0,S,192,An Act regulating central service technicians,Michael F. Rush,"New draft substituted, see S2913",False
3187,S2563,2563.0,S,192,An Act establishing senatorial districts,,"Signed by the Governor, Chapter 82 of the Acts of 2021",True
3188,H492,492.0,H,192,An Act amending Chapter 220 of the Acts of 2018 due to COVID-19,Danielle W. Gregoire,"Accompanied a study order, see H4968",False
3189,H576,576.0,H,192,"An Act relative to the safety of schools, residences, and public assemblies",Michelle M. DuBois,Accompanied H653,False
3190,H1266,1266.0,H,192,An Act to protect medically fragile children,Denise C. Garlick,Accompanied S768,False
3191,H1292,1292.0,H,192,An Act providing access to patient protection services for MassHealth consumers,Elizabeth A. Malia,"Accompanied a study order, see H5201",False
3192,H2824,2824.0,H,192,An Act providing for property tax relief for small business owners,Bruce J. Ayers,"Accompanied a study order, see H5043",False
3193,S314,314.0,S,192,An Act relative to universal school meals ,Sal N. DiDomenico,No further action taken,False
3194,S1573,1573.0,S,192,An Act relative to the Commonwealth's obligation to preserve public safety for all Massachusetts residents,Diana DiZoglio,Accompanied H2418,False
3195,H565,565.0,H,192,"An Act to ensure equitable access to education, including special education services, for all students in Massachusetts",Marjorie C. Decker,"Accompanied a new draft, see H4538",False
3196,H1265,1265.0,H,192,An Act to create a special commission to improve transparency and affordability at the Group Insurance Commission,Sean Garballey,"Accompanied a study order, see H4960",False
3197,H1290,1290.0,H,192,An Act to streamline access to critical public health and safety-net programs through common applications,Jay D. Livingstone,No further action taken,False
3198,H2722,2722.0,H,192,An Act establishing fairness in GIC premium contributions,Paul W. Mark,"Accompanied a study order, see H5206",False
3199,H4424,4424.0,H,192,Extension Order - Housing,James Arciero,"Adopted, in concurrence",False
3200,S816,816.0,S,192,An Act relative to association health plans,Bruce E. Tarr,"Accompanied a study order, see S2800",False
3201,S1036,1036.0,S,192,An Act relative to sexual harassment,Cindy F. Friedman,"Accompanied a study order, see S2665",False
3202,H194,194.0,H,192,An Act relative to accessibility at gas station,Daniel Cahill,No further action taken,False
3203,H507,507.0,H,192,An Act to responsibly protect employment and revenue derived from the Commonwealth’s gaming industry,Shawn Dooley,"Accompanied a study order, see H5004",False
3204,H1271,1271.0,H,192,An Act relative to Health Policy Commission reviews of scope of practice proposals,Patricia A. Haddad,"Accompanied a study order, see H5201",False
3205,H1498,1498.0,H,192,An Act establishing criminal responsibility for motor vehicle “hit and runs” on private property,Claire D. Cronin,No further action taken,False
3206,H2888,2888.0,H,192,An Act enhancing the senior property tax deferral program,Carolyn C. Dykema,"Accompanied a study order, see H5352",False
3207,H3551,3551.0,H,192,An Act relative to private sale requirements for used vehicles,"David K. Muradian, Jr.","Accompanied a study order, see H5258",False
3208,HD413,413.0,HD,192,An Act authorizing electronic signatures on search warrant applications,Paul F. Tucker,"Accompanied a study order, see H4844",False
3209,S327,327.0,S,192,An Act prohibiting against age discrimination within the public schools,Diana DiZoglio,"Accompanied a study order, see S2756",False
3210,S1834,1834.0,S,192,An Act authorizing the establishment of first-time homebuyer savings accounts,Julian Cyr,Accompanied H2840,False
3211,S291,291.0,S,192,An Act relative to civics education,Nick Collins,"Accompanied a study order, see S2756",False
3212,H481,481.0,H,192,An Act providing for a temporary emissions cap on particulate matter contaminants in adversely affected COVID-19 populations,Michelle M. DuBois,"Accompanied a study order, see H4968",False
3213,H548,548.0,H,192,An Act relative to the Massachusetts School Building Authority,Natalie M. Blais,"Accompanied a new draft, see S2727",False
3214,H1261,1261.0,H,192,An Act providing financial transparency for patients receiving care at hospital-based outpatient facilities,"William J. Driscoll, Jr.","Accompanied a study order, see H5222",False
3215,H1704,1704.0,H,192,An Act maintaining the integrity of sex offender classifications,Patrick Joseph Kearney,"Accompanied a study order, see H4844",False
3216,H4415,4415.0,H,192,Extension Order - Housing,James Arciero,"Adopted, in concurrence",False
3217,S242,242.0,S,192,An Act relative to the fair distribution and pricing of event tickets,Michael F. Rush,"Accompanied a study order, see S2666",False
3218,S813,813.0,S,192,An Act relative to health care non-discrimination,Michael F. Rush,"Accompanied a study order, see S2800",False
3219,S841,841.0,S,192,An Act investing in public higher education,Edward J. Kennedy,"Accompanied a new draft, see S2744",False
3220,S1504,1504.0,S,192,An Act supporting school-based substance use prevention through evidenced-based positive social norms marketing,Patrick M. O'Connor,"Accompanied a study order, see S2692",False
3221,H39,39.0,H,192,An Act relative to Keno licenses,Office of the State Treasurer,No further action taken,False
3222,H1267,1267.0,H,192,An Act establishing Medicare for all in Massachusetts,Denise C. Garlick,"Accompanied a study order, see H5222",False
3223,H1294,1294.0,H,192,An Act relative to hospital billing and licensure,Paul W. Mark,"Accompanied a new draft, see H4248",False
3224,H3853,3853.0,H,192,An Act directing the State Retirement Board to grant creditable service to Cheryl A. Bednarik,Joint Committee on Public Service,No further action taken,False
3225,S252,252.0,S,192,An Act establishing the Commission of Inquiry on the Commonwealth of Massachusetts’ response to and recovery from the COVID-19 crisis,Eric P. Lesser,"Accompanied a new draft, see H4670",False
3226,S316,316.0,S,192,An Act to support healthy development among preschoolers,Sal N. DiDomenico,No further action taken,False
3227,S1233,1233.0,S,192,An Act allowing 12 and 13 year old youth to be employed as soccer referees,Patrick M. O'Connor,No further action taken,False
3228,S1724,1724.0,S,192,An Act relative to retirement buy back into the Massachusetts State Retirement system for Sherrie Stevens,Anne M. Gobi,No further action taken,False
3229,S2659,2659.0,S,192,"Order relative to authorizing the joint committee on Children, Families and Persons with Disabilities to make an investigation and study of a certain current Senate document relative to accountability for vulnerable children and families","Joint Committee on Children, Families and Persons with Disabilities","Order reported favorably by committee and referred to the committee on Rules of the two branches, acting concurrently",False
3230,H469,469.0,H,192,An Act clarifying telephone solicitation,Joseph F. Wagner,"Accompanied a study order, see H4880",False
3231,H538,538.0,H,192,"An Act relative to the safety of schools, residences, and public assemblies",Brian M. Ashe,Accompanied H653,False
3232,S286,286.0,S,192,An Act relative to safer schools,Harriette L. Chandler,"Accompanied a study order, see S2769",False
3233,S355,355.0,S,192,An Act increasing the Commonwealth's share of the education foundation budget,Jason M. Lewis,"Accompanied a study order, see S2755",False
3234,S833,833.0,S,192,An Act supporting urgent community college equity through student services,Anne M. Gobi,No further action taken,False
3235,S2099,2099.0,S,192,An Act creating the official shellfish of the Commonwealth,Marc R. Pacheco,No further action taken,False
3236,H427,427.0,H,192,An Act regarding automatic renewal and continuous service offers,Adrian C. Madaro,"Accompanied a study order, see H4880",False
3237,H607,607.0,H,192,An Act relative to science curriculum standards,Kenneth I. Gordon,"Accompanied a study order, see H5135",False
3238,H1273,1273.0,H,192,An Act to protect MassHealth applicants facing undue hardship,Kate Hogan,Accompanied S741,False
3239,H3053,3053.0,H,192,An Act relative to tax deeds,Jeffrey N. Roy,"Accompanied a study order, see H5250",False
3240,S351,351.0,S,192,An Act expanding high school student access to earn industry recognized credentials,Eric P. Lesser,"Accompanied a new draft, see S2749",False
3241,S825,825.0,S,192,An Act improving access to affordable higher education,Joanne M. Comerford,No further action taken,False
3242,S1851,1851.0,S,192,An Act closing the single sales factor tax loophole,James B. Eldridge,"Accompanied a study order, see H5247",False
3243,S2664,2664.0,S,192,An Act relative to hemp and agriculture in the cannabis industry,Joint Committee on Cannabis Policy,No further action taken,False
3244,H601,601.0,H,192,An Act addressing the needs of students with disabilities turning 22 during the COVID-19 emergency  ,Carmine Lawrence Gentile,"Accompanied a new draft, see H4541",False
3245,H1270,1270.0,H,192,An Act administering national standards to Medicaid medical necessity reviews,Danielle W. Gregoire,"Accompanied a study order, see H5201",False
3246,H2873,2873.0,H,192,An Act relative to embarkation fees,Kip A. Diggs,No further action taken,False
3247,H4017,4017.0,H,192,An Act establishing a special commission to examine the Department of Public Health’s nursing home licensure process and requirements,NONE,"Signed by the Governor, Chapter 34 of the Acts of 2021",True
3248,H4576,4576.0,H,192,An Act amending the charter of the town of Bourne,David T. Vieira,"Amended by substitution of a bill with the same title, H5370",False
3249,S255,255.0,S,192,An Act relative to diverse marketing programs,Nick Collins,No further action taken,False
3250,S323,323.0,S,192,An Act relative to unfunded mandates on public schools,Diana DiZoglio,"Accompanied a study order, see S2756",False
3251,S820,820.0,S,192,An Act relative to reimbursement rates for mental health beds,John C. Velis,"Accompanied a study order, see S2800",False
3252,S1237,1237.0,S,192,"An Act relative to a prevailing wage for trash and recycling collectors, moving contractors, and motor bus pupil transporters",Marc R. Pacheco,Hearing scheduled for 10/19/2021 from 10:30 AM-04:30 PM in Virtual Hearing,False
3253,S1808,1808.0,S,192,An Act providing tax relief to seniors while creating affordable housing,Harriette L. Chandler,No further action taken,False
3254,S2660,2660.0,S,192,An Act relative to social equity and host community agreements in the cannabis industry,Joint Committee on Cannabis Policy,"New draft substituted, see S2801",False
3255,H415,415.0,H,192,An Act relative to credit rating protection,James M. Kelcourse,"Accompanied a study order, see H4880",False
3256,H1510,1510.0,H,192,An Act relative to supporting victims of domestic violence,Josh S. Cutler,"Accompanied a study order, see H4844",False
3257,H3754,3754.0,H,192,An Act relative to the appointment of retired police officers as special police officers in the town of Arlington,Sean Garballey,"Signed by the Governor, Chapter 77 of the Acts of 2021",True
3258,HD3072,3072.0,HD,192,"An Act creating higher education opportunities for students with intellectual disabilities, autism, and other developmental disabilities",Sean Garballey,"Accompanied a new draft, see H4695",False
3259,S260,260.0,S,192,An Act relative to investment in Massachusetts-based jobs,Julian Cyr,"Accompanied a new draft, see S2735",False
3260,S823,823.0,S,192,An Act providing access to higher education for high school graduates in the Commonwealth,Sonia Chang-Diaz,"Accompanied a study order, see S2714",False
3261,S1836,1836.0,S,192,An Act relative to a bifurcated property tax,Julian Cyr,"Accompanied a study order, see S2743",False
3262,H483,483.0,H,192,An Act relative to establishing a COVID-19 funeral and burial assistance fund,Nika C. Elugardo,"Accompanied a study order, see H4968",False
3263,H1263,1263.0,H,192,An Act improving consumer choice in health care providers,Carolyn C. Dykema,"Accompanied a study order, see H5201",False
3264,H1287,1287.0,H,192,An Act relative to the nursing home quality jobs initiative,"John J. Lawn, Jr.",No further action taken,False
3265,H2639,2639.0,H,192,An Act to provide pensions to surviving spouses of Department of Children and Families social workers killed in the line of duty,Tricia Farley-Bouvier,"Accompanied a study order, see H4960",False
3266,H4419,4419.0,H,192,Extension Order - Transportation,William M. Straus,"Adopted, in concurrence",False
3267,S243,243.0,S,192,An Act relative to preventing price gouging during an emergency,Bruce E. Tarr,"Accompanied a study order, see S2666",False
3268,S299,299.0,S,192,An Act to establish food allergy plans,Cynthia Stone Creem,No further action taken,False
3269,S814,814.0,S,192,An Act empowering patients and entrepreneurs with real transparency on cost,Bruce E. Tarr,"Accompanied a study order, see S2800",False
3270,S843,843.0,S,192,An Act requiring institutions of higher education to provide uniform financial aid information to accepted applicants,Eric P. Lesser,Senate concurred,False
3271,S1505,1505.0,S,192,An Act to conduct a public health study of synthetic drugs in the commonwealth,Patrick M. O'Connor,"Accompanied a study order, see S2692",False
3272,S2288,2288.0,S,192,An Act authorizing the town of Marblehead to amend Chapter 37 of the Acts of 2004: Parking Violations in the Town of Marblehead,Brendan P. Crighton,No further action taken,False
3273,H1259,1259.0,H,192,An Act strengthening market oversight in health care,Paul J. Donato,"Accompanied a new draft, see H4248",False
3274,H1283,1283.0,H,192,An Act promoting workforce development and provider retention at community health centers,Mary S. Keefe,Accompanied  S777,False
3275,H1622,1622.0,H,192,An Act to expand the use of a summons and complaint system,Kenneth I. Gordon,"Accompanied a study order, see H4844",False
3276,H2389,2389.0,H,192,Resolve establishing an advisory committee on the accessibility of fresh food retail in communities throughout the Commonwealth,Orlando Ramos,No further action taken,False
3277,H4399,4399.0,H,192,Extension Order - Higher Education,David M. Rogers,"Adopted, in concurrence",False
3278,S223,223.0,S,192,An Act to protect the privacy of lottery winners,Mark C. Montigny,"Accompanied a study order, see S2666",False
3279,S362,362.0,S,192,An Act providing affordable and accessible high quality early education and care to promote child development and well-being and support the economy in the Commonwealth,Jason M. Lewis,"Accompanied a new draft, see S2883",False
3280,S834,834.0,S,192,An Act relative to late fees for no interest student loans,Adam Gomez,"Accompanied a study order, see S2822",False
3281,S2218,2218.0,S,192,An Act relative to a residential PACE program,Marc R. Pacheco,Hearing scheduled for 09/29/2021 from 09:00 AM-01:00 PM in Virtual Hearing,False
3282,H452,452.0,H,192,An Act protecting children's programs,John H. Rogers,"Accompanied a study order, see H4880",False
3283,H734,734.0,H,192,An Act relative to food assistance for senior citizens,Linda Dean Campbell,"Accompanied a study order, see H5029",False
3284,H1537,1537.0,H,192,An Act relative to capital punishment for the murder of law enforcement officers,David F. DeCoste,"Accompanied a study order, see H4844",False
3285,H2295,2295.0,H,192,An Act relative to pupil dental health,Sean Garballey,"Accompanied a study order, see H5198",False
3286,H4266,4266.0,H,192,An act authorizing the Massachusetts State Retirement Board to grant credible service to John Farrell ,James M. Kelcourse,No further action taken,False
3287,HD3824,3824.0,HD,192,An Act establishing a jail and prison construction moratorium,Chynah Tyler,"Accompanied a study order, see H5173",False
3288,S271,271.0,S,192,An Act relative to corporate social responsibility,Jason M. Lewis,"Accompanied a study order, see S2710",False
3289,S830,830.0,S,192,An Act to establish a Master of Library Science assistance program,Paul R. Feeney,"Accompanied a study order, see S2714",False
3290,S1884,1884.0,S,192,An Act relative to the estate tax,Patricia D. Jehlen,"Accompanied a new draft, see H4997",False
3291,H429,429.0,H,192,An Act relative to apportionment of lottery revenues,John J. Mahoney,"Accompanied a study order, see H4880",False
3292,H523,523.0,H,192,An Act relative to the race horse development fund,"Bradley H. Jones, Jr.","Accompanied a study order, see H5004",False
3293,H1277,1277.0,H,192,An Act relative to establishing a health safety net task force,Steven S. Howitt,"Accompanied a study order, see H5201",False
3294,H1536,1536.0,H,192,An Act to protect the religious beliefs and moral convictions of citizens of the Commonwealth,David F. DeCoste,"Accompanied a study order, see H4844",False
3295,H2282,2282.0,H,192,An Act relative to reciprocity of psychologists,Kimberly N. Ferguson,"Accompanied a study order, see H5035",False
3296,H3139,3139.0,H,192,An Act Recognizing Sikh Holidays,Patricia A. Duffy,"Accompanied a new draft, see H4569",False
3297,H4265,4265.0,H,192,An Act concerning the appointment of retired Salem firefighters as special firefighters within the city of Salem,Paul F. Tucker,"Signed by the Governor, Chapter 204 of the Acts of 2022",True
3298,S827,827.0,S,192,An Act protecting students abroad,Sal N. DiDomenico,"Accompanied a study order, see S2714",False
3299,S1874,1874.0,S,192,An Act relative to payments in lieu of taxation by organizations exempt from the property tax,Adam Gomez,"Accompanied a study order, see H5279",False
3300,S2674,2674.0,S,192,An Act expanding the sale of products by farmer distilleries and wineries,Joint Committee on Consumer Protection and Professional Licensure,No further action taken,False
3301,H1260,1260.0,H,192,An Act enhancing the market review process,Paul J. Donato,"Accompanied a new draft, see H4248",False
3302,H1284,1284.0,H,192,An Act relative to nurse licensure compact in Massachusetts,Kay Khan,No further action taken,False
3303,H1638,1638.0,H,192,An Act to simplify administrative aspect of evidentiary use of medical information,Christopher Hendricks,No further action taken,False
3304,S439,439.0,S,192,An Act to allow chairs of political parties to release candidates from certain enrollment requirements,William N. Brownsberger,"Accompanied a study order, see H5026",False
3305,S836,836.0,S,192,An Act to support educational opportunity for all,Adam Gomez,"Accompanied a study order, see S2714",False
3306,S1474,1474.0,S,192,An Act relative to conducting fetal and infant mortality review,Joan B. Lovely,Accompanied H2371,False
3307,H464,464.0,H,192,"An Act in relation to prohibiting price gouging with respect to goods, services and supplies during a declared public health emergency",Alyson M. Sullivan,"Accompanied a study order, see H4880",False
3308,H1281,1281.0,H,192,An Act relative to the Group Insurance Commission and Medicare migration,"Bradley H. Jones, Jr.","Accompanied a study order, see H5340",False
3309,H1538,1538.0,H,192,An Act relative to protecting law enforcement officers from fentanyl exposure,David F. DeCoste,"Accompanied a study order, see H4844",False
3310,H2313,2313.0,H,192,An Act relative to diabetes prevention,Richard M. Haggerty,Accompanied S1461,False
3311,H4268,4268.0,H,192,An Act relative to fair and equitable compensation for medical services,William C. Galvin,"Accompanied a study order, see H5222",False
3312,S354,354.0,S,192,An Act to improve and enhance the Advisory Board to the Massachusetts School Building Authority,Jason M. Lewis,"Accompanied a new draft, see S2727",False
3313,S831,831.0,S,192,An Act to amend the charter of Wheaton College,Paul R. Feeney,"Accompanied a new draft, see S2547",False
3314,S1910,1910.0,S,192,An Act related to a universal basic income pilot,Jason M. Lewis,Accompanied S1883,False
3315,H4368,4368.0,H,192,Extension Order - Transportation,William M. Straus,"Adopted, in concurrence",False
3316,H470,470.0,H,192,An Act relative to vehicle recalls,Thomas P. Walsh,No further action taken,False
