,bill_number,general_court,bill_title,bill_id,env_relevance_score,is_environmental,cluster_id
0,0,192,Legislative meetings related to resiliency. No legislation was filed.,,0.080746055,True,5
1,1,192,"An Act making appropriations for the Fiscal Year 2024 for the maintenance of the departments, boards, commissions, institutions, and certain activities of the Commonwealth, for interest, sinking fund, and serial bond requirements, and for certain permanent improvements",H1,0.02309376,False,5
2,100,192,An Act establishing a special commission to study women and homelessness,S100,0.037359595,False,12
3,1000,192,An Act providing living organ donor protections,H1000,0.07768136,True,13
4,1002,192,An Act supporting survivors of trafficking and abuse and encouraging increased access to opportunities through expungement and/or sealing of records,S1002,0.05165434,True,12
5,1004,192,An Act reforming?the Massachusetts civil rights act,H1004,0.056099236,True,7
6,1005,192,An Act relative to the licensure of automobile damage appraisers,S1005,0.02326715,False,12
7,1006,192,An Act relative to the compulsory automobile insurance limits,H1006,0.089162886,True,13
8,1007,192,An Act relative to insurance coverage of mobile integrated health,H1007,0.07454085,True,13
9,1008,192,An Act requiring licensed auto insurance damage appraisers to provide safety notices to the owners of damaged motor vehicles,S1008,0.011417627,False,12
10,1009,192,"An Act relative to uncollected co-pays, co-insurance and deductibles",S1009,-0.0040504932,False,2
11,101,192,An Act protecting our soil and farms from PFAS contamination,H101,0.029140294,False,4
12,1010,192,An Act relative to ambulance service reimbursement,H1010,0.03610885,False,0
13,1011,192,An Act relative to fair and equitable compensation for medical services,H1011,0.08037341,True,11
14,1012,192,An Act relative to transmitting indecent visual depictions by teens and the unlawful distribution of explicit images,S1012,0.028616607,False,12
15,1014,192,An Act to improve child and adolescent mental health services,S1014,0.03578478,False,12
16,1015,192,An Act providing for certain health insurance coverage,H1015,0.07099491,True,10
17,1016,192,An Act to enact pharmacy benefit manager duties,H1016,0.054813027,True,12
18,1017,192,An Act relative to pediatric care appointments,S1017,0.03255284,False,12
19,1018,192,An Act further regulating the rental of motor vehicles,S1018,0.043995142,False,12
20,1019,192,An Act ensuring pharmacy access,S1019,-0.005698025,False,3
21,102,192,An Act relative to farmer-distilleries,H102,0.026592314,False,5
22,1020,192,An Act relative to the fair treatment of employees,S1020,-0.0064209104,False,3
23,1023,192,An Act relative to the expungement of convictions for marijuana possession,S1023,0.011335373,False,3
24,1025,192,An Act to promote cancer screenings for firefighters,H1025,0.07730019,True,13
25,1026,192,An Act to provide homeowners with fair insurance premiums,H1026,0.054757178,True,13
26,1027,192,An Act relative to homeowners' insurance complaint education,H1027,0.03584194,False,13
27,1029,192,An Act relative to prejudgment interest rates,H1029,0.07391864,True,10
28,1030,192,An Act relative to human donor milk coverage,H1030,0.05514437,True,13
29,1031,192,An Act to redirect excessive health insurer reserves to support health care needs,H1031,0.05149114,True,1
30,1032,192,An Act relative to growth opportunities for state financial institutions,H1032,0.07992262,True,13
31,1033,192,An Act to strengthen the state credit union charter,H1033,0.06364626,True,1
32,1034,192,An Act to allow municipalities to deposit in credit unions,S1034,0.030904114,False,12
33,1035,192,An Act to establish minimum reimbursement rate to insurance claimants,H1035,0.0458889,False,3
34,1036,192,An Act relative to sexual assaults by adults in positions of authority or trust,S1036,-0.00029867887,False,3
35,1038,192,An Act eliminating the statute of limitation in civil child sexual abuse cases,H1038,0.0040542483,False,1
36,104,192,An Act relative to seeds,S104,0.025768638,False,12
37,1041,192,An Act relative to preserving fertility,H1041,-0.0025223494,False,1
38,1043,192,An Act relative to breast cancer equity and early detection,S1043,0.008034289,False,12
39,1044,192,An Act relative to insurance point surcharges,H1044,0.031061769,False,1
40,1045,192,An Act relative to unpaid health insurance deductibles,S1045,0.027231991,False,10
41,1046,192,An Act relative to the cleanup of accidental home heating oil spills,H1046,0.04357475,False,1
42,1047,192,An Act relative to eliminating surcharges for vehicle inspection violations,H1047,0.041211605,False,1
43,1048,192,An Act relative to summary process and rental assistance,H1048,0.0017902851,False,1
44,1049,192,An Act protecting consumers' privacy in mortgage applications,H1049,0.05191332,True,1
45,105,192,An Act relative to data transparency in the cannabis industry,H105,0.022566617,False,2
46,1050,192,An Act to improve patient access to non-emergency medical transportation,H1050,0.047735393,False,1
47,1052,192,An Act relative to forfeiture reform,S1052,0.047314405,False,10
48,1053,192,An Act establishing a commission to study the promotion of preferred pharmacy networks,H1053,0.024874091,False,1
49,1054,192,An Act relative to epinephrine injectors,H1054,0.037451208,False,3
50,1055,192,An Act relative to pharmaceutical gag clauses,H1055,0.029919505,False,1
51,1056,192,An Act establishing a commission to study maximum allowable costs lists,S1056,0.061608255,True,11
52,1057,192,An Act to strengthen laws combatting human trafficking and protecting survivors of modern-day slavery,H1057,0.004179418,False,1
53,1058,192,An Act relative to insurance surcharges,S1058,0.0010303855,False,6
54,1059,192,An Act relative to electronic automobile insurance charges,S1059,0.032175243,False,12
55,106,192,An Act establishing an internal special audit unit within the Cannabis Control Commission,H106,0.030096412,False,2
56,1061,192,An Act relative to emergency insulin access,H1061,0.009948432,False,6
57,1063,192,An Act relative to insurance discounts,S1063,0.04566133,False,7
58,1064,192,An Act removing the charitable immunity cap,H1064,0.015329719,False,1
59,1065,192,An Act relative to surcharges on motor vehicle insurance premiums,S1065,0.06150645,True,13
60,1067,192,An Act relative to public charity executive and board of directors compensation,S1067,0.031996846,False,4
61,1068,192,An Act to further define medical necessity determinations,H1068,0.02513814,False,1
62,1069,192,An Act to increase access to nurse-midwifery services,S1069,0.039435983,False,10
63,1071,192,An Act to enhance courthouse security,H1071,0.0276165,False,1
64,1072,192,An Act relative to behavioral health and nutrition counseling,H1072,0.01962912,False,1
65,1073,192,An Act relative to telehealth parity for nutrition counseling,H1073,0.045244217,False,13
66,1074,192,An Act relative to cancer patient access to biomarker testing to provide appropriate therapy,H1074,0.04298824,False,1
67,1075,192,An Act ensuring support groups are part of the pathway of care following the annual mental health wellness exam,H1075,0.035987675,False,1
68,1076,192,An Act relative to the ownership of pets by convicted animal abusers,H1076,0.042888165,False,1
69,1077,192,An Act relative to insurance company rebates,S1077,0.031853616,False,3
70,1078,192,An Act making changes to certain references in the banking laws of the Commonwealth,H1078,0.020181775,False,1
71,1079,192,An Act providing for temporary emergency licensing of appraisers of motor vehicle damage covered by auto insurance policies,S1079,0.027874112,False,4
72,108,192,An Act establishing guardians as providers of medical care to support the rights of incapacitated persons,S108,0.02567482,False,8
73,1080,192,An Act increasing penalties for hit and runs with recreational vehicles in the Commonwealth to be known as the James Ward Act,H1080,0.03682089,False,1
74,1081,192,An Act relative to preserving preventative services without cost sharing,H1081,0.01601696,False,1
75,1082,192,An Act relative to fair access for qualifying patients,H1082,0.047403455,False,10
76,1083,192,An Act to facilitate alternatives to foreclosure,H1083,0.02116102,False,1
77,1084,192,An Act relative to applied behavioral analysis therapy,H1084,0.049739957,False,0
78,1086,192,An Act expanding the use of video and telephone conferencing,H1086,0.010002613,False,1
79,1087,192,An Act preventing inappropriate denials by insurers for medically necessary services,H1087,0.02501434,False,1
80,1088,192,An Act relative to greater fairness in insurance,S1088,0.027401686,False,12
81,1089,192,An Act relative to gender identity in insurance,H1089,0.03189534,False,1
82,109,192,An Act relative to supported decision-making agreements for certain adults with disabilities,S109,-0.009067416,False,3
83,1090,192,An Act relative to transportation network company fees,H1090,0.015108645,False,1
84,1091,192,An Act relative to reducing unnecessary delays in patient care,H1091,0.03348857,False,1
85,1092,192,An Act relative to protecting innocent sellers,S1092,0.022202313,False,12
86,1093,192,An Act relative to ensuring treatment for genetic craniofacial conditions,H1093,0.007490754,False,1
87,1094,192,An Act expanding coverage of dental procedures,H1094,0.010760665,False,3
88,1095,192,An Act establishing the fair calculation of labor rates paid by insurance companies to auto repairers in the Commonwealth,H1095,0.01774007,False,1
89,1097,192,An Act relative to coercive control,H1097,0.027973652,False,1
90,1098,192,An Act relative to auto insurance costs for traditionally low-and moderate income communities,H1098,0.025451422,False,1
91,1099,192,An Act establishing a transportation network driver bill of rights,H1099,0.021884441,False,8
92,1101,192,An Act regarding credit card surcharging,H1101,0.017767668,False,1
93,1102,192,An Act eliminate penalty charges when canceling auto insurance,H1102,0.043322504,False,13
94,1103,192,An Act relative to breast cancer equity and early detection,S1103,0.044582725,False,0
95,1104,192,An Act protecting homeowners from unnecessary foreclosures,S1104,-0.03920716,False,12
96,1106,192,An Act specifying an electronic system to ensure that sales of certain products containing pseudoephedrine (PSE) do not exceed limits established under federal law,H1106,0.023538768,False,1
97,1107,192,An Act relative to fairness in debt collection,S1107,0.038989365,False,12
98,1108,192,An Act relative to community behavioral health centers,H1108,0.021075249,False,10
99,1110,192,An Act relative to dental insurance assignment of benefits,H1110,0.008756876,False,1
100,1111,192,An Act relative to a dental patient bill of rights,H1111,-0.0024183989,False,1
101,1112,192,An Act relative to the Massachusetts Uniform Commercial Code,S1112,0.02575624,False,12
102,1113,192,An Act relative to real estate disclosure forms,H1113,0.0039430857,False,1
103,1114,192,An Act to add a compulsory death benefit to automobile liability insurance,S1114,0.03592068,False,12
104,1115,192,An Act relative to the diagnosis and treatment of breast cancer,H1115,-0.013251483,False,1
105,1116,192,An Act relative to the treatment of infantile cataracts,H1116,0.02803588,False,1
106,1117,192,An Act protecting bank employees and customers,S1117,0.024385989,False,12
107,1118,192,An Act relative to the calculation of labor rates paid by insurance companies to auto repairers in the Commonwealth,H1118,0.010556519,False,1
108,1119,192,An Act to ensure consumer cost protection under the dental medical loss ratio,H1119,0.14215004,True,1
109,112,192,An Act relative to establishing a minimum age of entry for cannabis,S112,0.024355292,False,1
110,1120,192,An Act relative to the practice of acupuncture,H1120,0.008625507,False,10
111,1121,192,An Act relative to motor vehicle service contracts,H1121,0.026900113,False,4
112,1122,192,An Act relative to financial services contracts for dental benefits corporations,S1122,0.043415368,False,6
113,1123,192,An Act relative to the tracking of medical malpractice cases,H1123,0.018047035,False,1
114,1124,192,An Act relative to dental insurance assignment of benefits,H1124,0.039632022,False,4
115,1125,192,An Act to increase enrollment in affordable health plan networks,H1125,0.012683094,False,1
116,1126,192,An Act modify the safe drivers insurance plan relative to minor violation,S1126,0.025460958,False,12
117,1127,192,An Act to repeal no fault motor vehicle insurance,H1127,0.021203637,False,1
118,1128,192,An Act to protect consumers in the issuance of automobile insurance policies and bonds,H1128,0.052873254,True,0
119,1129,192,An Act relative to the remediation of home heating oil releases,H1129,0.03190279,False,4
120,113,192,An Act relative to prohibiting billboard advertisements of non-prescription marijuana,S113,0.0318321,False,4
121,1130,192,An Act relative to parentage to promote children's security,H1130,0.014539599,False,0
122,1131,192,"An Act relating to patient cost, benefit and coverage information, choice, and price transparency",H1131,0.0453341,False,8
123,1132,192,An Act to protect consumers in the issuance of automobile insurance policies and bonds,S1132,0.027299702,False,12
124,1133,192,An Act relative to primary insurance,S1133,-0.0062069893,False,12
125,1134,192,An Act relative to testing for Factor V Leiden,S1134,0.016380847,False,12
126,1135,192,An Act establishing penalties for the filing of false reports against police officers,H1135,0.01910019,False,1
127,1136,192,An Act promoting consumer choice in health care,H1136,-0.0023926497,False,1
128,1137,192,An Act relative to legal advertisements in online-only newspapers,H1137,0.05005634,True,1
129,1139,192,An Act relative to transmitting indecent visual depictions by teens and the unlawful distribution of explicit images,S1139,0.022343397,False,6
130,1140,192,An Act assuring prompt access to health care,H1140,0.030014873,False,10
131,1141,192,An Act relative to dual diagnosis treatment coverage,H1141,0.038669348,False,1
132,1142,192,An Act to prohibit cost sharing for opioid antagonists,S1142,0.019819617,False,6
133,1143,192,An Act to improve the health insurance prior authorization process,H1143,0.03600031,False,1
134,1144,192,An Act regulating the use of credit reports by employers,H1144,0.063913286,True,3
135,1145,192,An Act removing barriers to behavioral health services,H1145,0.017190754,False,1
136,1146,192,An Act providing access to full spectrum addiction treatment services,H1146,0.03581536,False,10
137,1147,192,An Act ensuring access to specialty medications,S1147,0.053120017,True,3
138,1148,192,An Act relative to wage theft,H1148,0.002429366,False,1
139,1149,192,An Act relative to collective bargaining right,H1149,0.033043623,False,1
140,1150,192,An Act relative to state employment postings,H1150,0.021037936,False,10
141,1152,192,An Act relative to employment protections for victims of abusive behavior,S1152,0.037272155,False,12
142,1153,192,An Act relative to annuity benefit insurance,H1153,0.007072568,False,1
143,1154,192,An Act to expand the doula workforce,H1154,0.017126024,False,1
144,1155,192,An Act to enact pharmacy benefit manager duties,S1155,0.028074205,False,3
145,1156,192,An Act protecting an employee's right to rebuttal of personnel records,S1156,0.03770095,False,3
146,1157,192,An Act regulating labor standards for transportation network drivers,S1157,0.01187253,False,3
147,1158,192,"An Act establishing protections and accountability for TNC and DNC workers, consumers, and communities (EPA)",S1158,0.0032935739,False,3
148,1159,192,An Act relative to fairness in workers' compensation disfigurement benefits,S1159,-0.027000904,False,3
149,116,192,An Act improving child eye care,S116,0.002350986,False,12
150,1161,192,An Act clarifying the prevailing wage act to protect actions by the attorney general,H1161,0.035452306,False,0
151,1162,192,An Act for a right of first refusal for foreclosed property (Foreclosure TOPA),H1162,0.061042905,True,11
152,1163,192,An Act providing opportunities for apprentices to complete their training and ensuring for a skilled workforce in the Commonwealth of Massachusetts,H1163,0.030939817,False,4
153,1164,192,An Act to ensure MassHealth rate parity for behavioral health inpatient providers,S1164,-0.010459483,False,3
154,1165,192,An Act to protect injured workers,S1165,0.00023448467,False,6
155,1166,192,An Act to address the overuse of temporary nursing service agencies at Massachusetts skilled nursing facilities,H1166,0.025271237,False,3
156,1167,192,An Act relative to patient centered access to behavioral health services in accountable care organizations,H1167,0.033160746,False,3
157,1168,192,An Act relative to a youth training wage,H1168,0.03894359,False,3
158,1169,192,An Act providing Medicaid coverage for tobacco cessation programs and information,H1169,0.04161179,False,0
159,117,192,An Act relative to vertical integration of medical marijuana businesses,H117,0.037531555,False,3
160,1170,192,"An Act addressing workplace bullying, mobbing, and harassment, without regard to protected class status while promoting healthy workplaces",H1170,0.062463343,True,3
161,1171,192,An Act relative to compliance with the prevailing wage laws of the Commonwealth,S1171,-0.0009111166,False,3
162,1172,192,An Act relative to same day drug testing,S1172,0.017801642,False,14
163,1173,192,An Act to restore the effective date of MassHealth coverage for new applicants,H1173,-0.0016399622,False,1
164,1174,192,An Act to ensure temporary nursing service agency quality and accountability,S1174,-0.08248019,False,3
165,1175,192,An Act to increase unemployment insurance benefits for low wage workers,H1175,0.035800576,False,1
166,1176,192,An Act relative to promoting comprehensive transparency in the pharmaceutical industry,S1176,-0.06402731,False,3
167,1177,192,An Act clarifying the wage act to protect hospital workers from being deprived of their wages,H1177,0.024515867,False,1
168,1178,192,An Act relative to reciprocity clarification,S1178,-0.00800705,False,3
169,1179,192,An Act relative to hospital profit transparency and fairness,S1179,0.0038996935,False,3
170,118,192,An Act relative to supporting sustainability in the cannabis industry,H118,0.0357759,False,12
171,1180,192,An Act relative to clean energy workforce standards and accountability,H1180,0.024043918,False,1
172,1181,192,An Act relative to transparency in the workplace,S1181,0.017502487,False,3
173,1182,192,An Act clarifying the process for paying the wages of dismissed employees,S1182,0.0051755905,False,3
174,1183,192,An Act advancing health care research and decision-making centered on patients and people with disabilities,S1183,0.01939118,False,3
175,1184,192,An Act relative to health equity and community health workers,H1184,0.028408706,False,1
176,1185,192,An Act strengthening market oversight of the Commonwealth's Health Care System,H1185,0.040504634,False,1
177,1186,192,An Act expanding affordable coverage through ConnectorCare,H1186,0.048216105,False,1
178,1187,192,An Act providing financial transparency for patients receiving care at hospital-based outpatient facilities,S1187,0.008975744,False,3
179,1188,192,An Act requiring one fair wage,H1188,0.03197986,False,1
180,1189,192,An Act updating high-cost hospitals and Health Policy Commission system accountability,S1189,0.008912921,False,3
181,1190,192,An Act to continue enhanced Medicaid hospital payments,H1190,0.02669686,False,6
182,1191,192,An Act relative to pay range disclosure,S1191,0.015976846,False,3
183,1192,192,An Act relative to banning noncompetition agreements in the Commonwealth,S1192,0.020552695,False,3
184,1193,192,An Act relative to maintaining independent authority over nursing licensure in the Commonwealth,H1193,0.022063494,False,1
185,1194,192,Resolve relative to the reimbursement of school-based care,H1194,0.019586086,False,1
186,1195,192,An Act clarifying rate setting processes for home health and home care services,H1195,0.023877323,False,1
187,1196,192,An Act administering national standards to Medicaid medical necessity reviews,H1196,0.0035076141,False,1
188,1197,192,An Act to provide rapid whole genome sequencing,S1197,0.04359746,False,11
189,1198,192,An Act to extend enhanced Medicaid benefits to eligible hospitals,S1198,0.04503596,False,11
190,120,192,An Act to eliminate disproportionality and inequities for at-risk children,S120,0.0048590302,False,6
191,1200,192,An Act relative to raising the minimum wage closer to a living wage in the Commonwealth,H1200,0.0012039542,False,1
192,1201,192,An Act to promote transparency in prescription drug prices,S1201,0.028986752,False,3
193,1202,192,An Act to preserve special needs trusts for disabled seniors,S1202,0.020653903,False,3
194,1203,192,An Act to improve health care cost accountability,H1203,0.030317903,False,1
195,1205,192,An Act relative to prescription drug price transparency,H1205,0.049471617,False,10
196,1206,192,An Act establishing a commission to review contracts between pharmaceutical benefit managers and MassHealth,H1206,0.04968685,False,1
197,1207,192,An Act relative to fair hiring practices,S1207,0.018424034,False,3
198,1208,192,An Act relative to apprenticeship programs,H1208,0.007072568,False,1
199,1209,192,An Act relative to the operating budgets of health care oversight agencies,S1209,0.020284116,False,3
200,1210,192,"An Act relative to a prevailing wage for trash and recycling collectors, moving contractors, and motor bus pupil transporters",H1210,0.01168108,False,1
201,1211,192,An Act relative to nurse licensure compact in Massachusetts,H1211,-0.0019871593,False,1
202,1212,192,An Act relative to determination of need of new technology,H1212,0.045304716,False,1
203,1214,192,An Act to promote continuity of health coverage for children,S1214,0.0049874783,False,3
204,1215,192,An Act relative to pharmacy benefit managers,H1215,0.016556084,False,1
205,1216,192,An Act relative to the nursing home quality jobs initiative,H1216,0.0038111806,False,1
206,1217,192,An Act to address the financial sustainability of the Health Safety Net,H1217,0.0070987344,False,1
207,1218,192,An Act relative to non-compete agreements for veterinarians,H1218,0.0013227463,False,1
208,1219,192,An Act enhancing the market review process,H1219,0.044154465,False,3
209,1220,192,An Act relative to collective bargaining dues,H1220,0.025751114,False,1
210,1221,192,An Act relative to snow removal service liability limitation,S1221,0.0034463406,False,2
211,1222,192,An Act to ensure uniform and transparent reporting of medical debt data,H1222,0.04860866,False,1
212,1223,192,An Act to ensure access and continuity of care to specialist and hospital services for dual eligibles,H1223,0.028596282,False,11
213,1225,192,An Act relative to clarifying legislative intent regarding the non-competition law,S1225,-0.021436512,False,3
214,1226,192,An Act to promote graduate medical education,H1226,0.030147612,False,1
215,1227,192,An Act to reduce racial and ethnic health disparities through commercial rate equity for safety net hospitals,H1227,0.024827838,False,1
216,1228,192,An Act to prohibit inappropriate use of the state health care cost benchmark,S1228,0.0017222762,False,3
217,1229,192,An Act relative to the fair treatment of life estates in MassHealth eligibility,H1229,0.025686264,False,1
218,123,192,An Act to increase the safety of individuals with disabilities relying on life-support equipment,H123,0.05077958,True,4
219,1230,192,An Act requiring the construction of certain parking facilities to be capable of supporting electric vehicle charging stations,H1230,0.017540693,False,1
220,1232,192,An Act relative to family members serving as caregivers,H1232,0.011595905,False,6
221,1233,192,Resolve to establish a special commission to evaluate the rate structure for rest homes or residential care homes,S1233,0.021949053,False,3
222,1234,192,An Act relative to an individual Medicare marketplace option,H1234,0.01438731,False,3
223,1236,192,An Act increasing access to MassHealth dental providers,H1236,0.049955428,False,1
224,1237,192,An Act to ensure equitable health coverage for children,S1237,0.0020207763,False,3
225,1238,192,An Act establishing peer-run respite centers throughout the Commonwealth,H1238,0.056420922,True,1
226,1239,192,An Act establishing Medicare for all in Massachusetts,S1239,0.009734213,False,1
227,124,192,An Act to remove HCA real estate barriers to equitable participation in the cannabis industry,H124,0.01969099,False,4
228,1240,192,An Act to educate on prescription opioids,H1240,-0.009602308,False,1
229,1242,192,An Act relative to preventing overdose deaths and increasing access to treatment,S1242,0.01663059,False,2
230,1243,192,An Act to ensure access to the full range of treatment options for people with obesity,H1243,0.012781441,False,1
231,1244,192,An Act building resiliency in communities through mental health,S1244,-0.02188623,False,3
232,1245,192,An Act relative to the primary care workforce development and loan repayment grant program at community health centers,S1245,-0.014858544,False,3
233,1246,192,An Act to provide more timely treatment of inpatient mental health care,H1246,0.056766927,True,1
234,1247,192,An Act relative to pharmacy benefit managers reimbursements to pharmacies in the Commonwealth,S1247,-0.0064291954,False,3
235,1248,192,An Act to increase investment in behavioral health care in the Commonwealth,S1248,-0.009041667,False,3
236,1249,192,An Act relative to reducing administrative burden,H1249,0.017890453,False,4
237,1250,192,An Act to advance health equity,H1250,0.00028425455,False,6
238,1251,192,An Act strengthening prescription drug safety and drug stewardship,H1251,0.02332443,False,1
239,1252,192,An Act regarding consistent care for addiction rooted in evidence,S1252,0.02924478,False,4
240,1253,192,An Act relative to social work uplifting practices and exam removal,S1253,0.010680914,False,3
241,1254,192,An Act to inform prescribers of non-opioid alternative care,S1254,0.011807442,False,3
242,1255,192,An Act to enhance patient education and informed consent before issuance of opioids,S1255,0.011111319,False,4
243,1256,192,Resolve to ensure delivery of mental health services to adults with acute mental illness,S1256,0.013958335,False,3
244,1257,192,An Act relative to requiring insurance providers cover a minimum of 30 days for in-patient substance abuse treatment,S1257,0.017803669,False,4
245,1258,192,An Act providing appropriate care for certain populations,S1258,0.03869033,False,4
246,1259,192,An Act relative to the establishment of and payments into an opioid stewardship fund,H1259,0.030465841,False,1
247,126,192,An Act establishing the deaf children's bill of rights,H126,0.030087292,False,4
248,1260,192,An Act committing to higher education the resources to insure a strong and healthy public higher education system,H1260,0.033329725,False,1
249,1261,192,An Act to expand equitable perinatal mental health services,H1261,-0.0028976202,False,6
250,1263,192,An Act relative to college athlete compensation,H1263,0.021867633,False,1
251,1264,192,An Act relative to advanced placement examinations,H1264,0.003011942,False,6
252,1265,192,An Act relative to debt-free public higher education,H1265,-0.005717933,False,4
253,1266,192,An Act relative to transcript notations,H1266,0.008314729,False,6
254,1267,192,An Act expanding access to mental health services,H1267,0.0025239587,False,6
255,1268,192,An Act relative to creating intensive stabilization and treatment units within the Department of Mental Health,S1268,0.027985156,False,6
256,1269,192,An Act relative to creating a pilot program to transfer high acuity behavioral health and dual diagnosis patients away from overcrowded emergency departments,H1269,0.0032044053,False,1
257,1270,192,An Act relative to acceptance of AP scores for college credit,H1270,0.029441297,False,1
258,1271,192,An Act relative to establishing institutional public private partnerships,H1271,0.031840265,False,6
259,1272,192,An Act relative to higher education financial literacy counseling,S1272,0.058252215,True,6
260,1273,192,An Act relative to the expansion of the valedictorian tuition waiver program,H1273,0.029011786,False,6
261,1274,192,An Act relative to Narcan availability in schools,S1274,0.025915086,False,6
262,1275,192,An Act establishing a behavioral health workforce center of excellence,H1275,0.01234591,False,1
263,1277,192,An Act ensuring students' access to academic transcripts,H1277,-0.0016815066,False,6
264,1280,192,An Act relative to advanced placement examinations and college credit,H1280,0.02657187,False,4
265,1281,192,An Act expanding the powers of the town of Brookline to delegate licensing authority,H1281,0.019711852,False,1
266,1282,192,An Act banning legacy preferences in higher education,H1282,0.027677596,False,4
267,1283,192,An Act protecting public higher education student information,H1283,0.004821956,False,6
268,1284,192,An Act to authorize the state universities to offer clinical and professional doctorate programs,H1284,0.027566254,False,6
269,1286,192,An Act relative to college in high school,S1286,0.03062731,False,6
270,1287,192,An Act providing for pre-service training for members of local boards and commissions,H1287,-0.009996772,False,6
271,1289,192,An Act relative to college tuition and admissions,H1289,0.005846858,False,1
272,1290,192,An Act relative to a tuition and fee freeze at all public colleges and universities,H1290,0.026172996,False,6
273,1291,192,An Act promoting a foundation for universal childcare,S1291,0.018791556,False,6
274,1292,192,An Act authorizing local control of waste collection hours of operation,H1292,0.03292936,False,1
275,1293,192,An Act establishing the hunger free campus initiative,H1293,0.02580136,False,6
276,1294,192,An Act encouraging municipal recycling and composting,H1294,-0.010897756,False,6
277,1296,192,An Act relative to accessory dwelling units,H1296,-0.01021117,False,10
278,1297,192,An Act promoting housing stability for families by strengthening the HomeBASE program,H1297,0.013584375,False,6
279,1299,192,An Act enabling cities and towns to stabilize rents and protect tenants,S1299,0.04893744,False,6
280,130,192,An Act to promote downtown vitality,S130,0.0037682652,False,2
281,1300,192,An Act relative to the term of special permits,H1300,0.0023390055,False,6
282,1301,192,An Act relative to variances,S1301,0.029012084,False,4
283,1302,192,An Act relative to manufactured housing,H1302,-0.008621097,False,1
284,1303,192,An Act to ensure the right to install electric vehicle charging stations,H1303,0.04464549,False,6
285,1304,192,An Act enabling local options for tenant protections,H1304,-0.0036218166,False,6
286,1306,192,An Act relative to PEG access and cable related funds,H1306,0.009367168,False,6
287,1307,192,An Act creating the Massachusetts healthy homes program,H1307,0.02505356,False,4
288,1308,192,An Act relative to the use of credit reporting in housing,H1308,0.025457978,False,6
289,131,192,An Act encouraging the adoption of smart growth and starter home zoning districts,S131,0.018840551,False,4
290,1310,192,An Act to preserve the eternal bonds between people and their animals,S1310,0.004347861,False,6
291,1311,192,An Act relative to updating animal health inspections,S1311,0.023137629,False,6
292,1312,192,"An Act providing upstream homelessness prevention assistance to families, youth, and adults",S1312,0.032556415,False,4
293,1313,192,An Act expanding the definition of affordable housing to include manufactured homes,H1313,-0.010627568,False,6
294,1315,192,An Act relative to municipal equity in Steamship Authority operations,S1315,0.028137445,False,6
295,1316,192,An Act relative to reducing barriers to housing,H1316,-0.00032269955,False,6
296,1317,192,An Act relative to residential assistance for families in transition (RAFT),H1317,0.026055574,False,6
297,1318,192,An Act relative to avoiding senior homelessness and maintaining senior housing stabilization of rents,H1318,0.045483112,False,1
298,1319,192,An Act regarding municipal zoning powers,H1319,0.02830273,False,1
299,132,192,An Act relative to starter home school cost reimbursement,S132,0.007848859,False,12
300,1322,192,An Act creating a commission to study the definition of affordable housing,H1322,-0.013951123,False,2
301,1323,192,An Act to support the equitable utilization of third party consultants in land use determinations,H1323,0.00553447,False,2
302,1325,192,An Act relative to local opt-in for permanent outdoor dining,S1325,0.10756403,True,13
303,1327,192,An Act relative to manufactured housing communities,H1327,-0.0058628917,False,2
304,1328,192,An Act to restrict the use of polystyrene,H1328,-0.002942443,False,2
305,1329,192,An Act providing for consumer access to and the right to practice complementary and alternative health care services,S1329,0.064097166,True,13
306,1330,192,An Act to establish an apprenticeship program to ready vacant public housing apartments for occupancy,S1330,0.03398961,False,10
307,1331,192,An Act relative to end of life options,S1331,0.055114925,True,13
308,1332,192,An Act protecting patients and health care workers from exposure to surgical smoke,H1332,0.021699965,False,2
309,1333,192,An Act facilitating site plan review,S1333,0.0812642,True,11
310,1334,192,An Act relative to accelerating improvements to the local and regional public health system to address disparities in the delivery of public health services,S1334,0.04027176,False,10
311,1335,192,An Act updating the regulations governing licensed birth centers in Massachusetts,H1335,0.010998845,False,2
312,1336,192,An Act to expedite multifamily housing construction,H1336,-0.041033983,False,2
313,1337,192,An Act relative to facilitating the utilization of psychologists on the health care team,S1337,0.06175691,True,13
314,1338,192,An Act to improve food allergy awareness,S1338,0.04992968,False,10
315,1339,192,An Act expanding after-death care options,S1339,0.0051534176,False,8
316,134,192,An Act for community housing packages,S134,0.03690362,False,3
317,1340,192,An Act relative to preceptorship programs for students of chiropractic,S1340,0.04439497,False,10
318,1341,192,An Act further regulating the sale of tobacco products,S1341,-0.012495637,False,12
319,1342,192,An Act to develop a coordinated stroke care system,S1342,0.040490806,False,13
320,1343,192,An Act relative to modernizing the regulation of clinical laboratories,S1343,0.036575556,False,13
321,1344,192,An Act to improve outcomes for individuals with Parkinson's disease,S1344,0.0114632845,False,4
322,1345,192,An Act relative to tobacco harm-reduction,H1345,0.0007561445,False,4
323,1346,192,An Act relative to certainty of continuing education for chiropractors,S1346,0.03849739,False,10
324,1347,192,An Act relative to anesthesiologist assistants,S1347,0.03723091,False,4
325,1348,192,An Act relative to health care transparency,S1348,0.07397789,True,13
326,1349,192,An Act relative to healthcare worker and first responder safety,S1349,0.060698867,True,13
327,135,192,An Act establishing basic needs assistance for Massachusetts immigrant residents,S135,0.01315403,False,6
328,1350,192,An Act to guarantee a tenant's first right of refusal,S1350,0.06299299,True,13
329,1351,192,An Act codifying the Massachusetts Rental Voucher Program,H1351,0.019182503,False,2
330,1352,192,An Act modernizing childhood lead poisoning prevention,S1352,0.06634581,True,13
331,1353,192,"An Act enabling pharmacists to prescribe, dispense and administer PrEP",S1353,0.06325883,True,13
332,1354,192,An Act relative to removing barriers to care for physician assistants,H1354,-0.06037134,False,2
333,1355,192,An Act relative to safer treatment for pain,S1355,0.041850626,False,13
334,1356,192,An Act to protect Massachusetts public health from PFAS,S1356,0.042307436,False,10
335,1357,192,An Act enabling trained dental hygienists to administer dermal fillers and botox,S1357,0.07526517,True,13
336,1358,192,An Act relative to LGBTQ health equity,H1358,-0.026834488,False,2
337,1359,192,An Act regarding the pediatric palliative care program,S1359,0.06084621,True,13
338,136,192,An Act establishing the Community Non-Profit Investment and Grant Program,S136,-0.012589872,False,2
339,1360,192,An Act to restore Boston's governmentally-involved housing,H1360,-0.019331157,False,2
340,1361,192,An Act promoting patient safety and equitable access to care,S1361,0.0278427,False,10
341,1362,192,An Act relative to the Massachusetts lead law and promoting equal access to lead-free housing,S1362,0.05789733,True,8
342,1364,192,An Act to repeal the state menthol ban,S1364,0.05980915,True,13
343,1365,192,An Act facilitating the appropriation and expenditure of community preservation funds for community housing purposes in the town of Chatham,H1365,-0.013304234,False,2
344,1366,192,An Act establishing a housing trust fund in the town of Chatham,H1366,-0.021084785,False,2
345,1367,192,An Act to maintain stable housing for families with pets in an economic crisis and beyond,H1367,-0.018409252,False,2
346,1368,192,An Act setting a housing production goal for the Commonwealth,H1368,-0.0077463984,False,2
347,1369,192,An Act to establish a pilot program for specialty pharmacy in urology,S1369,0.035550952,False,10
348,137,192,An Act providing for insurance coverage for vision screening for children,H137,0.017689466,False,6
349,1370,192,An Act relative to student safety in interscholastic athletic activities,H1370,0.040301383,False,13
350,1371,192,An Act to prohibit landlords and brokers from requiring broker's commissions to be paid by a tenant or prospective tenant,S1371,0.08968556,True,11
351,1372,192,An Act to increase access to blood donation,S1372,0.03475809,False,6
352,1373,192,An Act relative to athletic training,S1373,0.03623861,False,7
353,1374,192,An Act establishing a special commission to study the youth sports industry,H1374,0.03905344,False,4
354,1375,192,An Act relative to postpartum depression screening,S1375,0.022820115,False,6
355,1376,192,An Act relative to cimex lectularius,H1376,0.04700899,False,10
356,1377,192,An Act relative to the health care workforce,H1377,0.045016527,False,13
357,1379,192,An Act to improve oral health for all Massachusetts residents,S1379,0.074563205,True,11
358,1380,192,An Act to strengthen our public health infrastructure to address alzheimer's and all dementia,S1380,0.037303746,False,6
359,1381,192,An Act providing for rent regulation and control of evictions in manufactured housing parks in the town of Athol,S1381,0.03641665,False,6
360,1382,192,An Act to improve outdoor and indoor air quality for communities burdened by pollution,S1382,0.037068486,False,2
361,1383,192,An Act relative to the board of registration in naturopathy,S1383,0.029876351,False,6
362,1384,192,An Act relative to the prescription monitoring program,S1384,0.035325885,False,6
363,1385,192,An Act relative to collaborative drug therapy management optimization,S1385,0.034821212,False,6
364,1386,192,An Act relative to the determination of need of new technology,S1386,0.023330033,False,6
365,1387,192,An Act regulating surgical assistants,S1387,0.108475804,True,11
366,1391,192,An Act relative to vaccines and preventing future disease outbreaks,H1391,0.03984499,False,3
367,1392,192,An Act establishing an oral health special commission and needs assessment,S1392,0.03476745,False,7
368,1394,192,An Act relative to diabetes prevention,S1394,0.04781121,False,6
369,1396,192,An Act to protect youth from the health risks of sugary drinks,S1396,0.022009492,False,6
370,1397,192,An Act to protect youth from the harms of tobacco and e-cigarette products,S1397,0.051615477,True,6
371,1399,192,An Act relative to controlling and abusive litigation,H1399,0.048450112,False,4
372,140,192,An Act relative to protecting biometric information under the security breach law,S140,0.015532613,False,6
373,1400,192,An Act to promote public health through the prevention and wellness trust fund,S1400,0.04400444,False,13
374,1402,192,An Act improving healthcare delivery for underserved residents of the commonwealth,S1402,0.05206555,True,6
375,1404,192,An Act protecting homeowners from unnecessary foreclosures,S1404,0.016483247,False,6
376,1405,192,An Act relative to newborn screenings for congenital cytomegalovirus,H1405,0.07937229,True,13
377,1406,192,An Act preserving access to hospital services,S1406,0.01181066,False,6
378,1407,192,An Act relative to criminal harassment against a sports official,S1407,0.034398735,False,6
379,1408,192,An Act to strengthen the direct care and dementia workforce,S1408,0.03964585,False,7
380,1409,192,An Act protecting honest employers by creating construction private attorney general actions,H1409,0.04081106,False,10
381,141,192,An Act regarding professional licensure,S141,0.026657403,False,10
382,1410,192,Resolve increasing diagnostic testing preparedness,H1410,0.035758436,False,6
383,1411,192,An Act to increase transparency in the Massachusetts land record systems to protect the property rights of homeowners and businesses,S1411,-0.0048234463,False,6
384,1412,192,An Act regarding racism as a public health crisis in Massachusetts,S1412,0.067225695,True,6
385,1413,192,An Act relative to culturally competent and effective health care,S1413,0.03216952,False,6
386,1414,192,An Act relative to stop fraudulent representation of business against performers,S1414,0.023067594,False,10
387,1415,192,An Act relative to birthing justice in the Commonwealth,H1415,0.018870473,False,3
388,1418,192,An Act to restore integrity in the marketing of pharmaceutical products and medical devices,S1418,0.06441158,True,7
389,1419,192,An Act to prevent undue influence on prescriber behavior,H1419,0.042545974,False,12
390,142,192,An Act relative to digital right to repair,S142,0.017481446,False,3
391,1423,192,An Act relative to leaving the scene of a collision,H1423,0.004766524,False,10
392,1424,192,An Act promoting humane cosmetics and other household products by limiting the use of animal testing,S1424,0.02830863,False,6
393,1425,192,An Act relative to pharmacists as healthcare providers,S1425,0.0315755,False,14
394,1427,192,An Act relative to the assault on and aggravated harassment of sports officials,S1427,0.00017654896,False,2
395,1428,192,An Act relative to personal information,S1428,0.017112315,False,6
396,1429,192,An Act relative to dental hygienists,S1429,-0.007886708,False,6
397,143,192,An Act relative to refrigeration technicians,S143,0.021680415,False,3
398,1430,192,An Act relative to hormonal contraceptives,S1430,0.04228562,False,10
399,1431,192,An Act relative to chemicals in food packaging,H1431,0.034768403,False,13
400,1433,192,An Act relative to the free flow of information,H1433,0.050831914,True,3
401,1434,192,An Act reducing barriers to employment through credit discrimination,H1434,0.04098761,False,3
402,1435,192,An Act authorizing pharmacists to provide opioid use disorder treatment,S1435,0.010053396,False,6
403,1436,192,An Act relative to safe patient handling and mobility in certain health facilities,S1436,0.051033318,True,6
404,1437,192,An Act relative to protecting innocent sellers,H1437,0.016580522,False,7
405,1439,192,An Act to conduct a public health study of synthetic drugs in the commonwealth,S1439,0.052026987,True,12
406,144,192,An Act to lift kids out of deep poverty,S144,0.032528996,False,12
407,1440,192,An Act enabling trained school personnel to administer life saving epinephrine treatment,S1440,0.022505462,False,10
408,1446,192,An Act relative to acupuncture detoxification specialists,H1446,0.047486007,False,13
409,1448,192,An Act relative to monitoring dry casks of spent nuclear fuel,S1448,0.04797381,False,6
410,145,192,An Act relative to menstrual product ingredient disclosure,H145,0.050657928,True,8
411,1450,192,An Act to modify the rules for taking depositions outside the Commonwealth and to adopt the uniform interstate depositions and discovery act,H1450,0.07458925,True,13
412,1451,192,An Act relative to environmentally-friendly burial alternatives,H1451,0.06840527,True,0
413,1452,192,An Act to stop mass shootings,S1452,0.032898724,False,6
414,1453,192,An Act relative to the definition of podiatry,H1453,0.005729139,False,10
415,1454,192,An Act relative to baseline concussion testing for student athletes,S1454,0.027571619,False,6
416,1456,192,An Act prohibiting the sale of dextromethorphan to minors,S1456,0.016863704,False,6
417,1457,192,An Act promoting access to midwifery care and out-of-hospital birth options,S1457,0.023888767,False,6
418,1458,192,An Act promoting community immunity,H1458,0.058220685,True,12
419,146,192,"An Act to mandate domestic violence and sexual assault awareness education for aestheticians, barbers, cosmetologists, electrologists, hairdressers, manicurists, and massage therapists",S146,0.0416044,False,6
420,1460,192,An Act relative to determinations of need,S1460,0.008049369,False,6
421,1461,192,An Act relative to liability protection for disaster volunteers,H1461,0.019992352,False,6
422,1464,192,An Act relative to capital punishment for the murder of law enforcement officers,S1464,0.035556614,False,2
423,1465,192,An Act protecting children from harmful diet pills and muscle-building supplements,H1465,0.051312745,True,10
424,1467,192,An Act establishing a commission on quality patient outcomes and nurse staffing,S1467,0.02786094,False,6
425,147,192,An Act providing immediate childcare assistance to homeless families,H147,0.07706016,True,7
426,1470,192,An Act designating right of disposition,H1470,0.010640562,False,12
427,1472,192,An Act providing safeguards for home healthcare workers,S1472,0.00713259,False,2
428,1474,192,An Act relative to sudden cardiac arrest awareness,S1474,0.04240328,False,6
429,1475,192,An Act establishing the Lead Poisoning Prevention Trust Fund,H1475,0.0154262185,False,12
430,1476,192,An Act to require liability insurance for gun ownership,S1476,0.0148153305,False,6
431,1477,192,An Act to improve transparency and accountability in correctional facilities,S1477,0.021458983,False,6
432,1479,192,An Act relative to the Head Injury Treatment Services Trust Fund,H1479,0.02527219,False,12
433,148,192,"An Act protecting reproductive health access, LGBTQ lives, religious liberty, and freedom of movement by banning the sale of cell phone location information",S148,0.06445652,True,13
434,1480,192,An Act relative to a commission to study the intentional misrepresentation of a service animal,H1480,0.041554034,False,0
435,1483,192,An Act for an equitable ten community pilot program to improve traffic safety,H1483,0.05603206,True,3
436,1484,192,An Act implementing the recommendations of the Walsh-Kennedy Commission Report,S1484,0.0022332668,False,6
437,1485,192,An Act relative to authorizing supported decision-making agreements for certain adults with disabilities,H1485,0.047682703,False,12
438,1486,192,An Act relative to the POST Commission,S1486,0.02103746,False,6
439,1488,192,An Act relative to unmanned aerial vehicles,H1488,0.05019033,True,0
440,1489,192,An Act improving medical decision making,H1489,0.026470244,False,3
441,149,192,An Act modernizing lottery payment options,H149,0.049566865,False,0
442,1490,192,An Act relative to a fresh start,S1490,0.04927993,False,6
443,1491,192,An Act relative to preventing illegal trafficking of firearms,S1491,0.021235585,False,6
444,1492,192,An Act relative to crime gun data reporting and analysis,S1492,0.036828756,False,6
445,1494,192,An Act updating bail procedures for justice-involved youth,H1494,0.014413655,False,4
446,1495,192,An Act promoting diversion of juveniles to community supervision and services,S1495,0.013418198,False,2
447,1496,192,An Act relative to ghost guns,S1496,0.005074799,False,6
448,1498,192,An Act to improve public health and safety standards in communities around aging nuclear power plants and high-level nuclear waste dump sites,H1498,0.039246917,False,0
449,150,192,An Act relative to consumer protection on online automobile franchise transactions,S150,0.03674209,False,3
450,1501,192,An Act relative to patient care access,H1501,0.052117825,True,3
451,1502,192,An Act relative to the reduction of certain toxic chemicals in firefighter personal protective equipment,H1502,0.047332287,False,12
452,1504,192,An Act relative to seatbelts on school buses,S1504,0.027804792,False,2
453,1505,192,An Act relative to fire safety education in schools and colleges,S1505,0.04623288,False,4
454,1508,192,An Act known as  Drug Test Consent Bill aka Christina's Law,S1508,0.04877603,False,6
455,1509,192,An Act relative to 3D printed guns and ghost guns,S1509,0.024459004,False,6
456,151,192,"An Act further regulating business practices between motor vehicle dealers, manufacturers, and distributors",H151,0.045870245,False,7
457,1510,192,An Act to protect the civil rights and safety of all Massachusetts residents,H1510,0.027228296,False,12
458,1516,192,An Act relative to the lawful sale of ammunition,S1516,0.024637759,False,12
459,1517,192,An Act to provide automated external defibrillators in all public safety vehicles,S1517,0.03248155,False,2
460,1519,192,An Act relative to locating missing persons via mobile data  (Kelsey's Bill),S1519,0.010592103,False,6
461,152,192,An Act expanding wheelchair warranty protections for consumers with disabilities,S152,0.047282517,False,13
462,1520,192,An Act relative to public safety in hoisting regulations,H1520,0.022852361,False,13
463,1521,192,An Act establishing a primary seat belt law,S1521,0.04273033,False,6
464,1522,192,"An Act to ensure the safety of students, faculty and staff on the campuses of state colleges, community colleges and state universities",S1522,-0.016376495,False,6
465,1523,192,An Act relative to safe building materials,S1523,0.033982933,False,6
466,1524,192,An Act to eliminate the charitable immunity cap,S1524,0.0333969,False,6
467,1525,192,An Act modernizing notary services,H1525,0.043995142,False,12
468,1526,192,An Act to repeal and replace G.L. c. 258,H1526,0.031822443,False,10
469,1528,192,An Act permitting familial searching and partial DNA matches in investigating certain unsolved crimes,S1528,0.021885455,False,6
470,1529,192,An Act to prevent illegal trafficking and gun violence among youth in the Commonwealth,S1529,-0.0009975433,False,6
471,153,192,An Act relative to the sale of alcoholic beverages,H153,0.0457958,False,7
472,1533,192,An Act establishing a commission to review substance use in correctional facilities,S1533,0.039969444,False,4
473,1536,192,An Act amending the statute of limitations relating to civil rights actions and criminal prosecutions for the sexual assault and rape of a child,H1536,-0.00056511164,False,3
474,1537,192,An Act relative to the age of consent in certain criminal prosecutions and civil actions for sexual assault and rape of a child,H1537,0.028658748,False,12
475,1538,192,An Act requiring health care facilities to develop and implement programs to prevent workplace violence,H1538,0.0632602,True,12
476,1539,192,An Act relative to determining capacity and invoking the health care proxy,S1539,0.03087318,False,13
477,154,192,An Act relative to nature of alcohol licenses and permits,H154,0.05284381,True,7
478,1542,192,An Act to protect victims of coercive control,S1542,0.014700532,False,13
479,1544,192,An Act to clarify the charitable purposes of certain organizations,H1544,0.032879293,False,12
480,1545,192,An Act creating an independent correctional oversight office to facilitate the recommendations of the Special Legislative Commission on Structural Racism in Correctional Facilities of the Commonwealth,H1545,0.039455593,False,3
481,1546,192,An Act establishing a bill of rights for survivors of sexual assault and related purposes,S1546,0.044813216,False,0
482,1547,192,An Act to improve protections relative to domestic violence,H1547,0.017939687,False,12
483,1548,192,An Act establishing a correctional inspector general office,S1548,0.009585559,False,12
484,155,192,Resolve relative to disclosure of radio frequency notifications,S155,0.022939086,False,3
485,1550,192,An Act criminalizing sexual assault by fraud of a medical professional,H1550,0.045287967,False,12
486,1552,192,An Act relative to enhanced fire protection in new one- and two-family dwellings,S1552,0.023760319,False,6
487,1556,192,An Act relative to the reduction of certain toxic chemicals in firefighter personal protective equipment,S1556,0.042034984,False,4
488,1557,192,An Act relative to the use of unmanned aerial systems,H1557,0.026282072,False,12
489,1558,192,An Act relative to public safety on private college and university campuses,S1558,0.014300287,False,12
490,1559,192,An Act relative to the establishment of the PFAS Research and Development Public Safety Fund,S1559,0.012503445,False,12
491,156,192,An Act relative to the safe use of electronic devices by children,S156,0.033173203,False,13
492,1561,192,An Act relative to novelty sparklers,S1561,0.017725527,False,12
493,1568,192,An Act to increase the safety of courthouses,H1568,0.03144175,False,12
494,157,192,An Act relative to happy hour in the Commonwealth,H157,0.045326293,False,7
495,1570,192,An Act relative to the well-being of law enforcement officers after involvement in a critical incident,S1570,0.006949067,False,2
496,1571,192,An Act relative to the use of hoisting equipment in Chapter 74 vocational technical education,S1571,0.032928526,False,12
497,1572,192,An Act relative to emergency response in an active shooter or hostile event situation,S1572,0.03380835,False,0
498,1573,192,An Act relative to the safety of children in school buses,S1573,0.03108418,False,12
499,1578,192,An Act relative to prejudgment interest rates,H1578,0.0377962,False,6
500,158,192,An Act relative to applied behavior analysts,H158,0.015080392,False,7
501,1582,192,An Act relative to media access and transparency in correctional facilities,S1582,0.042537987,False,0
502,1583,192,An Act to promote business continuity and recovery after a disaster,S1583,0.0039547086,False,7
503,1585,192,An Act relative to arson investigators,S1585,0.02789265,False,10
504,1586,192,An Act relative to the internal benefits of public safety telecommunicators,S1586,0.032473683,False,6
505,1588,192,An Act relative to safety of officers by requiring interior lights in automobiles to be on during stops,S1588,0.0039791465,False,2
506,159,192,An Act authorizing the city of Everett to grant additional alcoholic beverages licenses,H159,0.043887198,False,7
507,1597,192,An Act to strengthen justice and support for sex trade survivors,H1597,0.02919799,False,10
508,1598,192,Resolve establishing a special commission to ensure the safety and sustainability of non-profit public events,H1598,0.047113,False,3
509,1599,192,An Act enhancing access to abortion care,H1599,0.04764825,False,3
510,160,192,An Act relative to individuals with intellectual or developmental disabilities,S160,0.016536951,False,13
511,1600,192,An Act clarifying insurance liability for foster care providers,H1600,0.046889424,False,12
512,1601,192,An Act relative to COVID-19 complications for public safety employees,S1601,0.027889907,False,13
513,1602,192,An Act relative to parentage to promote children's security,S1602,0.014030635,False,12
514,1604,192,An Act relative to the health of correctional employees,H1604,0.062029243,True,12
515,1605,192,An Act related to public safety and police evidence review,S1605,-0.015715182,False,6
516,1606,192,An Act adjusting the salaries of the judicial branch,S1606,0.020535648,False,6
517,1607,192,An Act relative to increasing public safety,H1607,0.11607897,True,0
518,1608,192,An Act relative to the equality of wage and recruitment of the Massachusetts State Police,S1608,0.025143802,False,0
519,1609,192,An Act further regulating the retirement rights of certain employees of Plymouth County,S1609,0.029545069,False,12
520,161,192,An Act relative to charitable alcohol donations,H161,0.038389504,False,12
521,1610,192,An Act relative to employees of private railroads,H1610,0.03996557,False,12
522,1612,192,An Act relative to due process,H1612,0.035014033,False,12
523,1614,192,An Act eliminating the statute of limitation in civil child sexual abuse cases,S1614,0.025733232,False,10
524,1616,192,An Act enhancing justice for families harmed by lead,H1616,0.043321133,False,12
525,1619,192,An Act providing for a COVID-19 retirement credit to essential first responders employees,H1619,0.03372401,False,12
526,162,192,An Act to enhance diversity in the awarding of liquor licenses,S162,0.081044674,True,11
527,1622,192,An Act relative to criminal background checks for youth program volunteers,H1622,0.012353122,False,4
528,1623,192,An Act relative to survivor retirement benefits,S1623,0.033625007,False,12
529,1624,192,"An Act relative to disability or death caused by infectious diseases, presumption",S1624,0.032286286,False,4
530,1630,192,An Act relative to indigent defense counsel,H1630,0.019173384,False,3
531,1632,192,An Act to enhance safety and security in courthouses,H1632,0.014638543,False,10
532,1634,192,An Act relative to GIC healthcare coverage for group 4 members pending disability retirement,S1634,0.031351805,False,12
533,1636,192,An Act relative to disability or death caused by contagious diseases; presumption,S1636,0.017608047,False,12
534,1637,192,An Act relative to the disability or death caused by post-traumatic stress disorder (PTSD),S1637,0.037577927,False,12
535,1638,192,An Act defining abuse and neglect of a child,H1638,0.042354643,False,1
536,164,192,An Act enhancing the podiatric profession's registration and oversight,H164,0.034939826,False,6
537,1640,192,An Act relative to archaic laws,H1640,0.030453265,False,12
538,1641,192,An Act for uniform fiduciary access to digital assets,H1641,0.012193978,False,10
539,1642,192,An Act relative to forfeiture reform,H1642,0.04113996,False,12
540,1645,192,An Act relative to disability or death caused by post-traumatic stress disorder,S1645,0.023349881,False,0
541,1648,192,An Act relative to the Massachusetts Uniform Trust Decanting Act,S1648,0.047097206,False,6
542,165,192,An Act further regulating the continuing education requirements for real estate brokers and salespersons,S165,0.019399166,False,7
543,1650,192,An Act protecting youth during custodial interrogations,H1650,0.030976593,False,12
544,1655,192,An Act increasing fair housing protections for victims of abusive behavior,H1655,0.062389374,True,13
545,1657,192,"An Act relative to strengthening the penalty for assault or assault and battery on an emergency medical technician, ambulance operator, ambulance attendant or health care provider",H1657,0.026614785,False,6
546,1658,192,An Act relative to the retirement of state university and community college police officers,S1658,0.004321575,False,14
547,166,192,An Act furthering fair housing in real estate,S166,0.030760944,False,3
548,1662,192,An Act relative to protecting local retirees,H1662,0.01895225,False,12
549,1667,192,An Act to protect the citizens of the Commonwealth from drunk drivers,H1667,0.028616607,False,12
550,1668,192,An Act relative to the composition of the Group Insurance Commission,S1668,0.025695741,False,14
551,1669,192,An Act relative to the offense of assault and battery upon a transit worker,H1669,0.021590233,False,12
552,167,192,An Act further regulating thoroughbred breeding,S167,0.041132808,False,7
553,1670,192,An Act relative to streamline the judicial review of local land use decisions,H1670,0.0034859776,False,12
554,1673,192,An Act relative to 911 emergency telecommunicators inclusion in the heart bill,S1673,0.014208257,False,14
555,1674,192,An Act relative to Massachusetts certified emergency telecommunicators,S1674,0.029732347,False,14
556,1675,192,An Act to promote housing stability,H1675,0.034452558,False,12
557,168,192,An Act expanding hoisting examination opportunities for spanish language speakers,S168,0.0665884,True,7
558,1680,192,An Act relative to disability pensions for violent crimes,S1680,-0.002560079,False,14
559,1681,192,An Act prohibiting gunfire directed at dwelling houses,H1681,0.04193884,False,0
560,1682,192,An Act relative to regional planning agencies,H1682,0.034278214,False,12
561,1686,192,An Act to further clear titles to real property affected by technical irregularities in recorded instruments,H1686,0.03358668,False,12
562,1688,192,An Act to prevent the imposition of mandatory minimum sentences based on juvenile adjudications,H1688,0.051066756,True,13
563,1689,192,An Act relative to non-Commonwealth entities within the state employees' retirement system,H1689,0.025089443,False,12
564,169,192,An Act modernizing lottery operations,S169,0.02695471,False,7
565,1690,192,An Act requiring public pension fund divestment from ammunition and firearms,H1690,0.04029101,False,12
566,1693,192,"An Act authorizing the state retirement board to retire Richard D'Auria, a University of Massachusetts police officer disabled by cardiac disease, under the provisions of the Heart Law",S1693,-0.010974884,False,14
567,1694,192,An Act providing equity to police officers disabled by cardiac disease,S1694,0.010526836,False,14
568,1697,192,An Act to prohibit the sale of energy drinks to persons under the age of 18,S1697,0.025330663,False,14
569,1698,192,An Act relative to the SMART plan,S1698,0.03408009,False,5
570,170,192,An Act establishing an online lottery,S170,0.059413433,True,3
571,1700,192,An Act to modernize the administration of registered land under chapter 185 of the General Laws,H1700,0.029662132,False,12
572,1701,192,An Act supporting survivors of trafficking and abuse and encouraging increased access to opportunities through expungement and/or sealing of records,H1701,0.02817446,False,12
573,1702,192,An Act improving protections for sexual assault survivors,H1702,0.059750676,True,8
574,1703,192,An Act to protect animals from convicted animal abusers,S1703,0.04077208,False,11
575,1704,192,An Act relative to the retirement of MassPort officers,H1704,0.04075098,False,12
576,1705,192,An Act relative to the timely and consistent payment of law enforcement personnel,S1705,0.019334912,False,0
577,1706,192,An Act relative to the alignment of the University of Massachusetts police,S1706,0.0002592802,False,4
578,1708,192,An Act relative to fair investment practices,H1708,0.03882271,False,6
579,1709,192,An Act to further protect employees through a private right of action,H1709,0.017902255,False,10
580,171,192,An Act modernizing protections for consumers in automobile transactions,H171,0.05820602,True,13
581,1710,192,An Act to promote public safety and better outcomes for young adults,H1710,0.023535669,False,12
582,1713,192,Resolve authorizing the study of cost of living increases for state police retirees,H1713,0.028525293,False,6
583,1715,192,An Act modernizing time-share extension and termination procedures,S1715,0.010262489,False,14
584,1716,192,An Act providing equity to police officers disabled by cardiac disease,S1716,0.014830351,False,14
585,1718,192,An Act relative to the humane protection of animals,S1718,0.013912737,False,1
586,1719,192,An Act relative to public higher education campus police officers injured in the line of duty,S1719,-0.010372639,False,14
587,172,192,"An Act to revitalize agriculture, conditioning and simulcasting",H172,0.032180965,False,7
588,1723,192,An Act relative to legal advertisements in online-only newspapers,S1723,0.0035805702,False,14
589,1724,192,An Act relative to non-public school service,S1724,0.00048941374,False,14
590,1728,192,An Act to implement the recommendations of the special commission on facial recognition technology,H1728,-0.0029433966,False,10
591,173,192,An Act to establish licensing standards for drain cleaners,H173,0.040034175,False,7
592,1731,192,An Act promoting access to counsel and housing stability in Massachusetts,H1731,0.038303137,False,12
593,1732,192,An Act relative to civil asset forfeiture,S1732,-0.005645454,False,14
594,1734,192,An Act providing the next of kin of a police officer or firefighter killed in the line of duty with the flags of the Commonwealth and the United States,S1734,0.035030484,False,14
595,1736,192,An Act relative to disability pensions for public safety employees who are victims of violence,S1736,0.013700247,False,4
596,1737,192,An Act relative to non-opioid alternatives in pain treatment,S1737,0.011186302,False,14
597,1740,192,"An Act relative to the safety of fire, police, and emergency medical technicians from contagious diseases",S1740,0.016264498,False,14
598,1741,192,An Act relative to the retirement options of certain educational personnel,S1741,-0.0029346943,False,14
599,1743,192,An Act relative to certain licensed pipefitters and refrigeration technicians,S1743,0.027033985,False,14
600,1744,192,An Act relative to uniform partition of heirs property,H1744,0.017579257,False,12
601,1745,192,An Act relative to transmitting indecent visual depictions by teens and the unlawful distribution of explicit images,H1745,0.034582675,False,12
602,1746,192,An Act relative to tort actions for latent diseases,S1746,0.002585411,False,14
603,1747,192,An Act to amend the medical peer review law,S1747,0.0279392,False,14
604,1748,192,An Act relative to access to a decedent's electronic mail accounts,HD1748,-0.002942443,False,2
605,1749,192,An Act relative to accidental disability retirement for police officers and firefighters,S1749,0.011910856,False,14
606,175,192,An Act relative to toxic-free kids,S175,0.06916422,True,3
607,1750,192,An Act concerning equitable allocation of recovery proceeds for subrogation claims,H1750,0.036744416,False,12
608,1753,192,An Act concerning assault of a sports official,H1753,0.027763844,False,3
609,1756,192,An Act ensuring integrity in juvenile interrogations,H1756,0.020572245,False,3
610,1757,192,An Act exempting electric vehicle chargers from the sales tax,S1757,0.01745683,False,14
611,1758,192,An Act relative to the repeal of the sales tax exemption for aircraft,H1758,0.0059666634,False,10
612,1759,192,An Act relative to charges associated with condominiums in tax title,S1759,0.02641666,False,1
613,176,192,An Act modernizing the Massachusetts alcohol laws,S176,0.018296003,False,12
614,1762,192,An Act relative to civil asset forfeiture transparency and data reporting,S1762,0.017269135,False,14
615,1763,192,An Act to aid economic recovery of the tourism industry,S1763,0.007919788,False,14
616,1764,192,An Act creating a pilot program to enhance economic and community development through live theatrical arts,H1764,0.067463696,True,13
617,1765,192,An Act to extend the Brownfields Tax Credit,S1765,0.011239469,False,14
618,1767,192,An Act relative to tort actions for latent diseases,H1767,0.024371088,False,8
619,1768,192,An Act improving the earned income credit for working families,S1768,0.010233581,False,14
620,177,192,An Act extending pandemic-related relief for dining establishments,S177,0.038907766,False,7
621,1771,192,An Act granting a local option for a real estate transfer fee to fund affordable housing,S1771,0.0143402815,False,14
622,1773,192,An Act to promote correctional personnel safety,S1773,-0.0063408613,False,14
623,1774,192,An Act relative to the surplus from a tax title sale,S1774,0.0013696551,False,14
624,1776,192,An Act excluding student loan forgiveness from taxable income for permanently and totally disabled veterans,S1776,0.0074909925,False,14
625,1778,192,An Act relative to rolling stock,S1778,0.01145488,False,14
626,178,192,An Act relative to transparency in credit card fees,S178,0.034897506,False,10
627,1780,192,"An Act to promote jobs and economic growth in tourism, visitation and hospitality",S1780,0.022610664,False,1
628,1781,192,An Act relative to embarkation fees,S1781,0.009871185,False,14
629,1782,192,An Act establishing the Martha's Vineyard housing bank,S1782,0.029920518,False,14
630,1786,192,An Act relative to a local option real estate transfer fee to create and preserve housing,S1786,0.018942297,False,14
631,1787,192,An Act relative to first time homebuyer and rental savings accounts,H1787,0.04226178,False,12
632,1789,192,An Act to promote high-impact community investment,H1789,0.039869547,False,12
633,179,192,An Act to provide increased access to hearing aids,S179,0.02480346,False,7
634,1790,192,An Act ensuring equitable access to cannabis related expungement,H1790,0.03022188,False,12
635,1791,192,An Act relative to the relief of mortgage debt,S1791,0.0042592883,False,14
636,1793,192,An Act to increase family stabilization through the earned income tax credit,S1793,0.010787249,False,14
637,1795,192,An Act establishing a jail and prison construction moratorium,S1795,0.018690586,False,14
638,1796,192,An Act relative to telephone service for inmates in all correctional and other penal institutions in the Commonwealth,H1796,-0.009101927,False,12
639,1798,192,An Act to reduce poverty by expanding the EITC and the child and family tax credit,S1798,0.059215605,True,8
640,1799,192,An Act providing for climate change adaptation infrastructure and affordable housing investments in the commonwealth,S1799,0.080403924,True,8
641,180,192,An Act regarding the use of aversive therapy,S180,0.05623573,True,0
642,1801,192,An Act to prevent unwanted opioid prescriptions,H1801,0.024002671,False,12
643,1802,192,An Act improving juvenile justice data collection,H1802,0.017968893,False,3
644,1808,192,An Act relative to pill press machines,S1808,0.04903835,False,8
645,181,192,An Act relative to early intervention services for children with prenatal exposure to opioids,S181,0.027942538,False,10
646,1819,192,An Act relative to expungement of certain past marijuana convictions,H1819,0.026213288,False,12
647,182,192,An Act related to deceptive advertising,S182,0.013858259,False,6
648,1821,192,An Act relative to taxation of equipment used to provide broadband communication services,H1821,0.028983772,False,12
649,1822,192,An Act advancing renewable heating solutions for the Commonwealth,S1822,0.07941663,True,13
650,1826,192,An Act relative to economic development initiatives,S1826,0.026132226,False,10
651,1828,192,An Act relative to corrections officer safety,H1828,0.021425724,False,12
652,1831,192,An Act relative to unemployment compensation and labor disputes,H1831,0.049648106,False,10
653,1834,192,An Act to support educational opportunity for all,S1834,0.028333843,False,8
654,1836,192,An Act relative to payments in lieu of taxation by organizations exempt from the property tax,S1836,0.046033382,False,8
655,1837,192,An Act establishing fairness for agricultural laborers,H1837,0.078927755,True,0
656,1838,192,An Act to prohibit mandatory overtime,H1838,0.006915748,False,14
657,1839,192,An Act providing opportunities for apprentices to complete their training and for ensuring a skilled workforce in the Commonwealth of Massachusetts,H1839,0.03659308,False,12
658,184,192,An Act relative to consumer health data,S184,0.045717776,False,3
659,1841,192,An Act protecting wages of employees who receive wages through an electronic wage card,H1841,0.051799417,True,10
660,1842,192,An Act requiring OSHA training,H1842,0.06579703,True,13
661,1846,192,An Act relative to contractor accountability,S1846,0.02005595,False,8
662,1848,192,An Act establishing rights and obligations of transportation network drivers and transportation network companies,S1848,0.027523935,False,8
663,1849,192,An Act relative to salary range transparency,H1849,0.07147771,True,13
664,1850,192,An Act to provide economic security for fishing industry participants,H1850,0.018403709,False,12
665,1851,192,An Act relative to workforce training,S1851,0.037729442,False,8
666,1855,192,An Act relative to protecting wages of deceased employees,H1855,0.035350382,False,12
667,1858,192,An Act relative to excessive executive compensation,H1858,0.053941965,True,12
668,1859,192,An Act relative to improving PFML data reporting,H1859,0.037992,False,12
669,186,192,An Act establishing senior psychologist licensure,S186,0.047533512,False,4
670,1860,192,An Act relative to the fair taxation of alcoholic beverages,H1860,0.045828402,False,1
671,1861,192,An Act to promote healthy alternatives to sugary drinks,S1861,-0.0027219653,False,8
672,1862,192,An Act to eliminate the tax deduction for direct-to-consumer pharmaceutical marketing,H1862,0.040690124,False,6
673,1864,192,An Act relative to clean energy workforce standards and accountability,H1864,0.048216224,False,3
674,1865,192,An Act relative to a just transition to clean energy,H1865,0.0066716075,False,12
675,1866,192,An Act protecting Massachusetts workers,H1866,0.01979059,False,12
676,1867,192,An Act clarifying mandatory overtime protections,H1867,0.010639548,False,12
677,1868,192,"An Act to prevent wage theft, promote employer accountability, and enhance public enforcement",H1868,0.03736347,False,12
678,1869,192,An Act relative to the sales tax,S1869,0.04131198,False,8
679,187,192,An Act relative to the occupational therapist interstate licensure compact,S187,0.05626321,True,3
680,1871,192,An Act relative to workplace safety and disclosure of violations,H1871,0.08452892,True,12
681,1872,192,An Act requiring one fair wage,S1872,0.067472816,True,13
682,1874,192,An Act relative to snow removal service liability limitation,S1874,0.010300159,False,8
683,1875,192,An Act relative to apprenticeship programs,H1875,0.044196546,False,0
684,1876,192,An Act protecting homeowners from unfair tax lien practices by cities and towns,H1876,0.034480512,False,12
685,1877,192,An Act to establish a hospital and community health center worker minimum wage,S1877,0.029926062,False,8
686,1878,192,An Act protecting warehouse workers,H1878,0.011083126,False,10
687,1879,192,An Act relative to the relief of mortgage debt,H1879,0.03425944,False,12
688,188,192,An Act establishing guardians as providers of medical care to support the rights of incapacitated persons,H188,0.039846778,False,12
689,1880,192,An Act providing benefits for permanent functional loss and disfigurement under the Worker's Compensation Act,H1880,0.042188644,False,12
690,1881,192,An Act clarifying the wage act to protect hospital workers from being deprived of their wages,S1881,0.031383097,False,8
691,1882,192,An Act to establish psychological workplace safety,H1882,0.05890143,True,12
692,1884,192,An Act establishing a college tuition tax deduction,S1884,0.034464717,False,8
693,1886,192,An Act protecting an employee's right to rebuttal of personnel records,S1886,0.0334782,False,8
694,1887,192,An Act relative to professional employer organizations,S1887,0.0526703,True,3
695,1888,192,An Act relative to improving the Massachusetts Paid Family Medical Leave Law,H1888,0.018339217,False,12
696,1889,192,An Act relative to the separation of agricultural land for renewable energy purposes,S1889,0.027887225,False,8
697,189,192,An Act to ease the burden of medical debt,H189,0.026418328,False,12
698,1890,192,An Act excluding the Segal AmeriCorps Education Award from taxable income,S1890,0.025961816,False,8
699,1891,192,An Act clarifying the prevailing wage act to protect actions by the attorney general,H1891,0.031511962,False,12
700,1892,192,An Act relative to anti-retaliation protections for public employees,H1892,0.026669085,False,10
701,1893,192,An Act relative to social media privacy protection,H1893,0.028321445,False,12
702,1894,192,An Act clarifying the prevailing wage law,H1894,-0.050489604,False,12
703,1896,192,An Act to increase accountability in the sale of personal data,S1896,0.07244617,True,13
704,1897,192,An Act relative to fairness in worker's compensation disfigurement benefits,H1897,-0.019940734,False,10
705,1898,192,An Act relative to workers' compensation disfigurement benefits concerning scarring,S1898,0.039267898,False,8
706,190,192,An Act prohibiting inhumane feline declawing,S190,0.019704223,False,12
707,1900,192,An Act relative to prevailing wages,H1900,0.013513565,False,12
708,1902,192,An Act relative to independent contractors,H1902,0.02245748,False,0
709,1903,192,An Act relative to fairness in workers' compensation benefits,H1903,0.010388494,False,12
710,1904,192,An Act relative to the definition of an independent contractor,S1904,0.022744358,False,8
711,1906,192,An Act establishing a tax credit for families caring for elderly relatives and victims of Alzheimer's and Dementia,S1906,-0.0043352842,False,2
712,1907,192,An Act relative to workers' compensation,H1907,-0.0028601885,False,2
713,191,192,An Act regulating alternative healing therapies,H191,0.028077662,False,12
714,1910,192,An Act relative to workers' compensation funeral benefits,S1910,0.015182495,False,3
715,1912,192,An Act protecting the right to time off for voting,H1912,0.039811075,False,12
716,1915,192,An Act relative to employee definition harmonization,H1915,0.03338617,False,12
717,1916,192,An Act relative to the study of unemployment insurance and paid family medical leave for transportation network drivers,H1916,0.017161965,False,12
718,1917,192,An Act requiring human service employers to develop and implement programs that prevent workplace violence,H1917,0.031799734,False,12
719,1918,192,An Act relative to employment protections for victims of abusive behavior,S1918,-0.022839963,False,8
720,1919,192,An Act repealing the sales tax on boats built or rebuilt in the Commonwealth,H1919,0.035787523,False,12
721,192,192,An Act to protect consumers from hidden car subscription service fees,S192,0.047049105,False,6
722,1924,192,An Act to promote the recruitment and retention of hospital workers,H1924,0.046776593,False,0
723,1925,192,An Act relative to the minimum wage,H1925,0.04924774,False,0
724,1926,192,An Act relative to deeds excise receipts,S1926,0.052951276,True,13
725,1927,192,An Act to protect injured workers,H1927,0.025312126,False,10
726,1928,192,An Act relative to occupational presumption and COVID-19,H1928,0.034351647,False,12
727,1929,192,An Act expanding access to commuter transit benefits offered by employers,H1929,0.0027053356,False,12
728,1934,192,An Act to encourage employer supported childcare,H1934,0.0774371,True,12
729,1935,192,An Act relative to the creation of a super research and development tax credit,S1935,0.038821578,False,8
730,1936,192,An Act relative to exemption from taxation structures and buildings essential to the operation of agricultural and horticultural lands,S1936,0.019277334,False,8
731,1937,192,An Act relative to exempting certain medical supplies from the state sales tax,H1937,-0.016933084,False,3
732,194,192,An Act relative to the prevention of child sexual abuse in schools and youth organizations,H194,0.05400908,True,4
733,1940,192,An Act increasing the conservation land tax credit,S1940,0.07285386,True,13
734,1941,192,An Act relative to employee fairness,S1941,0.014228404,False,8
735,1942,192,An Act relative to unemployment benefits for replacement workers,H1942,0.04583943,False,3
736,1943,192,An Act relative to compliance with the prevailing wage laws of the Commonwealth,H1943,-0.011721969,False,14
737,1944,192,An Act clarifying the process for paying the wages of dismissed employees,H1944,0.0069311857,False,10
738,1945,192,An Act relative to apprenticeship programs,H1945,0.031798124,False,3
739,1946,192,An Act relative to wrongful discharge from employment,H1946,-0.00510031,False,10
740,1948,192,An Act relative to paid pregnancy loss leave,H1948,0.0018154383,False,4
741,1949,192,An Act relative to worker compensation protections for certified medical cannabis patients and their caregivers,S1949,-0.031698406,False,8
742,195,192,An Act to protect personal biometric data,S195,0.03857124,False,6
743,1950,192,An Act relative to physician assistant non-competes,S1950,-0.050117314,False,8
744,1953,192,An Act relative to a youth training wage,S1953,0.017167985,False,8
745,1954,192,An Act relative to labor rights of chief probation officers,H1954,0.051106215,True,11
746,1955,192,An Act relative to funding of the Massachusetts State House police memorial,S1955,0.0871281,True,8
747,1956,192,An Act relative to certain tax exemptions for non-profit educational institutions,S1956,0.038803816,False,13
748,1958,192,An Act relative to qualified data centers in the Commonwealth,H1958,0.015043139,False,3
749,196,192,An Act relative to retail liquor sales to caterers,S196,0.032710254,False,10
750,1961,192,An Act relative to bereavement leave,H1961,0.0027544498,False,3
751,1962,192,An Act relative to non-opioid alternatives in pain treatment,H1962,-0.024932683,False,3
752,1963,192,An Act to promote high value and evidence-based behavioral health care,H1963,-0.03316617,False,3
753,1964,192,An Act to require equitable payment from the Commonwealth,H1964,0.013044357,False,3
754,1966,192,An Act ensuring access to addiction services,H1966,0.03854102,False,3
755,1967,192,An Act making records in the office of the Governor public,S1967,0.04416895,False,8
756,1968,192,An Act relative to the labeling of opioid prescriptions,H1968,-0.011869311,False,2
757,1969,192,An Act relative to the establishment of and payments into an opioid stewardship fund,H1969,0.04867983,False,3
758,197,192,An Act creating a special commission to study the current refugee resettlement infrastructure and ensure the successful integration of refugees in Massachusetts,S197,0.05495143,True,7
759,1970,192,An Act to inform prescribers of non-opioid alternative care,H1970,0.029113173,False,3
760,1971,192,An Act to enhance patient education and informed consent before issuance of opioids,H1971,-0.019227803,False,3
761,1974,192,An Act relative to economic development,H1974,-0.02148807,False,3
762,1976,192,An act regarding consistent care for addiction rooted evidence,H1976,0.037816644,False,3
763,1978,192,An Act to improve mental health services in places of incarceration,S1978,0.0384652,False,8
764,1979,192,An Act establishing a jail and prison construction moratorium,S1979,0.037749648,False,13
765,198,192,An Act relative to animal welfare and DCF regulations,H198,-0.020722449,False,3
766,1980,192,An Act establishing the Psychology Interjurisdictional Compact,S1980,0.060717285,True,8
767,1981,192,An Act requiring state procurement of low-carbon building materials,H1981,0.025037467,False,3
768,1982,192,An Act relative to behavioral health workforce loan repayment eligibility,S1982,0.012576044,False,8
769,1983,192,An Act to educate on prescription opioids,H1983,0.007473767,False,3
770,1984,192,An Act to expand equitable perinatal mental health services,H1984,-0.012001276,False,3
771,1985,192,An Act building resiliency in communities through mental health,S1985,0.071568966,True,11
772,1986,192,An Act to promote public procurement and inclusive entrepreneurship,S1986,0.07114565,True,8
773,1988,192,An Act relative to creating a pilot program to transfer high acuity behavioral health and dual diagnosis patients away from overcrowded emergency departments,H1988,0.036778986,False,3
774,1989,192,An Act relative to creating intensive stabilization and treatment units within the Department of Mental Health,H1989,0.03395933,False,10
775,199,192,An Act relative to custom-built heavy duty vehicles sold in the Commonwealth,S199,0.05281651,True,7
776,1990,192,An Act relative to language access and inclusion,H1990,0.04704386,False,10
777,1994,192,An Act promoting the civil rights and inclusion of American Muslims in the commonwealth,H1994,-0.00046640635,False,3
778,1995,192,An Act establishing maternal mental and behavioral health care workforce grants,H1995,0.01831907,False,3
779,1996,192,An Act establishing a maternal mental health equity grant program,H1996,0.0024138093,False,3
780,2,192,"An Act making appropriations for the fiscal year 2025 for the maintenance of the departments, boards, commissions, institutions, and certain activities of the Commonwealth, for interest, sinking fund, and serial bond requirements, and for certain permanent improvements",H2,0.029997587,False,5
781,20,192,Proposed Joint Rules for the 2023-2024 Legislative Session,H20,0.030299842,False,14
782,200,192,An Act to protect consumers in cable contracts,S200,0.05888337,True,7
783,2000,192,An Act relative to benzodiazepines and non-benzodiazepine hypnotics,H2000,0.0353716,False,3
784,2004,192,"An Act discouraging employers from closing call centers and customer service operations in the Commonwealth and relocating overseas, and for other purposes",S2004,0.04762113,False,8
785,2005,192,An Act relative to recovery coach licensure,H2005,0.008537233,False,3
786,2006,192,An Act relative to applied behavioral health clinic rates,H2006,0.010915995,False,14
787,2007,192,An Act enabling physician assistants to authorize psychiatric holds and ensure adequate training on their use,S2007,0.03750682,False,8
788,2009,192,An Act advancing public health and safety using fentanyl testing strips,H2009,0.0024138093,False,3
789,201,192,An Act relative to supported decision making,H201,0.008528411,False,1
790,2011,192,An Act to expand equity and access to patient centered care for substance abuse disorders,H2011,-0.086785555,False,3
791,2012,192,An Act creating a commission to reform Section 12,H2012,-0.008368015,False,4
792,2015,192,An Act relative to Massachusetts time zones and sunshine protection,S2015,-0.023585916,False,3
793,2016,192,An Act providing for more efficient wetlands,H2016,0.011647105,False,3
794,202,192,An Act allowing businesses to sign up for the Do Not Call list,S202,0.0428167,False,6
795,2020,192,An Act to preserve early education support for families,S2020,0.0029389262,False,4
796,2022,192,"An Act relative to further increasing the fines for cruelty to animals, and establishing a fund dedicated to improvements for local animal shelters",H2022,0.0062482357,False,3
797,2024,192,An Act to modernize participation in public meetings,S2024,0.029482186,False,3
798,2025,192,Order for the adoption of permanent Joint Rules for the 193rd General Court governing the 2023-2024 legislative session,S2025,0.036964536,False,13
799,2026,192,An Act to promote American manufacturing,S2026,0.02173245,False,10
800,2027,192,An Act authorizing project labor agreements,H2027,0.02129668,False,3
801,2028,192,An Act relative to equity in public contracting in honor of Bruce C. Bolling,H2028,-0.014615893,False,3
802,2029,192,An Act to promote gender and racial diversity on public boards and commissions,S2029,0.034634173,False,13
803,203,192,An Act protecting vulnerable adults from financial exploitation,S203,0.004781723,False,10
804,2034,192,An Act relative to the definition of fraud in public construction bid laws,S2034,0.03589523,False,10
805,2035,192,An Act to prevent nonprofit institutions from avoiding wetlands or natural resource protections under the so-called Dover Amendment,H2035,0.007878482,False,10
806,2038,192,An Act to prohibit the expansion of fossil fuel infrastructure for new construction in the town of Concord,H2038,-0.014858544,False,3
807,2039,192,An Act facilitating local approval of inclusionary zoning,H2039,-0.0029705167,False,3
808,204,192,An Act relative to the issuance of a class 1 dealer license,S204,0.016789854,False,3
809,2042,192,An Act relative to educational collaboratives,S2042,0.062199473,True,13
810,2047,192,An Act relative to protecting the taxpayers of the Commonwealth,H2047,0.027709603,False,3
811,205,192,An Act relative to small businesses and the sale of certain cultural products,S205,0.025677979,False,7
812,2053,192,An Act establishing a moratorium on the procurement of structures or activities generating PFAS emissions,S2053,0.045981646,False,10
813,2056,192,An Act further regulating siting of solid waste facilities,H2056,0.0138014555,False,3
814,2057,192,An Act to prohibit licensing by the Department of Environmental Protection at the WIN Waste Innovations facility in the town of Saugus,S2057,0.09135103,True,13
815,2059,192,An Act promoting a foundation for universal childcare,H2059,0.0010402203,False,3
816,206,192,An Act relative to the citizenship requirement to be appointed manger on license for the sale of alcoholic beverages,S206,0.022366226,False,3
817,2062,192,An Act authorizing the town of Bedford to adopt alternative methods for notice of public hearings,H2062,0.0062171817,False,1
818,2063,192,An Act reducing impervious surfaces,H2063,0.026313186,False,6
819,2064,192,An Act extending the public records law to the Governor and the Legislature,H2064,0.0011273026,False,6
820,2065,192,An Act providing for safe subdivision ways,H2065,0.025303125,False,1
821,2066,192,An Act encouraging public-private partnerships to create affordable housing at public sites,H2066,0.043447614,False,12
822,2067,192,An Act relative to a transfer of a certain parcel of land in Hyde Park,H2067,0.027846336,False,12
823,2068,192,An Act relative to abutter appeals,H2068,0.05404854,True,6
824,207,192,An Act regulating the practice and licensure of veterinary technicians,S207,0.09527755,True,11
825,2078,192,An Act authorizing local control of waste collection hours of operation,S2078,0.037462354,False,10
826,2079,192,An Act to set equal contracting conditions for electricity customers on basic service,S2079,0.03095752,False,6
827,208,192,An Act relative to motor vehicle financial protection products,H208,0.007337868,False,4
828,2080,192,An Act to expand carbon pricing in the commonwealth,S2080,0.008627832,False,3
829,2082,192,An Act to establish a clean heating initiative in the commonwealth and reorganize the energy efficiency programs known as MassSave,H2082,-0.018447459,False,6
830,2083,192,An Act exempting prepaid wireless customers from E911 fees,S2083,0.012229383,False,0
831,2084,192,An Act promoting dairy farms,S2084,0.024939239,False,8
832,2085,192,An Act relative to towing protections,S2085,0.019480169,False,13
833,2086,192,An Act relative to essential energy needs,S2086,0.028948724,False,3
834,2087,192,An Act relative to reasonable energy consumption,H2087,0.007510841,False,6
835,2088,192,An Act relative to Massachusetts Solar Access Law,H2088,0.060407996,True,6
836,2090,192,An Act incorporating embodied carbon into state climate policy,S2090,0.051694453,True,13
837,2093,192,An Act expanding access to the fossil fuel free demonstration project,S2093,0.035056293,False,3
838,2094,192,An Act to promote low-income access to solar,S2094,0.06648642,True,13
839,2095,192,An Act supporting municipal light plants,S2095,0.030519128,False,10
840,2096,192,An Act relative to Massachusetts' carbon dioxide removal leadership,S2096,0.016502976,False,10
841,2099,192,An Act promoting access to zero-emission school buses,S2099,0.050147176,True,0
842,21,192,"Text of the proposed Joint Rules adopted by the Senate, as the Joint Rules governing the 2023-2024 legislative session",S21,0.0013469458,False,10
843,2100,192,An Act relative to electric utility climate resilience and microgrids,S2100,0.028225005,False,11
844,2101,192,An Act authorizing municipalities to impose a methane emissions surcharge and authorize non-pipeline alternatives,S2101,0.07079041,True,13
845,2102,192,An Act enhancing the issuance of citations for cruel conditions for animals,H2102,0.043491483,False,6
846,2103,192,An Act relative to Mass Save assessments,H2103,0.031279206,False,6
847,2104,192,An Act to expand the Bottle Bill,H2104,0.0445652,False,8
848,2105,192,An Act relative to the future of clean heat in the Commonwealth,S2105,0.03273046,False,12
849,2106,192,An Act relative to electric ratepayer protections,S2106,0.0072944164,False,10
850,2107,192,An Act relative to municipal authority in public rights of way,S2107,0.050219536,True,10
851,2108,192,An Act to reduce congestion and encourage shared rides,H2108,0.029787898,False,6
852,2109,192,An Act to support the equitable utilization of third party consultants in land use determinations,H2109,0.027598858,False,1
853,211,192,An Act establishing a bill of rights for individuals experiencing homelessness,H211,0.036943793,False,2
854,2110,192,An Act relative to fusion energy,H2110,0.057282507,True,6
855,2111,192,An Act to enhance municipal choice and provide affordable electricity options,S2111,0.03885901,False,0
856,2112,192,An Act relative to assessor certificates,H2112,0.01997739,False,4
857,2113,192,An Act relative to additional inspectors; inspector engaging in plumbing or gas fitting work,S2113,0.011368334,False,4
858,2114,192,An Act relative to the proper disposal of miniatures,H2114,0.017350316,False,6
859,2115,192,An Act relative to the electrification of new and substantially remodeled or rehabilitated building,S2115,0.053412378,True,13
860,2116,192,An Act to reduce greenhouse gas emissions by permitting local option all-electric buildings and homes ordinances,S2116,0.062418163,True,11
861,2117,192,An Act relative to dangerous dogs,S2117,0.03741604,False,10
862,2119,192,An Act to promote solar energy development consistent with the commonwealth's 2050 next generation roadmap,H2119,0.025960445,False,12
863,2120,192,An Act increasing solar rooftop energy,S2120,0.03933066,False,13
864,2121,192,An Act investing in a prosperous clean commonwealth by 2030,H2121,0.033399463,False,6
865,2122,192,An Act relative to certainty of continuing education for chiropractors,H2122,0.04585737,False,6
866,2123,192,"An Act relative to natural gas shut-off valves, gate boxes and public safety",H2123,0.015682697,False,6
867,2124,192,An Act enabling trained school personnel to administer life saving epinephrine treatment,S2124,0.024650931,False,0
868,2125,192,An Act reducing administrative burden for government and industry,H2125,0.04878539,False,6
869,2127,192,An Act relative to healthy and sustainable schools,S2127,0.059821248,True,4
870,2128,192,An Act providing safeguards for home healthcare workers,S2128,0.069559395,True,8
871,2129,192,An Act relative to anaerobic digestion and agricultural energy,H2129,0.12642854,True,13
872,213,192,An Act relative to the licensure of appraisers,S213,0.04435599,False,3
873,2130,192,An Act relative to monthly minimum reliability contributions,S2130,0.09060663,True,11
874,2131,192,An Act to improve outdoor and indoor air quality for communities burdened by pollution,S2131,0.108055174,True,11
875,2132,192,An Act to close the achievement gap by addressing disparities in children's vision,S2132,0.06478721,True,11
876,2133,192,An Act to establish standards for the pole attachment process to facilitate the construction of broadband networks,H2133,0.07972056,True,13
877,2134,192,An Act relative to collaborative drug therapy management optimization,H2134,0.079690635,True,13
878,2135,192,An Act relative to removing barriers to care for physician assistants,S2135,0.08170754,True,11
879,2136,192,An Act to remove woody biomass from the greenhouse gas emissions standard for municipal lighting plants,S2136,0.10501397,True,11
880,2137,192,An Act relative to student safety in interscholastic athletic activities,H2137,0.05895996,True,13
881,2138,192,An Act relative to menstrual product ingredient disclosure,S2138,0.07277501,True,11
882,2139,192,An Act to increase patient access to certain health care services,S2139,0.09098762,True,11
883,214,192,An Act relative to the licensure of appraisers,H214,0.027640104,False,6
884,2140,192,An Act establishing off-peak charging rebates,H2140,0.05708283,True,10
885,2141,192,An Act relative to tobacco harm-reduction,H2141,0.10756397,True,13
886,2143,192,An Act preserving access to hospital services,H2143,0.06407452,True,3
887,2144,192,An Act relative to building energy and decarbonization,H2144,0.049945712,False,13
888,2145,192,An Act supporting load aggregation programs in the Commonwealth,H2145,0.08669698,True,11
889,2146,192,An Act reforming the Massachusetts Municipal Wholesale Electric Company board of directors,H2146,0.021091044,False,7
890,2147,192,Resolve providing for an investigation and study by a special commission relative to Long COVID related needs in the Commonwealth of Massachusetts,H2147,0.041635513,False,10
891,2148,192,An Act relative to the board of registration in naturopathy,H2148,0.024670303,False,7
892,2149,192,An Act to ensure safe medication administration,H2149,0.08355588,True,11
893,215,192,An Act relative to the fair distribution and pricing of event tickets,S215,0.04804486,False,3
894,2150,192,An Act to encourage solar development on built and disturbed land,H2150,0.057735205,True,13
895,2151,192,An Act promoting community immunity,S2151,0.058742106,True,0
896,2152,192,An Act regulating surgical assistants,S2152,0.074735165,True,11
897,2156,192,An Act relative to enhancing statewide hospital capacity coordination,S2156,0.07647604,True,11
898,2157,192,An Act repurposing the commonwealth's power plants to a clean energy future,S2157,0.04809344,False,11
899,2158,192,An Act relative to air monitoring stations,S2158,0.07089901,True,11
900,216,192,An Act allowing spouses to serve as caregivers,S216,0.04824364,False,6
901,2160,192,An Act relative to reciprocity of psychologists,H2160,0.043693304,False,13
902,2163,192,An Act relative to postpartum depression screenings,S2163,0.06395078,True,11
903,2164,192,An Act allowing municipalities to reasonably regulate solar siting,S2164,0.0482651,False,11
904,2165,192,An Act to reduce fraud in prescription drug abuse testing and help prevent substance abuse,S2165,0.081448674,True,11
905,2166,192,An Act relative to local boards of health and the sale of legal tobacco products in the Commonwealth,S2166,0.0718022,True,11
906,2167,192,An Act for a clean energy Commonwealth by 2035,H2167,0.07893902,True,11
907,2168,192,An Act relative to energy storage procurement for 2030 and 2035,S2168,0.05483967,True,11
908,2169,192,An Act to expand offshore wind development in the Commonwealth,H2169,0.013875544,False,10
909,217,192,An Act relative to foreign-trained medical professionals,S217,0.027063131,False,2
910,2171,192,An Act relative to establishing a residential PACE program to provide long-term financing for home energy system improvements,S2171,0.07972813,True,11
911,2174,192,An Act relative to net metering fairness,H2174,0.032749236,False,13
912,2175,192,An Act relative to medical physics,S2175,0.021717906,False,10
913,2176,192,An Act sparking the construction of 21st century buildings,S2176,0.06179297,True,11
914,2177,192,An Act relative to healthcare worker and first responder safety,H2177,0.027987838,False,4
915,2178,192,An Act to strengthen our public health infrastructure to address Alzheimer's and all dementia,S2178,0.04461801,False,3
916,2179,192,An Act to reduce gas leaks,S2179,0.07351905,True,11
917,218,192,An Act ensuring internet security and privacy,S218,0.021156967,False,3
918,2180,192,An Act including Krabbe Disease in newborn screening,S2180,0.08859849,True,11
919,2181,192,An Act protecting the health of the mother and a born alive fetus after the second trimester,H2181,0.05332589,True,14
920,2182,192,An Act to reduce incidence and death from pancreatic cancer,H2182,0.03456968,False,10
921,2183,192,An Act to improve food allergy awareness,H2183,0.014491558,False,10
922,2184,192,An Act authorizing pharmacists to provide opioid use disorder treatment,H2184,0.07127893,True,13
923,2185,192,An Act relative to the maximum storage charges on motor vehicles involuntarily towed,S2185,0.069976926,True,11
924,2186,192,An Act relative to clinical laboratory testing,H2186,0.03996229,False,12
925,2187,192,An Act relative to conducting fetal and infant mortality review,H2187,0.02453798,False,2
926,2188,192,An Act modernizing library access to electronic books and digital audiobooks,S2188,0.07920003,True,11
927,2189,192,"An Act relative to the use of elephants, big cats, primates, giraffes, and bears in traveling exhibits and shows",H2189,0.060821235,True,13
928,219,192,An Act authorizing the town of Milton to issue a license for the sale of all alcoholic beverages to be drunk on the premises,S219,0.021565557,False,6
929,2190,192,An Act establishing a program for local art and community engagement,H2190,0.02850008,False,10
930,2191,192,An Act relative to regional tourism councils,S2191,0.076738834,True,11
931,2192,192,An Act protecting patients and healthcare workers from exposure to surgical smoke,H2192,0.046171427,False,13
932,2193,192,An Act expanding after-death care options,H2193,0.08940697,True,13
933,2194,192,An Act authorizing a 90-day supply of medically necessary testosterone therapy medication,S2194,0.058968008,True,11
934,2196,192,An Act promoting patient safety and equitable access to care,H2196,0.062574685,True,13
935,2197,192,An Act to protect Massachusetts public health from PFAS,S2197,0.059216082,True,11
936,2199,192,An Act amending the statutory responsibilities of the Department of Public Utilities and establishing a commission on transportation safety oversight and regulation,S2199,0.06206298,True,11
937,220,192,An Act relative to vehicle recalls,S220,0.03229803,False,3
938,2200,192,An Act regulating central service technicians,H2200,0.060846448,True,13
939,2201,192,An Act relative to 2-person train crew size,S2201,0.062435567,True,11
940,2203,192,An Act relative to autocycles,S2203,0.05349654,True,11
941,2204,192,An Act facilitating better interactions between police officers and persons with autism spectrum disorder,H2204,0.07231659,True,13
942,2206,192,An Act to permit the scattering of unclaimed cremated remains at sea,H2206,0.009079754,False,8
943,2207,192,An Act relative to gender identity on Massachusetts identification,H2207,0.046227217,False,10
944,2208,192,An Act funding the transition to electric vehicles,H2208,0.04810214,False,13
945,2209,192,An Act promoting access to midwifery care and out-of-hospital birth options,S2209,0.098517954,True,11
946,221,192,An Act to promote economic recovery for restaurants and bars,S221,0.032461405,False,6
947,2210,192,An Act to protect youth from the health risks of sugary drinks,S2210,0.06973767,True,11
948,2211,192,An Act establishing the Metropolitan Transportation Network,H2211,0.012450337,False,13
949,2212,192,An Act relative to the Move Over Law,H2212,0.08602917,True,13
950,2213,192,An Act relative to acute hospital governance,H2213,0.009933591,False,6
951,2214,192,An Act establishing a commission on quality patient outcomes and professional nursing practice,H2214,0.02100712,False,6
952,2215,192,An Act protecting children from harmful diet pills and muscle-building supplements,H2215,0.020625353,False,10
953,2216,192,An Act relative to dental hygienists,H2216,0.010756612,False,6
954,2217,192,An Act relative to limited service clinics,S2217,0.11775625,True,11
955,2218,192,An Act relative to newborn screenings for congenital cytomegalovirus,S2218,0.0646857,True,11
956,2219,192,An Act relative to certified medical assistant administration of immunization,S2219,0.043956757,False,8
957,222,192,An Act relative to the collection of debt,H222,-0.03963107,False,2
958,2222,192,An Act establishing a special commission to study the youth sports industry and other related matters,H2222,-0.0028287172,False,2
959,2223,192,An Act relative to the Massachusetts lead law and promoting equal access to lead-free housing,H2223,0.039687514,False,6
960,2224,192,An Act improving healthcare delivery for underserved residents of the Commonwealth,S2224,0.11106861,True,11
961,2225,192,"An Act enabling pharmacists to prescribe, dispense and, administer PrEP",S2225,0.11371565,True,11
962,2226,192,An Act prohibiting the sale of dextromethorphan to minors,H2226,0.023578227,False,4
963,2227,192,An Act to end debt-based driving restrictions and remove economic roadblocks,S2227,0.09593046,True,11
964,2228,192,An Act relative to mobile carrying devices,S2228,0.09624177,True,11
965,2229,192,An Act relative to anesthesiologist assistants,S2229,0.11016542,True,11
966,223,192,An Act to ensure the health and safety of the commonwealth's students and educators,S223,0.025234997,False,3
967,2230,192,An Act protecting youth from second hand smoke,H2230,0.103582025,True,11
968,2232,192,An Act relative to dental service quotes,H2232,0.039409935,False,10
969,2233,192,An Act establishing a physical therapy licensure compact,H2233,0.0138037205,False,2
970,2234,192,An Act relative to source plasma donation centers,H2234,-0.032187402,False,13
971,2235,192,An Act to remediate and reopen the visitor information center on I-95 in Northern Bristol County for traveler safety and convenience and to promote regional tourism and economic development,S2235,0.09956306,True,11
972,2236,192,An Act relative to peer-to-peer car sharing,H2236,0.0377329,False,6
973,2240,192,An Act relative to updating the state Move Over law,S2240,0.03447801,False,13
974,2241,192,An Act enabling trained dental hygienists to administer dermal fillers and botox,S2241,0.015103042,False,4
975,2242,192,An Act to establish standards for quarry licensing and the testing for pyrite minerals,S2242,-0.05001527,False,8
976,2243,192,An Act relative to year of manufacture registration plates,S2243,0.031127155,False,10
977,2244,192,An Act providing for consumer access to and the right to practice complementary and alternative health care services,S2244,0.031541765,False,13
978,2245,192,An Act to strengthen the direct care and dementia workforce,H2245,0.04149759,False,6
979,2246,192,An Act relative to end of life options,S2246,0.027064383,False,8
980,2247,192,An Act relative to safe patient handling and mobility in certain health facilities,H2247,0.03689426,False,6
981,2248,192,An Act directing the Massachusetts Bay Transportation Authority to place naloxone at Red Line stations,S2248,-0.01516366,False,13
982,2249,192,An Act relative to the availability of prescription medication during an emergency,H2249,-0.01129216,False,6
983,225,192,An Act to improve the economy of the commonwealth,S225,0.040627718,False,3
984,2250,192,An Act to improve outcomes for sudden cardiac arrest,H2250,0.04497701,False,6
985,2251,192,An Act to provide identification to youth and adults experiencing homelessness,S2251,0.014609277,False,7
986,2252,192,An Act relative to peer to peer car sharing,S2252,0.044302702,False,0
987,2253,192,An Act to improve oral health for all Massachusetts residents,H2253,0.032996535,False,6
988,2254,192,An Act reducing barriers to telehealth care,S2254,0.07101011,True,0
989,2255,192,An Act relative to the sustainability of public health dental hygienists through adequate reimbursements,H2255,0.07195467,True,13
990,2256,192,An Act authorizing Massachusetts entry into the Interstate Medical Licensure Compact,H2256,0.030734777,False,6
991,2257,192,An Act to promote the safe integration of autonomous vehicles into the transportation system of the Commonwealth,S2257,0.05567032,True,4
992,2258,192,An Act relative to improving asthma in schools,H2258,-0.032075465,False,6
993,226,192,An Act relative to encouraging the growth of small businesses,H226,0.03039056,False,6
994,2261,192,An Act to prohibit the use of polystyrene foam food containers,S2261,0.0040640235,False,0
995,2262,192,An Act enhancing podiatric profession's registration and oversight,H2262,0.07064772,True,11
996,2263,192,An Act creating an obesity task force,H2263,0.07419819,True,11
997,2264,192,An Act to create equitable approaches to public health,H2264,0.03475809,False,6
998,2266,192,An Act to promote public health through the Prevention and Wellness Trust Fund,H2266,0.035228252,False,6
999,2267,192,An Act enhancing school bus safety,H2267,0.032568097,False,6
1000,2268,192,An Act relative to timely physician licensure,H2268,0.03597516,False,2
1001,2269,192,An Act to establish a pilot program for specialty pharmacy in urology,H2269,0.0410648,False,6
1002,227,192,An Act establishing the Massachusetts Information Privacy and Security Act,S227,0.068413675,True,7
1003,2270,192,An Act relative to the safer treatment,H2270,0.044793844,False,6
1004,2271,192,An Act improving rail service on the Fairmount commuter rail line,S2271,0.05979246,True,0
1005,2274,192,An Act relative to life cycle costs for long term pavement solutions,S2274,0.048223853,False,4
1006,2275,192,An Act relative to school bus safety cameras,S2275,0.021028757,False,0
1007,2276,192,An Act relative to safety glass standards,S2276,0.027757287,False,0
1008,2278,192,An Act relative to billboard permitting,H2278,0.06315714,True,10
1009,228,192,An Act to promote downtown vitality,H228,-0.013131499,False,2
1010,2280,192,An Act modernizing childhood lead poisoning prevention,H2280,0.008421242,False,4
1011,2281,192,An Act relative to student heart health,H2281,0.042307973,False,13
1012,2282,192,An Act relative to requiring trauma kits in public buildings,H2282,0.01349467,False,10
1013,2285,192,An Act relative to public safety in hoisting regulations,S2285,0.033387065,False,0
1014,2286,192,An Act relative to a clean fuel standard,H2286,0.029790878,False,6
1015,2288,192,An Act to protect the civil rights and safety of all Massachusetts residents,S2288,0.056460798,True,13
1016,2289,192,An Act relative to enhanced fire protection in new one- and two-family dwellings,H2289,0.034429252,False,6
1017,229,192,Resolve providing for an investigation and study by a special commission relative to protein innovation in Massachusetts,S229,0.043637156,False,3
1018,2290,192,An Act relative to fire protection,H2290,0.04042834,False,6
1019,2293,192,An Act to establish a prepaid wireless E911 surcharge,H2293,0.036473513,False,6
1020,2295,192,An Act to require seat belts on school buses,H2295,0.013969958,False,2
1021,2296,192,An Act establishing the Blue Star Family license plate,S2296,0.046184838,False,0
1022,23,192,An Act making appropriations for the Fiscal Year 2023 to provide for supplementing certain existing appropriations and for certain other activities and projects,H23,0.0053132772,False,14
1023,230,192,An Act relative to encouraging the growth of small businesses,H230,0.0024569035,False,2
1024,2301,192,An Act relative to critical incident intervention by emergency service providers,H2301,0.04073578,False,6
1025,2302,192,An Act relative to the discharge of spent fuel pool water,H2302,0.04174596,False,12
1026,2305,192,An Act relative to firearms in certain public buildings,H2305,0.03765458,False,0
1027,2306,192,An Act requiring licensed gun owners to submit a yearly affidavit,H2306,0.040845633,False,7
1028,2307,192,An Act relative to Chapter 90B vehicle registration,H2307,0.029776037,False,6
1029,2308,192,An Act relative to unmanned aerial vehicles in the Commonwealth,H2308,0.038509905,False,6
1030,2309,192,An Act relative to the reckless discharge of firearms,H2309,0.038731992,False,11
1031,2311,192,An Act authorizing the voluntary disavowal of eligibility to purchase a firearm,H2311,0.03007263,False,12
1032,2312,192,An Act relative to ghost guns,H2312,0.042234123,False,6
1033,2313,192,An Act to establish the Guard enlistment enhancement program,H2313,0.04443699,False,6
1034,2315,192,An Act further defining a hate crime,H2315,0.07190192,True,0
1035,2317,192,An Act relative to the establishment of the PFAS research and development public safety fund,H2317,0.015966356,False,4
1036,2318,192,An Act to enhance child passenger safety,H2318,0.009651661,False,6
1037,2320,192,An Act expanding the National Guard welcome home veterans' bonus to all deployed members,S2320,0.028584361,False,0
1038,2321,192,An Act relative to safe building materials,H2321,0.05322802,True,13
1039,2322,192,An Act establishing a commission to study post-traumatic stress disorder in law enforcement officers,H2322,-0.015949607,False,6
1040,2323,192,An Act establishing a commission on Post Traumatic Stress Disorder,S2323,0.044697642,False,3
1041,2327,192,An Act relative to health insurance and incarcerated individuals,H2327,0.038704395,False,7
1042,233,192,An Act improving housing opportunities,S233,0.024520814,False,6
1043,2330,192,An Act requiring health care employers to develop and implement programs to prevent workplace violence,S2330,0.05521363,True,0
1044,2332,192,An Act relative to electronic defensive devices,H2332,0.053269923,True,6
1045,2333,192,An Act to establish the Massachusetts incarcerated individual bone marrow and organ donation program,H2333,0.033777595,False,2
1046,2335,192,An Act to establish the Massachusetts National Guard Museum in Salem,S2335,0.040771723,False,0
1047,2337,192,An Act relative to the use of hoisting equipment in Chapter 74 vocational technical education,S2337,0.05891812,True,4
1048,2338,192,An Act to ensure pay parity for county sheriffs' correction officers and jail officers,H2338,0.022879362,False,6
1049,2339,192,An Act relative to the reduction of certain toxic chemicals in firefighter personal protective equipment,H2339,-0.028546691,False,6
1050,234,192,An Act encouraging the growth of small businesses,H234,0.03690362,False,3
1051,2340,192,An Act relative to primary enforcement of seatbelt violations,H2340,0.026757479,False,6
1052,2344,192,An Act providing for greater police transparency,H2344,0.043462396,False,6
1053,235,192,An Act relative to early education funding,S235,0.05875945,True,7
1054,2353,192,An Act relative to the equality of wage and recruitment of the Massachusetts State Police,H2353,0.027098775,False,12
1055,2354,192,An Act relative to motor vehicle battery storage,H2354,0.015499473,False,12
1056,2355,192,An Act relative to the well-being of law enforcement officers after involvement in a critical incident,H2355,0.09107739,True,11
1057,2358,192,An Act updating the Massachusetts assault weapons ban,H2358,0.022720516,False,6
1058,2359,192,An Act to prohibit carrying firearms in sensitive places,H2359,0.025875568,False,6
1059,2360,192,An Act relative to 3D printed guns and ghost guns,H2360,0.03659314,False,6
1060,2361,192,An Act banning semi-automatic firearms,H2361,0.04119605,False,6
1061,2362,192,An Act establishing an institute within the Department of Public Health,H2362,-0.01826799,False,6
1062,2363,192,An Act to close the large capacity magazine loophole,H2363,0.017963529,False,6
1063,2364,192,An Act to require liability insurance for gun ownership,S2364,0.0442394,False,0
1064,2365,192,An Act requiring live fire practice for a firearms license,S2365,0.03083229,False,0
1065,2366,192,An Act to clarify the prosecution of illegal guns,H2366,0.04108095,False,6
1066,2367,192,An Act relative to third party delivery data reporting,H2367,0.03996259,False,6
1067,237,192,An Act relative to housing production,H237,-0.051403046,False,6
1068,2373,192,An Act authorizing the town of Clinton to grant 6 additional licenses for the sale of all alcoholic beverages to be drunk on the premises,HD2373,0.025307715,False,6
1069,2378,192,An Act relative to the POST Commission,S2378,0.058140993,True,0
1070,238,192,An Act protecting the Commonwealth's gaming industry,S238,0.06314957,True,7
1071,2380,192,An Act relative to firearm industry accountability and gun violence victims' access to justice,H2380,0.017052054,False,6
1072,2381,192,An Act requiring health care facilities to develop and implement programs to prevent workplace violence,H2381,0.034528673,False,6
1073,2385,192,An Act establishing a smart gun technology task force,H2385,0.0681563,True,12
1074,2386,192,An Act relative to fire protection systems for buildings and structures,H2386,0.029143631,False,6
1075,2388,192,An Act to provide a sustainable future for rural schools,H2388,0.06495547,True,6
1076,2389,192,An Act relative to swimming pool alarms,H2389,0.028406858,False,4
1077,2390,192,An Act relative to protecting our waterways,H2390,0.037088692,False,2
1078,2393,192,An Act relative to legacy firefighters,H2393,0.051332295,True,11
1079,2394,192,An Act to improve transparency and accountability in correctional facilities,H2394,0.033386886,False,6
1080,2395,192,An Act establishing a primary seat belt law,H2395,-0.057652295,False,4
1081,2396,192,An Act relative to the requirement of explosive gas sensor devices,H2396,0.02252227,False,6
1082,2397,192,"An Act to improve the Commonwealth's competitiveness, affordability, and equity",S2397,0.01709187,False,3
1083,2399,192,An Act relative to a voluntary do-not-sell list for firearms purchases,H2399,0.00022381544,False,2
1084,24,192,An Act making appropriations for the Fiscal Year 2023 to provide for supplementing certain existing appropriations and for certain other activities and projects,S24,0.03966075,False,10
1085,240,192,An Act relative to starter home school cost reimbursement,S240,0.032246947,False,10
1086,2400,192,"An Act making appropriations for the fiscal year 2024 for the maintenance of the departments, boards, commissions, institutions, and certain activities of the Commonwealth, for interest, sinking fund, and serial bond requirements, and for certain permanent improvements",H2400,0.009183586,False,4
1087,2402,192,An Act relative to the lawful sale of handguns,S2402,0.030206561,False,10
1088,2405,192,An Act relative to kayak safety,H2405,0.055187106,True,6
1089,2406,192,An Act relative to furthering the success of opiate intervention programs,S2406,0.01974678,False,4
1090,2407,192,An Act relative to membership on the POST commission,H2407,0.096490026,True,13
1091,2408,192,An Act relative to advancing the profession of commercial interior design,H2408,0.053295493,True,13
1092,2409,192,"An Act to revitalize agriculture, conditioning and simulcasting",S2409,0.0045989156,False,14
1093,241,192,Resolve establishing a special education funding reform commission,H241,0.018059373,False,12
1094,2410,192,An Act further regulating thoroughbred breeding,S2410,0.030022204,False,14
1095,2413,192,An Act relative to a fresh start,S2413,0.028032422,False,4
1096,2415,192,An Act establishing a special commission to ensure the safety and sustainability of non-profit public events,H2415,0.057056487,True,0
1097,2416,192,An Act requiring human trafficking recognition training for certain hospitality workers,H2416,0.08141321,True,13
1098,2419,192,An Act relative to the availability of personal floatation devices at certain municipal and recreational programs and camps,S2419,0.012752831,False,12
1099,242,192,An Act establishing a Green and Healthy Schools working group and implementation plan,S242,-0.013347924,False,3
1100,2421,192,An Act relative to emergency response in an active shooter or hostile event situation,H2421,0.053343117,True,10
1101,2422,192,An Act relative to the security of exercise equipment and free weights in correctional institutions,H2422,0.022620916,False,8
1102,2423,192,An Act relative to providing advanced life support to police dogs injured in the line of duty,H2423,0.03660065,False,10
1103,2425,192,An Act improving road safety by better detecting impaired drivers,H2425,0.022692025,False,2
1104,2426,192,An Act relative to regional planning agencies,S2426,0.01835078,False,14
1105,2427,192,An Act relative to cost of living adjustments for retired public employees of the Commonwealth,H2427,0.045535266,False,13
1106,2428,192,An Act making appropriations for the fiscal year 2023 to provide for supplementing certain existing appropriations and for certain other activities and projects,S2428,0.023704946,False,0
1107,2429,192,An Act relative to gender identity on Massachusetts identification,S2429,0.011164546,False,6
1108,243,192,An Act relative to sales at retail,S243,0.06025213,True,3
1109,2430,192,An Act relative to pay parity for county correctional officers,H2430,0.012953758,False,10
1110,2434,192,An Act relative to the responsible corporate investments act,H2434,0.0063942075,False,2
1111,2437,192,Nantucket Nutrient Managment,S2437,0.04936433,False,13
1112,2439,192,An Act relative to preserving preventative services without cost sharing,HD2439,0.032165825,False,8
1113,244,192,An Act regarding professional licensure,H244,0.03823471,False,1
1114,2442,192,An Act ensuring transparent ticket pricing,S2442,0.034862578,False,13
1115,2443,192,An Act relative to firefighter retirement benefits,H2443,0.027710617,False,12
1116,2447,192,"An Act protecting against attempts to ban,remove or restrict library access to materials",S2447,0.0071804523,False,14
1117,2448,192,An Act authorizing the City of Newton to prohibit the application of second generation anti-coagulant rodenticides within its borders,S2448,0.023266256,False,10
1118,245,192,An Act protecting consumer rights in purchasing safe and habitable homes,H245,0.0134862065,False,8
1119,2456,192,An Act relative to the employment of persons with disabilities,S2456,0.061519325,True,13
1120,2457,192,An Act relative to providing a COVID-19 retirement credit to essential public-sector workers,SD2457,-0.009902656,False,2
1121,246,192,An Act empowering students and schools to thrive,S246,0.067917526,True,7
1122,2460,192,An Act protecting seniors and adults with disabilities from financial exploitation,S2460,0.0137553215,False,3
1123,2465,192,An Act relative to Group Health Insurance Commission,H2465,-0.015715182,False,6
1124,2468,192,An Act relative to salary range transparency,S2468,0.04238838,False,12
1125,247,192,An Act to remodel public school athletics through social-emotional learning,S247,0.061915576,True,7
1126,2471,192,"An Act authorizing the city of Everett to grant 2 addtional licenses for the sale of all alcoholic beverages not be drunk on the premises, and 1 addtional license for the sale of wine and malt beverages not to be drunk on the premises",S2471,0.04581499,False,12
1127,2474,192,An Act protecting consumer rights in purchasing safe and habitable homes,S2474,0.0025054216,False,10
1128,2475,192,An Act relative to the licensure of behavior analysts,S2475,0.0073720813,False,5
1129,2476,192,Real Estate Appraisals & Evaluations,S2476,0.0059719086,False,5
1130,2478,192,An Act relative to digital right to repair,S2478,0.031720996,False,4
1131,248,192,An Act establishing senior psychologist licensure,H248,0.018528521,False,2
1132,2480,192,"An Act enabling pharmacists to prescribe, dispense and administer PrEP",S2480,-0.028181016,False,5
1133,2482,192,An Act to provide for competitiveness and infrastructure investment in Massachusetts,H2482,0.04039812,False,10
1134,2484,192,An Act relative to salary range transparency,S2484,0.034620583,False,8
1135,2488,192,An Act relative to public safety personnel,S2488,0.066455424,True,7
1136,249,192,"An Act to mandate domestic violence and sexual assault awareness education for aestheticians, barbers, cosmetologists, electrologists, hairdressers, manicurists, and massage therapists",S249,0.054935217,True,10
1137,2492,192,"An Act relative to pharmaceutical access, costs and transparency",H2492,0.036290646,False,12
1138,2493,192,An Act further regulating the retirement rights of certain employees,H2493,0.03493327,False,3
1139,2494,192,An Act relative to protecting local retirees,H2494,0.049959004,False,0
1140,2496,192,An Act improving pediatric cancer research,SD2496,0.023359478,False,4
1141,2499,192,"An Act relative to pharmaceutical access, costs and transparency",S2499,0.026128411,False,2
1142,25,192,An Act establishing the Massachusetts Data Privacy Protection Act,S25,-0.018503845,False,10
1143,250,192,An Act to establish food allergy plans,H250,0.027986944,False,8
1144,2502,192,Supplemental appropriations amendment,S2502,0.01228255,False,6
1145,2503,192,An Act requiring public pension fund divestment from ammunition and firearms,H2503,0.02920556,False,12
1146,2504,192,Supporting Local Services,S2504,0.05562222,True,7
1147,2505,192,Supplemental appropriations amendment,S2505,0.057998538,True,13
1148,2507,192,An Act relative to commuter rail pedestrian safety,H2507,0.054305434,True,12
1149,251,192,An Act relative to refrigeration technicians,S251,0.034234226,False,6
1150,2512,192,An Act relative to retirement for nuclear reactor operators,H2512,0.026826024,False,13
1151,2513,192,"Text of the (Mark) amendment to House, No. 2448",S2513,0.027508676,False,10
1152,2514,192,An Act to allow temporary door-locking devices in public buildings,S2514,0.034736216,False,14
1153,2515,192,An Act authorizing independent retirement systems to divest from fossil fuel companies,H2515,0.025677025,False,0
1154,2516,192,An Act relative to disability pensions for violent crimes,H2516,0.08128929,True,12
1155,2517,192,An Act relative to the SMART Plan,H2517,0.052069247,True,3
1156,2518,192,An Act relative to impairment of health caused by infectious disease,S2518,0.041905403,False,13
1157,252,192,An Act relative to municipal millennials,S252,0.043981493,False,4
1158,2520,192,"An Act relative to pharmaceutical access, costs and transparency",SD2520,0.027136564,False,5
1159,2527,192,An Act relative to assisted living and basic health services,S2527,0.033248782,False,14
1160,2528,192,An Act regarding free expression,H2528,0.07294577,True,0
1161,253,192,An Act relative to the sale of wines and malt beverages by food stores,H253,0.015088856,False,12
1162,2531,192,An Act advancing grid enhancement technologies,H2531,0.007176876,False,12
1163,2532,192,An Act providing equity to police officers disabled by cardiac disease,H2532,0.040248692,False,0
1164,2536,192,An Act relative to disability pensions for violent crimes,H2536,0.0066750646,False,0
1165,2539,192,An Act relative to cybersecurity and artificial intelligence,S2539,0.024024367,False,14
1166,254,192,An Act relative to license caps,H254,0.021772206,False,12
1167,2541,192,An Act expanding wheelchair warranty protections for consumers with disabilities,S2541,0.016249299,False,2
1168,2542,192,An Act facilitating better interactions between police officers and persons with autism spectrum disorder,S2542,0.038108528,False,6
1169,2543,192,An Act relative to fentanyl test strips,S2543,0.021390736,False,12
1170,2545,192,An Act relative to line-of-duty death and survivor benefits,H2545,-0.004032731,False,2
1171,2546,192,An Act to exempt the Executive Director of the Municipal Police Training Committee from earnings limitations,S2546,0.041273117,False,3
1172,2548,192,An Act to provide for competitiveness and infrastructure investment in Massachusetts,S2548,0.06537902,True,13
1173,255,192,An Act relative to establishing an online lottery,S255,0.0018129945,False,3
1174,2550,192,Real Estate Appraisals & Evaluations,H2550,0.027213097,False,14
1175,2552,192,An Act prohibiting inhumane feline declawing,H2552,0.002798736,False,14
1176,2554,192,An Act to provide for competitiveness and infrastructure investment in Massachusetts,S2554,-0.010066032,False,10
1177,2559,192,An Act relative to crumbling concrete foundations,S2559,0.0152564645,False,2
1178,256,192,An Act relative to lottery operations,S256,0.02432251,False,10
1179,2563,192,An Act relative to public higher education credit transfers.,S2563,0.04880309,False,10
1180,2564,192,An Act relative to toxic-free kids,S2564,0.049844146,False,13
1181,2565,192,An Act relative to transparency in credit card fees,S2565,0.045301437,False,9
1182,2567,192,An Act relative to the citizenship requirement to be appointed manager on a license for the sale of alcoholic beverages,H2567,0.03641045,False,14
1183,2568,192,An Act relative to the licensure of appraisers,S2568,0.009569049,False,6
1184,257,192,An Act relative to equine dentistry,H257,0.059487164,True,12
1185,2570,192,"Act relative to pharmaceutical access, costs and transparency",S2570,0.0067034364,False,10
1186,2571,192,An Act empowering municipalities and local government,S2571,0.019251347,False,6
1187,2572,192,An Act to sensibly address firearm violence through effective reform,S2572,0.010345101,False,6
1188,2577,192,An Act relative to credible service for school nurses,H2577,0.029542267,False,14
1189,2578,192,An Act modernizing childhood lead poisoning prevention,S2578,0.042272866,False,14
1190,2579,192,An Act promoting the growing and use of hemp and hemp products,S2579,0.03685254,False,10
1191,258,192,An Act relative to the availability of sunscreen for students,H258,0.061135173,True,4
1192,2580,192,An Act relative to pensions for children of public safety officers killed in the line of duty,H2580,0.02609849,False,14
1193,2582,192,An Act relative to health insurance benefits for state employees,H2582,0.007723391,False,14
1194,2583,192,An Act relative to the Massachusetts State Employees Retirement System,H2583,0.030761361,False,1
1195,2584,192,An Act to sensibly address firearm violence through effective reform,H2584,0.014538467,False,10
1196,2585,192,An Act relative to public safety employee death benefits,H2585,-0.0032451153,False,3
1197,259,192,An Act ensuring transparent ticket pricing,S259,0.026257694,False,4
1198,2591,192,An Act modernizing time-share extension and termination procedures,H2591,8.380413e-05,False,14
1199,2593,192,An Act to prevent the imposition of mandatory minimum sentences based on juvenile adjudications,S2593,0.013788402,False,10
1200,2594,192,An Act relative to the disability or death caused by post-traumatic stress disorder (PTSD),H2594,0.010905921,False,14
1201,2596,192,An Act to further clear titles to real property affected by technical irregularities in recorded instruments,S2596,0.06892413,True,11
1202,26,192,An Act relative to the modernization of state agency information technology systems,S26,0.020522892,False,5
1203,260,192,An Act relative to credit card surcharges,S260,0.041668653,False,8
1204,2600,192,An Act enhancing school bus safety,S2600,0.005425036,False,6
1205,2601,192,An Act relative to public safety line of duty benefits,H2601,0.011850476,False,14
1206,2602,192,An Act relative to state police pensions,H2602,0.03296417,False,14
1207,2603,192,An Act relative to compliance with the prevailing wage laws of the Commonwealth,H2603,0.011642277,False,14
1208,2604,192,An Act relative to mandatory coverage for certain health screenings for firefighters,H2604,0.028871655,False,1
1209,2605,192,An Act improving the Massachusetts paid family medical leave law,S2605,0.027098715,False,0
1210,2606,192,An Act regarding student loan payments for those working in law enforcement,H2606,0.0022716522,False,14
1211,2607,192,An Act regarding free tuition for students seeking a degree in criminal justice,H2607,0.021479368,False,14
1212,2609,192,An Act relative to correct inequities regarding the retirement of state-employed and special authority-employed police officers,H2609,0.013006449,False,14
1213,261,192,An Act relative to universal school meals,S261,0.0026462078,False,3
1214,2611,192,An Act relative to the collective bargaining rights for employees of the Committee for Public Counsel Services,H2611,0.01421684,False,14
1215,2614,192,An Act creating the office of senior justice in the judicial branch,H2614,-0.0034062862,False,14
1216,2618,192,An Act to ensure fairness in retirement benefits for certain employees of the Department of Correction,H2618,0.003932655,False,14
1217,262,192,An Act providing for diabetes management in schools,H262,0.021680415,False,3
1218,2623,192,An Act authorizing the town of Brookline to implement rent stabilization and tenant eviction protections,S2623,0.03789687,False,0
1219,2627,192,An Act modernizing lottery operations,S2627,0.044074953,False,4
1220,2628,192,An Act modernizing the Massachusetts alcohol laws,H2628,0.032571435,False,14
1221,2629,192,An Act expanding the sale of products by farmer breweries and pub brewers.,S2629,0.067067444,True,13
1222,263,192,An Act to promote high-quality comprehensive literacy instruction in all Massachusetts schools,H263,0.037919402,False,7
1223,2636,192,An Act relative to retirement benefits for Kevin Wilder,H2636,0.031719804,False,14
1224,2637,192,"An Act relating to patient cost, benefit and coverage information, choice, and price transparency",H2637,0.012271941,False,14
1225,2638,192,An Act relative to fairness in debt collection,H2638,0.0041834116,False,1
1226,2639,192,An Act relative to the Move Over Law,H2639,0.002096653,False,14
1227,264,192,An Act relative to consumer rights of renters,H264,0.017481446,False,3
1228,2640,192,An Act to improve sickle cell care,S2640,0.030666351,False,0
1229,2642,192,An Act relative to retirement systems and pensions for correctional officers,H2642,0.013034463,False,14
1230,2643,192,An Act reforming auto body labor rates,S2643,0.06374067,True,7
1231,2644,192,An Act relative to the equitable merger of the Group 4 and Group 2 retirement classifications of the University of Massachusetts police,H2644,0.009108901,False,14
1232,2645,192,An Act regarding retirement of public authority law enforcement employee groups,H2645,0.029218554,False,10
1233,2647,192,An Act relative to injured and incapacitated state-employed police officers,H2647,0.011082888,False,14
1234,2648,192,An Act relative to injured correctional officers,H2648,0.021023154,False,14
1235,265,192,An Act relative to quality funding for early childhood education and care programs,H265,0.013487279,False,6
1236,2650,192,An Act relative to a cost of living adjustment for retired judges,H2650,0.019717395,False,14
1237,2653,192,"An Act authorizing the state retirement board to retire Jamie J. Magarian, a uniformed member of the Department of State Police at the regular rate of compensation",S2653,0.026565433,False,14
1238,2658,192,An Act to provide a sustainable future for rural schools,H2658,0.01262176,False,14
1239,2659,192,An Act establishing a special commission to review the adequacy and equity of the Massachusetts school building program,S2659,0.040844798,False,4
1240,266,192,An Act relative to the direct wine shipper license,H266,0.008301139,False,6
1241,2660,192,An Act relative to air quality in public schools,S2660,0.037435293,False,7
1242,2662,192,An Act relative to charter schools,S2662,0.018850088,False,3
1243,2663,192,An Act to reduce exclusionary discipline for violations of rules related to student grooming and dress,S2663,0.04248035,False,7
1244,2664,192,An Act to expand access to career technical education and other alternative pathways that improve student opportunities and outcomes,S2664,0.050719082,True,7
1245,2665,192,An Act relative to student financial literacy,S2665,-0.0111019015,False,4
1246,2666,192,An Act relative to clarifying the application of the heart bill,S2666,0.04524082,False,4
1247,2667,192,An Act to provide public safety telecommunicators with the same internal benefits as first responders,H2667,0.037576556,False,14
1248,267,192,An Act fulfilling the promise of education reform,H267,0.008099377,False,6
1249,2673,192,An Act relative to social work uplifting practices and exam removal.,S2673,0.048400402,False,3
1250,2674,192,An Act expanding access to higher education tuition and fee waivers for adopted foster children.,S2674,0.059560835,True,7
1251,268,192,An Act relative to healthy youth,S268,0.01651889,False,8
1252,2682,192,An Act to improve outdoor and indoor air quality for communities burdened by pollution.,S2682,0.037964523,False,4
1253,2683,192,An Act to Strengthen Public Health to Address Alzheimer's and Dementia,H2683,0.032307684,False,14
1254,2685,192,An Act relative to monitoring dry casks of spent nuclear fuel.,H2685,-0.025767803,False,10
1255,2686,192,An Act relative to healthy youth,S2686,0.037545502,False,14
1256,2687,192,An Act relative to higher education admissions policy,S2687,0.0407573,False,3
1257,2688,192,An Act relative to law enforcement officer benefit equity,H2688,0.0016300082,False,14
1258,2689,192,An Act relative to the retirement of University of Massachusetts police,H2689,0.027340114,False,14
1259,269,192,An Act further regulating thoroughbred breeding,H269,0.019859672,False,8
1260,2692,192,An Act relative to economic development on the Mystic River,H2692,0.008969188,False,14
1261,2694,192,An Act relative to healthy youth,S2694,0.026206374,False,14
1262,2695,192,An Act relative to student loan debt relief tax credit,H2695,0.006842792,False,4
1263,2697,192,"An Act ensuring affordability, readiness and learning for our youth and driving economic development",S2697,0.007713616,False,4
1264,27,192,"An Act to protect private electronic communication, browsing and other activity",S27,0.037497938,False,10
1265,270,192,An Act relative to the issuance of a class 1 dealer license,H270,0.005899906,False,12
1266,2703,192,An Act exempting certain fraternal organizations from the tax of sales of alcoholic beverages,S2703,-0.013542473,False,5
1267,2704,192,An Act providing an income tax credit for families caring for relatives at home who are elderly or victims of Alzheimer's disease,H2704,0.0031650662,False,14
1268,2707,192,"An Act ensuring affordability, readiness and learning for our youth and driving economic development",SD2707,0.063100755,True,7
1269,2708,192,An Act making appropriations for the fiscal year 2024 to provide for supplementing certain existing appropriations and for certain other activities and projects,S2708,0.08821064,True,11
1270,2709,192,An Act Relative to Educator Diversity,S2709,0.056474924,True,4
1271,271,192,An Act relative to the licensure of behavior analysts,S271,0.037530363,False,4
1272,2710,192,An Act to prevent abuse and exploitation,S2710,0.036764562,False,4
1273,2711,192,An Act making appropriations for the fiscal year 2024 to provide for supplementing certain existing appropriations and for certain other activities and projects,H2711,-0.0004312396,False,14
1274,2713,192,An Act relative to fairness in debt collection,S2713,0.02150482,False,4
1275,2715,192,"An Act to promote jobs and economic growth in tourism, visitation and hospitality",H2715,0.006466031,False,14
1276,2718,192,An Act establishing a farm fuel tax rebate,H2718,0.016862214,False,14
1277,272,192,An Act relative to alcoholic beverage containers,H272,0.037585974,False,3
1278,2722,192,An Act to reduce graduate student loan debt,H2722,0.013750553,False,1
1279,2723,192,Studying the effect of per- and polyfluoroalkyl substances in commercial products,S2723,0.004703164,False,3
1280,2727,192,An Act encouraging home ownership by establishing a first time home buyers savings account,H2727,0.009267688,False,4
1281,2728,192,An Act relative to ensuring fairness and equity in the assessment of the value of property,H2728,0.02279383,False,14
1282,2729,192,An Act establishing a building permit fee surcharge for affordable housing in the town of Concord,H2729,-0.0063408613,False,14
1283,273,192,An Act extending simulcasting and live horse racing authorization,H273,0.032209277,False,2
1284,2730,192,An Act relative to deceptive and fraudulent deepfakes in election communications,H2730,9.971857e-05,False,14
1285,2731,192,"An Act to increase kennel safety, aka Ollie's Law",S2731,0.019973457,False,6
1286,2732,192,An Act to exempt certain personal protection equipment from sales tax,H2732,-0.007469237,False,14
1287,2734,192,An Act restoring the harbors and inland waters maintenance fund,S2734,0.07006705,True,4
1288,2736,192,An Act modernizing protections for consumers in automobile transactions,S2736,-0.0039369464,False,5
1289,2737,192,An Act relative to the remediation of home heating oil releases,H2737,-0.0016220212,False,14
1290,2738,192,An Act relative to electric ratepayer protections,S2738,0.07069272,True,11
1291,274,192,An Act relative to genetic counselors,H274,0.0016958714,False,2
1292,2740,192,An Act to establish a surcharge on specific commercial development activities for the purpose of funding the creation of community housing,S2740,0.044198513,False,10
1293,2741,192,An Act authorizing a development surcharge for community housing in the town of Lexington,S2741,0.05539751,True,13
1294,2746,192,An Act addressing international real estate speculation,H2746,-0.014639974,False,3
1295,2747,192,An Act granting a local option for a real estate transfer fee to fund affordable housing,H2747,-0.00461334,False,14
1296,275,192,An Act relative to funeral directors,H275,-0.0006905198,False,4
1297,2750,192,An Act updating and expanding the renter's income tax deduction,H2750,0.025451303,False,1
1298,2751,192,An Act relative to the electronic filing of certain forms used in property valuation,H2751,0.0071718097,False,14
1299,2753,192,An Act relative to contractor rental equipment,H2753,-0.001490891,False,14
1300,2755,192,An Act to level the playing field for Massachusetts small and medium sized businesses,H2755,0.017709732,False,14
1301,2756,192,An Act creating a protective facial covering sales tax exemption,S2756,-0.012960315,False,4
1302,2757,192,An Act relative to the humane protection of animals,S2757,0.048538387,False,9
1303,2758,192,An Act relative to forfeiture reform,H2758,0.021818757,False,14
1304,276,192,An Act relative to safety and violence education for students (the SAVE Students Act),S276,0.016905189,False,8
1305,2762,192,An Act to increase family stabilization through the earned income tax credit,H2762,0.012227476,False,14
1306,2763,192,An Act protecting youth from nicotine addiction,H2763,0.01116389,False,14
1307,2767,192,An Act to further the protection of agricultural land,H2767,0.013613284,False,14
1308,2768,192,An Act relative to embarkation fees,H2768,0.0075100064,False,14
1309,277,192,An Act to expand access to computer science coursework,H277,0.031722724,False,12
1310,2770,192,An Act establishing the Massachusetts Data Privacy Act,S2770,0.045030713,False,4
1311,2771,192,An Act to modernize funding for community media programming,H2771,0.023048997,False,14
1312,2772,192,An Act relative to increasing economic development and business opportunity in the design and manufacture of video games through the use of tax credits,H2772,0.022424936,False,14
1313,2773,192,An Act providing incentives to the digital interactive media/entertainment industries,H2773,0.035532594,False,1
1314,2776,192,An Act relative to fines on certain commercial and revenue property,H2776,0.035363674,False,14
1315,2777,192,An Act excluding the Segal AmeriCorps Educational Award from taxable income,H2777,0.03168422,False,14
1316,278,192,An Act relative to the sale of liquor licenses,H278,0.022016525,False,6
1317,2785,192,An Act to provide more timely treatment of inpatient mental health care,S2785,0.04697919,False,2
1318,2786,192,An Act relative to non-opioid alternatives in pain treatment,S2786,0.015579045,False,2
1319,2787,192,An Act relative to taxation of digital advertising services,H2787,-0.0007798672,False,14
1320,2788,192,An Act empowering cities and towns to impose a mansion fee to support affordable housing,H2788,0.012686431,False,14
1321,279,192,An Act improving students' access to life saving treatments,H279,0.042246044,False,3
1322,2790,192,An Act relative to the compulsory automobile insurance limits,S2790,0.03315848,False,14
1323,2791,192,An Act relative to transportation network company fees,HD2791,0.039776146,False,0
1324,2792,192,An Act relative to qualified data centers in the Commonwealth,H2792,0.008900821,False,14
1325,2793,192,An Act relative to real estate transfer fees and senior property tax relief,H2793,0.0124387145,False,1
1326,2795,192,An Act relative to home heating oil deductions,H2795,0.020475388,False,14
1327,2798,192,An Act providing for a means tested senior citizen property tax exemption,H2798,0.027623236,False,14
1328,28,192,An Act to ensure a free and open internet in the commonwealth,S28,0.046313047,False,10
1329,280,192,An Act relative to greywater recycling,S280,0.014711678,False,13
1330,2800,192,"An Act making appropriations for the fiscal year 2025 for the maintenance of the departments, boards, commissions, institutions, and certain activities of the commonwealth, for interest, sinking fund, and serial bond requirements, and for certain permanent improvements",H2800,0.017499387,False,14
1331,2801,192,An Act establishing a real estate transfer fee upon the transfer of property in the town of Arlington,H2801,0.00055736303,False,14
1332,2802,192,An Act to further lead remediation in rental housing by increasing the deleading credit,H2802,0.009658515,False,14
1333,2803,192,An Act establishing a bill of rights for children in foster care,S2803,0.02711773,False,8
1334,2804,192,An Act enhancing child welfare protections,S2804,0.07461667,True,13
1335,2806,192,An Act to provide for the future information technology needs of Massachusetts.,S2806,0.07999998,True,4
1336,2807,192,act relative to special education,S2807,0.084950924,True,4
1337,281,192,An Act relative to the security of personal financial information,H281,0.065321505,True,8
1338,2812,192,An Act establishing fairness for agricultural laborers,H2812,-0.011710227,False,8
1339,2813,192,An Act relative to advancing the profession of commercial interior design,S2813,0.007878423,False,2
1340,2814,192,An Act to provide for the future information technology needs of Massachusetts,S2814,-0.0076529384,False,6
1341,2816,192,An Act repealing the property tax exemption for Massport lessees,H2816,0.026189148,False,8
1342,2817,192,"An Act honoring, empowering, and recognizing our servicemembers and veterans",H2817,0.06075251,True,8
1343,282,192,An Act to promote a healthy culture and climate within schools,H282,0.04557526,False,7
1344,2820,192,"An Act banning the retail sale of dogs, cats and rabbits in new pet shops",S2820,0.10510367,True,13
1345,2821,192,An Act to establish a digital advertising revenue commission,S2821,0.13413149,True,1
1346,2824,192,An Act to support educational opportunity for all,H2824,0.047597468,False,8
1347,2826,192,"An Act honoring, empowering, and recognizing our servicemembers and veterans",H2826,0.035587907,False,8
1348,2827,192,An Act empowering municipalities and local government,S2827,-0.0017924905,False,2
1349,2828,192,An Act establishing a tax for online advertising,S2828,0.0070976615,False,8
1350,2829,192,An Act upgrading the grid and protecting ratepayers,S2829,0.054416597,True,5
1351,283,192,An Act relative to school transportation personnel,H283,0.052809715,True,13
1352,2830,192,An Act to reduce plastics,S2830,0.13413155,True,1
1353,2831,192,An Act relative to disinformation in elections,S2831,0.095400155,True,13
1354,2833,192,An Act to reduce plastics,H2833,0.05712849,True,8
1355,2834,192,An Act relative to the Affordable Homes Act,H2834,-0.0004004836,False,8
1356,2835,192,An Act Relative to Adoptions,S2835,0.04605919,False,9
1357,2836,192,"Clean energy siting and permitting, local option amendment",S2836,0.016310096,False,12
1358,2838,192,An Act upgrading the grid and protecting ratepayers,H2838,0.05309081,True,8
1359,2839,192,An Act relative to the conservation land tax credit,H2839,0.03744608,False,8
1360,284,192,An Act to reduce the burden of medical debt,S284,0.011687756,False,2
1361,2841,192,An Act relative to rolling stock,H2841,0.055020034,True,13
1362,2850,192,An Act relative to the Affordable Homes Act,S2850,0.047102213,False,9
1363,2852,192,Order relative to procedures to be followed when considering the House Bill  appropriations for the fiscal year 2023 for supplementing certain existing appropriations and for certain other activities and projects,SD2852,0.03271067,False,4
1364,2853,192,An Act allowing for the deduction of business interest,S2853,0.039702117,False,9
1365,2856,192,An Act relative to strengthening Massachusetts’ economic leadership,H2856,0.043624878,False,13
1366,2858,192,An Act to allow cities and towns to increase the local tax rate on meals,H2858,0.033393502,False,8
1367,2859,192,An Act to promote healthy alternatives to sugary drinks,H2859,0.03642702,False,8
1368,286,192,An Act ensuring diversity in public education,S286,0.004552245,False,2
1369,2861,192,An Act increasing the excise tax on alcoholic beverages,H2861,0.033598304,False,8
1370,2865,192,An Act relative to the sales tax,S2865,0.04994136,False,9
1371,2868,192,Educator Diversity Act,S2868,0.0091241,False,12
1372,2869,192,An Act relative to strengthening Massachusetts’ economic leadership,H2869,0.028155029,False,8
1373,287,192,An Act relative to the direct sale of alcoholic beverages for off-premises consumption,H287,0.020125508,False,3
1374,2871,192,An Act enhancing the health care market review process,S2871,0.059466124,True,7
1375,2873,192,An Act relative to embarkation fees,H2873,0.036625266,False,13
1376,2876,192,An Act to promote high-impact community investment,H2876,0.001846075,False,8
1377,2879,192,An Act authorizing a local affordable housing surcharge,H2879,0.051466882,True,8
1378,288,192,An Act relative to partial payment,H288,0.034058988,False,8
1379,2880,192,Order relative to Joint Rule 12A,SD2880,0.028969467,False,5
1380,2881,192,An Act enhancing the health care market review process,S2881,0.02081734,False,4
1381,2883,192,An Act relative to the improvement in the process for collecting delinquent municipal property taxes,H2883,0.040350914,False,8
1382,2884,192,An Act relative to bus lane enforcement,SD2884,0.035399377,False,5
1383,2885,192,An Act relative to clarifying property tax exemptions for solar and wind systems,H2885,0.04456383,False,8
1384,2886,192,An Act relative to the direct wine shipper license,S2886,0.028057158,False,6
1385,2887,192,An Act relative to disability pensions and critical incident stress management for violent crimes,S2887,0.044287264,False,4
1386,2888,192,An Act making appropriations for the fiscal year 2024 to provide for supplementing certain existing appropriations and for certain other activities and projects,H2888,0.04688734,False,8
1387,2889,192,An Act relative to long-term care and assisted living,H2889,0.04136002,False,13
1388,289,192,An Act enhancing learning in the early school years through a ban on school exclusion in pre-kindergarten through 3rd grade,H289,0.010780573,False,3
1389,2891,192,An Act making appropriations for the fiscal year 2024 to provide for supplementing certain existing appropriations and for certain other activities and projects,S2891,0.045475245,False,4
1390,2892,192,An Act upgrading the grid and protecting ratepayers,H2892,0.004000008,False,3
1391,2894,192,An Act providing for climate change adaptation infrastructure and affordable housing investments in the Commonwealth,H2894,0.03309983,False,8
1392,2896,192,An Act to establish a sales tax exemption for earth day,H2896,0.037293434,False,8
1393,2898,192,An Act relative to treatments and coverage for substance use disorder and recovery coach licensure,S2898,0.026368141,False,6
1394,2899,192,An Act relative to increasing access to perinatal health care,S2899,0.07694352,True,11
1395,29,192,An Act establishing a special commission on blockchain and cryptocurrency,S29,0.07989591,True,13
1396,290,192,An Act relative to the right to repair motor vehicle data law,S290,-0.0004313588,False,2
1397,2900,192,An Act relative to long-term care and assisted living,H2900,0.030932426,False,8
1398,2901,192,An Act relative to OTC medications sales tax exemption,H2901,0.097515404,True,8
1399,2903,192,An Act authorizing additional licenses for the sale of alcoholic beverages to be drunk on the premises in Boston,S2903,0.024660945,False,6
1400,2905,192,An Act criminalizing sexual assault by fraud of a medical professional,H2905,0.027873516,False,8
1401,2906,192,An Act to ensure legal parentage equality,S2906,0.03537929,False,9
1402,2907,192,An Act relative to providing better notices and protections in the process for collecting delinquent property taxes,H2907,0.007846773,False,8
1403,2908,192,An Act providing for the humane protection of animals,S2908,0.00813818,False,4
1404,291,192,An Act clarifying telephone solicitation,S291,-0.025435448,False,2
1405,2912,192,An Act to ensure legal parentage equality,S2912,0.032747865,False,4
1406,2913,192,An Act to extend the Brownfields tax credit,H2913,0.052681386,True,8
1407,2915,192,An Act establishing a real property transfer fee in the town of Chatham,H2915,0.037273288,False,8
1408,2916,192,An Act authorizing the town of Provincetown to impose a 0.5% real estate transfer fee,H2916,0.04031843,False,8
1409,292,192,An Act relative to preventing illegal alcohol sales,H292,0.039783,False,4
1410,2921,192,An Act relative to reductions in property tax liabilities,S2921,0.01346463,False,3
1411,2922,192,An Act relative to deeds excise receipts,S2922,0.08315414,True,11
1412,2927,192,"An Act relative to treatment, not imprisonment",S2927,-0.0015386343,False,4
1413,2928,192,An Act relative to increasing access to perinatal health care,S2928,-0.0013079047,False,1
1414,293,192,An Act relative to the collection of debt,H293,0.025430262,False,4
1415,2930,192,An Act establishing a tax for online advertising,H2930,0.033794343,False,8
1416,2931,192,An Act relative to sales tax exemption,H2931,-0.02637744,False,2
1417,2932,192,An Act eliminating the statute of limitation in civil child sexual abuse cases,S2932,0.051587105,True,4
1418,2935,192,An Act relative to bundled cellular telephone transactions,H2935,0.048861146,False,8
1419,2937,192,An Act relative to tax deeds and protecting equity for homeowners facing foreclosure,H2937,0.02933234,False,8
1420,2938,192,An Act advancing renewable heating solutions for the Commonwealth,S2938,0.030347705,False,13
1421,2939,192,An Act upgrading the grid and protecting ratepayers,S2939,0.035506725,False,10
1422,294,192,An Act to remedy disparities in students' educational achievement,H294,0.017211616,False,3
1423,2940,192,An Act relative to supporting local journalism,H2940,0.014612913,False,8
1424,295,192,An Act relative to permanent alcoholic beverage takeout,S295,0.008902967,False,4
1425,2958,192,An Act to establish a local community newspaper subscription tax credit,H2958,0.014249921,False,8
1426,296,192,An Act relative to removing liquor license caps in communities,S296,0.003785193,False,2
1427,2963,192,An Act relative to payments in lieu of taxation by organizations exempt from the property tax,H2963,0.04306692,False,8
1428,2966,192,An Act establishing a tax on local revenues from digital advertising,H2966,0.04833001,False,8
1429,2967,192,"An Act promoting a clean energy grid, advancing equity and protecting ratepayers",S2967,0.043278337,False,4
1430,2968,192,"An Act promoting a clean energy grid, advancing equity and protecting ratepayers",S2968,0.03340721,False,4
1431,2969,192,An Act providing a local option incentivizing landlords to rent unsubsidized properties at below market rent (good landlord tax credit),H2969,0.02643001,False,8
1432,297,192,An Act relative to the financing of motor vehicle purchases,H297,0.0042390227,False,3
1433,2970,192,An Act relative to applied behavioral analysis therapy,S2970,0.01862681,False,6
1434,2971,192,An Act relative to medically necessary breast screenings and exams for equity and early detection,S2971,0.017262757,False,13
1435,2974,192,making appropriations for the fiscal year 2024 to provide for supplementing certain existing appropriations and for certain other activities and projects,S2974,0.054032743,True,4
1436,2976,192,An Act relative to insurance claims,H2976,0.02701658,False,8
1437,2977,192,An Act relative to payments of property taxes and payments made in lieu of property taxes for certain gaming licensees,H2977,0.06827736,True,13
1438,2978,192,An Act relative to payments of property taxes and payments made in lieu of property taxes for certain gaming licensees,H2978,0.03192109,False,8
1439,298,192,An Act providing for tenant agents,H298,0.055479646,True,13
1440,2983,192,An Act relative to the enhanced disposition of surplus motor vehicles owned by the commonwealth or authorities established by the state,H2983,0.05146712,True,8
1441,2985,192,An Act transferring Bridgewater State Hospital from the Department of Correction to the Department of Mental Health,H2985,-0.031343758,False,8
1442,2986,192,An Act establishing the psychology interjurisdictional compact?,H2986,0.05250019,True,13
1443,2988,192,An Act to preserve early education support for families,H2988,0.05191475,True,8
1444,299,192,An Act extending pandemic related relief for dining establishments,S299,0.017891467,False,2
1445,2990,192,An Act relative to the employment of persons with disabilities,H2990,0.050466835,True,8
1446,2992,192,"An Act relative to the Cobble Mountain Reservoir in the towns of Blandford, Granville, and Russell",H2992,0.03665948,False,8
1447,2994,192,An Act further regulating access to public records,S2994,0.034596145,False,7
1448,2997,192,An Act relative to public procurement and inclusive entrepreneurship,S2997,0.013607204,False,2
1449,2998,192,An Act to modernize participation in public meetings,H2998,0.026123643,False,8
1450,3,192,"An Act making appropriations for the fiscal year 2024 for the maintenance of the departments, boards, commissions, institutions, and certain activities of the Commonwealth, for interest, sinking fund, and serial bond requirements, and for certain permanent improvements",H3,0.021926582,False,5
1451,30,192,An Act relative to protecting sensitive information from security breaches,S30,0.01791799,False,5
1452,300,192,An Act establishing a dentist diversion program,S300,0.0012926459,False,2
1453,3001,192,An Act relative to the timely and consistent payment of law enforcement personnel,H3001,0.031461,False,8
1454,3002,192,An Act relative to low-embodied carbon concrete,S3002,0.03149277,False,6
1455,3003,192,An Act to modernize the Massachusetts insurer’s insolvency fund,H3003,0.02250737,False,13
1456,3007,192,An Act requiring a prevailing wage for the construction of certain parking facilities to be capable of supporting electric vehicle charging stations,H3007,0.056179643,True,8
1457,3009,192,An Act creating a workforce skills cabinet supporting pathways to success,H3009,0.03140825,False,8
1458,301,192,An Act providing affordable and accessible high quality early education and care to promote child development and well-being and support the economy in the Commonwealth,S301,-0.00038063526,False,2
1459,3010,192,An Act relative to certain loans by the Federal Home Loan Bank,S3010,0.03712386,False,10
1460,3011,192,An Act relative to boater safety to be known as the Hanson Milone Act,H3011,0.03946483,False,8
1461,3012,192,"An Act relative to pharmaceutical access, costs and transparency",H3012,0.03695506,False,13
1462,3013,192,An Act modernizing time-share extension and termination procedures,S3013,0.040077507,False,0
1463,3015,192,An Act relative to crumbling concrete foundations,S3015,0.037635863,False,0
1464,3017,192,An Act relative to gender identity on Massachusetts identification,H3017,0.0091359615,False,8
1465,3019,192,An Act establishing gender-neutral bathrooms,H3019,0.04529363,False,0
1466,302,192,An Act extending pandemic-related relief for dining establishments,H302,0.019754052,False,4
1467,3023,192,An Act relative to regulation of privatization contracts,H3023,0.023097336,False,8
1468,3030,192,An Act relative to the definition of fraud in public construction bid laws,H3030,-0.013972342,False,8
1469,3031,192,An Act relative to the 401(k) CORE program,H3031,0.043138564,False,10
1470,3032,192,An Act relative to timely public payments for work not included in original construction contracts,H3032,0.048507094,False,8
1471,3035,192,An Act requiring state procurement of low-carbon building materials,H3035,0.053322732,True,8
1472,304,192,An Act relative to notification of alcohol by volume in beers to be consumed on the premises,H304,0.032689273,False,3
1473,3040,192,An Act to modernize participation in public meetings,H3040,0.04039371,False,8
1474,3048,192,An Act relative to the fair participation of minority and women-owned businesses on public construction projects,H3048,-0.048072398,False,8
1475,305,192,An Act for all licensees for beer to be drunk on the premises must list the alcohol by volume for each beer selection on the menu,H305,0.03813666,False,7
1476,3051,192,An Act relative to Massachusetts time zones and sunshine protection,H3051,0.019461274,False,8
1477,3052,192,An Act promoting the civil rights and inclusion of American Muslims in the Commonwealth,H3052,0.039267898,False,8
1478,3053,192,An Act relative to transparency for grant applications,H3053,0.04696852,False,13
1479,3057,192,An Act relative to timely decisions by awarding authorities,H3057,0.04844755,False,8
1480,3058,192,An Act establishing building trades recovery week,H3058,0.09491831,True,8
1481,306,192,An Act relative to cardholder surcharges,H306,0.023452282,False,7
1482,3065,192,An Act relative to requiring premium impact statements,H3065,0.01079464,False,13
1483,307,192,An Act relative to discrimination against cash buyers,H307,0.030465484,False,6
1484,3071,192,An Act relative to the submission of design-build proposals,H3071,0.021509528,False,8
1485,3072,192,An Act relative to fairness in public contracting,HD3072,-0.020304859,False,2
1486,3073,192,An Act relative to public construction certification,H3073,0.063687086,True,13
1487,3074,192,An Act relative to school transportation contracts,H3074,0.0967083,True,13
1488,3077,192,An Act relative to Chapter 30B procurement through RFPs and cooperative contracts,H3077,0.027178526,False,12
1489,3084,192,An Act relative to language access and inclusion,H3084,0.03054887,False,10
1490,3085,192,An Act relative to educational collaboratives,H3085,0.034571648,False,8
1491,3086,192,An Act further defining fraud in public construction contracts,H3086,0.04221469,False,8
1492,3087,192,An Act relative to educational collaboratives,H3087,0.055420756,True,13
1493,3088,192,An Act relative to access of business licenses,H3088,0.035176933,False,8
1494,3092,192,An Act relative to restricted vital records,H3092,0.013891399,False,4
1495,3095,192,An Act to promote diversity on public boards and commissions,H3095,0.010966361,False,13
1496,3097,192,An Act eliminating the procurement act exception for waste and recycling contracts,H3097,0.044068158,False,8
1497,31,192,An Act drafted with the help of ChatGPT to regulate generative artificial intelligence models like ChatGPT,S31,0.053156614,True,13
1498,3108,192,An Act to promote American manufacturing,H3108,0.03623873,False,13
1499,311,192,An Act modernizing protections for consumers in automobile transactions,S311,0.035614073,False,2
1500,3111,192,An Act relative to DCR skating rinks,H3111,0.037252665,False,10
1501,3113,192,An Act to promote American manufacturing,H3113,0.031364202,False,3
1502,3116,192,An Act relative to charter school procurement,H3116,0.0069761276,False,3
1503,3118,192,Order relative to procedures to be followed when considering the House Bill making appropriations for the fiscal year 2024 to provide for supplementing certain existing appropriations and for certain other activities and projects,SD3118,0.03244567,False,5
1504,312,192,An Act relative to retailer-backed coupons,H312,0.03640449,False,3
1505,313,192,An Act relative to supporting survivors of child sexual abuse,S313,-0.019436657,False,2
1506,3133,192,An Act authorizing the Division of Capital Asset Management and Maintenance to convey a certain portion of the Gardner Heritage State Park to the city of Gardner,H3133,0.034688234,False,3
1507,3134,192,An Act relative to prepaid wireless surcharges,H3134,0.04241389,False,3
1508,3135,192,An Act relative to monthly minimum reliability contributions,H3135,0.043563664,False,10
1509,3136,192,An Act to promote solar panel installations on school property,H3136,0.045029104,False,3
1510,3138,192,An Act authorizing the city of Somerville to establish a net zero emissions standard for new constructed buildings and major renovation projects,H3138,0.010785639,False,3
1511,3139,192,An Act setting deadlines to electrify school buses and public fleets and establishing programs to encourage private fleet electrification,H3139,0.012287676,False,0
1512,314,192,An Act to provide consumer protections at dog day care businesses,S314,-0.010008633,False,2
1513,3140,192,An Act relative to municipal lighting plants,H3140,0.021749496,False,4
1514,3142,192,An Act relative to municipal light plants,H3142,0.034495473,False,3
1515,3146,192,An Act promoting the proper disposal of miniatures,H3146,0.026892364,False,13
1516,3147,192,An Act relative to offshore wind,H3147,0.028351486,False,0
1517,3148,192,An Act addressing Class II renewable energy credits,H3148,0.020741642,False,0
1518,3149,192,An Act establishing fossil-free fuels pilot programs,H3149,0.034829617,False,0
1519,3150,192,"An Act advancing clean energy, equity, and innovation within municipal utilities",H3150,0.034882486,False,10
1520,3151,192,An Act establishing a pathway to net zero buildings,H3151,0.040455222,False,10
1521,3152,192,An Act relative to double poles,H3152,0.034745216,False,10
1522,3154,192,An Act relative to energy efficiency education,H3154,0.008121431,False,4
1523,3155,192,An Act modernizing competitive energy supply,H3155,0.030519128,False,10
1524,3156,192,An Act relative to municipal authority in public rights of way,H3156,0.012452662,False,10
1525,3157,192,An Act to restore the environmental fund with unclaimed bottle deposits,H3157,-0.041119635,False,10
1526,3158,192,An Act establishing the municipal utility corridor public access program,H3158,0.027877748,False,0
1527,3159,192,An Act relative to electric utility climate resilience and microgrids,H3159,0.03452903,False,0
1528,316,192,An Act relative to best management practices for wireless in schools and public institutions of higher education,S316,-0.006674528,False,2
1529,3160,192,An Act bringing Mass Save in line with climate goals,H3160,0.01758504,False,0
1530,3161,192,An Act strengthening Massachusetts as the national leader in offshore wind,H3161,0.021285534,False,3
1531,3163,192,An Act relative to emergency back up power at gasoline stations,H3163,0.048980534,False,13
1532,3164,192,"An Act to improve outdoor lighting, conserve energy, and increase dark-sky visibility",H3164,0.06670463,True,0
1533,3165,192,An Act authorizing the town of Arlington to adopt and enforce local regulations restricting the use of fossil fuels in certain construction,H3165,0.02118361,False,3
1534,3166,192,An Act increasing opportunities for clean peak energy storage,H3166,-0.013305962,False,3
1535,3169,192,An Act protecting ratepayers from gas pipeline expansion costs,H3169,0.030873954,False,3
1536,317,192,An Act exempting public school stadiums from certain state regulations,H317,0.030893028,False,10
1537,3170,192,An Act to promote low-income access to solar,H3170,0.011726916,False,3
1538,3174,192,An Act relative to equitable towing rates,H3174,0.012458861,False,10
1539,3176,192,An Act redefining natural gas compressor station,H3176,0.013547063,False,10
1540,3178,192,An Act relative to lithium-ion batteries,H3178,0.05097735,True,10
1541,3179,192,An Act providing for natural gas workforce,H3179,0.028650165,False,10
1542,318,192,An Act relative to toxic free kids,H318,0.045494497,False,7
1543,3180,192,An Act relative to automatic re-enrollment in the Low Income Home Energy Assistance Program (LIHEAP),H3180,0.018289208,False,10
1544,3181,192,An Act to study gasoline-focused sales-below-cost,H3181,0.010852277,False,4
1545,3182,192,An Act relative to a clean transportation future,H3182,0.050142407,True,3
1546,3183,192,An Act relative to the electrification of new and substantially remodeled or rehabilitated buildings,H3183,0.036959887,False,10
1547,3184,192,An Act to enhance municipal choice and provide affordable electricity options,H3184,0.011121035,False,4
1548,3185,192,An Act relative to replacement plans,H3185,0.022645533,False,3
1549,3186,192,An Act promoting the proper disposal of miniatures,H3186,0.03223622,False,4
1550,3187,192,"An Act relative to energy facilities siting improvement to address environmental justice, climate, and public health",H3187,0.010444701,False,2
1551,3188,192,An Act relative to hydro,H3188,0.04768926,False,13
1552,3189,192,An Act promoting the proper disposal of miniatures,H3189,0.017562509,False,0
1553,3190,192,An Act relative to large-scale solar energy installations on agricultural or recreational land of the Commonwealth,H3190,0.039936066,False,0
1554,3192,192,An Act relative to building energy and decarbonization,H3192,0.038256407,False,0
1555,3193,192,An Act relative to aggregated gas power,H3193,0.034989,False,0
1556,3194,192,An Act to ensure safety and transparency in pipeline repair,H3194,0.040596306,False,3
1557,3195,192,An Act for field safety in gas infrastructure,H3195,0.06243956,True,3
1558,3196,192,An Act relative to electric ratepayer protections,H3196,0.0591895,True,13
1559,3198,192,An Act regarding regulation of directory assistance,H3198,0.030030727,False,4
1560,320,192,An Act relative to local approval for charter schools,S320,0.028398693,False,12
1561,3202,192,An Act relative to reduce administrative burden for government and industry,H3202,0.044056296,False,6
1562,3203,192,An Act relative to the future of clean heat in the Commonwealth,H3203,0.027223468,False,10
1563,3204,192,An Act establishing off-peak charging rebates,H3204,0.009912431,False,4
1564,3205,192,An Act to promote solar energy development consistent with the commonwealth's 2050 next generation road map,H3205,0.024016738,False,6
1565,3206,192,An Act extending rebates for electric and zero emission vehicles,H3206,-0.004478574,False,0
1566,3207,192,An Act relative to energy conservation,H3207,0.01656729,False,10
1567,3208,192,An Act to establish standards for the pole attachment process to facilitate the construction of broadband networks,H3208,0.02130717,False,3
1568,3209,192,An Act ensuring a healthy future for environmental justice communities,H3209,-0.016855776,False,0
1569,3210,192,An Act to remove woody biomass from the greenhouse gas emissions standard for municipal lighting plants,H3210,0.049470305,False,0
1570,3213,192,An Act relative to better buildings,H3213,0.030381918,False,10
1571,3214,192,An Act relative to fusion energy,H3214,0.040618896,False,13
1572,3215,192,An Act to expedite permitting for electric decarbonization infrastructure projects,H3215,0.01979506,False,3
1573,3216,192,An Act relative to clean energy generation,H3216,0.030085206,False,4
1574,3217,192,An Act relative to consumer access to residential energy information,H3217,0.05381322,True,13
1575,3218,192,An Act to promote transportation electrification infrastructure,H3218,-0.0032286048,False,10
1576,3219,192,An Act supporting load aggregation programs in the Commonwealth.,H3219,0.027905226,False,0
1577,322,192,An Act relative to license suspensions,H322,0.012959361,False,6
1578,3220,192,An Act relative to advanced metering infrastructure in the Commonwealth,H3220,0.058623552,True,3
1579,3222,192,An Act improving gas safety in excavation,H3222,0.072205424,True,13
1580,3224,192,An Act relative to the electrification of new and substantially remodeled or rehabilitated buildings in the city of Northampton,H3224,0.029118955,False,10
1581,3225,192,An Act to encourage solar development on buildings and disturbed land,H3225,0.027612388,False,3
1582,3226,192,An Act relative to LIHEAP eligibility,H3226,0.021657169,False,4
1583,3227,192,An Act expanding access to the fossil fuel free demonstration project,H3227,0.041412175,False,10
1584,3229,192,An Act prohibiting public and ratepayer funding of clearcutting forests and woodlands,H3229,0.029540122,False,3
1585,323,192,An Act relative to background checking for bidding privileges at auto auctions,S323,0.0018945336,False,2
1586,3230,192,An Act allowing municipalities to reasonably regulate solar siting,H3230,0.0827958,True,13
1587,3231,192,"An Act investing in a prosperous, clean Commonwealth by 2030",H3231,0.061559618,True,10
1588,3232,192,An Act establishing a zero carbon renovation fund,H3232,0.058258414,True,13
1589,3235,192,An Act authorizing municipalities to impose a methane emissions surcharge and authorize non-pipeline alternatives,H3235,0.032444775,False,0
1590,3236,192,An Act sparking the construction of 21st century buildings,H3236,0.028169274,False,3
1591,3237,192,An Act to establishing a moratorium on new gas system expansion,H3237,0.00041770935,False,3
1592,3239,192,An Act empowering library access to electronic books and digital audiobooks,H3239,0.044886112,False,10
1593,324,192,An Act regulating lottery funding,H324,0.041941166,False,3
1594,3241,192,An Act to preserve space for the creative economy,H3241,-0.008526623,False,3
1595,3243,192,An Act relative to tourism and visitation marketing and promotion grants,H3243,0.086619616,True,11
1596,3244,192,An Act creating a program to increase cultural equity in tourism promotion,H3244,0.07344806,True,13
1597,3245,192,"An Act relative to the use of elephants, big cats, primates, giraffes, and bears in traveling exhibits and shows",H3245,0.024282694,False,3
1598,3246,192,An Act establishing a program for local art and community engagement,H3246,0.024282753,False,3
1599,3247,192,An Act strengthening anti-trust laws,HD3247,0.028596044,False,11
1600,3249,192,An Act establishing the Representative Chris Walsh disaster and emergency aid fund for Massachusetts artists,H3249,0.024282753,False,3
1601,325,192,An Act establishing fuel price transparency,H325,0.024381638,False,6
1602,3251,192,An Act relative to waiving costs related to the tourism trust fund,H3251,0.051096976,True,0
1603,3255,192,An Act relative to the certification of inspection for new motor vehicles,H3255,0.09295994,True,11
1604,3256,192,"An Act regulating the flight of unmanned aircraft/drones in the airspace over all early, elementary and secondary education facilities in the Commonwealth",H3256,0.025999367,False,11
1605,326,192,An Act to prohibit negative option sales and disclosure of financial and personal information without a consumer's express agreement,H326,0.00956893,False,6
1606,3263,192,An Act relative to increasing the fines and penalties for texting and driving,H3263,0.039107263,False,0
1607,3267,192,An Act authorizing the City of Somerville to employ automated enforcement of speed limit violations in designated safety zones within the City of Somerville,H3267,0.0840742,True,11
1608,3268,192,An Act establishing time limits for idling trains,H3268,0.0688619,True,11
1609,327,192,An Act relative to out of state purchases at auto auctions,S327,-0.042898774,False,2
1610,3274,192,An Act relative to Chapter 90B,H3274,0.054266512,True,11
1611,3279,192,An Act regarding municipal truck routes,H3279,0.07823044,True,11
1612,328,192,An Act relative to student financial literacy,H328,0.014808059,False,3
1613,3281,192,An Act relative to dangerous high speed pursuits,H3281,0.055025756,True,11
1614,329,192,An Act relative to student financial literacy,H329,0.03173089,False,7
1615,3291,192,An Act relative to confidential plates for certain members of the judiciary,H3291,0.055362582,True,4
1616,3292,192,An Act to audit and investigate the commuter rail operating agreement,H3292,0.06096673,True,11
1617,3294,192,An Act relative to electric vehicles in high occupancy lanes,H3294,0.089393795,True,11
1618,3295,192,An Act relative to safety glass standards,H3295,0.021371126,False,3
1619,3296,192,An Act relative to improving gas safety in excavation,H3296,0.07288855,True,11
1620,3298,192,An Act limiting autonomous driving capabilities to zero emission and electric vehicles,H3298,0.083441556,True,11
1621,33,192,An Act establishing a commission on automated decision-making by government in the commonwealth,S33,0.026937962,False,14
1622,3305,192,"An Act to assure safety, efficiency and accountability in transportation projects through public inspections",H3305,0.07930672,True,11
1623,3306,192,An Act concerning the safety of school children embarking and disembarking school buses,H3306,0.043545187,False,11
1624,3307,192,An Act relative to autocycles,H3307,0.08446884,True,13
1625,331,192,"An Act further regulating business practices between motor vehicle dealers, manufacturers, and distributors",H331,0.010000229,False,3
1626,3310,192,An Act relative to peer-to-peer car sharing,H3310,0.07248473,True,11
1627,3311,192,An Act relative to drivers education,H3311,0.06636655,True,11
1628,3313,192,"An Act relative to the maintenance of private ways, bridges, and common amenities in municipalities",H3313,0.05695927,True,11
1629,3314,192,An Act to end debt-based driving restrictions and remove economic roadblocks,H3314,0.071767926,True,11
1630,3315,192,An Act improving rail service on the Fairmount commuter rail line,H3315,0.074121,True,11
1631,332,192,Resolve relative to the long-term fiscal health and sustainability of special education in the Commonwealth,H332,0.039877236,False,3
1632,3324,192,An Act relative to the safety of autonomous vehicles,H3324,0.038247645,False,0
1633,3325,192,An Act relative to the safe operation of drones in the Commonwealth,H3325,0.09548932,True,11
1634,3327,192,An Act relative to sheriff's citations,H3327,0.059886932,True,11
1635,3329,192,An Act relative to the move over law,H3329,0.10432732,True,0
1636,333,192,An Act relative to billboard advertising in the Commonwealth,H333,0.016789854,False,3
1637,3331,192,An Act relative to personal delivery devices,H3331,0.07052541,True,11
1638,3333,192,An Act relative to license plate year of manufacture registration,H3333,0.058061898,True,11
1639,3336,192,An Act concerning the safety of children on school buses,H3336,0.08655816,True,11
1640,3339,192,An Act relative to license plate year of manufacture registration,H3339,0.034237325,False,11
1641,3340,192,An Act relative to container safety on roadways,H3340,0.06946647,True,11
1642,3343,192,An Act relative to vehicle inspection exemptions for vintage automobiles 45 years or older,H3343,0.08328736,True,11
1643,3348,192,An Act limiting motor vehicle dealer documentation fees,H3348,0.06351966,True,11
1644,335,192,An Act to increase special education circuit breaker reimbursement from 75% to 90%,H335,0.061123252,True,7
1645,3352,192,An Act allowing for temporary license plates,H3352,0.062410235,True,11
1646,3359,192,An Act facilitating better interactions between police officers and persons with autism spectrum disorder,H3359,0.058312595,True,11
1647,3362,192,An Act relative to boater safety to be known as the David Hanson Act,H3362,0.08005804,True,11
1648,3363,192,An Act relative to 2-person train crew size,H3363,0.075029016,True,11
1649,3366,192,An Act electrifying regional transit authorities,H3366,0.06304103,True,11
1650,3368,192,An Act relative to gender identity on Massachusetts identification,H3368,0.06434846,True,11
1651,337,192,An Act relative to adjusting approved costs threshold,H337,0.02997148,False,10
1652,3371,192,An Act relative to training tomorrow's trucking industry workforce,H3371,0.054457128,True,11
1653,3372,192,An Act relative to third party delivery data reporting,H3372,0.098247826,True,11
1654,3375,192,An Act relative to school bus cameras,H3375,-0.044403613,False,8
1655,3377,192,An Act allowing for partial payment of fines relating to driver's license suspension or revocation,H3377,0.028521657,False,13
1656,3389,192,An Act relative to business transactions,H3389,0.026729047,False,13
1657,339,192,An Act relative to creating uniform standards for section 12 and 15 license applications,H339,0.05177778,True,7
1658,3392,192,An Act relative to setting deadlines to electrify the commuter rail,H3392,0.03977567,False,0
1659,3393,192,An Act relative to automated enforcement,H3393,0.046566904,False,13
1660,3394,192,An Act to protect motorists from excessive EZ-Pass fees and fines,H3394,0.045005202,False,13
1661,3397,192,An Act to create a mobility pricing commission,H3397,0.063367724,True,0
1662,3398,192,An Act funding the transition to electric vehicles,H3398,0.03465414,False,0
1663,34,192,An Act to modernize funding for community media programming,S34,0.034784615,False,14
1664,340,192,An Act relative to national criminal background checks for section 12 and 15 licenses,S340,0.025267959,False,2
1665,3404,192,An Act establishing driver privacy protections,H3404,0.051150084,True,0
1666,3408,192,An Act commissioning a study of a public transportation benefit program for employees of the Commonwealth,H3408,0.044205785,False,0
1667,3409,192,An Act promoting equitable distribution of Chapter 90 funds,H3409,0.06373358,True,0
1668,3410,192,An Act relative to electric foot scooter operating requirements,H3410,0.051718056,True,0
1669,3417,192,An Act relative to mobile carrying devices,H3417,0.006619096,False,0
1670,342,192,An Act relative to the race horse development fund,H342,0.035191774,False,0
1671,3420,192,An Act directing the Massachusetts Bay Transportation Authority to place naloxone at Red Line stations,H3420,0.030531108,False,0
1672,3421,192,An Act relative to motor vehicle leasing parity,H3421,0.037338853,False,0
1673,3428,192,An Act relative to inspection stickers,HD3428,0.05614853,True,11
1674,3429,192,An Act relative to unmanned aerial systems,H3429,0.032485366,False,0
1675,343,192,An Act banning the purchase and consumption of products made in Russia,S343,0.021588147,False,2
1676,3430,192,An Act relative to autonomous vehicles,H3430,0.028689325,False,0
1677,3431,192,An Act relative to license plate readers,H3431,0.065671325,True,0
1678,3432,192,An Act relative to wireless transmissions from motor vehicles,H3432,0.038250625,False,0
1679,3434,192,An Act relative to all-electronic tolling data privacy,H3434,0.08177447,True,0
1680,3439,192,An Act relative to carriers of property by motor vehicle,H3439,0.050795257,True,13
1681,344,192,An Act creating a maximum allowable check-cashing rate,H344,0.044339597,False,7
1682,3440,192,An Act concerning the safety of school children embarking and disembarking school buses,H3440,0.018847823,False,0
1683,3445,192,An Act relative to automobile technology,H3445,0.052360415,True,0
1684,3448,192,An Act to promote commercial driver safety,H3448,0.03384477,False,0
1685,345,192,An Act to update accuracy of membership to the state advisory council on early education and care,H345,0.04271519,False,10
1686,3452,192,An Act relative to transportation safety reform within the Massachusetts Bay Transportation Authority,HD3452,0.03618604,False,2
1687,346,192,An Act relative to motor vehicle financial protection products,H346,0.043637216,False,3
1688,3462,192,An Act establishing school zones for locomotives,H3462,0.053604364,True,4
1689,3466,192,An Act relative to student and educator data privacy,HD3466,0.0802204,True,11
1690,347,192,An Act alleviating the burden of medical debt for patients and families,H347,0.050521016,True,13
1691,3472,192,An Act relative to loading and alighting vehicles from car carriers on public ways,H3472,0.04641378,False,0
1692,3473,192,An Act establishing the Blue Star Family license plate,H3473,0.008589089,False,0
1693,3475,192,An Act increasing the penalties for passing a stopped school bus,H3475,0.042390585,False,0
1694,3476,192,An Act providing for a Red Shield/Blue Shield license plate to survivors of firefighters and police officers who have died in the line of duty,H3476,0.04043013,False,0
1695,3478,192,An Act relative to the air medal license plate,H3478,0.009566367,False,0
1696,3479,192,An Act relative to the Move Over Law,H3479,0.037519574,False,0
1697,3486,192,Resolutions urging the Congress of the United States to update the Drug Addiction Treatment Act of 2000 and remove excessive training requirements mandated for obtaining a waiver to prescribe buprenorphine,H3486,0.04099232,False,0
1698,349,192,An Act creating a grant program on alternative assessment models,S349,0.01573795,False,2
1699,3491,192,An Act increasing the annuity for gold star families,H3491,0.0291394,False,0
1700,3496,192,An Act relative to soldiers' home eligibility for certain national guard members,H3496,0.029932499,False,0
1701,350,192,An Act relative to protecting the lineages of Asian bodywork therapies,H350,0.03276211,False,6
1702,3500,192,An Act promoting fairness and transparency of organizations supporting military personnel and families,H3500,0.040263534,False,0
1703,3508,192,"An Act relative to veteran health, opportunity, notification, observance and respect",H3508,0.0318141,False,8
1704,351,192,An Act relative to consumer protection on online automobile franchise transactions,S351,-0.017288744,False,2
1705,3514,192,An Act to establish the Guard enlistment enhancement program,H3514,0.054831207,True,0
1706,352,192,An Act relative to the occupational therapist interstate licensure compact,H352,0.043765306,False,3
1707,3526,192,An Act relative to treating veterans under the pension laws,H3526,0.018852651,False,8
1708,353,192,An Act relative to alcohol sales on Thanksgiving,H353,0.04215771,False,7
1709,3531,192,An Act relative to headstones for long-serving or perished members of the Massachusetts National Guard,H3531,0.070031166,True,0
1710,354,192,An Act relative to clarification of the Massachusetts franchise law,S354,0.031779885,False,2
1711,3545,192,An Act making appropriations for the fiscal year 2023 to provide for supplementing certain existing appropriations and for certain other activities and projects,H3545,0.018775284,False,11
1712,3548,192,"Text of a further amendment, offered by Mr. Michlewitz of Boston, to the Senate amendment (striking out all after the enacting clause and inserting in place thereof the text contained in Senate document numbered 24) of the House Bill making appropriations for the Fiscal Year 2023 to provide for supplementing certain existing appropriations and for certain other activities and projects (House, No. 58).  March 23, 2023.",H3548,0.056930304,True,4
1713,355,192,An Act authorizing the town of Natick to grant an additional license for the sale of alcoholic beverages to be drunk on the premises at 45 East Central Street,S355,0.012827277,False,2
1714,3551,192,An Act facilitating site plan review,H3551,0.038635314,False,0
1715,3555,192,An Act relative to local option for associate members of planning boards,H3555,0.04635936,False,0
1716,3557,192,An Act relative to cannabis research funding,H3557,0.07255542,True,13
1717,3558,192,An Act relative to fines for violations of cannabis advertising regulations,H3558,0.06418544,True,13
1718,3559,192,An Act relative to cannabis advertisements by out of state dispensaries,H3559,0.10212606,True,11
1719,3560,192,An Act relative to billboard advertisements for cannabis,H3560,0.036856174,False,0
1720,3564,192,An Act relative to medical debt exclusion from creditor reports,,0.01835239,False,5
1721,3567,192,An Act to provide a sustainable future for rural schools,H3567,0.011565685,False,0
1722,357,192,"An Act protecting reproductive health access, LGBTQ lives, religious liberty, and freedom of movement by banning the sale of cell phone location information",H357,0.04804516,False,3
1723,3574,192,"An Act concerning the use of a prescription medicine that contains 3,4-methylenedioxymethamphetamine (MDMA)",H3574,0.013141155,False,4
1724,3580,192,An Act relative to certain manufactured chemicals known as PFAS,H3580,0.06087041,True,0
1725,3581,192,An Act promoting nature-based approaches for resiliency and climate change adaptation throughout the Commonwealth,H3581,0.071668506,True,13
1726,3585,192,An Act relative to telehealth and digital equity for patients,H3585,0.021097183,False,0
1727,3586,192,An Act supporting maternal and pediatric health,H3586,0.029537976,False,0
1728,3587,192,An Act to ensure access to prescription medications,H3587,0.079105675,True,0
1729,36,192,An Act establishing a Cybersecurity Control and Review Commission,S36,0.030486345,False,7
1730,360,192,An Act relative to digital right to repair,H360,0.053457618,True,3
1731,3606,192,An Act relative to health care transparency,H3606,0.06080848,True,7
1732,3608,192,An Act relative to updating the licensure of optometrists,H3608,0.047469318,False,13
1733,361,192,An Act extending simulcasting and horse racing authorization,H361,0.03792709,False,7
1734,3611,192,An Act to increase access to blood donation,H3611,0.044954598,False,0
1735,3612,192,An Act relative to athletic training,H3612,0.019712806,False,4
1736,3613,192,An Act to improve health care workforce development through graduate nursing practice,H3613,0.042227447,False,0
1737,3614,192,An Act to improve outcomes for individuals with Parkinson's disease,H3614,0.04981637,False,4
1738,3617,192,An Act relative to the joint negotiation prohibition for integrated systems,H3617,0.038117528,False,0
1739,362,192,"An Act regulating horse racing, simulcasting and wagering",S362,-0.0073538423,False,2
1740,3620,192,"An Act to encourage, and improve the level of availability of nursing staff",H3620,0.05463022,True,0
1741,3622,192,An Act relative to protecting public health and reducing health care costs,H3622,0.054682136,True,0
1742,3625,192,"An Act relative to videotaping, audiotaping and photographing persons receiving medical treatment",H3625,0.027700484,False,0
1743,3627,192,An Act to restrict the use of polystyrene,H3627,0.031837523,False,0
1744,3628,192,An Act relative to clinical laboratories,H3628,0.058140337,True,13
1745,3629,192,An Act relative to the prescription monitoring program,H3629,0.03839183,False,0
1746,3630,192,An Act relative to the Massachusetts maternal mortality and morbidity review committee,H3630,0.03833556,False,0
1747,3631,192,An Act expediting the diagnosis and treatment of certain infections,H3631,0.054745615,True,0
1748,3638,192,An Act relative to landscape sprinkler systems,H3638,0.025984883,False,1
1749,364,192,An Act relative to small distillers,H364,0.047574937,False,7
1750,365,192,An Act extending pandemic-related relief for dining establishments,H365,0.051156223,True,0
1751,366,192,An Act protecting vulnerable elders from abuse,H366,0.04458642,False,6
1752,3665,192,An Act authorizing the town of Wellfleet to establish a real estate transfer fee,H3665,0.026997507,False,12
1753,3669,192,An Act relative to the public health trust fund,HD3669,0.028575778,False,3
1754,367,192,An Act returning liquor license control to municipalities,S367,0.01513046,False,2
1755,3674,192,An Act relative to municipal aggregation and third-party suppliers,H3674,0.034656465,False,6
1756,3675,192,An Act to create a net-zero transportation financing commission,H3675,0.014766872,False,6
1757,3676,192,An Act to update the bottle bill,H3676,0.004599035,False,14
1758,3677,192,An Act establishing solar neighborhoods,H3677,0.02998954,False,8
1759,3678,192,"An Act promoting the adoption of renewable energy for heating, cooling and hot water",H3678,0.030022264,False,14
1760,3679,192,An Act facilitating public ownership of public utilities,H3679,0.02509439,False,14
1761,3683,192,An Act relative to solar permitting,H3683,0.03420186,False,0
1762,3684,192,"An Act relative to containers, litter, ecology and nips (CLEAN Act)",H3684,0.035727084,False,4
1763,3686,192,An Act requiring disclosure to consumers regarding home heating oil insurance,H3686,0.020016074,False,14
1764,3688,192,An Act relative to the Energy Facilities Siting Board,H3688,0.051473737,True,4
1765,3689,192,"An Act transitioning Massachusetts to clean electricity, heating and transportation",H3689,0.03547579,False,8
1766,369,192,An Act relative to acceptance of out-of-state identification in Massachusetts,H369,0.044727087,False,6
1767,3690,192,An Act to expand the bottle bill,H3690,0.032523394,False,6
1768,3691,192,An Act relative to healthy and sustainable schools,H3691,0.05208367,True,8
1769,3692,192,An Act relative to the maximum storage charges on motor vehicles involuntarily towed,H3692,0.024543643,False,2
1770,3693,192,An Act achieving a green future with infrastructure and workforce investments,H3693,-0.0017575026,False,2
1771,3694,192,An Act relative to the clean heat standard,H3694,0.0376938,False,12
1772,3696,192,An Act relative to clean energy resources,H3696,0.028625607,False,0
1773,3698,192,An Act relative to tow lien reform,H3698,0.023573816,False,4
1774,3699,192,An Act relative to municipal light plant emergency mutual aid,H3699,0.03134054,False,14
1775,37,192,An Act relative to protecting the residents of the Commonwealth,S37,0.018808246,False,14
1776,370,192,An Act relative to notifying automobile lien holders of certain towing and storage costs,H370,0.032968342,False,6
1777,3701,192,An Act relative to chemical recycling,H3701,0.15760338,True,5
1778,3707,192,An Act relative to simplifying processes at the Registry of Motor Vehicles for surviving spouses and next of kin,H3707,0.0210765,False,10
1779,371,192,An Act relative to termination of sales to wholesalers by suppliers of alcoholic beverages,H371,0.02124703,False,6
1780,372,192,An Act relative to a model carrier reporting requirement,H372,0.05567342,True,7
1781,3726,192,An Act concerning the rental of mopeds and motor scooters in the town of Oak Bluffs,H3726,0.034138024,False,13
1782,373,192,An Act to modernize the issuance and sale of sports and entertainment tickets,S373,-0.0024918318,False,2
1783,3734,192,An Act establishing a real estate transfer fee upon the transfer of property in the city known as the town of Amherst,H3734,0.048781753,False,8
1784,3736,192,An Act authorizing the town of Truro to impose a 0.5% real estate transfer fee,H3736,0.042577326,False,0
1785,374,192,An Act concerning horse racing within the town of Plymouth,S374,-0.0026354194,False,2
1786,3741,192,An Act authorizing additional licenses for the sale of alcoholic beverages to be drunk on the premises in Boston,H3741,0.06898826,True,7
1787,3744,192,An Act petition for a special law authorizing the city of Boston to implement rent stabilization and tenant eviction protections,H3744,0.042790294,False,10
1788,3748,192,An Act relative to surprise billing for ground ambulance services,HD3748,0.001525104,False,10
1789,3754,192,An Act relative to school bullying,H3754,0.039179742,False,14
1790,3757,192,An Act relative to prescription medication re-authorization,H3757,0.016483605,False,14
1791,3758,192,An Act ensuring sufficient notice to homeowners by insurance companies prior to an inspection,H3758,0.016433954,False,14
1792,3759,192,An Act relative to ATM receipts,H3759,0.032720983,False,14
1793,376,192,An Act relative to Massachusetts home care eligibility,S376,0.020147085,False,2
1794,3761,192,An Act reducing the cost of attending college,H3761,0.017520368,False,14
1795,3762,192,An Act concerning the regulation of Kratom,H3762,0.02905798,False,14
1796,3769,192,An Act to promote a just transition to electric school buses,H3769,0.03280604,False,14
1797,3770,192,"An Act to improve the Commonwealth's competitiveness, affordability, and equity",H3770,-0.03981352,False,5
1798,3772,192,An Act relative to Massachusetts Credit Union Share Insurance Corporation,H3772,0.020794094,False,14
1799,3773,192,An Act to modernize Massachusetts Credit Union Share Insurance Corporation (MSIC) investments,H3773,0.03532642,False,5
1800,378,192,An Act expanding wheelchair warranty protections for consumers with disabilities,H378,0.02004832,False,7
1801,3780,192,"An Act related to the resiliency, public safety and quality of broadband in Massachusetts",H3780,0.0361861,False,2
1802,3782,192,An Act providing for relief for restaurants and bars,H3782,-0.011411607,False,2
1803,379,192,An Act to improve quality and oversight of long-term care,S379,0.035838366,False,4
1804,3796,192,An Act relative to Yarmouth tourism funding change,H3796,0.053163767,True,6
1805,380,192,An Act relative to notification of licensees,S380,0.0011996031,False,2
1806,3804,192,An Act establishing the Martha's Vineyard housing bank,H3804,0.01992476,False,4
1807,3806,192,An Act reforming the Massachusetts Municipal Wholesale Electric Company board of directors,H3806,0.035808682,False,0
1808,381,192,An Act relative to cosmetic labeling,H381,0.019955993,False,3
1809,3818,192,An Act preventing rampant online technological exploitation and criminal trafficking,H3818,0.032146215,False,13
1810,382,192,An Act related to environmental marketing claims,S382,-0.020158947,False,2
1811,3820,192,An Act establishing a sick leave bank for Sarah Kolb,H3820,0.031806827,False,10
1812,3824,192,An Act relative to PILOT agreements,HD3824,0.05692494,True,12
1813,3828,192,An Act authorizing the town of Mansfield to grant an additional license for the sale of all alcoholic beverages not to be drunk on the premises,H3828,0.014462948,False,10
1814,383,192,An Act to improve Alzheimer's and dementia care in Senior Care Options programs,H383,0.056708217,True,7
1815,3831,192,An Act to establish public internet service,H3831,0.043816328,False,7
1816,384,192,An Act relative to inducements in the purchase and sale of alcoholic beverages,H384,0.027734637,False,7
1817,3845,192,An Act authorizing the city of Somerville to impose a real estate transfer fee,H3845,0.029040217,False,6
1818,3846,192,An Act authorizing the City of Salem to adopt and enforce local regulations restricting new fossil fuel infrastructure in certain construction,H3846,0.011113763,False,12
1819,3849,192,An Act relative to a four-day work week pilot program,H3849,0.06515616,True,3
1820,385,192,An Act relative to alcohol purchasing discounts,H385,0.020214856,False,6
1821,3850,192,An Act authorizing the town of Brookline to adopt green zoning by-laws and regulations,H3850,0.07957816,True,11
1822,3852,192,An Act supporting electrical load aggregation programs in the Commonwealth,H3852,0.043722868,False,13
1823,3853,192,An Act relative to the enforcement of anti-bullying policies in our schools,H3853,0.015395343,False,14
1824,3855,192,An Act relative to home remodeling programs for seniors and people with disabilities,H3855,0.0370543,False,14
1825,3856,192,An Act relative to coercive control occurring between family or household members,H3856,0.019405305,False,14
1826,3859,192,An Act relative to fuel standards,H3859,0.016655982,False,10
1827,386,192,An Act relative to consumer health data,S386,0.011323333,False,2
1828,3860,192,An Act relative to tax incentives for building to NetZero Standards,H3860,0.034891307,False,10
1829,3862,192,"An Act providing for the terms of certain bonds to provide for a program of housing, community development, economic opportunities, support for local governments, increased innovation and job creation to be issued by the Commonwealth",H3862,0.04842782,False,5
1830,3869,192,An Act making appropriations for the fiscal year 2023 to provide for supplementing certain existing appropriations and for certain other activities and projects,H3869,0.040559947,False,0
1831,387,192,An Act expanding the sale of products by farmer distilleries and wineries,S387,-0.017028093,False,4
1832,388,192,An Act clarifying the existing pipefitting exemption,S388,0.00032103062,False,2
1833,3880,192,An Act relative to dental hygienist reciprocal licensure,H3880,0.020764053,False,1
1834,3885,192,An Act relative to minimum gratuity while dining,H3885,0.04907441,False,0
1835,389,192,An Act to promote equity among lessors,H389,0.056393743,True,7
1836,3891,192,An Act relative to the retirement benefits of Officer Brian Murphy of the Massachusetts State Police,H3891,0.032703817,False,13
1837,3895,192,An Act relative to allowing redivision of merger lots in municipalities adopting NetZero code,H3895,0.04588425,False,5
1838,39,192,An Act protecting our soil and farms from PFAS contamination,H39,0.031204343,False,10
1839,390,192,An Act relative to the sale of alcohol on holidays,S390,0.008280575,False,2
1840,3900,192,"An Act making appropriations for the fiscal year 2024 for the maintenance of the departments, boards, commissions, institutions, and certain activities of the Commonwealth, for interest, sinking fund, and serial bond requirements, and for certain permanent improvements",H3900,0.0681901,True,13
1841,3901,192,"An Act making appropriations for the fiscal year 2024 for the maintenance of the departments, boards, commissions, institutions, and certain activities of the Commonwealth, for interest, sinking fund, and serial bond requirements, and for certain permanent improvements",H3901,0.028155923,False,8
1842,3908,192,An Act improving rail service on the Fairmount commuter rail line,H3908,0.060072124,True,7
1843,391,192,An Act to enhance diversity in the awarding of liquor licenses,H391,0.03554225,False,0
1844,3914,192,An Act relative to publication of notice by municipalities,H3914,0.02646929,False,0
1845,3919,192,An Act relative to boat wrap recycling,H3919,0.03855735,False,10
1846,3927,192,An Act relative to assisted living facilities,H3927,0.029332757,False,14
1847,3929,192,An Act to improve quality and oversight of long-term care,H3929,-0.049962223,False,5
1848,393,192,An Act authorizing the town of Rochester to grant an additional license for the sale of alcoholic beverages not to be drunk on the premises,H393,0.04805851,False,0
1849,394,192,An Act relative to farmer-wineries,H394,0.033086896,False,7
1850,3943,192,"An Act ensuring language readiness in deaf, deafblind, and hard-of-hearing children entering kindergarten",H3943,0.016584337,False,14
1851,3948,192,An Act prohibiting state and municipal contracts for the purchase and installation of artificial turf fields,H3948,0.036169887,False,10
1852,395,192,An Act relative to online advertising,S395,0.028187692,False,2
1853,3956,192,An Act creating an independent correctional oversight office to facilitate the recommendations of the Special Legislative Commission on Structural Racism in Correctional Facilities of the Commonwealth (SUPPORT with amendment),H3956,0.079601884,True,13
1854,3958,192,Parking w/Auction dealer plate,H3958,-0.013315797,False,2
1855,396,192,"An Act in relation to prohibiting price gouging with respect to goods, services and supplies during a declared public health emergency",H396,0.048676074,False,3
1856,3963,192,An Act achieving a green future with infrastructure and workforce investments,H3963,0.032523632,False,3
1857,3967,192,An Act supporting solar energy deployment in the Commonwealth,H3967,0.026916504,False,14
1858,3975,192,An Act to secure while improving fans' tickets,H3975,-0.28417218,False,5
1859,3976,192,An Act relevant to the establishment of a permit to sell unopened beer at Farmer's Markets in Massachusetts,HD3976,0.001357913,False,2
1860,398,192,An Act to limit fees charged in a rental real estate transaction,S398,-0.01009351,False,6
1861,3982,192,An Act making appropriations for the fiscal year 2023 to provide for supplementing certain existing appropriations and for certain other activities and projects,H3982,0.05664724,True,4
1862,3992,192,An Act to expand customer access to a modern grid,H3992,0.033756554,False,14
1863,3994,192,An Act making appropriations for the fiscal year 2023 to provide for supplementing certain existing appropriations and for certain other activities and projects,H3994,0.0431301,False,13
1864,4,192,"An Act making appropriations for the fiscal year 2025 for the maintenance of the departments, boards, commissions, institutions, and certain activities of the commonwealth, for interest, sinking fund, and serial bond requirements, and for certain permanent improvements",HD4,0.050590396,True,10
1865,40,192,An Act promoting the growing and use of hemp and hemp products,S40,0.057717443,True,7
1866,400,192,An Act relative to vehicle recalls,H400,0.046821773,False,0
1867,4002,192,An Act relative to independent employees' right to collective bargaining,HD4002,0.04563427,False,8
1868,4004,192,An Act relative to establishing an income tax credit for purchase of zero-emission and hybrid mobile machinery,H4004,0.033702374,False,2
1869,4009,192,An Act extending the date for issuance of certain licenses for the sale of alcoholic beverages to be drunk on the premises in Hanover,H4009,0.018099964,False,8
1870,401,192,An Act relative to the sale of malt beverages produced by a pub brewery,S401,0.0050845146,False,6
1871,4017,192,An Act to support higher education infrastructure,H4017,0.03383988,False,4
1872,402,192,Resolve providing for an investigation and study by a special commission relative to protein innovation in Massachusetts,H402,0.066480994,True,13
1873,4027,192,An Act allowing print free digital legal notices for the town of Arlington,H4027,0.025966465,False,7
1874,4033,192,An Act making appropriations for the fiscal year 2023 to provide for supplementing certain existing appropriations and for certain other activities and projects,H4033,0.036515176,False,10
1875,4034,192,"Text of a further amendment, offered by Mr. Michlewitz of Boston",H4034,0.043055654,False,1
1876,4040,192,FY2024 Budget,H4040,0.009311914,False,14
1877,4058,192,An Act expanding access to mental health services,H4058,0.046345413,False,13
1878,4061,192,An Act amending the act establishing a charter for the town of Wrentham,H4061,0.022962451,False,10
1879,4063,192,An Act authorizing the city of Cambridge to impose a real estate transfer fee,H4063,0.07174605,True,13
1880,4065,192,An Act to improve and modernize planning and community development in the city of Boston,H4065,0.070283175,True,7
1881,4066,192,An Act relative to pharmacists as healthcare providers,H4066,0.03464669,False,10
1882,4068,192,"An Act relative to diabetic financial protection, assistance, and additional healthcare coverage",H4068,-0.021423757,False,2
1883,407,192,An Act to strategically plan for the commercial fishing industry,H407,0.007125914,False,0
1884,4074,192,An Act authorizing the city of Somerville to enact Right to Purchase Legislation,H4074,0.04887706,False,5
1885,4081,192,An Act authorizing the town of Acushnet to continue the employment of Call Deputy Fire Chief,H4081,0.07652873,True,11
1886,4090,192,An Act making appropriations for the fiscal year 2023 for supplementing certain existing appropriations and for certain other activities and projects,H4090,0.062924445,True,13
1887,41,192,Proposal for a legislative amendment to the Constitution relative to agricultural and horticultural lands,H41,0.002702415,False,2
1888,4100,192,An Act relative to salary range transparency,H4100,0.056776583,True,4
1889,4101,192,An Act relative to accelerating improvements to the local and regional public health system to address disparities in the delivery of public health services,H4101,0.0253914,False,10
1890,4104,192,"An Act to improve the Commonwealth’s competitiveness, affordability, and equity",H4104,0.0773803,True,13
1891,4109,192,An Act relative to salary range transparency,H4109,0.020032704,False,6
1892,4115,192,An Act to prevent abuse and exploitation,H4115,0.052827775,True,7
1893,4119,192,An Act relative to adult education and workforce,H4119,0.045371532,False,0
1894,4124,192,An Act protecting seniors and adults with disabilities from financial exploitation,H4124,0.027031004,False,14
1895,413,192,An Act establishing a commission to study the financial relationship between Massachusetts entities and companies owned by the Chinese government,HD413,0.026669085,False,10
1896,4130,192,An Act relative to the wine shipper license,H4130,0.038205326,False,7
1897,4131,192,An Act relative to acceptance of certain types of identification to purchase alcohol in Massachusetts,H4131,0.048927248,False,7
1898,4132,192,An Act allowing electronic delivery receipts for certain bulk sale customers,H4132,0.0459252,False,7
1899,4134,192,An Act relative to the registration of irrigation contractors,H4134,0.04853332,False,8
1900,4135,192,An Act modernizing firearm laws,H4135,0.052796125,True,7
1901,4138,192,An Act [sic] the Affordable Homes Act,H4138,-0.02979672,False,2
1902,4139,192,An Act modernizing firearm laws,H4139,0.016971469,False,10
1903,414,192,An Act relative to the Community Preservation Trust Fund,H414,0.027801633,False,7
1904,4145,192,An Act improving pediatric cancer research,H4145,0.030338287,False,1
1905,415,192,An Act relative to the student entrepreneurial and economic investment fund,H415,0.038477004,False,3
1906,4150,192,An Act relative to forest protection,H4150,0.049046516,False,12
1907,4151,192,An Act authorizing the town of Nantucket to impose a real estate transfer fee for affordable and workforce housing,H4151,0.032853186,False,6
1908,4154,192,An Act relative to stores offering digital coupons,H4154,0.02363658,False,12
1909,4155,192,An Act to allow temporary door-locking devices in public buildings,H4155,0.03018111,False,4
1910,416,192,An Act to improve the economy of the commonwealth,H416,0.046250284,False,6
1911,4167,192,An Act making appropriations for the fiscal year 2023 for supplementing certain existing appropriations and for certain other activities and projects,H4167,0.057477593,True,12
1912,417,192,An Act relative to supporting veterans organizations,H417,0.011585891,False,3
1913,4171,192,"A communication from the Massachusetts Gaming Commission (see Section 20 of Chapter 23N of the General Laws) submitting its research plan for a prospective study of the feasibility and impact of sports wagering kiosks in retail locations; and (see Section 25 of Chapter 173 of the Acts of 2022) submitting its study on participation by minority, women, and veteran owner business enterprises in the sports wagering industry",H4171,0.015566587,False,14
1914,4172,192,"An Act honoring, empowering, and recognizing our servicemembers and veterans",H4172,0.0020865202,False,14
1915,4178,192,An Act to improve quality and oversight of long-term care,H4178,0.027403235,False,11
1916,418,192,An Act relative to the use of slot machines in veterans' organizations for its members and invited guests,H418,0.057767093,True,7
1917,4182,192,An Act releasing certain land use restrictions held by the department of conservation and recreation,H4182,0.059559226,True,11
1918,4193,192,An Act to improve quality and oversight of long-term care,H4193,0.013375878,False,14
1919,4198,192,An Act supporting solar energy deployment in the Commonwealth,H4198,0.04017842,False,10
1920,4199,192,An Act relative to personal financial literacy,H4199,0.0355677,False,10
1921,42,192,"An Act creating tax relief for affordability, competitiveness and equity",H42,0.008125424,False,2
1922,4204,192,An Act making appropriations for the fiscal year 2023 for supplementing certain existing appropriations and for certain other activities and projects,H4204,0.05002594,True,11
1923,4208,192,An Act furthering library access to digital materials,H4208,0.038264632,False,13
1924,421,192,An Act protecting the Commonwealth's gaming industry,H421,0.053373992,True,0
1925,4217,192,An Act protecting the right to time off for voting,H4217,-0.20828938,False,5
1926,4222,192,An Act advancing grid enhancement technology,H4222,0.03183317,False,10
1927,4225,192,An Act promoting dairy farms,H4225,-0.0057590604,False,2
1928,4229,192,An Act regarding free expression,H4229,0.05188477,True,13
1929,4230,192,An Act preserving essential services in our hospitals,H4230,0.018769443,False,10
1930,4235,192,"An Act protecting against attempts to ban, remove, or restrict library access to materials",H4235,0.05103463,True,7
1931,424,192,An Act relative to the Gaming Commission having at least 1 commissioner be a resident of western Massachusetts,H424,0.060765922,True,3
1932,4240,192,An Act to establish Noah Fernandes mitochondrial disease awareness day,H4240,0.044560313,False,7
1933,4241,192,An Act to prevent abuse and exploitation,H4241,0.03710985,False,14
1934,4242,192,An Act to provide for the future information technology needs of Massachusetts,H4242,0.023516655,False,10
1935,4243,192,A communication from the Massachusetts Advisory Council on Alzheimer's Disease and All Other Dementias (see Chapter 220 of the Acts of 2018) submitting the 2022 annual report of said council,HD4243,0.032084107,False,5
1936,4246,192,An Act authorizing the town of Littleton to provide drinking water to the inhabitants of the town of Boxborough,H4246,0.053346753,True,7
1937,425,192,An Act to ensure equitable representation of required parent advisory councils to school committees,H425,0.044504344,False,10
1938,4253,192,An Act giving transportation network drivers the option to form a union and bargain collectively,H4253,-0.015635014,False,5
1939,4254,192,An Act to expand customer access to a modern grid,H4254,0.04966235,False,5
1940,4255,192,An Act relative to the regulation and taxation of natural psychedelic substances,H4255,0.03293109,False,0
1941,4256,192,An Act defining and regulating the relationship between network companies and app-based drivers for purposes of the General and Special Laws,H4256,0.009644508,False,5
1942,4257,192,"An Act establishing that app-based drivers are not employees, and network companies are not employers, for certain purposes of the General Laws",H4257,0.010586679,False,5
1943,4258,192,An Act defining and regulating the relationship between network companies and app-based drivers for certain purposes of the General Laws,H4258,0.016565084,False,14
1944,4259,192,"An Act establishing that app-based drivers are not employees, and network companies are not employers, for certain purposes of the General Laws",H4259,0.028673291,False,10
1945,426,192,An Act implementing automated emergency response communications and coordination between Massachusetts schools with first responders,H426,0.04192841,False,6
1946,4260,192,"An Act Establishing that App-Based Drivers Are Not Employees, and Network Companies Are Not Employers, for Certain Purposes of the General Laws",H4260,0.044914186,False,10
1947,4263,192,An Act to save recycling costs in the Commonwealth,H4263,0.026759148,False,0
1948,4265,192,An Act relative to advanced placement examinations and college credit,H4265,0.039266825,False,14
1949,4266,192,An Act protecting public higher education student information,H4266,0.03374225,False,14
1950,4268,192,An Act ensuring students' access to academic transcripts,H4268,-0.0017206073,False,1
1951,427,192,"An Act relative to the safety of schools, residences, and public assemblies",H427,0.032282114,False,3
1952,4274,192,An Act alleviating the burden of medical debt for patients and families,H4274,0.058830976,True,10
1953,4275,192,An Act to provide increased access to hearing aids,H4275,0.029173076,False,14
1954,4276,192,An Act to secure while improving fans' tickets,H4276,0.056172013,True,10
1955,4277,192,An Act relative to vehicle recalls,H4277,0.06878126,True,7
1956,4278,192,An Act amending the Massachusetts Earned Sick Time Law to provide paid pregnancy loss leave,H4278,0.014820933,False,14
1957,428,192,An Act relative to voting rights restoration,S428,0.023459613,False,4
1958,4282,192,An Act relative to defense against abusive waivers,H4282,0.044365466,False,8
1959,4284,192,An Act making appropriations for the fiscal year 2024 to provide for supplementing certain existing appropriations and for certain other activities and projects,H4284,0.05363244,True,7
1960,4287,192,An Act authorizing the city of Salem to employ automated enforcement of speed limit violations in designated school zones within the city of Salem,H4287,0.032544732,False,14
1961,4288,192,An Act protecting our soil and farms from PFAS contamination,H4288,0.017829001,False,6
1962,429,192,An Act to prevent concussion and head injury,H429,0.03126335,False,8
1963,4299,192,"Extension Order - Advanced Information Technology, the Internet and Cybersecurity",H4299,0.037058234,False,10
1964,4305,192,An Act relative to charter school expansion,H4305,-0.0041300654,False,14
1965,4307,192,An Act relative to insurance claims,H4307,0.09063226,True,11
1966,4309,192,A communication from the Executive Office of Health and Human Services (see Section 13L of Chapter 118E the General Laws) submitting the 340B/High-Cost Drugs Impact report,HD4309,-0.008611262,False,4
1967,4310,192,An Act relative to tourism and visitation marketing and promotion grants,H4310,0.056070983,True,13
1968,4314,192,Registration of Irrigation Contractors,H4314,0.046437263,False,13
1969,4327,192,An Act to modify the rules for taking depositions outside the Commonwealth and to adopt the uniform interstate depositions and discovery act,H4327,0.06436938,True,13
1970,4329,192,An Act relative to a commission to study the intentional misrepresentation of a service animal,H4329,-0.0049800277,False,6
1971,433,192,An Act to improve augmentative and alternative communication opportunities for children with disabilities,H433,0.032212198,False,3
1972,4350,192,An Act Criminalizing Sexual Assault by Fraud Of A Medical Professional,H4350,0.0068578124,False,2
1973,4356,192,An Act promoting housing opportunity and mobility through eviction sealing (HOMES),H4356,0.030286372,False,14
1974,4359,192,An Act to implement the recommendations of the special commission on facial recognition technology,H4359,-0.01323545,False,5
1975,4360,192,An Act promoting access to counsel and housing stability in Massachusetts,H4360,0.07517791,True,13
1976,4361,192,An Act relative to tort actions for latent diseases,H4361,0.033635437,False,8
1977,4362,192,An Act concerning equitable allocation of recovery proceeds for subrogation claims,H4362,0.05828333,True,3
1978,4368,192,An Act ensuring students' access to academic transcripts,H4368,0.04028523,False,9
1979,437,192,"An Act relative to the training, assessment, and assignment of qualified school interpreters in educational settings",H437,0.048324823,False,6
1980,4389,192,An Act providing immediate child care assistance to homeless families,H4389,0.04604131,False,9
1981,439,192,An Act improving voting access and elections infrastructure,S439,0.042220473,False,10
1982,4392,192,An Act relative to substance exposed newborns,H4392,0.055966377,True,9
1983,4395,192,An Act protecting vulnerable adults from financial exploitation,H4395,-0.002503395,False,9
1984,4398,192,An Act amending Chapter 250 of the Acts of 2016 to include the city of Salem designated port area as part of the Salem Harbor port area,H4398,0.048121274,False,9
1985,4399,192,An Act to expand access to career technical education and other alternative pathways that improve student opportunities and outcomes,H4399,0.027859032,False,9
1986,4400,192,An Act to reduce exclusionary discipline for violations of rules related to student grooming and dress,H4400,0.07422757,True,9
1987,4406,192,An Act establishing a task force on the use of deepfake and digital content forgery,H4406,0.04047948,False,9
1988,441,192,An Act modernizing school construction,H441,0.024523735,False,7
1989,4410,192,An Act relative to breast cancer equity and early detection,H4410,0.04645002,False,9
1990,4411,192,Regulation of PBMs,H4411,0.053200305,True,9
1991,4412,192,An Act to establish minimum reimbursement rate to insurance claimants,H4412,0.050931513,True,9
1992,4414,192,An Act to provide for competitiveness and infrastructure investment in Massachusetts,H4414,0.06497753,True,9
1993,4415,192,An Act relative to air quality in public schools,H4415,0.062363386,True,9
1994,4416,192,"An Act relative to the training, assessment, and assignment of qualified school interpreters in educational settings",H4416,0.06131941,True,9
1995,4417,192,An Act relative to charter schools,H4417,0.07025099,True,9
1996,4419,192,An Act implementing elementary and secondary interdisciplinary climate literacy education across the Commonwealth,H4419,0.03930497,False,9
1997,442,192,Resolve relative to preventing the discharge of radioactive materials,S442,0.010775268,False,10
1998,4420,192,An Act modernizing firearm laws,H4420,0.034410357,False,9
1999,4421,192,An Act establishing an education-to-career data center,H4421,0.06416243,True,9
2000,4423,192,An Act to promote high-quality early literacy instruction and improve student outcomes,H4423,0.012153804,False,9
2001,4424,192,An Act relative to food literacy,H4424,0.05487144,True,9
2002,4425,192,An Act to provide a sustainable future for rural schools,H4425,0.056896448,True,9
2003,4429,192,An Act relative to fairness in debt collection,H4429,0.047725856,False,9
2004,443,192,An Act to combat disposable plastic straw waste,S443,0.039133668,False,10
2005,4436,192,An Act to modernize civil service laws,H4436,0.025309622,False,0
2006,4438,192,An Act relative to the creation of an advisory group on minority workers and business enterprises,HD4438,-0.019345164,False,5
2007,4439,192,An Act relative to a just transition to clean energy,H4439,0.005632341,False,14
2008,444,192,An Act to expand the use of career and academic plans,S444,0.024385512,False,10
2009,4440,192,An Act updating overtime protections to protect the Commonwealth's middle class workers,H4440,0.037435293,False,7
2010,4442,192,An Act creating a special legislative commission to study barriers to job retention for low-income workers,H4442,0.00094538927,False,5
2011,4443,192,An Act clarifying the process for paying the wages of dismissed employees,H4443,-0.3067559,False,5
2012,4446,192,An Act to provide for competitiveness and infrastructure investment in Massachusetts,H4446,0.03176534,False,0
2013,445,192,An Act to expand access to computer science coursework,S445,0.026583552,False,10
2014,4450,192,An Act concerning the safety of school children embarking and disembarking school buses,H4450,0.046045423,False,10
2015,4451,192,An Act relative to social work uplifting practices and exam removal,H4451,0.029254913,False,14
2016,4453,192,An Act establishing the hunger-free campus initiative,H4453,0.054421246,True,13
2017,4456,192,An Act relative to financial technology services,H4456,0.015760183,False,14
2018,4459,192,An Act relative to strengthening Massachusetts' economic leadership,H4459,0.030199409,False,0
2019,4460,192,An Act making appropriations for the fiscal year 2024 to provide for supplementing certain existing appropriations and for certain other activities and projects,H4460,0.04001671,False,1
2020,4466,192,An Act making appropriations for the fiscal year 2024 to provide for supplementing certain existing appropriations and for certain other activities and projects,H4466,0.02797842,False,6
2021,4472,192,An Act Relative to Strenthening Massachusetts' Economic Leadership,H4472,0.056660116,True,5
2022,4473,192,An Act relative to farmer-distilleries,H4473,0.059197664,True,9
2023,4474,192,An Act relative to consumer rights of renters,H4474,0.08123654,True,13
2024,4477,192,An Act relative to termination of sales to wholesalers by suppliers of alcoholic beverages,H4477,0.08915037,True,11
2025,4478,192,Model Carrier Reporting Requirement,H4478,0.028186321,False,0
2026,4481,192,An Act authorizing the town of Orleans to adopt a pesticide reduction bylaw,H4481,0.018638313,False,8
2027,4484,192,An Act designating a certain roundabout in the town of Orleans in honor of Dorofei Klimshuk,H4484,0.03181714,False,13
2028,4486,192,An Act to protect Massachusetts public health from PFAS,H4486,0.16518861,True,5
2029,4487,192,An Act relative to the Massachusetts maternal mortality and morbidity review committee,H4487,0.06235695,True,9
2030,4489,192,An Act relative to boater safety to be known as the Hanson Milone Act,H4489,0.083019674,True,5
2031,449,192,Resolve establishing a commission on electric vehicle battery recycling,S449,0.013557255,False,10
2032,4490,192,An Act relative to the safe operation of motor vehicles,H4490,0.04308945,False,5
2033,4496,192,An Act making appropriations for the fiscal year 2024 to provide for supplementing certain existing appropriations and for certain other activities and projects,H4496,0.017499387,False,14
2034,4499,192,An Act modernizing competitive energy supply,H4499,0.0228526,False,13
2035,450,192,An Act to reduce plastic packaging waste,S450,0.0042090416,False,10
2036,4500,192,An Act supporting load aggregation programs in the Commonwealth,H4500,0.0052517653,False,10
2037,4501,192,An Act to expedite permitting for electric decarbonization infrastructure projects,H4501,0.07994628,True,5
2038,4502,192,An Act to promote transportation electrification infrastructure,H4502,0.029436946,False,10
2039,4503,192,An Act relative to clean energy generation,H4503,0.032016575,False,3
2040,4504,192,An Act relative to clarifying the self-storage law for consumers,H4504,0.05165863,True,12
2041,4505,192,An Act to establish a pilot program to improve communications between local law enforcement and victims in Middlesex County,H4505,0.037892163,False,3
2042,4508,192,An Act to promote transportation electrification infrastructure,H4508,0.0036776066,False,1
2043,451,192,"An Act to establish a grant and loan program for low-noise, low-emissions landscape maintenance equipment",S451,0.0007637143,False,10
2044,4512,192,Extension Order - Economic Development and Emerging Technologies,H4512,0.016979396,False,3
2045,4517,192,An Act enhancing justice for families harmed by lead,H4517,0.04020554,False,9
2046,4519,192,An Act relative to educator diversity,H4519,0.064701736,True,13
2047,452,192,An Act relative to recess for elementary school children,H452,0.051915288,True,7
2048,4520,192,An Act to modernize civil service laws,H4520,0.04720044,False,13
2049,4521,192,An Act relative to college in high school,H4521,0.024415374,False,14
2050,453,192,An Act enhancing learning in the early school years through a ban on school exclusion in pre-kindergarten through 3rd grade,S453,0.018094659,False,10
2051,454,192,"An Act to ensure equitable access to education, including special education services, for all students in Massachusetts",H454,0.04730743,False,7
2052,4543,192,An Act relative to a just transition to clean energy,H4543,0.0041303635,False,4
2053,4559,192,An Act relative to strengthening Massachusetts' economic leadership,H4559,0.025066257,False,8
2054,4563,192,An Act relative to landfills and areas of critical environmental concern,H4563,0.028659046,False,9
2055,4564,192,"An Act to increase kennel safety, aka Ollie's Law",H4564,0.030194163,False,9
2056,4566,192,An Act promoting access to midwifery care and out-of-hospital birth options,H4566,0.03816408,False,10
2057,457,192,An Act to accelerate and streamline wetlands restoration,S457,0.035285175,False,10
2058,4576,192,An Act to promote social emotional learning and the mental and behavioral health of students,H4576,0.032889307,False,10
2059,458,192,An Act to promote nature-based approaches for resiliency and climate change adaptation throughout the Commonwealth,S458,-0.019913495,False,12
2060,4582,192,An Act making appropriations for the fiscal year 2024 to provide for supplementing certain existing appropriations and for certain other activities and projects,H4582,0.036980093,False,14
2061,4598,192,An Act updating bail procedures for justice-involved youth,H4598,0.08359134,True,13
2062,460,192,An Act ban on fluoride supplementation of public water supplies,S460,0.049333215,False,13
2063,4600,192,"An Act making appropriations for the fiscal year 2025 for the maintenance of the departments, boards, commissions, institutions, and certain activities of the commonwealth, for interest, sinking fund, and serial bond requirements, and for certain permanent improvements",H4600,0.06222385,True,11
2064,4601,192,"An Act making appropriations for the fiscal year 2025 for the maintenance of the departments, boards, commissions, institutions, and certain activities of the commonwealth, for interest, sinking fund, and serial bond requirements, and for certain permanent improvements",H4601,0.07510358,True,4
2065,4606,192,REPORT of the SPECIAL JOINT COMMITTEE on INITIATIVE PETITIONS on the INITIATIVE PETITION of IRENE S. LI AND OTHERS FOR THE PASSAGE OF AN ACT TO REQUIRE THE FULL MINIMUM WAGE FOR TIPPED WORKERS WITH TIPS ON TOP,H4606,0.01044029,False,3
2066,461,192,An Act relative to the pesticide board,S461,0.01601243,False,10
2067,462,192,An Act relative to recreation on private tidelands,S462,0.0112479925,False,10
2068,4620,192,An Act enhancing the market review process,H4620,0.01584214,False,14
2069,4623,192,An Act to reduce waste and recycling costs in Massachusetts,H4623,0.038128912,False,10
2070,4624,192,An Act relative to municipal tax lien procedures and protections for property owners in the Commonwealth,H4624,0.03691268,False,10
2071,4626,192,An Act relative to disability pensions for violent crimes,H4626,0.056243837,True,10
2072,463,192,An Act preserving public trust rights in land affected by ocean erosion,S463,0.043537736,False,3
2073,4631,192,An Act to modernize funding for community media programming,H4631,0.08490014,True,13
2074,4632,192,An Act establishing the Massachusetts Data Privacy Act,H4632,0.0727824,True,11
2075,4635,192,An Act establishing the Massachusetts Data Privacy Act,H4635,0.05857867,True,7
2076,464,192,An Act providing hands-only CPR training and the use of defibrillators,H464,0.03568548,False,3
2077,4640,192,Enhancing Market Review Process,H4640,0.012752116,False,6
2078,4642,192,An Act to provide for the future information technology needs of Massachusetts,H4642,0.03288901,False,6
2079,4643,192,An Act enhancing the market review process,H4643,0.0364756,False,2
2080,4646,192,An Act to provide for the future information technology needs of Massachusetts.,H4646,0.019071579,False,2
2081,4648,192,An Act to provide for the future information technology needs of Massachusetts,H4648,0.038852215,False,13
2082,4650,192,An Act allowing print free digital legal notices for the town of Lexington,H4650,0.028770626,False,5
2083,4653,192,An Act enhancing the market review process,H4653,0.02037263,False,14
2084,4656,192,An Act relative to non-opioid alternatives in pain treatment,H4656,0.037254274,False,14
2085,4658,192,An Act relative to Massachusetts Credit Union Share Insurance Corporation,H4658,0.025482476,False,14
2086,4659,192,An Act relative to the compulsory automobile insurance limits,H4659,0.029002964,False,14
2087,4661,192,"An Act honoring, empowering, and recognizing our servicemembers and veterans",H4661,0.025600076,False,0
2088,4671,192,"An Act honoring, empowering, and recognizing our servicemembers and veterans",H4671,0.03481996,False,6
2089,4672,192,An Act to ensure legal parentage equality,H4672,0.021051645,False,4
2090,4676,192,An Act to improve and modernize planning and community development in the city of Boston,H4676,0.05267012,True,0
2091,4677,192,An Act supporting economic growth of downtowns and main streets,H4677,0.01680988,False,6
2092,468,192,An Act prohibiting the application of fertilizer used in the town of Nantucket except for farming purposes,H468,0.088456035,True,13
2093,4681,192,An Act relative to special education,H4681,0.004527271,False,3
2094,4689,192,An Act relative to uniformity of ballots in polling places,H4689,0.045878053,False,9
2095,469,192,An Act establishing a green and healthy schools working group and implementation plan,H469,0.05382949,True,3
2096,4696,192,An Act authorizing additional licenses for the sale of alcoholic beverages to be drunk on the premises in Boston,H4696,0.007878423,False,2
2097,4697,192,Model Carrier Reporting Requirement,H4697,-0.005984962,False,2
2098,4698,192,An Act Relative to the direct shipment of wine,H4698,-0.03667587,False,3
2099,47,192,An Act making appropriations for the fiscal year 2023 to provide for supplementing certain existing appropriations and for certain other activities and projects,H47,0.0059556365,False,14
2100,470,192,An Act concerning climate science education,H470,0.05202341,True,0
2101,4701,192,An Act authorizing the commissioner of Capital Asset Management and Maintenance to convey certain parcels of land in the town of Lancaster,H4701,0.04557818,False,5
2102,4702,192,An Act strengthening Massachusetts' economic leadership,H4702,0.042392075,False,9
2103,4704,192,An Act protecting benefits owed to foster children,H4704,0.03944564,False,7
2104,4707,192,An Act relative to the Affordable Homes Act,H4707,0.051290035,True,9
2105,4709,192,An Act Relative to Adoptions,H4709,0.049176812,False,6
2106,471,192,An Act to reduce waste and recycling costs in the commonwealth,H471,0.046945333,False,12
2107,4710,192,Order to allow for the continuation of formal sessions,HD4710,-0.0043750405,False,5
2108,472,192,An Act establishing sustainable and equitable funding for climate change adaptation and mitigation,S472,0.017480493,False,10
2109,4722,192,An Act relative to strengthening Massachusetts’ economic leadership,H4722,0.05469352,True,5
2110,4726,192,An Act relative to the Affordable Homes Act,H4726,0.005692601,False,9
2111,473,192,An Act establishing a personal financial literacy curriculum in schools,S473,0.009773195,False,10
2112,4733,192,An Act promoting access to midwifery care and out-of-hospital birth options,H4733,0.06913495,True,9
2113,474,192,An Act modernizing the governance of Port Authority Parks in East Boston,S474,-0.0043857098,False,12
2114,4741,192,An Act authorizing the town of Newbury to adopt a bylaw restricting the use of second generation anticoagulant rodenticides,H4741,0.01372987,False,6
2115,4743,192,An Act relative to treatments and coverage for substance use disorder and recovery coach licensure,H4743,0.029867113,False,0
2116,4744,192,An Act to prevent abuse and exploitation,H4744,0.084773004,True,4
2117,4746,192,An Act relative to disability pensions and critical incident stress management for violent crimes,H4746,0.07361114,True,7
2118,4750,192,An Act to ensure legal parentage equality,H4750,0.026211381,False,14
2119,4758,192,An Act relative to treatments and coverage for substance use disorder and recovery coach,H4758,0.03985268,False,10
2120,476,192,An Act providing for alternatives to fines for failure to send,H476,0.061760366,True,7
2121,477,192,An Act relative to plastic bag reduction,S477,-0.01838541,False,10
2122,4771,192,An Act to modernize participation in public meetings,H4771,0.052639604,True,9
2123,4772,192,An Act to modernize the Massachusetts insurer’s insolvency fund,H4772,0.023515582,False,13
2124,4773,192,An Act promoting access to midwifery care and out-of-hospital birth options,H4773,0.02934432,False,10
2125,478,192,An Act expanding the sale of products by farmer breweries and pub brewers,H478,0.043398738,False,10
2126,4785,192,An Act promoting access to midwifery care and out-of-hospital birth options,H4785,0.09588766,True,11
2127,4786,192,An Act making certain appropriations for Fiscal Year 2025 before final action on the General Appropriation Bill,H4786,0.06392926,True,11
2128,4787,192,An Act relative to access to local journalism,H4787,-0.01845777,False,2
2129,4788,192,An Act empowering municipalities and local governments,H4788,0.051740766,True,7
2130,4789,192,An Act relative to strengthening Massachusetts’ economic leadership,H4789,0.051125884,True,13
2131,479,192,An Act protecting pollinators by eliminating harmful products,S479,0.027851582,False,10
2132,4790,192,An Act making appropriations for the fiscal year 2024 to provide for supplementing certain existing appropriations and for certain other activities and projects,H4790,-0.035449862,False,5
2133,4791,192,An Act relative to municipal tax lien procedures and protections for property owners in the Commonwealth,H4791,0.07389212,True,5
2134,4795,192,"An act to expand access to high-quality, affordable early education and care",H4795,-0.0015679598,False,2
2135,4799,192,An Act making appropriations for the fiscal year 2024 to provide for supplementing certain existing appropriations and for certain other activities and projects,H4799,0.017600775,False,9
2136,480,192,An Act protecting wastewater and sewerage systems through the labeling of non-flushable wipes,S480,0.02831763,False,10
2137,4800,192,"An Act making appropriations for the fiscal year 2025 for the maintenance of the departments, boards, commissions, institutions, and certain activities of the commonwealth, for interest, sinking fund, and serial bond requirements, and for certain permanent improvements",H4800,0.026451945,False,5
2138,4801,192,An Act relative to municipal tax lien procedures and protections for property owners in the Commonwealth,H4801,0.05238998,True,9
2139,4802,192,An Act addressing challenges facing public libraries and digital resource collections,H4802,-0.029284239,False,5
2140,4803,192,An Act to establish the Massachusetts incarcerated individual bone marrow and organ donation program,H4803,0.027735293,False,14
2141,4804,192,An Act relative to strengthening Massachusetts’ economic leadership,H4804,0.07539463,True,13
2142,4805,192,An Act relative to property tax classification in the city of Boston,H4805,0.043292046,False,5
2143,4808,192,An Act relative to strengthening Massachusetts’ economic leadership,H4808,0.02880007,False,14
2144,481,192,An Act establishing a climate change superfund and promoting polluter responsibility,H481,0.10828674,True,11
2145,4810,192,An Act to establish a mattress recycling program in the Commonwealth,H4810,0.049500704,False,9
2146,482,192,An Act promoting drinking water quality for all,S482,0.03872603,False,3
2147,4821,192,An Act providing the next of kin of a police officer or firefighter killed in the line of duty with the flags of the Commonwealth and the United States,H4821,0.0052919984,False,2
2148,483,192,An Act relative to wages for substitute teacher,H483,0.02444011,False,8
2149,4832,192,An Act relative to civil rights and technology,H4832,0.04469508,False,0
2150,4840,192,An Act relative to the regulation of money transmission by the Division of Banks,H4840,0.039217412,False,9
2151,4842,192,An Act relative to dental hygienist reciprocal licensure,H4842,0.036229074,False,14
2152,4844,192,An Act providing protections for reproductive or gender-affirming care location information,H4844,-0.0033938289,False,5
2153,485,192,An Act to reform the toxic use reduction act,S485,0.03094232,False,10
2154,486,192,Resolve authorizing a study of starting times and schedules,H486,0.033611417,False,8
2155,487,192,An Act relative to pesticides,S487,0.01508975,False,10
2156,4876,192,"An Act accelerating a responsible, innovative and equitable clean energy transition",H4876,0.047798038,False,10
2157,488,192,An Act creating the outdoor recreation program,H488,0.019300163,False,6
2158,4881,192,Pesticide Bylaw - Orleans,H4881,0.057891667,True,5
2159,4882,192,An Act Relative to Defense Against Abusive Waivers,H4882,0.046158254,False,10
2160,4884,192,"An Act accelerating a responsible, innovative and equitable clean energy transition",H4884,0.07170004,True,7
2161,4885,192,An Act modernizing firearm laws,H4885,0.0134446025,False,10
2162,4889,192,An Act to provide for the future information technology needs of Massachusetts,H4889,0.011161864,False,0
2163,489,192,An Act providing affordable and accessible high-quality early education and care to promote child development and well-being and support the economy in the Commonwealth,H489,-0.007091701,False,2
2164,4890,192,An Act relative to salary range transparency,H4890,0.01672721,False,14
2165,4891,192,An Act promoting access and affordability of prescription drugs,H4891,0.018633008,False,6
2166,49,192,An Act to facilitate labor peace among the cannabis workforce,S49,0.024591506,False,4
2167,490,192,An Act relative to emergency stock supply of epinephrine in schools,H490,0.021297574,False,3
2168,4905,192,An Act relative to certain loans by the Federal Home Loan Bank,H4905,0.04016757,False,5
2169,4910,192,An Act promoting access and affordability of prescription drugs,H4910,-0.022218823,False,5
2170,4911,192,"An Act relative to animal welfare and reporting of animal cruelty, abuse or neglect",H4911,0.027012408,False,8
2171,4912,192,An Act regulating the practice and licensure of veterinary technicians,H4912,0.038252354,False,3
2172,4913,192,An Act preserving public trust rights in land affected by ocean erosion,H4913,0.0654884,True,3
2173,4914,192,An Act regulating central service technicians,H4914,0.016045153,False,10
2174,4915,192,"An Act relative to the use of elephants, big cats, primates, giraffes and bears in traveling exhibits and shows",H4915,0.0075519085,False,14
2175,4918,192,An Act relative to medically necessary breast screenings and exams for equity and early detection,H4918,0.046108723,False,9
2176,4919,192,"An Act to increase kennel safety, aka Ollie's Law",H4919,-0.061572015,False,5
2177,492,192,An Act conserving our natural resources,H492,0.03221011,False,10
2178,4925,192,An Act relative to motor vehicle debt waivers,H4925,0.021210432,False,9
2179,4926,192,An Act related to truth in environmental marketing claims,H4926,0.024798036,False,12
2180,4934,192,An Act relative to Medicaid managed care incentive initiative payment mechanisms to the non-state-owned public hospitals,H4934,0.008026838,False,5
2181,4935,192,"So much of the message from Her Excellency the Governor returning the General Appropriation Bill for fiscal year 2025 (see House, No. 4800) as relates to Attachments B and C, for items returned with disapproval of wording under the provisions of Section 5 of Article LXIII and sections returned with recommendations of amendments under the provisions of Article LVI of the Amendments to the Constitution (House, No. 4935). July 29, 2024",H4935,0.040623963,False,5
2182,494,192,An Act relative to the use of crossbows in hunting,S494,0.07443786,True,7
2183,4940,192,An Act concerning the safety of school children embarking and disembarking school buses,H4940,-0.015572488,False,5
2184,4941,192,An Act relative to boater safety to be known as the Hanson Milone Act,H4941,0.083019674,True,5
2185,4942,192,An Act relative to property tax classification in the city of Boston,H4942,0.043292046,False,5
2186,495,192,An Act relative to crumbling concrete foundations,H495,0.031000018,False,4
2187,497,192,An Act relative to the promotion of mental health education,H497,0.04893112,False,10
2188,4970,192,An Act to ensure legal parentage equality,H4970,0.045831263,False,9
2189,4976,192,"An Act honoring, empowering, and recognizing our servicemembers and veterans",H4976,0.047602057,False,4
2190,4977,192,An Act relative to the Affordable Homes Act,H4977,0.050774634,True,5
2191,4979,192,An Act authorizing project labor agreements,H4979,-0.014967024,False,5
2192,498,192,An Act relative to LGBTQ+ inclusive curriculum,H498,0.040376246,False,6
2193,499,192,An Act concerning athletic activities of students with disabilities,H499,0.035594463,False,4
2194,4999,192,An Act promoting access to midwifery care and out-of-hospital birth options,H4999,0.027127147,False,14
2195,500,192,An Act relative to outdoor heritage,S500,0.07917166,True,11
2196,5004,192,An Act relative to the increased availability of opiod antagonist medication,HD5004,0.026058495,False,5
2197,501,192,An Act to enhance the management of problem wildlife,S501,0.09887755,True,11
2198,5033,192,An Act to improve quality and oversight of long-term care,H5033,0.05664271,True,13
2199,5039,192,An Act authorizing additional licenses for the sale of alcoholic beverages to be drunk on the premises in the city of Boston,H5039,0.024643958,False,3
2200,5044,192,An Act relative to increased availability of opioid antagonist medication,HD5044,0.034498334,False,10
2201,5049,192,An Act making appropriations for the fiscal year 2024 to provide for supplementing certain existing appropriations and for certain other activities and projects - Section 77,H5049,-0.018183708,False,5
2202,5050,192,An Act making appropriations for the fiscal year 2024 to provide for supplementing certain existing appropriations and for certain other activities and projects,H5050,-0.035449862,False,5
2203,506,192,An Act relative to offshore wind and wildlife habitat management,H506,0.03162694,False,7
2204,507,192,An Act relative to emergency stock epinephrine in schools,H507,0.04627198,False,7
2205,5077,192,making appropriations for the fiscal year 2024 to provide for supplementing certain existing appropriations and for certain other activities and projects,H5077,0.019197047,False,14
2206,509,192,An Act re-establishing the Clean Environment Fund,S509,0.11033106,True,13
2207,5099,192,An Act relative to property tax classification in the city of Boston,H5099,0.043292046,False,5
2208,51,192,"An Act financing the immediate economic revitalization, community development, and housing needs of the Commonwealth",H51,-0.010592997,False,14
2209,510,192,Resolve providing for an investigation and study of enhancing statewide recycling programs,S510,0.08853173,True,13
2210,5100,192,An Act relative to strengthening Massachusetts' economic leadership,H5100,0.065546334,True,13
2211,5109,192,An Act relative to commercial driver's licenses,H5109,-0.009784162,False,3
2212,511,192,An Act relative to liability for release of hazardous materials,S511,0.07509339,True,13
2213,5110,192,An Act Communication from the Department of Energy Resources of the Executive Office of Energy and Environmental Affairs (under the provisions of section 12 of Chapter 25A of the General Laws) submitting proposed amendments to regulations 225 CMR 27.00 – governing the Building Energy Reporting,H5110,0.07392514,True,5
2214,5111,192,An Act relative to motor vehicle insurance,H5111,0.06955445,True,11
2215,5112,192,"Message from Her Excellency the Governor returning with recommendation of amendment of sections 221, 222 and 223 of the engrossed Bill relative to strengthening Massachusetts’ economic leadership (House, No. 5100)",H5112,0.014847755,False,12
2216,5114,192,An Act relative to property tax classification in the city of Boston,H5114,0.024888456,False,10
2217,512,192,Resolve providing for an investigation and study by a special commission relative to mattress recycling,S512,0.06245321,True,5
2218,513,192,An Act to assess the future of mattress recycling in the Commonwealth,H513,0.048883617,False,13
2219,5132,192,An Act directing the City of Boston Police Department to waive the maximum age requirement for police officers for Daryle Lamonica,H5132,0.0035831928,False,5
2220,5133,192,An Act preserving the competitiveness of group auto and homeowners insurance plans,H5133,0.054339767,True,13
2221,5135,192,An Act to increase financial access for all,HD5135,0.030043364,False,6
2222,5139,192,An Act relative to commercial driver's licenses,H5139,0.04820609,False,7
2223,5143,192,An Act relative to treatments and coverage for substance use disorder and recovery coach licensure,H5143,0.025840998,False,5
2224,5147,192,An Act relative to genetic counselors,H5147,0.01198709,False,5
2225,515,192,An Act protecting public health and reducing health care costs,H515,-0.010968566,False,2
2226,5150,192,An Act relative to Massachusetts Credit Union Share Insurance Corporation,H5150,0.052315116,True,13
2227,5156,192,An Act to increase access to blood donation,H5156,-0.079989314,False,5
2228,5159,192,An Act enhancing the market review process,H5159,-0.016337693,False,5
2229,516,192,An Act to remodel public school athletics through social-emotional learning,S516,0.09139454,True,10
2230,5160,192,An Act prohibiting inhumane feline declawing,H5160,0.011129737,False,5
2231,517,192,An Act relative to safer schools,S517,0.063328624,True,11
2232,518,192,"An Act to reduce solid waste, increase recycling and generate municipal cost savings",S518,0.103758454,True,11
2233,519,192,An Act relative to ivory and rhinoceros horn trafficking,S519,0.100978196,True,11
2234,52,192,An Act to create Cannabis career pathways for justice-involved individuals,S52,0.028555572,False,11
2235,520,192,Resolve to protect pollinator habitat,S520,0.08217263,True,4
2236,521,192,An Act relative to the pesticide board,S521,0.09966141,True,13
2237,523,192,An Act relative to educational equity for gifted and beyond grade-level children,H523,0.054898024,True,13
2238,524,192,An Act to consider the safety of artificial grass and turf surfaces,S524,0.10989916,True,13
2239,525,192,An Act to reduce single-use plastics from the environment,H525,-0.01438725,False,2
2240,526,192,An Act ensuring safe drinking water in schools,H526,0.03481382,False,13
2241,527,192,An Act relative to adjusting approved costs threshold,H527,0.05047524,True,13
2242,529,192,An Act relative to solid waste disposal facilities in environmental justice communities,S529,0.071725786,True,3
2243,53,192,An Act to support cannabis equity businesses,S53,0.005232215,False,3
2244,530,192,An Act to preserve space for the creative economy,H530,0.049146354,False,7
2245,531,192,An Act to increase student access to career technical education schools and programs which are aligned with regional labor market needs,H531,0.024312854,False,7
2246,532,192,An Act relative to student and educator data privacy,H532,0.045197666,False,7
2247,533,192,An Act to provide additional funding for animal welfare and safety programming,S533,0.044483125,False,7
2248,536,192,An Act relative to boater safety to be known as the David Hanson Act,S536,0.06918788,True,10
2249,537,192,An Act relative to safety and violence education for students (the SAVE Students Act),H537,0.013596535,False,2
2250,538,192,An Act relative to clean lighting,H538,0.03713578,False,2
2251,539,192,An Act providing for diabetes management in schools,S539,0.088578105,True,13
2252,54,192,An Act for interstate commerce of cannabis seeds,S54,0.05259216,True,11
2253,540,192,An Act empowering towns and cities to protect residents and the environment from harmful pesticides,H540,-0.05392003,False,2
2254,5415,192,"An Act authorizing the commissioner of Capital Asset Management
and Maintenance to convey a certain parcel of land in the town of
Lancaster",H5415,0.04709983,False,13
2255,542,192,An Act to promote racially inclusive curriculum in schools,S542,0.08604342,True,10
2256,544,192,An Act relative to healthy youth,S544,0.042932272,False,0
2257,547,192,An Act relative to special education finance,H547,0.0046994686,False,2
2258,548,192,An Act protecting dogs at boarding kennels and daycare facilities,H548,0.018518746,False,2
2259,5485,192,An Act authorizing the Massachusetts Water Resources Authority to provide sewer services to a certain parcel of land in the town of Sharon,HD5485,0.021046042,False,14
2260,549,192,"An Act banning the retail sale of dogs, cats, and rabbits in new pet shops",H549,-0.0055705905,False,2
2261,55,192,An Act relative to equitable allocation of cannabis revenue,S55,-0.009096444,False,2
2262,550,192,"An Act banning the retail sale of dogs, cats, and rabbits in pet shops",H550,0.0006504655,False,4
2263,551,192,An Act relative to paint recycling,S551,0.0066950917,False,4
2264,552,192,An Act improving student access to life saving treatments,H552,-0.0009325743,False,2
2265,554,192,"An Act to require producer responsibility for collection, reuse and recycling of discarded electronic products",H554,-0.009335279,False,2
2266,556,192,An Act relative to undesignated glucagon rescue therapies in schools,H556,0.012258649,False,2
2267,557,192,Resolve to create a commission to determine the feasibility of voluntary acquisition of flood risk properties and structures,S557,0.06459105,True,13
2268,558,192,An Act establishing farm to school grants to promote healthy eating and strengthen the agricultural economy,H558,0.008902609,False,4
2269,559,192,An Act establishing a Massachusetts Flood Risk Protection Program,S559,0.05012244,True,13
2270,56,192,An Act relative to reinvestment of cannabis revenue,S56,0.052550495,True,11
2271,560,192,An Act establishing tracking and reporting requirements for Massachusetts transportation fuels and associated greenhouse gas emissions,S560,0.052739024,True,11
2272,564,192,An Act incentivizing the awarding of industry-recognized credentials,H564,0.027977586,False,2
2273,565,192,An Act relative to recycling,H565,-0.00416106,False,2
2274,566,192,An Act ensuring high quality pre-kindergarten education,H566,0.009143412,False,2
2275,567,192,An Act maintaining a statewide car seat recycling program,S567,0.037558675,False,7
2276,57,192,An Act making appropriations for the Fiscal Year 2023 to provide for supplementing certain existing appropriations and for certain other activities and projects,S57,-0.0017929077,False,2
2277,570,192,An Act to reduce plastics,H570,0.0061668754,False,2
2278,571,192,An Act relative to the long-term fiscal health and sustainability of special education in the Commonwealth,S571,0.09027475,True,4
2279,572,192,An Act to save recycling costs in the commonwealth,H572,0.0027908087,False,2
2280,576,192,An Act implementing an elementary and secondary interdisciplinary climate education curriculum in the Commonwealth,H576,0.03713548,False,2
2281,579,192,An Act to promote high-quality comprehensive literacy instruction in all Massachusetts schools,H579,-0.0035980344,False,2
2282,58,192,An Act making appropriations for the Fiscal Year 2023 to provide for supplementing certain existing appropriations and for certain other activities and projects,S58,0.0477767,False,11
2283,580,192,An Act to promote healthy culture and climate within schools,S580,0.047482193,False,2
2284,582,192,An Act relative to the protection of medical exemptions for immunizations for school attendance,H582,-0.014340818,False,2
2285,583,192,"An Act enabling all students to thrive: protecting a high quality, diverse educator workforce",H583,0.0031548738,False,2
2286,585,192,An Act to protect coastal resources,S585,0.046277583,False,7
2287,587,192,An Act creating the commercial fisheries offshore wind mitigation fund,S587,0.06871635,True,10
2288,588,192,An Act studying the effect of per- and polyfluoroalkyl substances in commercial products,S588,0.058668017,True,13
2289,59,192,An Act to allow students access to prescription cannabis,S59,0.02619797,False,3
2290,590,192,An Act establishing a commission on school segregation,H590,0.01907432,False,2
2291,592,192,An Act to create and expand student pathways to success,H592,0.010870516,False,10
2292,593,192,An Act for trauma informed and social and emotional learning supports and training expansion act,S593,0.09492296,True,11
2293,594,192,An Act ensuring openness and responsibility in the charter school renewals?,S594,0.08359051,True,13
2294,596,192,An Act relative to trans-inclusive health care access,S596,0.07121956,True,13
2295,597,192,An Act to remedy disparities in students' educational achievement,S597,0.08321011,True,13
2296,598,192,An Act relative to preserving fertility,S598,0.09317386,True,13
2297,599,192,An Act to incentivize the adoption of local climate resilience policies,S599,0.07297057,True,13
2298,60,192,An Act establishing the Massachusetts information privacy and security act,H60,0.04470092,False,4
2299,600,192,An Act fulfilling the promise of education reform,S600,0.09101689,True,13
2300,601,192,An Act prohibiting self-dealing by pharmacy benefit managers and pharmacies under common ownership,H601,0.022128582,False,2
2301,602,192,An Act relative to transparency of consumer health insurance rights,S602,0.09725028,True,11
2302,603,192,An Act promoting consumer choice in health care,H603,0.0075955987,False,2
2303,604,192,An Act relative to routine childhood immunizations,S604,0.115353346,True,11
2304,605,192,An Act empowering health care consumers,S605,0.09705788,True,11
2305,606,192,An Act relative to the compulsory automobile insurance limits,S606,0.08339411,True,13
2306,607,192,An Act to increase access to nurse-midwifery services,H607,0.015874982,False,2
2307,608,192,An Act mandating access to cancer screenings for firefighters through health care benefits plans or programs provided by the public employer,S608,0.09997213,True,11
2308,609,192,An Act relative to consumer deductibles,S609,0.1134491,True,11
2309,61,192,An Act relative to filing slander against anonymous parties on the internet,H61,0.006782055,False,5
2310,610,192,An Act for supportive care for serious mental illness,S610,0.064854085,True,11
2311,611,192,An Act relative to school safety,H611,0.009480953,False,2
2312,612,192,An Act relative to promoting healthcare access and affordability for patients,S612,0.06478155,True,4
2313,613,192,An Act relative to community behavioral health centers,S613,0.0030999184,False,7
2314,614,192,An Act reining in premiums through stronger rate review,H614,0.041543722,False,2
2315,615,192,An Act relative to ensuring treatment for genetic craniofacial conditions,S615,0.09464419,True,13
2316,616,192,"An Act relating to patient cost, benefit and coverage information, choice, and price transparency",S616,0.07167822,True,4
2317,617,192,An Act relative to applied behavioral analysis therapy,H617,-0.022272944,False,2
2318,618,192,An Act relative to telehealth parity for nutrition counseling,S618,0.055601418,True,13
2319,619,192,An Act establishing a prescription drug rebate program for seniors,H619,0.0004554391,False,2
2320,62,192,An Act establishing the Massachusetts open data standard,S62,0.008787513,False,4
2321,620,192,An Act requiring prospective payment system methodology for reimbursement to community health centers,S620,0.056114316,True,13
2322,621,192,An Act relative to gender-affirming hair removal treatment,H621,-0.0044640303,False,2
2323,622,192,An Act relative to LGBTQ family building,S622,0.13047898,True,11
2324,624,192,An Act to encourage retirement planning,H624,0.008779645,False,2
2325,625,192,An Act relative to out-of-pocket expenses for covid-19 therapeutics,H625,0.008422852,False,2
2326,626,192,An Act for a right of first refusal for foreclosed property (Foreclosure TOPA),S626,0.031752586,False,1
2327,627,192,An Act establishing protections and accountability for TNC and DNC workers consumers and communities (EPA),S627,0.04351008,False,1
2328,628,192,An Act relative to certified medical directors at skilled nursing facilities,H628,-0.010435045,False,4
2329,629,192,An Act relative to fairness in debt collection,H629,-0.0013087392,False,2
2330,63,192,An Act to protect biometric information,H63,-0.059942544,False,5
2331,630,192,An Act ensuring access to specialty medications,S630,0.05878395,True,3
2332,631,192,An Act relative to access to care for serious mental illness,H631,-0.0011153221,False,2
2333,632,192,An Act to establish a Massachusetts public bank,S632,0.033247888,False,1
2334,633,192,An Act providing for a medical exemption for manufacturer coupons,S633,0.013710976,False,1
2335,634,192,An Act promoting insurance rate review transparency,S634,-0.011031866,False,1
2336,635,192,An Act relative to cognitive rehabilitation for individuals with an acquired brain injury,H635,0.011733711,False,2
2337,638,192,An Act limiting out of pocket health expenses,S638,0.05413395,True,1
2338,639,192,An Act relative to motor vehicle service contracts,H639,0.029436171,False,2
2339,64,192,An Act establishing a commission on automated decision-making by government in the Commonwealth,S64,0.036280036,False,7
2340,640,192,An Act relative to insurance companies,S640,0.02803588,False,1
2341,641,192,An Act relative to certain loans by the federal home loan bank,H641,-0.024630964,False,2
2342,643,192,"An Act relative to uncollected co-pays, co-insurance and deductibles",S643,0.02239108,False,1
2343,644,192,An Act protecting vulnerable elders from abuse,S644,0.026637137,False,1
2344,645,192,An Act relative to Massachusetts home care eligibility,S645,0.029556334,False,1
2345,646,192,An Act ensuring access to full spectrum pregnancy care,S646,0.0010769963,False,1
2346,647,192,An Act relative to preserving preventive services without cost sharing,S647,0.017451942,False,1
2347,648,192,An Act relative to the remediation of home heating oil releases,H648,0.004552245,False,2
2348,649,192,An Act to improve Massachusetts home care,H649,0.024350166,False,3
2349,65,192,An Act protecting benefits owed to foster children,S65,0.044564605,False,7
2350,650,192,An Act relative to notifying broker prior to termination of coverage,H650,-0.004618168,False,2
2351,651,192,An Act relative to emergency insulin access,H651,-0.01794082,False,2
2352,652,192,An Act to allow municipalities to deposit into credit unions,H652,-0.0051137805,False,2
2353,653,192,An Act relative to rest home rate adjustments,S653,0.009143412,False,3
2354,654,192,An Act ensuring prompt access to health care,S654,0.016885757,False,1
2355,655,192,An Act relative to telehealth and digital equity for patients,S655,0.025734425,False,1
2356,656,192,An Act to reduce the cost of pharmacy benefits,S656,0.0353837,False,10
2357,657,192,An Act providing continuity of care for mental health treatment,S657,0.04476893,False,3
2358,658,192,An Act relative to dual diagnosis treatment coverage,S658,0.049745977,False,1
2359,659,192,An Act relative to removing barriers to non-opioid pain management,S659,0.013507843,False,1
2360,660,192,An Act relative to gender neutral language in elections law,H660,0.0074543953,False,2
2361,664,192,An Act relative to the sustainability of public health dental hygienists through adequate reimbursements,H664,0.013435841,False,2
2362,665,192,An Act relative to specialty medications and patient safety,S665,0.027107477,False,11
2363,666,192,An Act establishing collective bargaining rights for TNC drivers,S666,0.010578334,False,1
2364,667,192,An Act to prohibit cost sharing for opioid antagonists,S667,0.031888068,False,10
2365,669,192,An Act requiring mental health parity for disability policies,H669,-0.0075654387,False,2
2366,67,192,An Act allowing spouses to serve as caregivers,S67,0.05623299,True,7
2367,670,192,An Act to help patients and reduce healthcare costs by ensuring patient adherence to medications,S670,0.010576129,False,1
2368,671,192,An Act to increase health insurer reporting transparency,S671,0.024843872,False,1
2369,672,192,An Act increasing access to maternal postpartum home visiting services,H672,0.002542138,False,2
2370,673,192,An Act ensuring support groups are part of the pathway of care following the annual mental health wellness exam,S673,0.0035078526,False,1
2371,674,192,An Act relative to breast cancer screening and early detection,S674,0.021195948,False,1
2372,676,192,An Act to ensure consumer cost protection under the dental medical loss ratio,S676,0.14018935,True,1
2373,677,192,An Act relative to prescription-drug utilization review,S677,0.019854605,False,1
2374,678,192,An Act to improve sickle cell care,S678,0.01312083,False,1
2375,68,192,An Act relative to internet service outages,S68,0.04128617,False,7
2376,684,192,An Act to enhance oral health through public health dental hygienists,H684,0.01417768,False,2
2377,686,192,An Act relative to executive compensation for mutual companies,S686,0.02717346,False,1
2378,687,192,An Act relative to small business health insurance incentives,S687,0.030893564,False,1
2379,688,192,An Act establishing same day registration of voters,S688,0.003071487,False,1
2380,689,192,An Act relative to patient access to biomarker testing to provide appropriate therapy,S689,0.04359603,False,1
2381,69,192,An Act establishing a special commission on blockchain and cryptocurrency,S69,0.019037187,False,3
2382,690,192,An Act protecting consumers in cryptocurrency exchanges,S690,0.017190754,False,1
2383,691,192,An Act to increase access to lactation care and services,S691,0.05424428,True,1
2384,693,192,An Act establishing a public bank of Massachusetts to support economic development,S693,0.027484417,False,10
2385,695,192,An Act relative to the workers' compensation premium payment schedules for small businesses,S695,0.026797652,False,1
2386,696,192,An Act relative to human donor milk coverage,S696,-0.0015991926,False,1
2387,697,192,An Act relative to dental insurance consumer protections,S697,0.023857832,False,1
2388,698,192,An Act relative to dental insurance assignment of benefits,S698,0.030296862,False,1
2389,699,192,An Act relative to pay-to-play schemes,S699,0.015329778,False,1
2390,70,192,An Act providing for consumer protection in a digital economy,H70,0.034711063,False,7
2391,700,192,An Act to ensure access to epinephrine for minors,S700,0.029136658,False,1
2392,701,192,An Act relative to motor vehicle service contracts,S701,0.018680096,False,1
2393,702,192,An Act relative to homeowners' fire insurance policies,S702,0.05492747,True,1
2394,703,192,An Act relative to reducing racial and socioeconomic inequities in auto insurance premium pricing,S703,-0.0010267496,False,1
2395,704,192,An Act prohibiting discrimination against 340b drug discount program participants,S704,0.020998836,False,1
2396,705,192,An Act relative to moving violations,H705,-0.0063844323,False,2
2397,706,192,An Act relative to pediatric care appointments,S706,0.011988759,False,1
2398,708,192,An Act enhancing post-pregnancy mental health care,HD708,0.009693205,False,8
2399,709,192,An Act requiring licensed auto insurance damage appraisers to provide safety notices to the owners of damaged motor vehicles,S709,-0.004430771,False,1
2400,71,192,An Act creating a pilot program to explore digital innovation in government,H71,0.045030236,False,10
2401,710,192,An Act relative to preventing fraud,S710,0.04806167,False,10
2402,711,192,An Act relative to breast cancer equity and early detection,H711,0.022733092,False,2
2403,714,192,An Act relative to pharmaceutical gag clauses,H714,-0.0085250735,False,2
2404,715,192,An Act to ensure access to prescription medications,S715,-0.00854063,False,1
2405,717,192,An Act relative to ambulance service reimbursement,S717,0.024912655,False,1
2406,718,192,An Act relative to insurance coverage of mobile integrated health,S718,0.040818393,False,1
2407,72,192,An Act to protect against deep fakes used to facilitate criminal or torturous conduct,H72,-0.030966103,False,5
2408,720,192,An Act to strengthen the state credit union charter,S720,0.081115484,True,3
2409,721,192,An Act relative to voting rights,H721,0.017230988,False,7
2410,722,192,An Act relative to the practice of acupuncture,S722,0.06817138,True,11
2411,724,192,An Act administering national standards to Medicaid medical necessity reviews,H724,-0.032842577,False,6
2412,726,192,An Act protecting the homes of seniors and disabled people on MassHealth,S726,0.021348655,False,1
2413,727,192,An Act to support equal access to community care for elders and persons with disabilities,S727,0.042559326,False,1
2414,729,192,An Act to restore the effective date of MassHealth coverage for new applicants,S729,0.030433118,False,1
2415,73,192,An Act establishing a low vision registry,H73,-0.004954636,False,5
2416,730,192,An Act advancing health care research and decision-making centered on patients and people with disabilities,S730,0.033572137,False,1
2417,731,192,An Act relative to the sustainability of high public payer community hospitals,S731,0.032850087,False,1
2418,732,192,An Act to strengthen the Commonwealth's strategic preparedness stockpiles,S732,0.017526805,False,1
2419,733,192,An Act expanding affordable coverage through ConnectorCare,S733,0.008411765,False,1
2420,734,192,An Act updating high-cost hospital and Health Policy Commission system accountability,H734,0.028499901,False,8
2421,735,192,An Act providing affordable care through out-of-pocket assistance,H735,0.020356417,False,1
2422,736,192,An Act relative to the closing of hospital essential services,S736,0.03236407,False,6
2423,737,192,An Act to ensure effective health care as a right,S737,0.027968645,False,1
2424,738,192,providing for an investigation and study by a special commission relative to the existential threats posed by nuclear weapons and climate change to the commonwealth of Massachusetts,H738,0.028264344,False,6
2425,739,192,An Act increasing diagnostic testing preparedness,S739,0.0015434027,False,1
2426,74,192,An Act to modernize funding for community media programming,S74,0.04707718,False,7
2427,740,192,An Act to ensure equitable health coverage for children,S740,0.024964333,False,6
2428,741,192,An Act to reduce racial and ethnic health disparities through commercial rate equity for safety net hospitals,H741,0.043107927,False,6
2429,742,192,An Act to ensure access and continuity of care to specialist and hospital services for dually eligible individuals,H742,0.027601779,False,6
2430,744,192,An Act establishing medicare for all in Massachusetts,S744,-0.0059372783,False,6
2431,746,192,An Act relative to the operating budgets of health care oversight agencies,S746,0.032029986,False,1
2432,747,192,An Act relative to the nurse licensure compact in Massachusetts,S747,0.013960063,False,2
2433,749,192,"An Act relative to pharmaceutical access, costs and transparency",S749,0.056766927,True,1
2434,75,192,An Act to lift kids out of deep poverty,H75,-0.023159087,False,10
2435,750,192,An Act relative to primary care for you,H750,0.015943766,False,8
2436,752,192,An Act authorizing the establishment of old growth forest reserves,S752,0.02834791,False,10
2437,753,192,An Act relative to preventing discrimination against persons with disabilities in the provision of health care,S753,0.009227753,False,1
2438,754,192,An Act to ensure access to the full range of treatment options for people with obesity,S754,-0.0065446496,False,6
2439,755,192,An Act reforming energy system planning for equity and climate transformation,S755,0.0226897,False,6
2440,756,192,An Act preserving special needs trusts for disabled seniors,H756,0.01041615,False,6
2441,757,192,An Act creating the outdoor recreation program,S757,0.02612716,False,6
2442,76,192,An Act establishing basic needs assistance for Massachusetts immigrant residents,H76,-0.02480936,False,10
2443,760,192,An Act ensuring safe drinking water in schools,S760,-0.01976043,False,1
2444,764,192,An Act incorporating embodied carbon into state climate policy,S764,0.03810209,False,1
2445,765,192,An Act to promote graduate medical education,H765,-0.0002681017,False,10
2446,766,192,An Act to Skip the Stuff to reduce restaurant waste,S766,0.002524197,False,6
2447,767,192,An Act to define modest meals and refreshments in prescriber education settings,H767,0.01655215,False,10
2448,768,192,An Act promoting drinking water quality for all,H768,0.037667155,False,10
2449,769,192,An Act to update Medicaid resource limits for seniors,S769,-0.002432108,False,1
2450,77,192,An Act relative to a loan repayment program for human services workers,S77,0.04785973,False,7
2451,770,192,An Act reducing packaging waste,H770,0.016918361,False,10
2452,771,192,An Act providing transparency for patients receiving care at hospital-based facilities,S771,0.028728604,False,6
2453,772,192,An Act to continue enhanced Medicaid hospital payments,S772,0.014376044,False,0
2454,773,192,An Act relative to premium impact statements,H773,0.038763523,False,3
2455,774,192,An Act creating a special commission to scope a state grant or low interest loan program for properties prone to flooding,H774,0.051502347,True,3
2456,775,192,An Act relative to family members serving as caregivers,H775,0.03889376,False,10
2457,776,192,An Act reducing packaging waste in the Commonwealth,S776,-0.004454553,False,1
2458,777,192,An Act relative to clean lighting,S777,0.008307219,False,6
2459,778,192,An Act to bring down the cost of prescription drugs,S778,0.017264783,False,6
2460,779,192,An Act to save recycling costs in the commonwealth,S779,0.008475482,False,6
2461,78,192,An Act relative to assuring a jumpstart in investments in telecoms to preserve access to the internet,S78,0.048986316,False,8
2462,780,192,An Act to increase access to recycling,S780,0.020379722,False,6
2463,781,192,An Act relative to bow hunting for deer in Wompatuck State Park,S781,-0.010133505,False,1
2464,782,192,An Act relative to Medicaid coverage for doula services,H782,0.011930227,False,10
2465,783,192,An Act to promote transparency and prevent price gouging of pharmaceutical drug prices,H783,-0.021244884,False,10
2466,784,192,An Act relative to plastic bag reduction,H784,0.03568518,False,10
2467,785,192,An Act to ensure timely health care cost reporting,S785,0.037711024,False,4
2468,787,192,An Act to alleviate skyrocketing consumer health care costs,S787,0.013736069,False,1
2469,788,192,An Act to prohibit inappropriate use of the health care cost growth benchmark,S788,-0.08256811,False,8
2470,789,192,An Act limiting toxics release inventory facilities in environmental justice communities,S789,-0.0019958615,False,6
2471,79,192,An Act relative to providing for net neutrality and consumer protection,S79,0.025750995,False,3
2472,790,192,An Act relative to hospital profit and fairness,S790,0.027911425,False,6
2473,792,192,An Act establishing the Blue Communities Program,H792,-0.0054118037,False,10
2474,794,192,An Act relative to MassHealth reimbursement for schools,H794,0.015907943,False,10
2475,795,192,An Act relative to recreation on private tidelands,S795,-0.002897799,False,6
2476,796,192,An Act relative to reciprocity clarification,S796,-0.006066084,False,6
2477,797,192,An Act to bring down the cost of prescription drugs,H797,0.0230726,False,10
2478,798,192,An Act to promote primary care through Medicaid graduate medical education funding,S798,0.008692622,False,1
2479,799,192,An Act to advance health equity,H799,0.018956304,False,10
2480,80,192,An Act relative to internet privacy rights for children,H80,0.0060884356,False,10
2481,800,192,An Act authorizing the use of bow and arrows for Sunday hunting,S800,0.015934944,False,6
2482,801,192,An Act strengthening health spending accountability processes within the health policy commission and the center for health information and analysis,H801,0.035259366,False,3
2483,802,192,An Act to improve health care cost accountability,H802,-0.004593551,False,4
2484,803,192,An Act relative to funding water infrastructure and addressing economic target areas,H803,0.021964252,False,10
2485,804,192,An Act authorizing the town of Arlington to prohibit use of second generation anti-coagulant rodenticides by commercial pesticide applicators,H804,-0.0010523796,False,10
2486,805,192,An Act protecting wastewater and sewerage systems through the labeling of non-flushable wipes,S805,-0.025624096,False,6
2487,807,192,An Act preserving public trust rights in land affected by ocean erosion,S807,0.0095620155,False,6
2488,809,192,An Act providing notice to the public of hazardous waste sites,H809,0.016314149,False,10
2489,81,192,An Act requiring licensure for use of graduated electronic decelerators,S81,0.0251503,False,6
2490,810,192,An Act ensuring temporary nursing service agency quality,S810,0.028181136,False,6
2491,811,192,An Act relative to improving pesticide protections for Massachusetts schoolchildren,S811,0.04030752,False,1
2492,813,192,An Act governing the use of pesticides containing the herbicide substance Glyphosate in the Commonwealth,S813,-0.010053933,False,1
2493,814,192,An Act empowering towns and cities to protect residents and the environment from harmful pesticides,S814,0.02523607,False,1
2494,815,192,An Act improving access to affordable community college,S815,0.018304765,False,1
2495,816,192,An Act relative to solid waste disposal facilities,S816,0.01030761,False,1
2496,817,192,An Act providing access to higher education for high school graduates in the Commonwealth,H817,0.018634856,False,10
2497,818,192,An Act relative to college in high school,H818,-0.0016450882,False,10
2498,82,192,An Act relative to protecting the residents of the Commonwealth,H82,0.053747416,True,13
2499,820,192,An Act relative to requiring the sealing of containers transporting solid waste,S820,0.0101338625,False,1
2500,821,192,An Act banning legacy preferences in higher education,H821,0.046142817,False,3
2501,823,192,An Act relative to paint recycling,S823,-0.013712823,False,2
2502,825,192,An Act relative to pesticides,S825,-0.0053673387,False,2
2503,826,192,"An Act banning the retail sale of dogs, cats, and rabbits in new pet shops",H826,0.035693347,False,10
2504,827,192,An Act relative to admissions requirements to institutions of higher education,S827,0.004743755,False,2
2505,829,192,An Act establishing a behavioral health workforce center of excellence,S829,-0.02397424,False,2
2506,83,192,An Act to establish the Massachusetts data privacy protection act,S83,0.025139272,False,6
2507,830,192,An Act protecting students and increasing accountability at Massachusetts colleges and universities,S830,0.000870049,False,2
2508,831,192,An Act investing in public higher education,S831,0.019224644,False,10
2509,833,192,An Act establishing the commission on extended producer responsibility,S833,-0.026834726,False,2
2510,834,192,An Act relative to ocean acidification,S834,0.010774791,False,2
2511,835,192,An Act establishing the Massachusetts Hunger-Free Campus Initiative,H835,0.035294592,False,10
2512,836,192,An Act providing access to higher education for high school graduates in the Commonwealth,S836,-0.028930187,False,2
2513,837,192,An Act to open the Massachusetts lobster fishery,H837,0.0035215616,False,10
2514,838,192,An Act relative to advanced placement examinations,S838,0.031830013,False,10
2515,84,192,An Act relative to a livable wage for human services workers,H84,0.038379908,False,10
2516,840,192,An Act to assure the attainment of greenhouse gas emissions goals in the alternative portfolio standard,H840,0.038366497,False,10
2517,841,192,Resolve relative to public higher education credit transfers,S841,0.0029024482,False,1
2518,843,192,An Act to protect pollinator habitat,S843,-0.024116755,False,2
2519,845,192,An Act relative to the endowment match program,S845,-0.030348063,False,2
2520,846,192,An Act relative to a future blue economy,H846,0.08840048,True,4
2521,848,192,An Act establishing a commercial fisheries offshore wind mitigation fund,H848,0.07928872,True,13
2522,849,192,An Act prohibiting the sale of fur products,H849,0.08321011,True,13
2523,850,192,An Act concerning the use of animals in product testing,H850,0.08046156,True,13
2524,851,192,An Act ensuring safe drinking water in schools,H851,0.1064409,True,13
2525,852,192,An Act relative to the installation of electric vehicle charging stations by condominium owners,H852,0.08876634,True,11
2526,855,192,An Act to create and implement a Massachusetts Flexible Supportive Housing Subsidy Pool Program,S855,0.007441163,False,2
2527,856,192,"An Act providing upstream homelessness prevention assistance to families, youth, and adults",H856,0.066214025,True,13
2528,857,192,An Act to reform the Toxic Use Reduction Act,H857,0.07486802,True,13
2529,86,192,An Act to enhance child passenger safety,S86,-0.019682527,False,2
2530,861,192,An Act relative to maintaining adequate water supplies through effective drought management,H861,0.078846514,True,13
2531,863,192,An Act relative to proper disposal of products containing PFAS,S863,0.054193795,True,3
2532,864,192,An Act promoting access to counsel and housing stability in Massachusetts,H864,0.03262955,False,7
2533,865,192,An Act relative to the use of shotguns,H865,0.058182657,True,13
2534,866,192,An Act to establish an office of fair housing and a fair housing trust fund,S866,0.028731048,False,3
2535,869,192,An Act to reduce the financial barriers to renting homes,S869,0.043600142,False,3
2536,87,192,An Act providing for coordinated data and assistance to address family homelessness,S87,0.022420466,False,6
2537,870,192,An Act to improve the housing development incentive program,S870,0.00052940845,False,4
2538,871,192,"An Act to require producer responsibility for collection, reuse and recycling of discarded electronic products",H871,0.074243486,True,11
2539,872,192,An Act establishing a climate change superfund and promoting polluter responsibility,S872,0.052204847,True,13
2540,873,192,An Act to transform the Commonwealth's emergency response system and create housing strategies to end the homelessness of unaccompanied adults,S873,0.06557971,True,13
2541,874,192,An Act regulating the application of fertilizer used in the town of Orleans,H874,0.07167822,True,4
2542,875,192,An Act relative to helium balloons,H875,0.07398981,True,13
2543,876,192,An Act to maintain stable housing for families with pets in an economic crisis and beyond,H876,0.09382802,True,11
2544,877,192,An Act relative to the use of credit reporting in housing,H877,0.07102442,True,4
2545,878,192,An Act regulating the sale and purchase of horses,H878,0.059020936,True,11
2546,879,192,An Act to establish mobile showers for homeless populations,S879,0.046109736,False,13
2547,880,192,An Act to guarantee a tenant's first right of refusal,H880,0.08886868,True,11
2548,881,192,An Act creating the Massachusetts healthy homes program,H881,0.0646348,True,11
2549,882,192,An Act relative to cimex lectularius,H882,0.10148227,True,10
2550,887,192,An Act restricting distribution of single-use plastic straws,H887,0.03231597,False,0
2551,888,192,An Act relative to the Massachusetts rental voucher program,S888,0.02023065,False,8
2552,889,192,An Act relative to transformative development initiatives in rural communities,H889,0.06538159,True,13
2553,89,192,An Act to establish an acquired brain injury advisory board,S89,-0.02866131,False,6
2554,890,192,An Act responding to the threat of invasive species,S890,0.041574597,False,13
2555,891,192,An Act to restore Boston's governmentally-involved housing protection,S891,0.03596717,False,3
2556,893,192,An Act relative to enhancing circularity in recycling,H893,0.08653635,True,11
2557,895,192,An Act to promote sustainable affordable housing,S895,0.038809597,False,4
2558,8961,192,An Act establishing portable benefit accounts for app-based-delivery drivers,,-0.016032875,False,5
2559,899,192,An Act relative to liability for release of hazardous materials,H899,0.068297744,True,10
2560,901,192,An Act providing parks pass waiver for veterans,H901,0.006972134,False,7
2561,902,192,An Act promoting drinking water quality for all,H902,0.0768317,True,11
2562,904,192,An Act relative to increased protection of wildlife management areas,H904,0.06620985,True,5
2563,906,192,An Act to accelerate and streamline wetlands restoration,S906,0.031121075,False,14
2564,908,192,An Act to increase transparency in the Massachusetts land record systems to protect the property rights of homeowners and businesses,S908,0.04345405,False,13
2565,909,192,An Act relative to a cranberry water use transfer program,H909,0.057930112,True,13
2566,911,192,An Act relative to employees of private railroads,S911,0.012811005,False,12
2567,912,192,An Act to amend the foreclosure statute to require judicial foreclosure,S912,0.03393811,False,12
2568,913,192,An Act relative to archaic laws,S913,0.019197404,False,12
2569,914,192,An Act relative to solid waste disposal facilities in environmental justice communities,H914,0.07099491,True,10
2570,916,192,An Act relative to governmental and charitable tort liability,H916,0.10805833,True,11
2571,918,192,An Act relative to due process,S918,0.014276385,False,12
2572,920,192,An Act relative to outdoor heritage,H920,0.083304286,True,13
2573,921,192,An Act relative to hunting with artificial light,S921,0.03999394,False,3
2574,925,192,An Act to stop mass shootings,S925,0.033056855,False,12
2575,927,192,An Act to implement the recommendations of the special commission on facial recognition technology,S927,-0.0101668835,False,14
2576,928,192,An Act relative to civil liability for improper flood hazard determinations,H928,0.0554353,True,13
2577,929,192,An Act to eliminate mandatory minimum sentences related to drug offenses,H929,0.070585966,True,7
2578,93,192,An Act to ensure parity in social work licensure,S93,0.02391243,False,12
2579,930,192,An Act relative to access to a decedent's electronic mail accounts,H930,0.17109144,True,13
2580,931,192,An Act improving juvenile justice data collection,H931,0.087068856,True,11
2581,932,192,An Act relative to modernization of insurance laws,H932,0.11850464,True,11
2582,933,192,An Act to modernize the administration of registered land under Chapter 185 of the General Laws,H933,0.07565713,True,13
2583,934,192,An Act to enact the pharmacy benefit manager compensation reform,H934,0.0891704,True,11
2584,935,192,An Act relative to an investigation of flood insurance by the attorney general,H935,0.1089226,True,11
2585,936,192,An Act providing continuity of care for mental health treatment,S936,0.05664134,True,12
2586,937,192,An Act relative to transparency of consumer health insurance rights,H937,0.0745787,True,11
2587,938,192,An Act relative to breast cancer screening and early detection,H938,0.073834896,True,11
2588,939,192,An Act to update mental health parity,S939,0.047053456,False,12
2589,940,192,An Act requiring mental health parity for disability policies,S940,0.003240943,False,12
2590,941,192,An Act relative to utilization review,H941,0.07537264,True,13
2591,942,192,An Act to promote public safety and better outcomes for young adults,H942,0.07707757,True,13
2592,943,192,An Act to reduce co-pays for people with chronic conditions,H943,0.07635689,True,13
2593,944,192,An Act reining in premiums through stronger rate review,H944,0.062042654,True,11
2594,945,192,An Act to ensure prescription drug cost transparency and affordability,H945,0.04546511,False,10
2595,946,192,An Act to increase access to lactation care and services,S946,0.027995825,False,12
2596,947,192,An Act to relative to an underinsurance issue,S947,0.04041195,False,12
2597,948,192,An Act requiring prospective payment system methodology for reimbursement to community health centers,H948,0.07359302,True,4
2598,949,192,An Act relative to homeowners' insurance,H949,0.04946035,False,7
2599,95,192,An Act relative to the definition of livestock,S95,0.03119576,False,12
2600,950,192,An Act reforming labor rates paid by insurance companies to auto repairers in the Commonwealth,H950,0.09367186,True,13
2601,951,192,An Act to reform title insurance,H951,0.052343905,True,13
2602,953,192,An Act relative to consumer deductibles,H953,0.056093216,True,4
2603,954,192,An Act ensuring integrity in juvenile interrogations,H954,0.08221829,True,11
2604,955,192,An Act amending the banking laws and related statutes,H955,0.09492916,True,13
2605,956,192,An Act relative to the licensing and supervision of debt management services in the Commonwealth,S956,0.010640264,False,12
2606,957,192,An Act preserving the competitiveness of group auto and homeowners insurance plans,S957,0.052611172,True,12
2607,958,192,An Act relative to certain loans by the federal home loan bank,S958,0.03754896,False,12
2608,959,192,An Act prohibiting discrimination against 340b drug discount program participants,S959,0.044536293,False,12
2609,960,192,An Act relating to modernizing business to business commercial insurance transactions,S960,0.030026853,False,12
2610,961,192,An Act establishing portable benefit accounts for app-based-delivery drivers,H961,0.061609387,True,13
2611,962,192,An Act to modernize the Massachusetts insurer's insolvency fund,H962,0.12252945,True,13
2612,964,192,An Act relative to ensuring treatment for genetic craniofacial conditions,H964,0.09919816,True,13
2613,965,192,An Act to create direct dental care agreements,H965,0.040685415,False,3
2614,966,192,An Act to provide equal and fair access to affordable dental care for all patients,H966,0.04420936,False,7
2615,967,192,An Act improving access to breast pumps,H967,0.07250553,True,11
2616,968,192,An Act requiring reimbursement for the costs of providing competent interpreter services,H968,0.10469943,True,11
2617,969,192,An Act relative to human donor milk coverage,H969,0.10780257,True,11
2618,970,192,An Act relative to streamlining notice and disclosure,H970,0.055756927,True,11
2619,971,192,An Act relative to travel insurance,H971,0.095760465,True,11
2620,972,192,An Act to require financial institutions to pay late fees when it fails to conduct an electronic transfer,H972,0.04197657,False,10
2621,974,192,An Act relative to fiduciary access to digital assets,H974,0.0851472,True,13
2622,975,192,An Act to establish a Massachusetts public bank,H975,0.08715272,True,11
2623,976,192,An Act requiring full health insurance coverage for individuals with vitiligo,H976,0.07705361,True,10
2624,977,192,An Act relative to continuing education of insurance producers,H977,0.0773589,True,13
2625,978,192,An Act relative to promoting healthcare access and affordability for patients,S978,0.018852413,False,6
2626,979,192,An Act relative to transparency of hospital margins & ensuring hospital efficiency,S979,0.07117611,True,13
2627,98,192,An Act concerning food insecurity and supporting the restaurant industry,S98,0.015160024,False,6
2628,981,192,An Act relative to notices by insurance companies,H981,0.07433969,True,13
2629,982,192,An Act relative to non-medical switching,S982,0.028101683,False,12
2630,983,192,An Act relative to automobile insurance premiums,S983,0.026128411,False,8
2631,984,192,An Act relative to access to care for serious mental illness,H984,0.07854986,True,10
2632,985,192,An Act increasing access to postpartum home visiting services,H985,0.117082,True,11
2633,986,192,An Act relative to telehealth and digital equity for patients,S986,0.06287074,True,12
2634,987,192,An Act to conform private with public subrogation policy,H987,0.015358627,False,3
2635,988,192,An Act relative to patient financial protection,H988,0.050556958,True,11
2636,989,192,An Act for supportive care for serious mental illness,H989,0.08213282,True,7
2637,99,192,An Act creating a special commission to study the current refugee resettlement infrastructure and ensure the successful integration of refugees in Massachusetts,S99,-0.0126161575,False,2
2638,990,192,An Act relative to removing barriers to non-opioid pain management,H990,0.06574935,True,13
2639,991,192,An Act concerning furnishing transcripts of notes and fees,S991,0.013525009,False,10
2640,992,192,An Act relative to payments for use of ambulance services,H992,0.07639319,True,11
2641,993,192,An Act updating bail procedures for justice-involved youth,S993,0.02294612,False,12
2642,994,192,An Act preventing unnecessary vacancies in foreclosed homes,S994,0.0044986606,False,2
2643,995,192,An Act relative to motor vehicle service contracts,H995,0.07537478,True,11
2644,996,192,An Act to encourage retirement planning,H996,0.08268851,True,11
2645,997,192,An Act  to protect health care consumers from surprise billing,H997,0.078676224,True,11
2646,998,192,An Act to encourage retirement planning,H998,0.079829514,True,7
2647,999,192,An Act empowering health care consumers,H999,0.07599199,True,13
