date,precip_in_avg,n_stations
2000-01-01,0.0,83
2000-01-02,0.02,80
2000-01-03,0.11904109589041098,73
2000-01-04,0.33632183908045976,87
2000-01-05,0.5697560975609756,82
2000-01-06,0.0005063291139240507,79
2000-01-07,0.0015714285714285715,70
2000-01-08,0.0031578947368421056,76
2000-01-09,0.00029411764705882356,68
2000-01-10,0.4217567567567568,74
2000-01-11,0.5946478873239437,71
2000-01-12,0.006376811594202899,69
2000-01-13,0.12558823529411764,68
2000-01-14,0.1725,72
2000-01-15,0.0,78
2000-01-16,0.017704918032786888,61
2000-01-17,0.011929824561403507,57
2000-01-18,0.00037974683544303797,79
2000-01-19,0.0003896103896103896,77
2000-01-20,0.03891891891891892,74
2000-01-21,0.119,70
2000-01-22,0.0044444444444444444,72
2000-01-23,0.0012,75
2000-01-24,0.0012,75
2000-01-25,0.4257142857142857,77
2000-01-26,0.5084415584415585,77
2000-01-27,0.0011320754716981133,53
2000-01-28,0.0,79
2000-01-29,0.0025925925925925925,81
2000-01-30,0.010952380952380951,84
2000-01-31,0.3356470588235294,85
2000-02-01,0.01380281690140845,71
2000-02-02,0.0022972972972972973,74
2000-02-03,0.01821917808219178,73
2000-02-04,0.05320512820512821,78
2000-02-05,0.010588235294117648,51
2000-02-06,0.004827586206896552,58
2000-02-07,0.00014705882352941178,68
2000-02-08,0.05295774647887324,71
2000-02-09,0.0,86
2000-02-10,0.026913580246913576,81
2000-02-11,0.07605263157894736,76
2000-02-12,0.0208974358974359,78
2000-02-13,0.01894736842105263,76
2000-02-14,0.8777906976744185,86
2000-02-15,0.33779411764705886,68
2000-02-16,0.0205,60
2000-02-17,0.010677966101694915,59
2000-02-18,0.2023170731707317,82
2000-02-19,0.5148809523809523,84
2000-02-20,0.079,70
2000-02-21,0.013166666666666667,60
2000-02-22,0.02129411764705882,85
2000-02-23,0.0024705882352941176,85
2000-02-24,0.0436231884057971,69
2000-02-25,0.33730769230769236,78
2000-02-26,0.3943373493975904,83
2000-02-27,0.045774647887323945,71
2000-02-28,0.28069767441860466,86
2000-02-29,0.08318840579710145,69
2000-03-01,0.002266666666666667,75
2000-03-02,0.01926470588235294,68
2000-03-03,0.003424657534246575,73
2000-03-04,0.0007228915662650603,83
2000-03-05,0.0,58
2000-03-06,0.0,79
2000-03-07,0.0001388888888888889,72
2000-03-08,0.001216216216216216,74
2000-03-09,0.05061728395061728,81
2000-03-10,0.11099999999999999,70
2000-03-11,0.4774683544303797,79
2000-03-12,1.0560714285714285,84
2000-03-13,0.1691358024691358,81
2000-03-14,0.00012048192771084338,83
2000-03-15,0.00037974683544303797,79
2000-03-16,0.1417857142857143,84
2000-03-17,1.0071428571428573,84
2000-03-18,0.15,76
2000-03-19,0.002839506172839506,81
2000-03-20,0.000273972602739726,73
2000-03-21,0.008358208955223882,67
2000-03-22,0.005942028985507247,69
2000-03-23,0.0,79
2000-03-24,0.00036144578313253013,83
2000-03-25,0.0115625,64
2000-03-26,0.030000000000000002,63
2000-03-27,0.018072289156626505,83
2000-03-28,0.8648235294117645,85
2000-03-29,0.2625609756097561,82
2000-03-30,0.03871428571428572,70
2000-03-31,0.0002631578947368421,76
2000-04-01,0.0,83
2000-04-02,0.001139240506329114,79
2000-04-03,0.041285714285714294,70
2000-04-04,0.3486746987951807,83
2000-04-05,0.14428571428571427,77
2000-04-06,0.01638888888888889,72
2000-04-07,0.025652173913043478,69
2000-04-08,0.05310810810810811,74
2000-04-09,0.713780487804878,82
2000-04-10,0.22552631578947369,76
2000-04-11,0.0369620253164557,79
2000-04-12,0.0745679012345679,81
2000-04-13,0.0022891566265060242,83
2000-04-14,0.0,81
2000-04-15,0.005657894736842106,76
2000-04-16,0.17532467532467533,77
2000-04-17,0.03706666666666667,75
2000-04-18,0.20123456790123453,81
2000-04-19,0.41645569620253164,79
2000-04-20,0.04492753623188406,69
2000-04-21,0.5306410256410257,78
2000-04-22,1.8927380952380954,84
2000-04-23,0.37547619047619046,84
2000-04-24,0.15585714285714286,70
2000-04-25,0.005373134328358209,67
2000-04-26,0.3125641025641026,78
2000-04-27,0.2929629629629629,81
2000-04-28,0.03631578947368422,57
2000-04-29,0.01246376811594203,69
2000-04-30,0.01423076923076923,52
2000-05-01,0.0069117647058823525,68
2000-05-02,0.10270588235294117,85
2000-05-03,0.01829268292682927,82
2000-05-04,0.0,75
2000-05-05,0.0226984126984127,63
2000-05-06,0.022203389830508475,59
2000-05-07,0.0026760563380281693,71
2000-05-08,0.0912,75
2000-05-09,0.14315068493150684,73
2000-05-10,0.4058227848101265,79
2000-05-11,0.685301204819277,83
2000-05-12,0.006883116883116883,77
2000-05-13,0.16012345679012344,81
2000-05-14,0.2503571428571429,84
2000-05-15,0.00036585365853658537,82
2000-05-16,0.00036585365853658537,82
2000-05-17,0.0,75
2000-05-18,0.13592592592592592,81
2000-05-19,0.459277108433735,83
2000-05-20,0.25053333333333333,75
2000-05-21,0.032388059701492534,67
2000-05-22,0.05985714285714285,70
2000-05-23,0.1887951807228916,83
2000-05-24,0.5391860465116278,86
2000-05-25,0.27275,80
2000-05-26,0.07632911392405063,79
2000-05-27,0.0001234567901234568,81
2000-05-28,0.0026470588235294116,68
2000-05-29,0.007066666666666667,75
2000-05-30,0.0006024096385542169,83
2000-05-31,0.000375,80
2000-06-01,0.00036585365853658537,82
2000-06-02,0.23682352941176468,85
2000-06-03,0.36583333333333334,84
2000-06-04,0.013026315789473684,76
2000-06-05,0.08942028985507246,69
2000-06-06,1.1784,75
2000-06-07,1.7390361445783133,83
2000-06-08,0.02453333333333333,75
2000-06-09,0.015070422535211268,71
2000-06-10,0.009240506329113924,79
2000-06-11,0.21771084337349397,83
2000-06-12,0.559047619047619,84
2000-06-13,0.11769230769230771,78
2000-06-14,0.18575,80
2000-06-15,0.012205882352941178,68
2000-06-16,0.0025714285714285713,70
2000-06-17,0.09807228915662651,83
2000-06-18,0.16853658536585367,82
2000-06-19,0.15102564102564103,78
2000-06-20,0.0009876543209876543,81
2000-06-21,0.024743589743589745,78
2000-06-22,0.15072463768115943,69
2000-06-23,0.1191566265060241,83
2000-06-24,0.0014634146341463415,82
2000-06-25,0.06914634146341464,82
2000-06-26,0.19459459459459463,74
2000-06-27,0.225875,80
2000-06-28,0.2811267605633803,71
2000-06-29,0.137375,80
2000-06-30,0.07420289855072465,69
2000-07-01,0.004074074074074075,81
2000-07-02,0.000975609756097561,82
2000-07-03,0.04782051282051283,78
2000-07-04,0.10328571428571429,70
2000-07-05,0.030933333333333337,75
2000-07-06,0.0007317073170731707,82
2000-07-07,0.03309859154929577,71
2000-07-08,0.015714285714285715,77
2000-07-09,0.12025316455696203,79
2000-07-10,0.14426666666666668,75
2000-07-11,0.000125,80
2000-07-12,0.00024096385542168676,83
2000-07-13,0.00024096385542168676,83
2000-07-14,0.010987654320987654,81
2000-07-15,0.27473684210526317,76
2000-07-16,1.2219277108433733,83
2000-07-17,0.08657534246575344,73
2000-07-18,0.1864864864864865,74
2000-07-19,0.17126582278481015,79
2000-07-20,0.0035802469135802475,81
2000-07-21,0.08937500000000001,80
2000-07-22,0.24662337662337666,77
2000-07-23,0.002531645569620253,79
2000-07-24,0.000375,80
2000-07-25,0.01,69
2000-07-26,0.225,76
2000-07-27,1.2164285714285714,84
2000-07-28,0.31675,80
2000-07-29,0.01507936507936508,63
2000-07-30,0.10197368421052631,76
2000-07-31,0.5541666666666666,84
2000-08-01,0.28414634146341466,82
2000-08-02,0.05695652173913044,69
2000-08-03,0.13,71
2000-08-04,0.27615384615384614,78
2000-08-05,0.003924050632911393,79
2000-08-06,0.03052631578947369,76
2000-08-07,0.16987341772151895,79
2000-08-08,0.01,75
2000-08-09,0.04046153846153846,65
2000-08-10,0.28317647058823525,85
2000-08-11,0.162,80
2000-08-12,0.7430666666666668,75
2000-08-13,0.12884615384615383,78
2000-08-14,0.40481012658227844,79
2000-08-15,0.1594805194805195,77
2000-08-16,0.2654054054054054,74
2000-08-17,0.10646341463414635,82
2000-08-18,0.035625000000000004,80
2000-08-19,0.09481481481481482,81
2000-08-20,0.014390243902439027,82
2000-08-21,0.0007407407407407407,81
2000-08-22,0.0012658227848101266,79
2000-08-23,0.13399999999999998,80
2000-08-24,0.22234567901234564,81
2000-08-25,0.005822784810126582,79
2000-08-26,0.0013095238095238095,84
2000-08-27,0.0016049382716049384,81
2000-08-28,0.0004761904761904762,84
2000-08-29,0.0007228915662650603,83
2000-08-30,0.007160493827160495,81
2000-08-31,0.0017499999999999998,80
2000-09-01,0.023333333333333334,81
2000-09-02,0.2378481012658228,79
2000-09-03,0.21746835443037973,79
2000-09-04,0.05464788732394367,71
2000-09-05,0.02272727272727273,77
2000-09-06,0.028249999999999997,80
2000-09-07,0.001325301204819277,83
2000-09-08,0.0006172839506172839,81
2000-09-09,0.012894736842105261,76
2000-09-10,0.011216216216216218,74
2000-09-11,0.0013580246913580249,81
2000-09-12,0.05435897435897436,78
2000-09-13,0.4397590361445783,83
2000-09-14,0.014933333333333335,75
2000-09-15,0.6413095238095239,84
2000-09-16,0.3512345679012346,81
2000-09-17,0.009,80
2000-09-18,0.00036585365853658537,82
2000-09-19,0.22111111111111106,81
2000-09-20,0.6109638554216867,83
2000-09-21,0.008360655737704918,61
2000-09-22,0.0022535211267605635,71
2000-09-23,0.030454545454545456,66
2000-09-24,0.061449275362318846,69
2000-09-25,0.023918918918918917,74
2000-09-26,0.24271604938271604,81
2000-09-27,0.2207594936708861,79
2000-09-28,0.005875,80
2000-09-29,0.0,82
2000-09-30,0.00024390243902439024,82
2000-10-01,0.0010714285714285715,84
2000-10-02,0.0019753086419753087,81
2000-10-03,0.0010714285714285715,84
2000-10-04,0.038072289156626506,83
2000-10-05,0.19453488372093022,86
2000-10-06,0.5613095238095239,84
2000-10-07,0.034875,80
2000-10-08,0.022125,80
2000-10-09,0.13760563380281693,71
2000-10-10,0.048235294117647064,68
2000-10-11,0.016621621621621622,74
2000-10-12,0.000963855421686747,83
2000-10-13,0.0004819277108433735,83
2000-10-14,0.010722891566265061,83
2000-10-15,0.0,82
2000-10-16,0.1320253164556962,79
2000-10-17,0.16111111111111112,72
2000-10-18,0.33465753424657535,73
2000-10-19,0.47583333333333333,84
2000-10-20,0.007307692307692307,78
2000-10-21,0.0017857142857142857,84
2000-10-22,0.0,83
2000-10-23,0.0,83
2000-10-24,0.00012048192771084338,83
2000-10-25,0.00023529411764705883,85
2000-10-26,0.0010714285714285715,84
2000-10-27,0.008,85
2000-10-28,0.012804878048780489,82
2000-10-29,0.007058823529411766,51
2000-10-30,0.17323943661971833,71
2000-10-31,0.3919047619047619,84
2000-11-01,0.06345238095238095,84
2000-11-02,0.0006024096385542169,83
2000-11-03,0.00025,80
2000-11-04,0.009836065573770491,61
2000-11-05,0.2212,75
2000-11-06,0.10800000000000001,75
2000-11-07,0.000125,80
2000-11-08,0.00012658227848101267,79
2000-11-09,0.03068493150684931,73
2000-11-10,0.7173809523809525,84
2000-11-11,0.6959756097560975,82
2000-11-12,0.041,80
2000-11-13,0.00922077922077922,77
2000-11-14,0.34763157894736846,76
2000-11-15,0.47067567567567564,74
2000-11-16,0.0035211267605633804,71
2000-11-17,0.003289473684210526,76
2000-11-18,0.0012,75
2000-11-19,0.0,75
2000-11-20,0.010273972602739725,73
2000-11-21,0.011578947368421053,76
2000-11-22,0.004666666666666666,75
2000-11-23,0.008181818181818182,77
2000-11-24,0.0,76
2000-11-25,0.0005128205128205128,78
2000-11-26,0.4997333333333333,75
2000-11-27,0.486025641025641,78
2000-11-28,0.0076388888888888895,72
2000-11-29,0.041267605633802815,71
2000-11-30,0.1410843373493976,83
2000-12-01,0.04567901234567901,81
2000-12-02,0.0001282051282051282,78
2000-12-03,0.0,79
2000-12-04,0.000125,80
2000-12-05,0.0004225352112676056,71
2000-12-06,0.004583333333333333,72
2000-12-07,0.0004225352112676056,71
2000-12-08,0.02,43
2000-12-09,0.030151515151515148,66
2000-12-10,0.010588235294117647,68
2000-12-11,0.055714285714285716,70
2000-12-12,0.0916,75
2000-12-13,0.014473684210526317,76
2000-12-14,0.522625,80
2000-12-15,0.13860759493670885,79
2000-12-16,0.11240506329113922,79
2000-12-17,1.1410975609756098,82
2000-12-18,1.1447826086956523,69
2000-12-19,0.09644736842105263,76
2000-12-20,0.308,80
2000-12-21,0.03706666666666667,75
2000-12-22,0.03406779661016949,59
2000-12-23,0.009285714285714286,70
2000-12-24,0.0012857142857142856,70
2000-12-25,0.001643835616438356,73
2000-12-26,0.0008974358974358973,78
2000-12-27,0.0,74
2000-12-28,0.0,56
2000-12-29,0.0009722222222222223,72
2000-12-30,0.2803846153846154,78
2000-12-31,0.44529411764705884,68
2001-01-01,0.011780821917808217,73
2001-01-02,0.0,71
2001-01-03,0.0017105263157894738,76
2001-01-04,0.0017808219178082193,73
2001-01-05,0.043333333333333335,75
2001-01-06,0.1830120481927711,83
2001-01-07,0.0216,75
2001-01-08,0.05075949367088607,79
2001-01-09,0.145,78
2001-01-10,0.04612903225806451,62
2001-01-11,0.0013924050632911392,79
2001-01-12,0.0035000000000000005,80
2001-01-13,0.00125,80
2001-01-14,0.0,80
2001-01-15,0.18123287671232877,73
2001-01-16,0.150958904109589,73
2001-01-17,0.007837837837837838,74
2001-01-18,0.0015714285714285715,70
2001-01-19,0.24154929577464793,71
2001-01-20,0.31638888888888883,72
2001-01-21,0.32545454545454544,77
2001-01-22,0.1374666666666667,75
2001-01-23,0.00024390243902439024,82
2001-01-24,0.0,83
2001-01-25,0.0007894736842105264,76
2001-01-26,0.0002702702702702703,74
2001-01-27,0.0021666666666666666,60
2001-01-28,0.005211267605633804,71
2001-01-29,0.001044776119402985,67
2001-01-30,0.2612658227848102,79
2001-01-31,0.35150000000000003,80
2001-02-01,0.04269230769230769,78
2001-02-02,0.018985507246376817,69
2001-02-03,0.04186440677966102,59
2001-02-04,0.0,78
2001-02-05,0.4105333333333333,75
2001-02-06,0.8636986301369862,73
2001-02-07,0.05054054054054054,74
2001-02-08,0.0705128205128205,78
2001-02-09,0.15712500000000001,80
2001-02-10,0.11686746987951808,83
2001-02-11,0.002307692307692308,78
2001-02-12,0.00013513513513513514,74
2001-02-13,0.0098,50
2001-02-14,0.0645945945945946,74
2001-02-15,0.13513513513513517,74
2001-02-16,0.0785,80
2001-02-17,0.14882352941176466,68
2001-02-18,0.004492753623188406,69
2001-02-19,0.0002469135802469136,81
2001-02-20,0.0004761904761904762,84
2001-02-21,0.001038961038961039,77
2001-02-22,0.020897435897435895,78
2001-02-23,0.115,78
2001-02-24,0.01835820895522388,67
2001-02-25,0.30279999999999996,75
2001-02-26,0.3053947368421053,76
2001-02-27,0.02028985507246377,69
2001-02-28,0.00016949152542372882,59
2001-03-01,0.0033333333333333335,51
2001-03-02,0.023606557377049184,61
2001-03-03,0.0486764705882353,68
2001-03-04,0.019433962264150943,53
2001-03-05,0.5650000000000001,80
2001-03-06,1.278421052631579,76
2001-03-07,0.31671232876712324,73
2001-03-08,0.03554054054054054,74
2001-03-09,0.17786666666666667,75
2001-03-10,0.345,76
2001-03-11,0.04585714285714285,70
2001-03-12,0.01918918918918919,74
2001-03-13,0.6348809523809524,84
2001-03-14,0.1687179487179487,78
2001-03-15,0.0015189873417721519,79
2001-03-16,0.0005063291139240507,79
2001-03-17,0.010810810810810811,74
2001-03-18,0.0643421052631579,76
2001-03-19,0.0010126582278481013,79
2001-03-20,0.0,82
2001-03-21,0.23024096385542173,83
2001-03-22,2.244285714285714,84
2001-03-23,0.5249333333333333,75
2001-03-24,0.0223728813559322,59
2001-03-25,0.004084507042253521,71
2001-03-26,0.09212499999999998,80
2001-03-27,0.20500000000000002,70
2001-03-28,0.0007894736842105263,76
2001-03-29,0.012537313432835822,67
2001-03-30,1.4085,80
2001-03-31,1.0887323943661968,71
2001-04-01,0.036093749999999994,64
2001-04-02,0.004328358208955225,67
2001-04-03,0.00013333333333333334,75
2001-04-04,0.0,75
2001-04-05,0.0,81
2001-04-06,0.09740740740740739,81
2001-04-07,0.22402985074626866,67
2001-04-08,0.5530487804878048,82
2001-04-09,0.14250000000000002,80
2001-04-10,0.07999999999999999,77
2001-04-11,0.011184210526315791,76
2001-04-12,0.289620253164557,79
2001-04-13,0.14645569620253163,79
2001-04-14,0.0002666666666666667,75
2001-04-15,0.000125,80
2001-04-16,0.0,80
2001-04-17,0.028805970149253728,67
2001-04-18,0.19863013698630136,73
2001-04-19,0.03329113924050633,79
2001-04-20,0.001125,80
2001-04-21,0.00911764705882353,68
2001-04-22,0.020153846153846154,65
2001-04-23,0.0003846153846153846,78
2001-04-24,0.006521739130434783,69
2001-04-25,0.021733333333333334,75
2001-04-26,0.0,81
2001-04-27,0.0014814814814814814,81
2001-04-28,0.0004938271604938272,81
2001-04-29,0.0,79
2001-04-30,0.0,79
2001-05-01,0.0,81
2001-05-02,0.00024096385542168676,83
2001-05-03,0.00024390243902439024,82
2001-05-04,0.00012048192771084338,83
2001-05-05,0.007538461538461538,65
2001-05-06,0.0030263157894736843,76
2001-05-07,0.0,84
2001-05-08,0.0,83
2001-05-09,0.0,81
2001-05-10,0.0,81
2001-05-11,0.0,84
2001-05-12,0.032933333333333335,75
2001-05-13,0.047466666666666664,75
2001-05-14,0.008840579710144927,69
2001-05-15,0.02542857142857143,70
2001-05-16,0.05662337662337664,77
2001-05-17,0.012638888888888889,72
2001-05-18,0.0010714285714285715,56
2001-05-19,0.0019480519480519483,77
2001-05-20,0.0,82
2001-05-21,0.0024050632911392406,79
2001-05-22,0.34321428571428575,84
2001-05-23,0.3867441860465117,86
2001-05-24,0.6720238095238095,84
2001-05-25,0.2553947368421053,76
2001-05-26,0.18000000000000002,73
2001-05-27,0.6086746987951807,83
2001-05-28,0.16891566265060243,83
2001-05-29,0.13325,80
2001-05-30,0.07276315789473684,76
2001-05-31,0.01766233766233766,77
2001-06-01,0.013048780487804876,82
2001-06-02,0.8087951807228915,83
2001-06-03,0.7492592592592592,81
2001-06-04,0.17684931506849316,73
2001-06-05,0.0008750000000000001,80
2001-06-06,0.0007228915662650603,83
2001-06-07,0.0013095238095238095,84
2001-06-08,0.00011904761904761905,84
2001-06-09,0.00012048192771084338,83
2001-06-10,0.00012658227848101267,79
2001-06-11,0.30365853658536585,82
2001-06-12,0.580722891566265,83
2001-06-13,0.0017073170731707315,82
2001-06-14,0.000963855421686747,83
2001-06-15,0.0007142857142857144,84
2001-06-16,0.008125,80
2001-06-17,0.9009876543209877,81
2001-06-18,1.2320731707317074,82
2001-06-19,0.00024096385542168676,83
2001-06-20,0.0819047619047619,84
2001-06-21,0.15126760563380282,71
2001-06-22,0.027164179104477614,67
2001-06-23,0.26291139240506334,79
2001-06-24,0.258,75
2001-06-25,0.06973684210526315,76
2001-06-26,0.015609756097560976,82
2001-06-27,0.0004878048780487805,82
2001-06-28,0.0,82
2001-06-29,0.002307692307692308,78
2001-06-30,0.3170512820512821,78
2001-07-01,0.6833749999999998,80
2001-07-02,0.2673170731707318,82
2001-07-03,0.0013636363636363637,66
2001-07-04,0.07634920634920635,63
2001-07-05,0.3376190476190477,84
2001-07-06,0.2134523809523809,84
2001-07-07,0.002716049382716049,81
2001-07-08,0.09443037974683544,79
2001-07-09,0.10039473684210526,76
2001-07-10,0.1276923076923077,78
2001-07-11,0.3365432098765433,81
2001-07-12,0.07702702702702703,74
2001-07-13,0.0059722222222222225,72
2001-07-14,0.03567567567567567,74
2001-07-15,0.030416666666666665,72
2001-07-16,0.016835443037974684,79
2001-07-17,0.1885185185185185,81
2001-07-18,0.07480519480519479,77
2001-07-19,0.012911392405063291,79
2001-07-20,0.0008750000000000001,80
2001-07-21,0.0006097560975609756,82
2001-07-22,0.003132530120481928,83
2001-07-23,0.0,82
2001-07-24,0.00025974025974025974,77
2001-07-25,0.002168674698795181,83
2001-07-26,0.4097468354430379,79
2001-07-27,0.27890243902439027,82
2001-07-28,0.004216867469879518,83
2001-07-29,0.00012048192771084338,83
2001-07-30,0.00024096385542168676,83
2001-07-31,0.001282051282051282,78
2001-08-01,0.002658227848101266,79
2001-08-02,0.0004819277108433735,83
2001-08-03,0.31646341463414634,82
2001-08-04,0.6163414634146341,82
2001-08-05,0.1576,75
2001-08-06,0.0032098765432098768,81
2001-08-07,0.00024390243902439024,82
2001-08-08,0.0024050632911392406,79
2001-08-09,0.0001282051282051282,78
2001-08-10,0.15878048780487805,82
2001-08-11,0.18975,80
2001-08-12,0.38746835443037975,79
2001-08-13,0.6442682926829268,82
2001-08-14,0.19481012658227848,79
2001-08-15,0.026538461538461535,78
2001-08-16,0.001975308641975309,81
2001-08-17,0.026216216216216216,74
2001-08-18,0.10945945945945945,74
2001-08-19,0.027058823529411767,68
2001-08-20,0.394025974025974,77
2001-08-21,0.157027027027027,74
2001-08-22,0.012987012987012988,77
2001-08-23,0.00425,80
2001-08-24,0.020126582278481013,79
2001-08-25,0.001097560975609756,82
2001-08-26,0.001125,80
2001-08-27,0.04525641025641025,78
2001-08-28,0.10030303030303032,66
2001-08-29,0.012162162162162165,74
2001-08-30,0.00025316455696202533,79
2001-08-31,0.030000000000000002,70
2001-09-01,0.21724637681159423,69
2001-09-02,0.0015853658536585367,82
2001-09-03,0.0007142857142857143,84
2001-09-04,0.06439024390243904,82
2001-09-05,0.08560975609756098,82
2001-09-06,0.000375,80
2001-09-07,0.0006024096385542169,83
2001-09-08,0.0009523809523809524,84
2001-09-09,0.0012048192771084338,83
2001-09-10,0.07115384615384616,78
2001-09-11,0.13962962962962966,81
2001-09-12,0.0003529411764705882,85
2001-09-13,0.03390243902439024,82
2001-09-14,0.3396511627906976,86
2001-09-15,0.12000000000000001,83
2001-09-16,0.0007228915662650603,83
2001-09-17,0.0041666666666666675,84
2001-09-18,0.0007228915662650603,83
2001-09-19,0.0014457831325301205,83
2001-09-20,0.1055844155844156,77
2001-09-21,0.7902325581395346,86
2001-09-22,0.5591666666666667,84
2001-09-23,0.004050632911392405,79
2001-09-24,0.020000000000000004,77
2001-09-25,0.47789473684210526,76
2001-09-26,0.36499999999999994,82
2001-09-27,0.0018666666666666669,75
2001-09-28,0.0336986301369863,73
2001-09-29,0.040273972602739724,73
2001-09-30,0.018271604938271603,81
2001-10-01,0.06705128205128207,78
2001-10-02,0.005822784810126582,79
2001-10-03,0.0014285714285714286,84
2001-10-04,0.0005952380952380953,84
2001-10-05,0.0008433734939759035,83
2001-10-06,0.03924050632911391,79
2001-10-07,0.060000000000000005,78
2001-10-08,0.0016666666666666668,66
2001-10-09,0.0005128205128205128,78
2001-10-10,0.0005063291139240507,79
2001-10-11,0.0010843373493975904,83
2001-10-12,0.001951219512195122,82
2001-10-13,0.006575342465753424,73
2001-10-14,0.04256756756756756,74
2001-10-15,0.22337349397590361,83
2001-10-16,0.2516666666666667,78
2001-10-17,0.3135294117647059,68
2001-10-18,0.0016049382716049384,81
2001-10-19,0.031951219512195116,82
2001-10-20,0.000625,80
2001-10-21,0.0006172839506172839,81
2001-10-22,0.0006451612903225806,62
2001-10-23,0.05671875,64
2001-10-24,0.08719999999999999,75
2001-10-25,0.012714285714285716,70
2001-10-26,0.0019480519480519483,77
2001-10-27,0.0003846153846153846,78
2001-10-28,0.00025974025974025974,77
2001-10-29,0.0,83
2001-10-30,0.0,82
2001-10-31,0.03307692307692308,78
2001-11-01,0.13219512195121952,82
2001-11-02,0.004155844155844155,77
2001-11-03,0.10443037974683544,79
2001-11-04,0.039863013698630136,73
2001-11-05,0.13012195121951217,82
2001-11-06,0.08902777777777778,72
2001-11-07,0.0,82
2001-11-08,0.0019736842105263163,76
2001-11-09,0.053500000000000006,80
2001-11-10,0.000641025641025641,78
2001-11-11,0.0018309859154929577,71
2001-11-12,0.0008219178082191781,73
2001-11-13,0.00013157894736842105,76
2001-11-14,0.006000000000000001,75
2001-11-15,0.012400000000000001,75
2001-11-16,0.003970588235294118,68
2001-11-17,0.0,82
2001-11-18,0.0,82
2001-11-19,0.004,80
2001-11-20,0.07120000000000003,75
2001-11-21,0.01896103896103896,77
2001-11-22,0.0,81
2001-11-23,0.0,81
2001-11-24,0.01833333333333333,72
2001-11-25,0.132,75
2001-11-26,0.18654320987654321,81
2001-11-27,0.004,65
2001-11-28,0.0159375,64
2001-11-29,0.11053333333333334,75
2001-11-30,0.09358974358974358,78
2001-12-01,0.06680000000000001,75
2001-12-02,0.0002469135802469136,81
2001-12-03,0.000125,80
2001-12-04,0.001076923076923077,65
2001-12-05,0.019838709677419356,62
2001-12-06,0.0009210526315789475,76
2001-12-07,0.006835443037974684,79
2001-12-08,0.06893333333333335,75
2001-12-09,0.5496052631578948,76
2001-12-10,0.06068493150684931,73
2001-12-11,0.018169014084507044,71
2001-12-12,0.02,79
2001-12-13,0.06444444444444443,72
2001-12-14,0.22423076923076926,78
2001-12-15,0.30734177215189873,79
2001-12-16,0.02108108108108108,74
2001-12-17,0.2169620253164557,79
2001-12-18,0.7815853658536586,82
2001-12-19,0.07839506172839505,81
2001-12-20,0.01703125,64
2001-12-21,0.03607843137254903,51
2001-12-22,0.0009589041095890412,73
2001-12-23,0.011621621621621621,74
2001-12-24,0.5583544303797469,79
2001-12-25,0.06472972972972972,74
2001-12-26,0.012253521126760564,71
2001-12-27,0.0048648648648648655,74
2001-12-28,0.00028571428571428574,70
2001-12-29,0.0006451612903225806,62
2001-12-30,0.00025974025974025974,77
2001-12-31,0.03345679012345679,81
2002-01-01,0.0,75
2002-01-02,0.0,80
2002-01-03,0.00012658227848101267,79
2002-01-04,0.0,81
2002-01-05,0.0,75
2002-01-06,0.13012820512820514,78
2002-01-07,0.391358024691358,81
2002-01-08,0.21594594594594596,74
2002-01-09,0.009428571428571429,70
2002-01-10,0.016764705882352942,68
2002-01-11,0.12397435897435898,78
2002-01-12,0.11469696969696969,66
2002-01-13,0.5122222222222222,81
2002-01-14,0.23181818181818184,77
2002-01-15,0.1468421052631579,76
2002-01-16,0.021428571428571432,70
2002-01-17,0.037014925373134326,67
2002-01-18,0.019193548387096776,62
2002-01-19,0.0860294117647059,68
2002-01-20,0.16974025974025977,77
2002-01-21,0.11220779220779221,77
2002-01-22,0.08987179487179488,78
2002-01-23,0.01056338028169014,71
2002-01-24,0.06512500000000002,80
2002-01-25,0.0689041095890411,73
2002-01-26,0.0002564102564102564,78
2002-01-27,0.0,82
2002-01-28,0.0001234567901234568,81
2002-01-29,0.008051948051948053,77
2002-01-30,0.14935897435897436,78
2002-01-31,0.17555555555555555,72
2002-02-01,0.4065384615384615,78
2002-02-02,0.1469620253164557,79
2002-02-03,0.0013157894736842105,76
2002-02-04,0.007432432432432433,74
2002-02-05,0.00044776119402985075,67
2002-02-06,0.0029090909090909093,55
2002-02-07,0.008157894736842107,76
2002-02-08,0.002875,80
2002-02-09,0.0,80
2002-02-10,0.0796103896103896,77
2002-02-11,0.5038271604938271,81
2002-02-12,0.02161764705882353,68
2002-02-13,0.003333333333333333,54
2002-02-14,0.0,69
2002-02-15,0.0,78
2002-02-16,0.0,73
2002-02-17,0.1643835616438356,73
2002-02-18,0.3966666666666667,66
2002-02-19,0.1885,80
2002-02-20,0.3206756756756757,74
2002-02-21,0.36730769230769234,78
2002-02-22,0.026557377049180327,61
2002-02-23,0.0010666666666666667,75
2002-02-24,0.0,78
2002-02-25,0.0,78
2002-02-26,0.005147058823529412,68
2002-02-27,0.24200000000000002,70
2002-02-28,0.6955223880597015,67
2002-03-01,0.008354430379746836,79
2002-03-02,0.028,75
2002-03-03,0.7365060240963855,83
2002-03-04,0.0880281690140845,71
2002-03-05,0.0,81
2002-03-06,0.0005454545454545455,55
2002-03-07,0.00042857142857142855,70
2002-03-08,0.00036144578313253013,83
2002-03-09,0.033333333333333326,63
2002-03-10,0.38641975308641974,81
2002-03-11,0.12835820895522387,67
2002-03-12,0.008529411764705883,68
2002-03-13,0.07742857142857142,70
2002-03-14,0.04452054794520547,73
2002-03-15,0.013235294117647059,68
2002-03-16,0.21296296296296302,81
2002-03-17,0.09316455696202532,79
2002-03-18,0.1574324324324324,74
2002-03-19,0.20864197530864195,81
2002-03-20,0.35236842105263155,76
2002-03-21,0.5220547945205479,73
2002-03-22,0.051020408163265314,49
2002-03-23,0.0016216216216216215,74
2002-03-24,0.0007246376811594203,69
2002-03-25,0.0478688524590164,61
2002-03-26,0.41000000000000003,68
2002-03-27,0.850609756097561,82
2002-03-28,0.026800000000000004,75
2002-03-29,0.003414634146341464,82
2002-03-30,0.10607594936708861,79
2002-03-31,0.12225352112676056,71
2002-04-01,0.8030864197530864,81
2002-04-02,0.016197183098591552,71
2002-04-03,0.1021917808219178,73
2002-04-04,0.12166666666666667,78
2002-04-05,0.004000000000000001,60
2002-04-06,0.003965517241379311,58
2002-04-07,0.0,76
2002-04-08,0.002769230769230769,65
2002-04-09,0.055,52
2002-04-10,0.140253164556962,79
2002-04-11,0.0,77
2002-04-12,0.0002702702702702703,74
2002-04-13,0.03622950819672131,61
2002-04-14,0.09369863013698632,73
2002-04-15,0.32875,80
2002-04-16,0.021917808219178082,73
2002-04-17,0.002077922077922078,77
2002-04-18,0.03339285714285715,56
2002-04-19,0.01855072463768116,69
2002-04-20,0.0552,75
2002-04-21,0.010869565217391304,69
2002-04-22,0.13485714285714284,70
2002-04-23,0.16690140845070425,71
2002-04-24,0.0011764705882352942,68
2002-04-25,0.30987499999999996,80
2002-04-26,0.4843661971830987,71
2002-04-27,0.008169014084507042,71
2002-04-28,0.3155405405405406,74
2002-04-29,0.4192592592592593,81
2002-04-30,0.15786666666666668,75
2002-05-01,0.033205128205128207,78
2002-05-02,0.2804225352112676,71
2002-05-03,0.3674647887323944,71
2002-05-04,0.033037974683544295,79
2002-05-05,0.00037974683544303797,79
2002-05-06,0.002345679012345679,81
2002-05-07,0.00025974025974025974,77
2002-05-08,0.0,79
2002-05-09,0.05626865671641791,67
2002-05-10,0.14354430379746833,79
2002-05-11,0.00012987012987012987,77
2002-05-12,0.23641025641025643,78
2002-05-13,1.0769135802469136,81
2002-05-14,1.1623170731707315,82
2002-05-15,0.06199999999999999,60
2002-05-16,0.0060563380281690145,71
2002-05-17,0.061232876712328764,73
2002-05-18,0.845679012345679,81
2002-05-19,0.3646913580246914,81
2002-05-20,0.0015584415584415584,77
2002-05-21,0.0011764705882352942,68
2002-05-22,0.004266666666666668,75
2002-05-23,0.0002469135802469136,81
2002-05-24,0.0038461538461538464,65
2002-05-25,0.00986842105263158,76
2002-05-26,0.011363636363636364,66
2002-05-27,0.05594202898550725,69
2002-05-28,0.16942857142857143,70
2002-05-29,0.2825974025974026,77
2002-05-30,0.033571428571428565,70
2002-05-31,0.20185185185185187,81
2002-06-01,0.25000000000000006,78
2002-06-02,0.05391891891891893,74
2002-06-03,0.013378378378378379,74
2002-06-04,0.011126760563380281,71
2002-06-05,0.20844155844155846,77
2002-06-06,0.8056790123456788,81
2002-06-07,0.90025,80
2002-06-08,0.05974358974358976,78
2002-06-09,0.008548387096774194,62
2002-06-10,0.002777777777777778,72
2002-06-11,0.017857142857142856,70
2002-06-12,0.10066666666666668,75
2002-06-13,0.09375,72
2002-06-14,0.06424657534246575,73
2002-06-15,0.4491358024691359,81
2002-06-16,0.22337500000000002,80
2002-06-17,0.26282051282051283,78
2002-06-18,0.06571428571428571,77
2002-06-19,0.008028169014084508,71
2002-06-20,0.006282051282051283,78
2002-06-21,0.00012658227848101267,79
2002-06-22,0.05067567567567568,74
2002-06-23,0.11767123287671233,73
2002-06-24,0.029242424242424243,66
2002-06-25,0.033,80
2002-06-26,0.03486486486486486,74
2002-06-27,0.18690140845070422,71
2002-06-28,0.32315068493150684,73
2002-06-29,0.04,78
2002-06-30,0.001375,80
2002-07-01,0.008860759493670886,79
2002-07-02,0.0,80
2002-07-03,0.0,80
2002-07-04,0.003888888888888889,72
2002-07-05,0.029871794871794866,78
2002-07-06,0.01949152542372881,59
2002-07-07,0.014264705882352941,68
2002-07-08,0.00025,80
2002-07-09,0.12810126582278483,79
2002-07-10,0.20423076923076924,78
2002-07-11,0.000125,80
2002-07-12,0.0,79
2002-07-13,0.00012658227848101267,79
2002-07-14,0.00012658227848101267,79
2002-07-15,0.0423076923076923,78
2002-07-16,0.07526315789473685,76
2002-07-17,0.00025,80
2002-07-18,0.04573333333333333,75
2002-07-19,0.37950000000000006,80
2002-07-20,0.24202702702702703,74
2002-07-21,0.001095890410958904,73
2002-07-22,0.00569620253164557,79
2002-07-23,0.234125,80
2002-07-24,0.40782051282051274,78
2002-07-25,0.001,80
2002-07-26,0.0012162162162162162,74
2002-07-27,0.029444444444444447,72
2002-07-28,0.08945205479452054,73
2002-07-29,0.13187500000000002,80
2002-07-30,0.000273972602739726,73
2002-07-31,0.003846153846153847,78
2002-08-01,0.0018666666666666669,75
2002-08-02,0.23591549295774647,71
2002-08-03,0.3147368421052632,76
2002-08-04,0.004266666666666668,75
2002-08-05,0.06583333333333333,72
2002-08-06,0.04088235294117647,68
2002-08-07,0.00013333333333333334,75
2002-08-08,0.0,72
2002-08-09,0.0384,75
2002-08-10,0.00039999999999999996,75
2002-08-11,0.0014102564102564104,78
2002-08-12,0.0001282051282051282,78
2002-08-13,0.017012987012987014,77
2002-08-14,0.01653846153846154,78
2002-08-15,0.00039473684210526315,76
2002-08-16,0.05163934426229508,61
2002-08-17,0.0761111111111111,72
2002-08-18,0.000136986301369863,73
2002-08-19,0.004729729729729729,74
2002-08-20,0.24910256410256415,78
2002-08-21,0.05985915492957746,71
2002-08-22,0.07565789473684212,76
2002-08-23,0.14641791044776123,67
2002-08-24,0.10550724637681158,69
2002-08-25,0.16013333333333332,75
2002-08-26,0.005540540540540541,74
2002-08-27,0.0006666666666666668,75
2002-08-28,0.000945945945945946,74
2002-08-29,0.5317142857142857,70
2002-08-30,0.7247999999999999,75
2002-08-31,0.028840579710144927,69
2002-09-01,0.0112987012987013,77
2002-09-02,0.36700000000000005,80
2002-09-03,0.3131645569620253,79
2002-09-04,0.094875,80
2002-09-05,0.0024,75
2002-09-06,0.00037037037037037035,81
2002-09-07,0.0006097560975609756,82
2002-09-08,0.0008536585365853657,82
2002-09-09,0.0005063291139240507,79
2002-09-10,0.0008641975308641976,81
2002-09-11,0.020142857142857146,70
2002-09-12,0.00736842105263158,76
2002-09-13,0.0,80
2002-09-14,0.0001234567901234568,81
2002-09-15,0.16592105263157894,76
2002-09-16,0.8018518518518519,81
2002-09-17,0.19185185185185183,81
2002-09-18,0.0018750000000000004,80
2002-09-19,0.0011111111111111111,81
2002-09-20,0.0012499999999999998,80
2002-09-21,0.003076923076923077,78
2002-09-22,0.13712328767123286,73
2002-09-23,0.8031707317073171,82
2002-09-24,0.11612499999999996,80
2002-09-25,0.02531645569620253,79
2002-09-26,0.14038961038961037,77
2002-09-27,0.6135365853658536,82
2002-09-28,0.3964556962025316,79
2002-09-29,0.009240506329113924,79
2002-09-30,0.007012987012987013,77
2002-10-01,0.00025,80
2002-10-02,0.011733333333333333,75
2002-10-03,0.061194029850746276,67
2002-10-04,0.038857142857142854,70
2002-10-05,0.082875,80
2002-10-06,0.0016666666666666666,72
2002-10-07,0.0018461538461538461,65
2002-10-08,0.013333333333333334,72
2002-10-09,0.0002564102564102564,78
2002-10-10,0.013896103896103898,77
2002-10-11,0.2368055555555556,72
2002-10-12,0.6501234567901234,81
2002-10-13,0.34592592592592597,81
2002-10-14,0.11835443037974686,79
2002-10-15,0.002278481012658228,79
2002-10-16,0.5841095890410959,73
2002-10-17,0.496125,80
2002-10-18,0.029692307692307695,65
2002-10-19,0.004237288135593221,59
2002-10-20,0.002777777777777778,72
2002-10-21,0.00012658227848101267,79
2002-10-22,0.000641025641025641,78
2002-10-23,0.2012987012987013,77
2002-10-24,0.05597402597402598,77
2002-10-25,0.01564102564102564,78
2002-10-26,0.6972151898734176,79
2002-10-27,0.44729729729729734,74
2002-10-28,0.00041666666666666664,72
2002-10-29,0.0,78
2002-10-30,0.0,77
2002-10-31,0.0,77
2002-11-01,0.007014925373134329,67
2002-11-02,0.005932203389830508,59
2002-11-03,0.018115942028985508,69
2002-11-04,0.040140845070422544,71
2002-11-05,0.06887323943661973,71
2002-11-06,0.6168,75
2002-11-07,0.17677419354838708,62
2002-11-08,0.003114754098360656,61
2002-11-09,0.004722222222222222,72
2002-11-10,0.05476923076923077,65
2002-11-11,0.11136986301369864,73
2002-11-12,0.4106666666666666,75
2002-11-13,0.8615584415584416,77
2002-11-14,0.12226666666666665,75
2002-11-15,0.000410958904109589,73
2002-11-16,0.2974324324324324,74
2002-11-17,1.375945945945946,74
2002-11-18,0.5826315789473684,76
2002-11-19,0.016551724137931035,58
2002-11-20,0.010277777777777778,72
2002-11-21,0.043623188405797104,69
2002-11-22,0.48896103896103904,77
2002-11-23,0.15338028169014087,71
2002-11-24,0.005,66
2002-11-25,0.021176470588235293,68
2002-11-26,0.043125,64
2002-11-27,0.358169014084507,71
2002-11-28,0.07507462686567165,67
2002-11-29,0.028064516129032258,62
2002-11-30,0.07298507462686567,67
2002-12-01,0.011384615384615384,65
2002-12-02,0.028888888888888895,63
2002-12-03,0.08279411764705884,68
2002-12-04,0.0,71
2002-12-05,0.07642857142857143,70
2002-12-06,0.18901408450704224,71
2002-12-07,0.024242424242424242,66
2002-12-08,0.0005555555555555556,72
2002-12-09,0.0009589041095890412,73
2002-12-10,0.0,76
2002-12-11,0.18546666666666667,75
2002-12-12,0.8184210526315788,76
2002-12-13,0.10121212121212123,66
2002-12-14,1.045135135135135,74
2002-12-15,0.5051515151515151,66
2002-12-16,0.1910769230769231,65
2002-12-17,0.10555555555555556,63
2002-12-18,0.00014492753623188405,69
2002-12-19,0.005066666666666666,75
2002-12-20,0.5610810810810811,74
2002-12-21,0.6387931034482759,58
2002-12-22,0.0013636363636363635,66
2002-12-23,0.0003125,64
2002-12-24,0.001016949152542373,59
2002-12-25,0.49786885245901635,61
2002-12-26,0.7425714285714287,70
2002-12-27,0.006621621621621622,74
2002-12-28,0.00014705882352941178,68
2002-12-29,0.003220338983050848,59
2002-12-30,0.01278688524590164,61
2002-12-31,0.07416666666666666,72
2003-01-01,0.3183098591549296,71
2003-01-02,0.7212987012987012,77
2003-01-03,0.28225806451612906,62
2003-01-04,0.911111111111111,72
2003-01-05,0.0798550724637681,69
2003-01-06,0.08638888888888889,72
2003-01-07,0.0553968253968254,63
2003-01-08,0.05835820895522388,67
2003-01-09,0.12547945205479452,73
2003-01-10,0.0508955223880597,67
2003-01-11,0.0038,50
2003-01-12,0.002608695652173913,69
2003-01-13,0.0032142857142857142,56
2003-01-14,0.0013846153846153845,65
2003-01-15,0.0,70
2003-01-16,0.0022535211267605635,71
2003-01-17,0.0395,60
2003-01-18,0.004516129032258065,62
2003-01-19,0.0011290322580645162,62
2003-01-20,0.0175,36
2003-01-21,0.002307692307692308,65
2003-01-22,0.001095890410958904,73
2003-01-23,0.0010416666666666667,48
2003-01-24,0.007037037037037037,54
2003-01-25,0.0,71
2003-01-26,0.0140625,64
2003-01-27,0.06140350877192982,57
2003-01-28,0.0,67
2003-01-29,0.018979591836734696,49
2003-01-30,0.012131147540983607,61
2003-01-31,0.013559322033898306,59
2003-02-01,0.09603174603174604,63
2003-02-02,0.443013698630137,73
2003-02-03,0.07805970149253731,67
2003-02-04,0.12347222222222223,72
2003-02-05,0.15893939393939394,66
2003-02-06,0.0026470588235294116,68
2003-02-07,0.2658904109589041,73
2003-02-08,0.24333333333333337,63
2003-02-09,0.00608695652173913,69
2003-02-10,0.053714285714285714,70
2003-02-11,0.10655737704918035,61
2003-02-12,0.02774193548387097,62
2003-02-13,0.018484848484848486,66
2003-02-14,0.0,64
2003-02-15,0.0,71
2003-02-16,0.0,69
2003-02-17,0.3765714285714286,70
2003-02-18,0.7573529411764706,68
2003-02-19,0.06903225806451611,62
2003-02-20,0.0,73
2003-02-21,0.0,75
2003-02-22,0.5113698630136986,73
2003-02-23,1.0274025974025973,77
2003-02-24,0.17821428571428571,56
2003-02-25,0.0019047619047619048,63
2003-02-26,0.0,71
2003-02-27,0.0,67
2003-02-28,0.010909090909090908,55
2003-03-01,0.008333333333333335,54
2003-03-02,0.5692957746478873,71
2003-03-03,0.4944736842105263,76
2003-03-04,0.0,69
2003-03-05,0.06,75
2003-03-06,0.1852702702702703,74
2003-03-07,0.21909090909090911,66
2003-03-08,0.001016949152542373,59
2003-03-09,0.004423076923076924,52
2003-03-10,0.0,61
2003-03-11,0.00014285714285714287,70
2003-03-12,0.0,72
2003-03-13,0.10943661971830985,71
2003-03-14,0.1727142857142857,70
2003-03-15,0.007123287671232877,73
2003-03-16,0.0001388888888888889,72
2003-03-17,0.0004054054054054054,74
2003-03-18,0.001081081081081081,74
2003-03-19,0.0,75
2003-03-20,0.10855072463768116,69
2003-03-21,0.598157894736842,76
2003-03-22,0.05661764705882353,68
2003-03-23,0.002,70
2003-03-24,0.0,76
2003-03-25,0.0,76
2003-03-26,0.05662337662337662,77
2003-03-27,0.1234246575342466,73
2003-03-28,0.0004225352112676056,71
2003-03-29,0.3008823529411765,68
2003-03-30,1.2346153846153847,78
2003-03-31,0.4769565217391304,69
2003-04-01,0.020172413793103448,58
2003-04-02,0.11514285714285714,70
2003-04-03,0.1622972972972973,74
2003-04-04,0.3,77
2003-04-05,0.31690140845070425,71
2003-04-06,0.13942857142857143,70
2003-04-07,0.05153846153846154,65
2003-04-08,0.23369863013698633,73
2003-04-09,0.10754385964912282,57
2003-04-10,0.0692537313432836,67
2003-04-11,0.4924324324324324,74
2003-04-12,0.8138157894736843,76
2003-04-13,0.08470588235294117,68
2003-04-14,0.012133333333333335,75
2003-04-15,0.012027027027027027,74
2003-04-16,0.0,63
2003-04-17,0.00016129032258064516,62
2003-04-18,0.0,73
2003-04-19,0.0,72
2003-04-20,0.0,73
2003-04-21,0.007014925373134329,67
2003-04-22,0.31,70
2003-04-23,0.2913636363636364,66
2003-04-24,0.032448979591836735,49
2003-04-25,0.00453125,64
2003-04-26,0.46458333333333335,72
2003-04-27,0.4508695652173913,69
2003-04-28,0.006811594202898551,69
2003-04-29,0.0015492957746478873,71
2003-04-30,0.0005633802816901409,71
2003-05-01,0.049275362318840575,69
2003-05-02,0.1436764705882353,68
2003-05-03,0.2796363636363636,55
2003-05-04,0.0,73
2003-05-05,0.004324324324324325,74
2003-05-06,0.030454545454545453,66
2003-05-07,0.01936507936507937,63
2003-05-08,0.1291780821917808,73
2003-05-09,0.09347222222222223,72
2003-05-10,0.0011111111111111111,72
2003-05-11,0.11777777777777779,72
2003-05-12,0.3509333333333333,75
2003-05-13,0.08587301587301588,63
2003-05-14,0.03703125,64
2003-05-15,0.0073437500000000005,64
2003-05-16,0.0,68
2003-05-17,0.0,68
2003-05-18,0.0,70
2003-05-19,0.0,70
2003-05-20,0.0009722222222222223,72
2003-05-21,0.06202898550724638,69
2003-05-22,0.10819444444444445,72
2003-05-23,0.22351351351351356,74
2003-05-24,0.22720000000000004,75
2003-05-25,0.20824324324324325,74
2003-05-26,0.7134285714285714,70
2003-05-27,0.8753731343283582,67
2003-05-28,0.24562499999999998,64
2003-05-29,0.18450704225352116,71
2003-05-30,0.011428571428571427,56
2003-05-31,0.14646153846153845,65
2003-06-01,0.8853333333333332,75
2003-06-02,0.37589041095890413,73
2003-06-03,0.0004225352112676056,71
2003-06-04,0.11563380281690142,71
2003-06-05,0.3527631578947369,76
2003-06-06,0.03075757575757576,66
2003-06-07,0.2610810810810811,74
2003-06-08,0.37275362318840577,69
2003-06-09,0.023278688524590162,61
2003-06-10,0.00609375,64
2003-06-11,0.058333333333333334,72
2003-06-12,0.18417910447761193,67
2003-06-13,0.3545945945945946,74
2003-06-14,0.2783333333333334,72
2003-06-15,0.0115625,64
2003-06-16,0.00028571428571428574,70
2003-06-17,0.0020833333333333333,72
2003-06-18,0.12,65
2003-06-19,0.14098591549295775,71
2003-06-20,0.03666666666666667,66
2003-06-21,0.1535135135135135,74
2003-06-22,1.0332000000000001,75
2003-06-23,0.7735616438356164,73
2003-06-24,0.027164179104477614,67
2003-06-25,0.02042253521126761,71
2003-06-26,0.003888888888888889,72
2003-06-27,0.011343283582089553,67
2003-06-28,0.011142857142857144,70
2003-06-29,0.00046875,64
2003-06-30,0.026521739130434784,69
2003-07-01,0.045,66
2003-07-02,0.0007042253521126761,71
2003-07-03,0.03828571428571429,70
2003-07-04,0.029402985074626867,67
2003-07-05,0.0026153846153846153,65
2003-07-06,0.004179104477611941,67
2003-07-07,0.0064516129032258064,62
2003-07-08,0.0019402985074626867,67
2003-07-09,0.10222222222222223,72
2003-07-10,0.10426470588235295,68
2003-07-11,0.3614516129032258,62
2003-07-12,0.21129032258064515,62
2003-07-13,0.007391304347826087,69
2003-07-14,0.012898550724637683,69
2003-07-15,0.02070422535211268,71
2003-07-16,0.09642857142857143,70
2003-07-17,0.12926470588235292,68
2003-07-18,0.09621212121212122,66
2003-07-19,0.2047761194029851,67
2003-07-20,0.0008571428571428571,70
2003-07-21,0.047285714285714285,70
2003-07-22,0.2933846153846154,65
2003-07-23,0.5095714285714287,70
2003-07-24,0.3523188405797102,69
2003-07-25,0.06999999999999999,67
2003-07-26,0.0012857142857142859,70
2003-07-27,0.0011904761904761906,42
2003-07-28,0.010363636363636363,55
2003-07-29,0.03652777777777778,72
2003-07-30,0.003676470588235294,68
2003-07-31,0.0034285714285714293,70
2003-08-01,0.4803030303030303,66
2003-08-02,0.5946478873239437,71
2003-08-03,0.2648484848484849,66
2003-08-04,0.38076923076923075,65
2003-08-05,0.3735211267605634,71
2003-08-06,0.2459375,64
2003-08-07,0.3175,64
2003-08-08,1.0064788732394365,71
2003-08-09,0.12363636363636363,55
2003-08-10,0.3595384615384616,65
2003-08-11,0.33499999999999996,56
2003-08-12,0.4647692307692307,65
2003-08-13,0.2310144927536232,69
2003-08-14,0.0225,64
2003-08-15,0.0010144927536231885,69
2003-08-16,0.05580645161290323,62
2003-08-17,0.21984848484848485,66
2003-08-18,0.16453125000000002,64
2003-08-19,0.0590909090909091,66
2003-08-20,0.0008571428571428571,70
2003-08-21,0.0012857142857142856,70
2003-08-22,0.05895522388059702,67
2003-08-23,0.0975,64
2003-08-24,0.0,67
2003-08-25,0.0030434782608695656,46
2003-08-26,0.014098360655737706,61
2003-08-27,0.0013432835820895521,67
2003-08-28,0.0,70
2003-08-29,0.0061764705882352946,68
2003-08-30,0.005769230769230769,52
2003-08-31,0.0009836065573770492,61
2003-09-01,0.10180327868852461,61
2003-09-02,0.6724657534246575,73
2003-09-03,0.14565217391304347,69
2003-09-04,0.4411842105263158,76
2003-09-05,0.17661971830985915,71
2003-09-06,0.0009722222222222223,72
2003-09-07,0.001142857142857143,70
2003-09-08,0.0014925373134328358,67
2003-09-09,0.0005555555555555556,72
2003-09-10,0.0008333333333333333,72
2003-09-11,0.00013513513513513514,74
2003-09-12,0.000945945945945946,74
2003-09-13,0.0027941176470588237,68
2003-09-14,0.11109090909090909,55
2003-09-15,0.08029850746268657,67
2003-09-16,0.6453333333333333,75
2003-09-17,0.03926470588235294,68
2003-09-18,0.005131578947368421,76
2003-09-19,0.27206896551724136,58
2003-09-20,0.2940625,64
2003-09-21,0.0011940298507462687,67
2003-09-22,0.0025,72
2003-09-23,0.43067567567567566,74
2003-09-24,0.6306578947368421,76
2003-09-25,0.027866666666666665,75
2003-09-26,0.11225352112676054,71
2003-09-27,0.03941176470588235,51
2003-09-28,0.33806451612903227,62
2003-09-29,0.38232876712328767,73
2003-09-30,0.028028169014084506,71
2003-10-01,0.009827586206896553,58
2003-10-02,0.05631578947368421,57
2003-10-03,0.012063492063492064,63
2003-10-04,0.12661971830985916,71
2003-10-05,0.1375,64
2003-10-06,0.0010666666666666667,75
2003-10-07,0.0006756756756756757,74
2003-10-08,0.0002702702702702703,74
2003-10-09,0.0019718309859154933,71
2003-10-10,0.003142857142857143,70
2003-10-11,0.0015714285714285715,70
2003-10-12,0.40617647058823525,68
2003-10-13,0.23458333333333334,72
2003-10-14,0.08352941176470588,68
2003-10-15,1.2672972972972973,74
2003-10-16,0.03534482758620689,58
2003-10-17,0.020491803278688523,61
2003-10-18,0.09075757575757576,66
2003-10-19,0.07492063492063492,63
2003-10-20,0.055714285714285716,70
2003-10-21,0.03594202898550725,69
2003-10-22,0.0693150684931507,73
2003-10-23,0.0762121212121212,66
2003-10-24,0.019032258064516132,62
2003-10-25,0.0017142857142857142,70
2003-10-26,0.065,58
2003-10-27,0.7743835616438357,73
2003-10-28,0.5859459459459461,74
2003-10-29,1.1718666666666666,75
2003-10-30,0.4038666666666667,75
2003-10-31,0.0002777777777777778,72
2003-11-01,0.006486486486486487,74
2003-11-02,0.013880597014925373,67
2003-11-03,0.10014285714285716,70
2003-11-04,0.032459016393442626,61
2003-11-05,0.27797101449275363,69
2003-11-06,0.3212121212121212,66
2003-11-07,0.04183333333333334,60
2003-11-08,0.0,69
2003-11-09,0.0,75
2003-11-10,0.0,76
2003-11-11,0.065,76
2003-11-12,0.13124999999999998,72
2003-11-13,0.15093333333333334,75
2003-11-14,0.01836065573770492,61
2003-11-15,0.0,72
2003-11-16,0.0,71
2003-11-17,0.013380281690140845,71
2003-11-18,0.016901408450704224,71
2003-11-19,0.1253846153846154,65
2003-11-20,0.5860526315789474,76
2003-11-21,0.2987142857142857,70
2003-11-22,0.015142857142857144,70
2003-11-23,0.00013333333333333334,75
2003-11-24,0.010133333333333333,75
2003-11-25,0.1210666666666667,75
2003-11-26,0.002077922077922078,77
2003-11-27,0.0023943661971830986,71
2003-11-28,0.3278125,64
2003-11-29,0.40266666666666673,75
2003-11-30,0.03208955223880597,67
2003-12-01,0.004035087719298246,57
2003-12-02,0.019111111111111113,45
2003-12-03,0.0060655737704918035,61
2003-12-04,0.004772727272727273,44
2003-12-05,0.06203703703703705,54
2003-12-06,0.7215714285714285,70
2003-12-07,1.0032307692307694,65
2003-12-08,0.07910714285714285,56
2003-12-09,0.0,69
2003-12-10,0.0020547945205479454,73
2003-12-11,0.46343283582089556,67
2003-12-12,0.43666666666666665,66
2003-12-13,0.0055072463768115944,69
2003-12-14,0.343943661971831,71
2003-12-15,1.1884285714285714,70
2003-12-16,0.009393939393939392,66
2003-12-17,0.3852857142857143,70
2003-12-18,0.8723214285714285,56
2003-12-19,0.0009230769230769231,65
2003-12-20,0.0,64
2003-12-21,0.0006060606060606061,66
2003-12-22,0.0005405405405405405,74
2003-12-23,0.0017567567567567568,74
2003-12-24,0.28125,72
2003-12-25,0.3692957746478873,71
2003-12-26,0.03531914893617021,47
2003-12-27,0.0009677419354838711,62
2003-12-28,0.0,73
2003-12-29,0.0,71
2003-12-30,0.015806451612903227,62
2003-12-31,0.009692307692307695,65
2004-01-01,0.0,70
2004-01-02,0.05712121212121212,66
2004-01-03,0.14042857142857143,70
2004-01-04,0.20249999999999999,72
2004-01-05,0.4301369863013698,73
2004-01-06,0.11884057971014492,69
2004-01-07,0.02020408163265306,49
2004-01-08,0.0031666666666666666,60
2004-01-09,0.0,66
2004-01-10,0.00078125,64
2004-01-11,0.008032786885245901,61
2004-01-12,0.09768115942028985,69
2004-01-13,0.048205128205128206,39
2004-01-14,0.014523809523809526,42
2004-01-15,0.030188679245283026,53
2004-01-16,0.0,51
2004-01-17,0.0,69
2004-01-18,0.10616666666666669,60
2004-01-19,0.08671875,64
2004-01-20,0.0022058823529411764,68
2004-01-21,0.0,70
2004-01-22,0.00392156862745098,51
2004-01-23,0.005370370370370371,54
2004-01-24,0.0,64
2004-01-25,0.0,68
2004-01-26,0.0,66
2004-01-27,0.008970588235294116,68
2004-01-28,0.14433333333333334,60
2004-01-29,0.1396078431372549,51
2004-01-30,0.004406779661016949,59
2004-01-31,0.0006382978723404255,47
2004-02-01,0.00031746031746031746,63
2004-02-02,0.0024657534246575346,73
2004-02-03,0.16927536231884058,69
2004-02-04,0.4317241379310344,58
2004-02-05,0.005571428571428571,70
2004-02-06,0.5398333333333333,60
2004-02-07,0.625,72
2004-02-08,0.012131147540983607,61
2004-02-09,0.0,73
2004-02-10,0.00015625,64
2004-02-11,0.0004761904761904762,63
2004-02-12,0.0,64
2004-02-13,0.00046153846153846153,65
2004-02-14,0.0,69
2004-02-15,0.00025,40
2004-02-16,0.0,64
2004-02-17,0.002,70
2004-02-18,0.058529411764705885,68
2004-02-19,0.01463768115942029,69
2004-02-20,0.0013636363636363635,66
2004-02-21,0.04390625,64
2004-02-22,0.029384615384615387,65
2004-02-23,0.00014084507042253522,71
2004-02-24,0.0,65
2004-02-25,0.00029411764705882356,68
2004-02-26,0.0,72
2004-02-27,0.0,71
2004-02-28,0.0,72
2004-02-29,0.0,73
2004-03-01,0.0,70
2004-03-02,0.014745762711864408,59
2004-03-03,0.00873015873015873,63
2004-03-04,0.04984374999999999,64
2004-03-05,0.05499999999999999,56
2004-03-06,0.21791666666666665,72
2004-03-07,0.04212121212121212,66
2004-03-08,0.1003125,64
2004-03-09,0.1039344262295082,61
2004-03-10,0.010317460317460317,63
2004-03-11,0.059117647058823525,68
2004-03-12,0.03380952380952382,63
2004-03-13,0.06338461538461537,65
2004-03-14,0.0016666666666666668,60
2004-03-15,0.019400000000000004,50
2004-03-16,0.1660869565217391,69
2004-03-17,0.36414285714285716,70
2004-03-18,0.08158730158730158,63
2004-03-19,0.025306122448979597,49
2004-03-20,0.09590163934426231,61
2004-03-21,0.3020547945205479,73
2004-03-22,0.013906250000000002,64
2004-03-23,0.0030508474576271187,59
2004-03-24,0.013396226415094343,53
2004-03-25,0.02072727272727273,55
2004-03-26,0.039591836734693873,49
2004-03-27,0.22441176470588234,68
2004-03-28,0.014827586206896552,58
2004-03-29,0.00043478260869565214,69
2004-03-30,0.0033898305084745766,59
2004-03-31,0.7198275862068967,58
2004-04-01,1.9876388888888892,72
2004-04-02,1.1858461538461536,65
2004-04-03,0.04452830188679245,53
2004-04-04,0.22523809523809527,63
2004-04-05,0.2321875,64
2004-04-06,0.0005,60
2004-04-07,0.003478260869565217,69
2004-04-08,0.0016417910447761193,67
2004-04-09,0.0,62
2004-04-10,0.0,67
2004-04-11,0.005735294117647059,68
2004-04-12,0.07455882352941179,68
2004-04-13,0.9704225352112676,71
2004-04-14,1.0006944444444443,72
2004-04-15,0.258,65
2004-04-16,0.021406249999999998,64
2004-04-17,0.0,64
2004-04-18,0.0012121212121212121,66
2004-04-19,0.0010606060606060607,66
2004-04-20,0.0007936507936507937,63
2004-04-21,0.0003125,64
2004-04-22,0.0360655737704918,61
2004-04-23,0.47788732394366196,71
2004-04-24,0.26306451612903226,62
2004-04-25,0.04044776119402985,67
2004-04-26,0.5635714285714286,70
2004-04-27,0.47611111111111115,72
2004-04-28,0.06888888888888889,63
2004-04-29,0.005909090909090909,66
2004-04-30,0.00029850746268656717,67
2004-05-01,0.0,70
2004-05-02,0.028285714285714286,70
2004-05-03,0.3463013698630137,73
2004-05-04,0.5132876712328768,73
2004-05-05,0.015,50
2004-05-06,0.007450980392156863,51
2004-05-07,0.0121875,64
2004-05-08,0.0009090909090909091,55
2004-05-09,0.10573529411764707,68
2004-05-10,0.13453125,64
2004-05-11,0.006382978723404256,47
2004-05-12,0.0034328358208955225,67
2004-05-13,0.0024242424242424242,66
2004-05-14,0.0006349206349206349,63
2004-05-15,0.047846153846153844,65
2004-05-16,0.12014492753623188,69
2004-05-17,0.028823529411764706,68
2004-05-18,0.1444615384615385,65
2004-05-19,0.214,65
2004-05-20,0.01703125,64
2004-05-21,0.04666666666666666,48
2004-05-22,0.06742424242424241,66
2004-05-23,0.15794117647058825,68
2004-05-24,0.344,70
2004-05-25,0.28080645161290324,62
2004-05-26,0.23811594202898556,69
2004-05-27,0.3258571428571428,70
2004-05-28,0.3761764705882354,68
2004-05-29,0.2144285714285714,70
2004-05-30,0.0,69
2004-05-31,0.03072727272727273,55
2004-06-01,0.3293150684931506,73
2004-06-02,0.187,70
2004-06-03,0.1650704225352113,71
2004-06-04,0.07828571428571428,70
2004-06-05,0.0007692307692307692,65
2004-06-06,0.06728813559322035,59
2004-06-07,0.07934426229508197,61
2004-06-08,0.0014492753623188406,69
2004-06-09,0.11313432835820895,67
2004-06-10,0.1919047619047619,63
2004-06-11,0.023384615384615386,65
2004-06-12,0.0,70
2004-06-13,0.0,71
2004-06-14,0.03098360655737705,61
2004-06-15,0.0339344262295082,61
2004-06-16,0.0002898550724637681,69
2004-06-17,0.04582089552238806,67
2004-06-18,0.20597014925373133,67
2004-06-19,0.1046875,64
2004-06-20,0.004626865671641791,67
2004-06-21,0.00014705882352941178,68
2004-06-22,0.03092592592592593,54
2004-06-23,0.027384615384615393,65
2004-06-24,0.00028571428571428574,70
2004-06-25,0.05647887323943663,71
2004-06-26,0.21514705882352944,68
2004-06-27,0.0813235294117647,68
2004-06-28,0.017702702702702702,74
2004-06-29,0.12873239436619718,71
2004-06-30,0.003823529411764706,68
2004-07-01,0.07545454545454544,66
2004-07-02,0.42085714285714293,70
2004-07-03,0.03672131147540984,61
2004-07-04,0.0002898550724637681,69
2004-07-05,0.21855072463768116,69
2004-07-06,0.31803030303030294,66
2004-07-07,0.00515625,64
2004-07-08,0.2077777777777778,63
2004-07-09,0.25866666666666666,60
2004-07-10,0.01935483870967742,62
2004-07-11,0.020000000000000004,64
2004-07-12,0.008333333333333333,66
2004-07-13,0.22374999999999998,64
2004-07-14,0.2660869565217392,69
2004-07-15,0.0736923076923077,65
2004-07-16,0.026333333333333334,60
2004-07-17,0.015166666666666669,60
2004-07-18,0.054814814814814816,54
2004-07-19,0.19307692307692306,65
2004-07-20,0.08451612903225807,62
2004-07-21,0.0018750000000000001,64
2004-07-22,0.00196969696969697,66
2004-07-23,0.0973913043478261,69
2004-07-24,0.7450000000000001,62
2004-07-25,0.16116666666666665,60
2004-07-26,0.0004761904761904762,63
2004-07-27,0.1703174603174603,63
2004-07-28,0.43140845070422545,71
2004-07-29,0.08825396825396827,63
2004-07-30,0.003283582089552239,67
2004-07-31,0.010307692307692308,65
2004-08-01,0.10859649122807016,57
2004-08-02,0.04952380952380953,63
2004-08-03,0.017246376811594206,69
2004-08-04,0.11281250000000001,64
2004-08-05,0.4608571428571429,70
2004-08-06,0.03706896551724138,58
2004-08-07,0.002258064516129032,62
2004-08-08,0.0008823529411764705,68
2004-08-09,0.0006153846153846154,65
2004-08-10,0.001515151515151515,66
2004-08-11,0.04365079365079365,63
2004-08-12,0.3063492063492064,63
2004-08-13,0.8140845070422534,71
2004-08-14,0.22596774193548383,62
2004-08-15,0.8390140845070425,71
2004-08-16,0.31718309859154925,71
2004-08-17,0.13014925373134328,67
2004-08-18,0.0023880597014925378,67
2004-08-19,0.014107142857142858,56
2004-08-20,0.1396774193548387,62
2004-08-21,0.9473529411764706,68
2004-08-22,0.513943661971831,71
2004-08-23,0.0014084507042253522,71
2004-08-24,0.0,71
2004-08-25,0.0007042253521126761,71
2004-08-26,0.0017142857142857144,70
2004-08-27,0.0004225352112676056,71
2004-08-28,0.021176470588235293,68
2004-08-29,0.001515151515151515,66
2004-08-30,0.08690140845070421,71
2004-08-31,0.3983333333333333,66
2004-09-01,0.018906250000000003,64
2004-09-02,0.00045454545454545455,66
2004-09-03,0.0006060606060606061,66
2004-09-04,0.001875,64
2004-09-05,0.0013636363636363633,66
2004-09-06,0.0,67
2004-09-07,0.00603448275862069,58
2004-09-08,0.44870967741935486,62
2004-09-09,0.9514492753623189,69
2004-09-10,0.21033898305084747,59
2004-09-11,0.0011764705882352942,68
2004-09-12,0.0012121212121212121,66
2004-09-13,0.0013235294117647058,68
2004-09-14,0.0030303030303030303,66
2004-09-15,0.02396551724137931,58
2004-09-16,0.10555555555555556,63
2004-09-17,0.2315942028985507,69
2004-09-18,1.9678571428571427,70
2004-09-19,0.807142857142857,63
2004-09-20,0.00044117647058823526,68
2004-09-21,0.0,68
2004-09-22,0.0,68
2004-09-23,0.00014925373134328358,67
2004-09-24,0.0013432835820895524,67
2004-09-25,0.0010294117647058822,68
2004-09-26,0.0008771929824561404,57
2004-09-27,0.0065151515151515155,66
2004-09-28,0.928030303030303,66
2004-09-29,1.7482857142857147,70
2004-09-30,0.14999999999999997,64
2004-10-01,0.05814285714285715,70
2004-10-02,0.05642857142857143,70
2004-10-03,0.07014492753623189,69
2004-10-04,0.0012857142857142856,70
2004-10-05,0.0005555555555555556,72
2004-10-06,0.0,73
2004-10-07,0.0006756756756756757,74
2004-10-08,0.0009459459459459458,74
2004-10-09,0.0016438356164383563,73
2004-10-10,0.003529411764705882,68
2004-10-11,0.002537313432835821,67
2004-10-12,0.04692307692307692,65
2004-10-13,0.013239436619718312,71
2004-10-14,0.033571428571428565,70
2004-10-15,0.37797297297297305,74
2004-10-16,0.7411999999999999,75
2004-10-17,0.01818181818181818,66
2004-10-18,0.02651515151515152,66
2004-10-19,0.3677333333333333,75
2004-10-20,0.18054794520547945,73
2004-10-21,0.0032835820895522386,67
2004-10-22,0.03447761194029851,67
2004-10-23,0.023793103448275864,58
2004-10-24,0.02125,64
2004-10-25,0.0319672131147541,61
2004-10-26,0.0006349206349206349,63
2004-10-27,0.000273972602739726,73
2004-10-28,0.0,73
2004-10-29,0.001081081081081081,74
2004-10-30,0.049999999999999996,68
2004-10-31,0.0635820895522388,67
2004-11-01,0.0005882352941176471,68
2004-11-02,0.013448275862068966,58
2004-11-03,0.09573529411764706,68
2004-11-04,0.31571428571428567,70
2004-11-05,0.5150000000000001,66
2004-11-06,0.004603174603174604,63
2004-11-07,0.0005,60
2004-11-08,0.000588235294117647,51
2004-11-09,0.004406779661016949,59
2004-11-10,0.0,65
2004-11-11,0.0,69
2004-11-12,0.19516129032258062,62
2004-11-13,0.5106153846153847,65
2004-11-14,0.023939393939393937,66
2004-11-15,0.0,68
2004-11-16,0.0,70
2004-11-17,0.0,69
2004-11-18,0.00031746031746031746,63
2004-11-19,0.00014925373134328358,67
2004-11-20,0.06157142857142857,70
2004-11-21,0.16632352941176468,68
2004-11-22,0.004482758620689655,58
2004-11-23,0.0,67
2004-11-24,0.1692957746478873,71
2004-11-25,0.5648571428571427,70
2004-11-26,0.13348484848484846,66
2004-11-27,0.0,68
2004-11-28,0.49757142857142855,70
2004-11-29,0.5872058823529412,68
2004-11-30,0.025294117647058828,68
2004-12-01,0.4736231884057971,69
2004-12-02,0.3998461538461538,65
2004-12-03,0.010476190476190477,63
2004-12-04,0.005671641791044776,67
2004-12-05,0.0,64
2004-12-06,0.01627118644067797,59
2004-12-07,0.49477611940298505,67
2004-12-08,0.4936363636363635,66
2004-12-09,0.03672131147540984,61
2004-12-10,0.40928571428571425,70
2004-12-11,0.3982857142857143,70
2004-12-12,0.014782608695652177,46
2004-12-13,0.050370370370370364,54
2004-12-14,0.015333333333333332,45
2004-12-15,0.001111111111111111,63
2004-12-16,0.0007462686567164179,67
2004-12-17,0.005277777777777778,36
2004-12-18,0.020149253731343283,67
2004-12-19,0.029393939393939396,66
2004-12-20,0.15065573770491802,61
2004-12-21,0.036935483870967734,62
2004-12-22,0.0016417910447761193,67
2004-12-23,0.5280327868852458,61
2004-12-24,0.6281967213114753,61
2004-12-25,0.0,68
2004-12-26,0.22306451612903225,62
2004-12-27,0.4067213114754098,61
2004-12-28,0.0078000000000000005,50
2004-12-29,0.002631578947368421,57
2004-12-30,0.018333333333333333,66
2004-12-31,0.0007017543859649123,57
2005-01-01,0.0009230769230769231,65
2005-01-02,0.01772727272727273,66
2005-01-03,0.1902898550724638,69
2005-01-04,0.4685714285714285,70
2005-01-05,0.09208955223880597,67
2005-01-06,0.5898591549295775,71
2005-01-07,0.33787878787878783,66
2005-01-08,0.3555384615384615,65
2005-01-09,0.38472727272727264,55
2005-01-10,0.004347826086956522,46
2005-01-11,0.035833333333333335,60
2005-01-12,0.30666666666666664,69
2005-01-13,0.21000000000000002,61
2005-01-14,0.4247761194029851,67
2005-01-15,0.2867164179104478,67
2005-01-16,0.04476190476190476,63
2005-01-17,0.21303571428571427,56
2005-01-18,0.001206896551724138,58
2005-01-19,0.050937500000000004,64
2005-01-20,0.11183333333333331,60
2005-01-21,0.0003225806451612903,62
2005-01-22,0.17983870967741936,62
2005-01-23,0.7891228070175439,57
2005-01-24,0.09867924528301887,53
2005-01-25,0.04076923076923077,52
2005-01-26,0.19903225806451613,62
2005-01-27,0.16499999999999995,50
2005-01-28,0.0016417910447761193,67
2005-01-29,0.0026666666666666666,60
2005-01-30,0.0016666666666666668,66
2005-01-31,0.0,69
2005-02-01,0.0009230769230769231,65
2005-02-02,0.0006060606060606061,66
2005-02-03,0.09676470588235295,68
2005-02-04,0.1778125,64
2005-02-05,0.00016129032258064516,62
2005-02-06,0.0,68
2005-02-07,0.0,69
2005-02-08,0.00014705882352941178,68
2005-02-09,0.045,64
2005-02-10,0.6101449275362318,69
2005-02-11,0.3612068965517241,58
2005-02-12,0.02774193548387097,62
2005-02-13,0.018846153846153842,52
2005-02-14,0.08092307692307692,65
2005-02-15,0.5181690140845071,71
2005-02-16,0.11691176470588234,68
2005-02-17,0.1428358208955224,67
2005-02-18,0.0019047619047619048,42
2005-02-19,0.0008474576271186442,59
2005-02-20,0.006875,64
2005-02-21,0.22606060606060607,66
2005-02-22,0.1541818181818182,55
2005-02-23,0.02649122807017544,57
2005-02-24,0.046896551724137925,58
2005-02-25,0.18779411764705883,68
2005-02-26,0.011914893617021277,47
2005-02-27,0.0038709677419354843,62
2005-02-28,0.13196969696969696,66
2005-03-01,0.4737313432835822,67
2005-03-02,0.12244897959183676,49
2005-03-03,0.004067796610169492,59
2005-03-04,0.0007575757575757576,66
2005-03-05,0.0,65
2005-03-06,0.002105263157894737,57
2005-03-07,0.011000000000000001,60
2005-03-08,0.47850000000000004,60
2005-03-09,0.5705882352941177,51
2005-03-10,0.0003076923076923077,65
2005-03-11,0.03348484848484848,66
2005-03-12,0.4924637681159421,69
2005-03-13,0.48857142857142855,49
2005-03-14,0.01639344262295082,61
2005-03-15,0.0,70
2005-03-16,0.0,70
2005-03-17,0.0,67
2005-03-18,0.0,70
2005-03-19,0.0,67
2005-03-20,0.001,60
2005-03-21,0.012499999999999999,56
2005-03-22,0.00409090909090909,66
2005-03-23,0.05534246575342464,73
2005-03-24,0.3444117647058823,68
2005-03-25,0.019701492537313434,67
2005-03-26,0.0,68
2005-03-27,0.004305555555555556,72
2005-03-28,0.9798591549295773,71
2005-03-29,1.416849315068493,73
2005-03-30,0.05393939393939395,66
2005-03-31,0.0011594202898550724,69
2005-04-01,0.05647058823529411,68
2005-04-02,0.7315492957746479,71
2005-04-03,0.8861643835616438,73
2005-04-04,0.04799999999999999,50
2005-04-05,0.0006153846153846154,65
2005-04-06,0.0,68
2005-04-07,0.06492753623188406,69
2005-04-08,0.3143478260869566,69
2005-04-09,0.005652173913043478,69
2005-04-10,0.0,71
2005-04-11,0.0,70
2005-04-12,0.007258064516129033,62
2005-04-13,0.010454545454545454,66
2005-04-14,0.0,68
2005-04-15,0.0,72
2005-04-16,0.0,72
2005-04-17,0.0,70
2005-04-18,0.0,70
2005-04-19,0.0005797101449275362,69
2005-04-20,0.033970588235294114,68
2005-04-21,0.12999999999999998,65
2005-04-22,0.016129032258064516,62
2005-04-23,0.43930555555555556,72
2005-04-24,0.8647142857142859,70
2005-04-25,0.18305555555555553,72
2005-04-26,0.005,56
2005-04-27,0.3212857142857143,70
2005-04-28,0.3064705882352942,68
2005-04-29,0.02655737704918033,61
2005-04-30,0.36140625000000004,64
2005-05-01,0.45228571428571424,70
2005-05-02,0.07628571428571429,70
2005-05-03,0.09203389830508474,59
2005-05-04,0.0003773584905660377,53
2005-05-05,0.00015151515151515152,66
2005-05-06,0.044305555555555556,72
2005-05-07,0.5616666666666664,72
2005-05-08,0.31375,64
2005-05-09,0.05109375,64
2005-05-10,0.0005882352941176471,68
2005-05-11,0.0018055555555555557,72
2005-05-12,0.003150684931506849,73
2005-05-13,0.0,73
2005-05-14,0.0015517241379310344,58
2005-05-15,0.05761904761904761,63
2005-05-16,0.16191780821917812,73
2005-05-17,0.013076923076923078,65
2005-05-18,0.04672131147540984,61
2005-05-19,0.04029411764705882,68
2005-05-20,0.0008450704225352112,71
2005-05-21,0.1462857142857143,70
2005-05-22,0.28757142857142853,70
2005-05-23,0.153943661971831,71
2005-05-24,0.6307042253521127,71
2005-05-25,1.0348611111111112,72
2005-05-26,0.7422972972972974,74
2005-05-27,0.18140845070422534,71
2005-05-28,0.07683333333333334,60
2005-05-29,0.1356140350877193,57
2005-05-30,0.14531249999999998,64
2005-05-31,0.04875,64
2005-06-01,0.01106060606060606,66
2005-06-02,0.00041666666666666664,72
2005-06-03,0.00014285714285714287,70
2005-06-04,0.0021875,64
2005-06-05,0.002727272727272727,66
2005-06-06,0.04080645161290322,62
2005-06-07,0.0426865671641791,67
2005-06-08,0.1747058823529412,68
2005-06-09,0.2802898550724638,69
2005-06-10,0.0011940298507462687,67
2005-06-11,0.0023880597014925373,67
2005-06-12,0.05836065573770492,61
2005-06-13,0.09,52
2005-06-14,0.09724137931034484,58
2005-06-15,0.11312499999999999,64
2005-06-16,0.19136363636363635,66
2005-06-17,0.27666666666666656,66
2005-06-18,0.04446428571428571,56
2005-06-19,0.02558823529411765,68
2005-06-20,0.001,70
2005-06-21,0.002777777777777778,72
2005-06-22,0.038142857142857145,70
2005-06-23,0.02971014492753623,69
2005-06-24,0.00028571428571428574,70
2005-06-25,0.0,71
2005-06-26,0.031014492753623182,69
2005-06-27,0.05441176470588236,68
2005-06-28,0.11184615384615385,65
2005-06-29,0.329,60
2005-06-30,0.2829411764705882,68
2005-07-01,0.13044776119402984,67
2005-07-02,0.09467741935483871,62
2005-07-03,0.005352112676056338,71
2005-07-04,0.0,70
2005-07-05,0.02507936507936508,63
2005-07-06,0.4722222222222221,72
2005-07-07,0.4077611940298507,67
2005-07-08,0.6647692307692308,65
2005-07-09,0.7322222222222224,72
2005-07-10,0.04871428571428572,70
2005-07-11,0.0014285714285714286,63
2005-07-12,0.0061111111111111106,72
2005-07-13,0.008115942028985508,69
2005-07-14,0.021617647058823533,68
2005-07-15,0.1107462686567164,67
2005-07-16,0.0011594202898550724,69
2005-07-17,0.06384615384615384,65
2005-07-18,0.14257575757575758,66
2005-07-19,0.19746031746031745,63
2005-07-20,0.06449275362318839,69
2005-07-21,0.00875,72
2005-07-22,0.05970149253731342,67
2005-07-23,0.05138461538461538,65
2005-07-24,0.0,70
2005-07-25,0.0,71
2005-07-26,0.00044117647058823526,68
2005-07-27,0.09000000000000001,66
2005-07-28,0.10187500000000001,64
2005-07-29,0.0006944444444444445,72
2005-07-30,0.0029850746268656712,67
2005-07-31,0.04,61
2005-08-01,0.20046153846153844,65
2005-08-02,0.163030303030303,66
2005-08-03,0.0006060606060606061,66
2005-08-04,0.0007142857142857143,70
2005-08-05,0.08030769230769232,65
2005-08-06,0.12848484848484848,66
2005-08-07,0.0005633802816901409,71
2005-08-08,0.0011594202898550724,69
2005-08-09,0.012037037037037039,54
2005-08-10,0.008305084745762711,59
2005-08-11,0.010000000000000002,65
2005-08-12,0.012203389830508475,59
2005-08-13,0.062333333333333324,60
2005-08-14,0.46092307692307705,65
2005-08-15,0.5615714285714287,70
2005-08-16,0.04129032258064516,62
2005-08-17,0.006231884057971014,69
2005-08-18,0.00014285714285714287,70
2005-08-19,0.0,66
2005-08-20,0.00016666666666666666,60
2005-08-21,0.058153846153846146,65
2005-08-22,0.0353030303030303,66
2005-08-23,0.008857142857142857,70
2005-08-24,0.026779661016949154,59
2005-08-25,0.02328125,64
2005-08-26,0.0005633802816901409,71
2005-08-27,0.0007142857142857143,70
2005-08-28,0.09746031746031744,63
2005-08-29,0.34390625,64
2005-08-30,0.7880000000000001,65
2005-08-31,0.28676470588235287,68
2005-09-01,0.17802816901408453,71
2005-09-02,0.005217391304347826,69
2005-09-03,0.00014492753623188405,69
2005-09-04,0.012205882352941178,68
2005-09-05,0.0022058823529411764,68
2005-09-06,0.0008695652173913043,69
2005-09-07,0.0011267605633802818,71
2005-09-08,0.0018309859154929577,71
2005-09-09,0.00028169014084507044,71
2005-09-10,0.0005633802816901409,71
2005-09-11,0.00014285714285714287,70
2005-09-12,0.0,69
2005-09-13,0.00014084507042253522,71
2005-09-14,0.012058823529411766,68
2005-09-15,0.6434285714285716,70
2005-09-16,0.7854166666666667,72
2005-09-17,0.32470588235294123,68
2005-09-18,0.03816666666666667,60
2005-09-19,0.0019718309859154933,71
2005-09-20,0.03098591549295775,71
2005-09-21,0.0371830985915493,71
2005-09-22,0.0033802816901408453,71
2005-09-23,0.0007547169811320754,53
2005-09-24,0.0,62
2005-09-25,0.0009230769230769232,65
2005-09-26,0.1771641791044776,67
2005-09-27,0.3195238095238095,63
2005-09-28,0.0005970149253731343,67
2005-09-29,0.18191176470588233,68
2005-09-30,0.20070422535211263,71
2005-10-01,0.0007142857142857143,70
2005-10-02,0.0008571428571428572,70
2005-10-03,0.0013888888888888887,72
2005-10-04,0.002923076923076923,65
2005-10-05,0.011940298507462687,67
2005-10-06,0.0253125,64
2005-10-07,0.10486111111111111,72
2005-10-08,1.7166666666666663,72
2005-10-09,2.4598571428571425,70
2005-10-10,0.2554545454545454,66
2005-10-11,0.366231884057971,69
2005-10-12,0.3119178082191781,73
2005-10-13,0.27242424242424246,66
2005-10-14,1.0587671232876714,73
2005-10-15,2.992465753424658,73
2005-10-16,0.5117391304347827,69
2005-10-17,0.0063013698630137,73
2005-10-18,0.041587301587301576,63
2005-10-19,0.010714285714285716,56
2005-10-20,0.0,71
2005-10-21,0.0,73
2005-10-22,0.3236619718309859,71
2005-10-23,0.7065753424657535,73
2005-10-24,0.19057142857142856,70
2005-10-25,1.3793243243243243,74
2005-10-26,0.67203125,64
2005-10-27,0.00423728813559322,59
2005-10-28,0.005238095238095239,63
2005-10-29,0.16999999999999998,70
2005-10-30,0.1273972602739726,73
2005-10-31,0.0008450704225352113,71
2005-11-01,0.003478260869565217,69
2005-11-02,0.02051724137931035,58
2005-11-03,0.0,71
2005-11-04,0.00014285714285714287,70
2005-11-05,0.0012676056338028169,71
2005-11-06,0.08434782608695651,69
2005-11-07,0.11761904761904761,63
2005-11-08,0.0,71
2005-11-09,0.17767123287671233,73
2005-11-10,0.6045714285714285,70
2005-11-11,0.004705882352941177,68
2005-11-12,0.0,71
2005-11-13,0.0024637681159420293,69
2005-11-14,0.006888888888888889,45
2005-11-15,0.058095238095238096,63
2005-11-16,0.38225352112676053,71
2005-11-17,0.5942857142857144,70
2005-11-18,0.00045454545454545455,66
2005-11-19,0.0,72
2005-11-20,0.0,71
2005-11-21,0.13464788732394367,71
2005-11-22,1.3256164383561644,73
2005-11-23,0.4620370370370371,54
2005-11-24,0.15030303030303033,66
2005-11-25,0.08630769230769231,65
2005-11-26,0.010500000000000002,60
2005-11-27,0.014200000000000004,50
2005-11-28,0.01744186046511628,43
2005-11-29,0.08135593220338982,59
2005-11-30,0.8544444444444446,72
2005-12-01,0.2481538461538462,65
2005-12-02,0.012745098039215686,51
2005-12-03,0.008548387096774194,62
2005-12-04,0.10233333333333335,60
2005-12-05,0.08151515151515153,66
2005-12-06,0.034999999999999996,58
2005-12-07,0.004390243902439024,41
2005-12-08,0.00564516129032258,62
2005-12-09,0.46470588235294125,68
2005-12-10,0.48109374999999993,64
2005-12-11,0.06014925373134328,67
2005-12-12,0.009333333333333334,60
2005-12-13,0.0010869565217391304,46
2005-12-14,0.0005172413793103448,58
2005-12-15,0.022537313432835823,67
2005-12-16,0.6230136986301371,73
2005-12-17,0.29656716417910445,67
2005-12-18,0.0002898550724637681,69
2005-12-19,0.0004166666666666667,48
2005-12-20,0.0015254237288135593,59
2005-12-21,0.0003448275862068966,58
2005-12-22,0.0003125,64
2005-12-23,0.003278688524590164,61
2005-12-24,0.0053731343283582094,67
2005-12-25,0.20380281690140845,71
2005-12-26,0.6535211267605634,71
2005-12-27,0.3557692307692308,52
2005-12-28,0.004428571428571428,70
2005-12-29,0.2515384615384615,65
2005-12-30,0.2674242424242424,66
2005-12-31,0.053437500000000006,64
2006-01-01,0.13954545454545456,66
2006-01-02,0.08608695652173913,69
2006-01-03,0.5709722222222222,72
2006-01-04,0.17383333333333334,60
2006-01-05,0.07781249999999999,64
2006-01-06,0.04466666666666667,60
2006-01-07,0.0016666666666666668,66
2006-01-08,0.02774193548387097,62
2006-01-09,0.0219672131147541,61
2006-01-10,0.0019117647058823526,68
2006-01-11,0.11871428571428572,70
2006-01-12,0.2710769230769231,65
2006-01-13,0.024714285714285713,70
2006-01-14,0.7174999999999999,72
2006-01-15,0.8072857142857143,70
2006-01-16,0.02971014492753623,69
2006-01-17,0.016379310344827588,58
2006-01-18,0.532876712328767,73
2006-01-19,0.4038571428571429,70
2006-01-20,0.0,69
2006-01-21,0.0024242424242424242,66
2006-01-22,0.012463768115942027,69
2006-01-23,0.5925714285714284,70
2006-01-24,0.4327868852459017,61
2006-01-25,0.18820895522388065,67
2006-01-26,0.05410714285714285,56
2006-01-27,0.0015384615384615385,65
2006-01-28,0.0,71
2006-01-29,0.18214285714285713,70
2006-01-30,0.24058823529411763,68
2006-01-31,0.13208333333333333,72
2006-02-01,0.08762711864406782,59
2006-02-02,0.0055072463768115944,69
2006-02-03,0.43647887323943657,71
2006-02-04,0.5332876712328766,73
2006-02-05,0.663943661971831,71
2006-02-06,0.021363636363636366,44
2006-02-07,0.002142857142857143,56
2006-02-08,0.00015384615384615385,65
2006-02-09,0.0,59
2006-02-10,0.00016666666666666666,60
2006-02-11,0.01728813559322034,59
2006-02-12,0.3501492537313433,67
2006-02-13,0.3001923076923077,52
2006-02-14,0.00014925373134328358,67
2006-02-15,0.0,71
2006-02-16,0.00014285714285714287,70
2006-02-17,0.04708333333333334,72
2006-02-18,0.05418604651162791,43
2006-02-19,0.0012280701754385965,57
2006-02-20,0.0,63
2006-02-21,0.0,66
2006-02-22,0.0,67
2006-02-23,0.015156250000000001,64
2006-02-24,0.013809523809523811,42
2006-02-25,0.0376271186440678,59
2006-02-26,0.08109090909090909,55
2006-02-27,0.0023076923076923075,65
2006-02-28,0.00265625,64
2006-03-01,0.001206896551724138,58
2006-03-02,0.044032258064516126,62
2006-03-03,0.06909090909090909,55
2006-03-04,0.005081967213114754,61
2006-03-05,0.0,71
2006-03-06,0.0,72
2006-03-07,0.0,67
2006-03-08,0.000547945205479452,73
2006-03-09,0.00864406779661017,59
2006-03-10,0.013870967741935485,62
2006-03-11,0.0005797101449275362,69
2006-03-12,0.007636363636363637,55
2006-03-13,0.16046875,64
2006-03-14,0.3104225352112676,71
2006-03-15,0.03276595744680852,47
2006-03-16,0.016842105263157894,57
2006-03-17,0.00014492753623188405,69
2006-03-18,0.0,65
2006-03-19,0.00020408163265306123,49
2006-03-20,0.00035087719298245617,57
2006-03-21,0.0,70
2006-03-22,0.00014705882352941178,68
2006-03-23,0.0,68
2006-03-24,0.001935483870967742,62
2006-03-25,0.014528301886792452,53
2006-03-26,0.002037037037037037,54
2006-03-27,0.0,66
2006-03-28,0.0,73
2006-03-29,0.0,72
2006-03-30,0.0001388888888888889,72
2006-03-31,0.0,72
2006-04-01,0.06955223880597015,67
2006-04-02,0.060615384615384606,65
2006-04-03,0.12279411764705882,68
2006-04-04,0.6403947368421052,76
2006-04-05,0.22816901408450704,71
2006-04-06,0.09095238095238094,63
2006-04-07,0.06542857142857142,70
2006-04-08,0.19833333333333333,72
2006-04-09,0.08382352941176471,68
2006-04-10,0.00014285714285714287,70
2006-04-11,0.0,70
2006-04-12,0.0,53
2006-04-13,0.024464285714285713,56
2006-04-14,0.04661290322580645,62
2006-04-15,0.06888888888888889,63
2006-04-16,0.0016417910447761193,67
2006-04-17,0.009666666666666667,60
2006-04-18,0.0443103448275862,58
2006-04-19,0.004629629629629629,54
2006-04-20,0.0011764705882352942,68
2006-04-21,0.0,70
2006-04-22,0.06046153846153846,65
2006-04-23,0.5020270270270271,74
2006-04-24,0.5018571428571428,70
2006-04-25,0.049016393442622944,61
2006-04-26,0.022028985507246378,69
2006-04-27,0.0,69
2006-04-28,0.0,70
2006-04-29,0.0,69
2006-04-30,0.0,70
2006-05-01,0.035217391304347825,69
2006-05-02,0.6204166666666667,72
2006-05-03,0.5444594594594594,74
2006-05-04,0.11238805970149253,67
2006-05-05,0.0007142857142857143,70
2006-05-06,0.0010344827586206897,58
2006-05-07,0.0015254237288135593,59
2006-05-08,0.00042857142857142855,70
2006-05-09,0.3587671232876712,73
2006-05-10,0.5236986301369864,73
2006-05-11,0.07760563380281692,71
2006-05-12,0.38,71
2006-05-13,1.7085135135135137,74
2006-05-14,1.8797333333333333,75
2006-05-15,0.8376000000000001,75
2006-05-16,0.48679999999999995,75
2006-05-17,0.23338028169014086,71
2006-05-18,0.02308823529411765,68
2006-05-19,0.35130434782608705,69
2006-05-20,0.3361666666666668,60
2006-05-21,0.11514705882352941,68
2006-05-22,0.11788732394366196,71
2006-05-23,0.0055072463768115944,69
2006-05-24,0.0031034482758620693,58
2006-05-25,0.001764705882352941,68
2006-05-26,0.10890624999999998,64
2006-05-27,0.15777777777777774,63
2006-05-28,0.005781250000000001,64
2006-05-29,0.0012307692307692308,65
2006-05-30,0.06791044776119402,67
2006-05-31,0.06924242424242424,66
2006-06-01,0.1364788732394366,71
2006-06-02,0.37956521739130433,69
2006-06-03,1.0428378378378378,74
2006-06-04,0.7658333333333333,72
2006-06-05,0.02768115942028986,69
2006-06-06,0.1421875,64
2006-06-07,1.745945945945946,74
2006-06-08,0.8792957746478873,71
2006-06-09,0.1889041095890411,73
2006-06-10,0.3704166666666667,72
2006-06-11,0.14453125,64
2006-06-12,0.00726027397260274,73
2006-06-13,0.005441176470588235,68
2006-06-14,0.16485714285714287,70
2006-06-15,0.32625000000000004,72
2006-06-16,0.015294117647058824,68
2006-06-17,0.02106060606060606,66
2006-06-18,0.031911764705882355,68
2006-06-19,0.049571428571428565,70
2006-06-20,0.16647887323943658,71
2006-06-21,0.10242857142857141,70
2006-06-22,0.0037500000000000007,64
2006-06-23,0.3278787878787879,66
2006-06-24,0.9547222222222224,72
2006-06-25,0.8481944444444447,72
2006-06-26,0.41223880597014934,67
2006-06-27,0.04172413793103448,58
2006-06-28,0.20984848484848487,66
2006-06-29,0.2942857142857143,63
2006-06-30,0.23257575757575755,66
2006-07-01,0.0016666666666666668,72
2006-07-02,0.008225806451612904,62
2006-07-03,0.008923076923076924,65
2006-07-04,0.049682539682539675,63
2006-07-05,0.1409375,64
2006-07-06,0.23739130434782607,69
2006-07-07,0.006811594202898552,69
2006-07-08,0.0021126760563380284,71
2006-07-09,0.0024324324324324327,74
2006-07-10,0.002142857142857143,70
2006-07-11,0.26942028985507244,69
2006-07-12,0.5387323943661972,71
2006-07-13,0.456,75
2006-07-14,0.06243243243243242,74
2006-07-15,0.0009722222222222223,72
2006-07-16,0.0015068493150684932,73
2006-07-17,0.0005555555555555556,72
2006-07-18,0.06291666666666666,72
2006-07-19,0.14043478260869566,69
2006-07-20,0.01265625,64
2006-07-21,0.2317910447761194,67
2006-07-22,0.3930555555555556,72
2006-07-23,0.5135211267605634,71
2006-07-24,0.022923076923076928,65
2006-07-25,0.001891891891891892,74
2006-07-26,0.010547945205479452,73
2006-07-27,0.016805555555555556,72
2006-07-28,0.25430555555555556,72
2006-07-29,0.2304225352112676,71
2006-07-30,0.04147058823529412,68
2006-07-31,0.0,70
2006-08-01,0.004411764705882353,68
2006-08-02,0.055409836065573766,61
2006-08-03,0.06260869565217392,69
2006-08-04,0.16940298507462687,67
2006-08-05,0.13171428571428573,70
2006-08-06,0.002567567567567568,74
2006-08-07,0.06415384615384617,65
2006-08-08,0.05852941176470588,68
2006-08-09,0.0,73
2006-08-10,0.07522388059701493,67
2006-08-11,0.1110958904109589,73
2006-08-12,0.00013333333333333334,75
2006-08-13,0.0,73
2006-08-14,0.010405405405405405,74
2006-08-15,0.3983783783783784,74
2006-08-16,0.12094594594594593,74
2006-08-17,0.001081081081081081,74
2006-08-18,0.0008,75
2006-08-19,0.08048387096774193,62
2006-08-20,0.9180821917808218,73
2006-08-21,0.2611111111111111,72
2006-08-22,0.0012162162162162162,74
2006-08-23,0.002676056338028169,71
2006-08-24,0.035,72
2006-08-25,0.3698648648648649,74
2006-08-26,0.15887323943661974,71
2006-08-27,0.2543243243243244,74
2006-08-28,0.5540540540540542,74
2006-08-29,0.17637681159420293,69
2006-08-30,0.10212121212121214,66
2006-08-31,0.0001388888888888889,72
2006-09-01,0.0008695652173913044,69
2006-09-02,0.032857142857142856,56
2006-09-03,0.40697368421052643,76
2006-09-04,0.16338028169014085,71
2006-09-05,0.06220588235294118,68
2006-09-06,0.1452112676056338,71
2006-09-07,0.0037500000000000003,72
2006-09-08,0.0035616438356164386,73
2006-09-09,0.02945205479452055,73
2006-09-10,0.08130434782608696,69
2006-09-11,0.000410958904109589,73
2006-09-12,0.0,74
2006-09-13,0.0,54
2006-09-14,0.20969696969696972,66
2006-09-15,0.24581081081081088,74
2006-09-16,0.0376056338028169,71
2006-09-17,0.003013698630136987,73
2006-09-18,0.004666666666666667,75
2006-09-19,0.24705128205128205,78
2006-09-20,0.44506849315068486,73
2006-09-21,0.0025,72
2006-09-22,0.0006944444444444445,72
2006-09-23,0.09384615384615384,65
2006-09-24,0.13151515151515147,66
2006-09-25,0.05249999999999999,64
2006-09-26,0.00014285714285714287,70
2006-09-27,0.0006849315068493151,73
2006-09-28,0.02905405405405406,74
2006-09-29,0.2945945945945946,74
2006-09-30,0.12888888888888891,72
2006-10-01,0.4002857142857143,70
2006-10-02,0.36714285714285727,70
2006-10-03,0.002295081967213115,61
2006-10-04,0.030819672131147544,61
2006-10-05,0.12591549295774648,71
2006-10-06,0.0005333333333333334,75
2006-10-07,0.0,74
2006-10-08,0.0002702702702702703,74
2006-10-09,0.000958904109589041,73
2006-10-10,0.0008108108108108109,74
2006-10-11,0.3867105263157895,76
2006-10-12,0.9965333333333333,75
2006-10-13,0.04241379310344827,58
2006-10-14,0.0008571428571428571,70
2006-10-15,0.0015492957746478873,71
2006-10-16,0.0002777777777777778,72
2006-10-17,0.126986301369863,73
2006-10-18,0.2661643835616439,73
2006-10-19,0.026451612903225806,62
2006-10-20,0.33360000000000006,75
2006-10-21,0.22136986301369863,73
2006-10-22,0.017333333333333333,60
2006-10-23,0.17328767123287672,73
2006-10-24,0.004920634920634921,63
2006-10-25,0.00042857142857142855,70
2006-10-26,0.0,70
2006-10-27,0.04985714285714286,70
2006-10-28,1.1721052631578948,76
2006-10-29,0.9978125,64
2006-10-30,0.0005714285714285715,70
2006-10-31,0.003243243243243243,74
2006-11-01,0.05712328767123288,73
2006-11-02,0.17929577464788735,71
2006-11-03,0.06736111111111112,72
2006-11-04,0.00014084507042253522,71
2006-11-05,0.0,72
2006-11-06,0.0,75
2006-11-07,0.046857142857142854,70
2006-11-08,0.7725974025974027,77
2006-11-09,0.8075675675675675,74
2006-11-10,0.0026153846153846158,65
2006-11-11,0.013055555555555556,72
2006-11-12,0.3427272727272727,66
2006-11-13,0.40314285714285714,70
2006-11-14,0.45133333333333325,75
2006-11-15,0.05416666666666666,60
2006-11-16,0.27953125,64
2006-11-17,0.7918666666666667,75
2006-11-18,0.037142857142857144,70
2006-11-19,0.012985074626865673,67
2006-11-20,0.0019672131147540984,61
2006-11-21,0.0,74
2006-11-22,0.0023287671232876716,73
2006-11-23,0.8301492537313433,67
2006-11-24,0.97,75
2006-11-25,0.0008108108108108108,74
2006-11-26,0.0002631578947368421,76
2006-11-27,0.00013513513513513514,74
2006-11-28,0.012285714285714287,70
2006-11-29,0.022686567164179106,67
2006-11-30,0.002295081967213115,61
2006-12-01,0.2426153846153846,65
2006-12-02,0.18851351351351348,74
2006-12-03,0.0036111111111111114,72
2006-12-04,0.19220588235294117,68
2006-12-05,0.03482142857142857,56
2006-12-06,0.005151515151515151,66
2006-12-07,0.013636363636363636,55
2006-12-08,0.015750000000000004,40
2006-12-09,0.0014285714285714286,63
2006-12-10,0.0,70
2006-12-11,0.0035593220338983053,59
2006-12-12,0.0013432835820895524,67
2006-12-13,0.07101449275362319,69
2006-12-14,0.06945205479452056,73
2006-12-15,0.010289855072463772,69
2006-12-16,0.016029411764705882,68
2006-12-17,0.00014492753623188405,69
2006-12-18,0.005535714285714287,56
2006-12-19,0.003859649122807018,57
2006-12-20,0.00029411764705882356,68
2006-12-21,0.0,72
2006-12-22,0.13179104477611941,67
2006-12-23,0.65375,72
2006-12-24,0.12690140845070422,71
2006-12-25,0.12126760563380283,71
2006-12-26,0.41205479452054794,73
2006-12-27,0.025192307692307698,52
2006-12-28,0.0028125,64
2006-12-29,0.0002777777777777778,72
2006-12-30,0.031363636363636364,66
2006-12-31,0.04,67
2007-01-01,0.5361643835616439,73
2007-01-02,0.43279411764705883,68
2007-01-03,0.0015942028985507246,69
2007-01-04,0.0,72
2007-01-05,0.043382352941176476,68
2007-01-06,0.17373333333333335,75
2007-01-07,0.1253125,64
2007-01-08,0.6303947368421052,76
2007-01-09,0.2568656716417911,67
2007-01-10,0.003134328358208955,67
2007-01-11,0.006527777777777778,72
2007-01-12,0.011095890410958905,73
2007-01-13,0.055806451612903235,62
2007-01-14,0.13666666666666666,72
2007-01-15,0.41026315789473683,76
2007-01-16,0.23169014084507047,71
2007-01-17,0.001935483870967742,62
2007-01-18,0.08217391304347828,69
2007-01-19,0.16621212121212123,66
2007-01-20,0.011153846153846155,52
2007-01-21,0.0008823529411764705,68
2007-01-22,0.02431372549019608,51
2007-01-23,0.02727272727272728,55
2007-01-24,0.0015873015873015873,63
2007-01-25,0.00016949152542372882,59
2007-01-26,0.0007936507936507937,63
2007-01-27,0.005,54
2007-01-28,0.026805555555555558,72
2007-01-29,0.004821428571428572,56
2007-01-30,0.0025396825396825397,63
2007-01-31,0.007818181818181818,55
2007-02-01,0.0003076923076923077,65
2007-02-02,0.13159420289855073,69
2007-02-03,0.1496875,64
2007-02-04,0.006363636363636363,66
2007-02-05,0.0,71
2007-02-06,0.0,71
2007-02-07,0.0,70
2007-02-08,0.0008064516129032258,62
2007-02-09,0.002033898305084746,59
2007-02-10,0.00016129032258064516,62
2007-02-11,0.0,64
2007-02-12,0.0,68
2007-02-13,0.03580645161290323,62
2007-02-14,0.9107246376811595,69
2007-02-15,0.706140350877193,57
2007-02-16,0.0003225806451612903,62
2007-02-17,0.0,66
2007-02-18,0.012857142857142857,49
2007-02-19,0.0013333333333333333,60
2007-02-20,0.004035087719298246,57
2007-02-21,0.02375,56
2007-02-22,0.11943661971830984,71
2007-02-23,0.12507462686567164,67
2007-02-24,0.007258064516129032,62
2007-02-25,0.01391304347826087,69
2007-02-26,0.13115942028985508,69
2007-02-27,0.061147540983606564,61
2007-02-28,0.006153846153846154,52
2007-03-01,0.035633802816901414,71
2007-03-02,1.1574324324324325,74
2007-03-03,0.646969696969697,66
2007-03-04,0.007377049180327869,61
2007-03-05,0.004772727272727273,44
2007-03-06,0.004583333333333334,48
2007-03-07,0.0018840579710144927,69
2007-03-08,0.0,53
2007-03-09,0.0006153846153846154,65
2007-03-10,0.04441176470588235,68
2007-03-11,0.21391891891891893,74
2007-03-12,0.005616438356164384,73
2007-03-13,0.0,71
2007-03-14,0.008571428571428572,56
2007-03-15,0.12478260869565219,69
2007-03-16,0.5454666666666667,75
2007-03-17,1.5558108108108109,74
2007-03-18,0.07764705882352942,51
2007-03-19,0.06030303030303031,66
2007-03-20,0.10159420289855073,69
2007-03-21,0.0005633802816901409,71
2007-03-22,0.0216,50
2007-03-23,0.02442622950819672,61
2007-03-24,0.15845070422535212,71
2007-03-25,0.22323529411764706,68
2007-03-26,0.1326027397260274,73
2007-03-27,0.18205479452054793,73
2007-03-28,0.0,70
2007-03-29,0.0,71
2007-03-30,0.0,74
2007-03-31,0.0,73
2007-04-01,0.11084507042253522,71
2007-04-02,0.30140845070422534,71
2007-04-03,0.042741935483870966,62
2007-04-04,0.5023809523809524,63
2007-04-05,0.6967123287671233,73
2007-04-06,0.008032786885245901,61
2007-04-07,0.0,66
2007-04-08,0.0,62
2007-04-09,0.0,68
2007-04-10,0.0,71
2007-04-11,0.0002898550724637681,69
2007-04-12,0.5704411764705883,68
2007-04-13,0.5769230769230769,65
2007-04-14,0.0015625,64
2007-04-15,1.1370588235294117,68
2007-04-16,2.014342105263158,76
2007-04-17,0.4295945945945946,74
2007-04-18,0.30067567567567566,74
2007-04-19,0.06861538461538463,65
2007-04-20,0.0011111111111111111,63
2007-04-21,0.0,73
2007-04-22,0.0,72
2007-04-23,0.0019718309859154933,71
2007-04-24,0.0051470588235294126,68
2007-04-25,0.10671232876712328,73
2007-04-26,0.17984615384615385,65
2007-04-27,0.6313333333333333,75
2007-04-28,0.248,70
2007-04-29,0.07850746268656716,67
2007-04-30,0.05476923076923077,65
2007-05-01,0.04032258064516129,62
2007-05-02,0.11876712328767124,73
2007-05-03,0.00782608695652174,69
2007-05-04,0.0,73
2007-05-05,0.0003225806451612903,62
2007-05-06,0.006833333333333334,60
2007-05-07,0.000273972602739726,73
2007-05-08,0.0,74
2007-05-09,0.0,72
2007-05-10,0.00782608695652174,69
2007-05-11,0.17347826086956522,69
2007-05-12,0.13353846153846152,65
2007-05-13,0.009104477611940298,67
2007-05-14,0.00041666666666666664,72
2007-05-15,0.05203125,64
2007-05-16,0.5545070422535212,71
2007-05-17,0.5086111111111111,72
2007-05-18,0.8212162162162162,74
2007-05-19,0.643157894736842,76
2007-05-20,0.33342105263157895,76
2007-05-21,0.16016129032258064,62
2007-05-22,0.0066176470588235285,68
2007-05-23,0.00014285714285714287,70
2007-05-24,0.0,72
2007-05-25,0.00041666666666666664,72
2007-05-26,0.002142857142857143,70
2007-05-27,0.015352112676056339,71
2007-05-28,0.0164,50
2007-05-29,0.0014492753623188404,69
2007-05-30,0.0,72
2007-05-31,0.050517241379310344,58
2007-06-01,0.09478873239436619,71
2007-06-02,0.09865671641791043,67
2007-06-03,0.2846478873239437,71
2007-06-04,0.8979999999999999,75
2007-06-05,0.47257142857142853,70
2007-06-06,0.0411764705882353,68
2007-06-07,0.0019718309859154933,71
2007-06-08,0.0016901408450704224,71
2007-06-09,0.09730158730158732,63
2007-06-10,0.11985074626865673,67
2007-06-11,0.04101449275362319,69
2007-06-12,0.0998529411764706,68
2007-06-13,0.044576271186440676,59
2007-06-14,0.004333333333333333,60
2007-06-15,0.000821917808219178,73
2007-06-16,0.06220588235294118,68
2007-06-17,0.06718750000000001,64
2007-06-18,0.03628571428571429,70
2007-06-19,0.005466666666666667,75
2007-06-20,0.06253521126760564,71
2007-06-21,0.0958904109589041,73
2007-06-22,0.14786666666666667,75
2007-06-23,0.07027777777777779,72
2007-06-24,0.00039999999999999996,75
2007-06-25,0.0013333333333333335,75
2007-06-26,0.001232876712328767,73
2007-06-27,0.023529411764705882,68
2007-06-28,0.06246376811594204,69
2007-06-29,0.052537313432835825,67
2007-06-30,0.01,66
2007-07-01,0.04111111111111111,63
2007-07-02,0.002238805970149254,67
2007-07-03,0.00028169014084507044,71
2007-07-04,0.1761842105263158,76
2007-07-05,0.6701298701298701,77
2007-07-06,0.3184285714285714,70
2007-07-07,0.032957746478873236,71
2007-07-08,0.11710526315789474,76
2007-07-09,0.2828,75
2007-07-10,0.0804,75
2007-07-11,0.0992537313432836,67
2007-07-12,0.1473611111111111,72
2007-07-13,0.010294117647058823,68
2007-07-14,0.016842105263157894,57
2007-07-15,0.08027777777777777,72
2007-07-16,0.11123076923076924,65
2007-07-17,0.004666666666666667,75
2007-07-18,0.19733333333333333,75
2007-07-19,0.34671052631578947,76
2007-07-20,0.2941095890410959,73
2007-07-21,0.005285714285714287,70
2007-07-22,0.00013333333333333334,75
2007-07-23,0.06025974025974027,77
2007-07-24,0.06309859154929577,71
2007-07-25,0.001095890410958904,73
2007-07-26,0.0002666666666666667,75
2007-07-27,0.016901408450704227,71
2007-07-28,0.44780821917808217,73
2007-07-29,0.3426027397260274,73
2007-07-30,0.4884931506849315,73
2007-07-31,0.06357142857142857,70
2007-08-01,0.000547945205479452,73
2007-08-02,0.0005405405405405405,74
2007-08-03,0.03656716417910448,67
2007-08-04,0.08277777777777777,72
2007-08-05,0.000136986301369863,73
2007-08-06,0.057058823529411766,68
2007-08-07,0.11028985507246378,69
2007-08-08,0.27611111111111114,72
2007-08-09,0.055492957746478874,71
2007-08-10,0.16614285714285715,70
2007-08-11,0.12985507246376812,69
2007-08-12,0.005205479452054795,73
2007-08-13,0.12772727272727272,66
2007-08-14,0.095,66
2007-08-15,0.0018055555555555557,72
2007-08-16,0.0002898550724637681,69
2007-08-17,0.05492753623188406,69
2007-08-18,0.1126470588235294,68
2007-08-19,0.000273972602739726,73
2007-08-20,0.007,70
2007-08-21,0.006285714285714286,70
2007-08-22,0.001,70
2007-08-23,0.0019672131147540984,61
2007-08-24,0.0012903225806451613,62
2007-08-25,0.006142857142857143,70
2007-08-26,0.0029629629629629637,54
2007-08-27,0.0,67
2007-08-28,0.00042857142857142855,70
2007-08-29,0.001095890410958904,73
2007-08-30,0.002676056338028169,71
2007-08-31,0.034,65
2007-09-01,0.013333333333333334,75
2007-09-02,0.00013333333333333334,75
2007-09-03,0.0002702702702702703,74
2007-09-04,0.001095890410958904,73
2007-09-05,0.00013333333333333334,75
2007-09-06,0.0008219178082191781,73
2007-09-07,0.0,73
2007-09-08,0.06736111111111112,72
2007-09-09,0.28459459459459463,74
2007-09-10,0.1858064516129032,62
2007-09-11,0.726986301369863,73
2007-09-12,0.6102666666666667,75
2007-09-13,0.0007894736842105264,76
2007-09-14,0.014933333333333335,75
2007-09-15,0.3282894736842106,76
2007-09-16,0.07631578947368421,76
2007-09-17,0.0007894736842105264,76
2007-09-18,0.0002631578947368421,76
2007-09-19,0.0008450704225352113,71
2007-09-20,0.0013513513513513514,74
2007-09-21,0.0012,75
2007-09-22,0.004861111111111111,72
2007-09-23,0.000945945945945946,74
2007-09-24,0.0,73
2007-09-25,0.00014084507042253522,71
2007-09-26,0.002191780821917808,73
2007-09-27,0.07027027027027026,74
2007-09-28,0.14470588235294118,68
2007-09-29,0.003970588235294118,68
2007-09-30,0.0002702702702702703,74
2007-10-01,0.00039999999999999996,75
2007-10-02,0.0005333333333333334,75
2007-10-03,0.00196969696969697,66
2007-10-04,0.0007042253521126761,71
2007-10-05,0.0016901408450704226,71
2007-10-06,0.02671641791044776,67
2007-10-07,0.03948275862068966,58
2007-10-08,0.2926760563380282,71
2007-10-09,0.22413333333333335,75
2007-10-10,0.12,71
2007-10-11,0.2364,75
2007-10-12,0.3795890410958904,73
2007-10-13,0.10347222222222222,72
2007-10-14,0.005540540540540541,74
2007-10-15,0.0,75
2007-10-16,0.000136986301369863,73
2007-10-17,0.00013333333333333334,75
2007-10-18,0.024864864864864868,74
2007-10-19,0.4040845070422535,71
2007-10-20,0.686986301369863,73
2007-10-21,0.01780821917808219,73
2007-10-22,0.000273972602739726,73
2007-10-23,0.03222222222222223,72
2007-10-24,0.09285714285714286,77
2007-10-25,0.0677922077922078,77
2007-10-26,0.05071428571428571,70
2007-10-27,0.4011688311688312,77
2007-10-28,0.19640000000000002,75
2007-10-29,0.005394736842105264,76
2007-10-30,0.00013333333333333334,75
2007-10-31,0.0002666666666666667,75
2007-11-01,0.00014285714285714287,70
2007-11-02,0.0,71
2007-11-03,0.48756756756756753,74
2007-11-04,0.4916901408450704,71
2007-11-05,0.01618421052631579,76
2007-11-06,0.4038028169014084,71
2007-11-07,0.24719999999999998,75
2007-11-08,0.00013333333333333334,75
2007-11-09,0.00671641791044776,67
2007-11-10,0.025714285714285714,70
2007-11-11,0.004583333333333333,72
2007-11-12,0.030138888888888896,72
2007-11-13,0.21789473684210528,76
2007-11-14,0.07042857142857144,70
2007-11-15,0.307027027027027,74
2007-11-16,0.5456164383561644,73
2007-11-17,0.03742857142857142,70
2007-11-18,0.008108108108108109,74
2007-11-19,0.0028333333333333335,60
2007-11-20,0.07761194029850746,67
2007-11-21,0.08720588235294117,68
2007-11-22,0.02140625,64
2007-11-23,0.007462686567164179,67
2007-11-24,0.0,73
2007-11-25,0.015753424657534244,73
2007-11-26,0.3429333333333333,75
2007-11-27,0.36106666666666665,75
2007-11-28,0.0073846153846153844,65
2007-11-29,0.01966666666666667,60
2007-11-30,0.011917808219178084,73
2007-12-01,0.007017543859649123,57
2007-12-02,0.06446153846153847,65
2007-12-03,0.49183098591549296,71
2007-12-04,0.06551020408163266,49
2007-12-05,0.001568627450980392,51
2007-12-06,0.0008955223880597015,67
2007-12-07,0.04441176470588236,68
2007-12-08,0.043333333333333335,72
2007-12-09,0.06225352112676056,71
2007-12-10,0.14186666666666667,75
2007-12-11,0.060985915492957746,71
2007-12-12,0.08793650793650795,63
2007-12-13,0.48968253968253966,63
2007-12-14,0.533235294117647,68
2007-12-15,0.030704225352112677,71
2007-12-16,0.7710810810810811,74
2007-12-17,0.49862068965517237,58
2007-12-18,0.0004225352112676056,71
2007-12-19,0.03900000000000001,70
2007-12-20,0.22904109589041094,73
2007-12-21,0.11095238095238096,63
2007-12-22,0.00375,64
2007-12-23,0.2817910447761194,67
2007-12-24,0.36180555555555555,72
2007-12-25,0.00013333333333333334,75
2007-12-26,0.05184615384615385,65
2007-12-27,0.2124,75
2007-12-28,0.11277777777777777,72
2007-12-29,0.1646052631578947,76
2007-12-30,0.1179166666666667,72
2007-12-31,0.4590410958904109,73
2008-01-01,0.15363636363636365,66
2008-01-02,0.20649122807017548,57
2008-01-03,0.0031818181818181815,66
2008-01-04,0.001643835616438356,73
2008-01-05,0.0,63
2008-01-06,0.0006557377049180328,61
2008-01-07,0.0001388888888888889,72
2008-01-08,0.000136986301369863,73
2008-01-09,0.006417910447761194,67
2008-01-10,0.015797101449275364,69
2008-01-11,0.5946478873239436,71
2008-01-12,0.37534246575342467,73
2008-01-13,0.004459459459459459,74
2008-01-14,0.5572222222222223,72
2008-01-15,0.18964285714285717,56
2008-01-16,0.018,65
2008-01-17,0.021692307692307695,65
2008-01-18,0.32342105263157894,76
2008-01-19,0.047058823529411764,68
2008-01-20,0.005178571428571428,56
2008-01-21,0.00029411764705882356,68
2008-01-22,0.035161290322580634,62
2008-01-23,0.032807017543859646,57
2008-01-24,0.0,61
2008-01-25,0.0,66
2008-01-26,0.0,69
2008-01-27,0.06451612903225806,62
2008-01-28,0.08597014925373135,67
2008-01-29,0.00196969696969697,66
2008-01-30,0.051917808219178074,73
2008-01-31,0.03888888888888889,72
2008-02-01,0.4889189189189189,74
2008-02-02,0.8010294117647059,68
2008-02-03,0.0,74
2008-02-04,0.002727272727272727,66
2008-02-05,0.3010810810810811,74
2008-02-06,0.6912162162162162,74
2008-02-07,0.8876,75
2008-02-08,0.08152777777777777,72
2008-02-09,0.05749999999999999,68
2008-02-10,0.1381081081081081,74
2008-02-11,0.0391304347826087,69
2008-02-12,0.09972972972972972,74
2008-02-13,1.5414864864864863,74
2008-02-14,1.3395522388059704,67
2008-02-15,0.0,70
2008-02-16,0.0,73
2008-02-17,0.048405797101449266,69
2008-02-18,0.504054054054054,74
2008-02-19,0.3031034482758621,58
2008-02-20,0.013809523809523811,63
2008-02-21,0.001388888888888889,72
2008-02-22,0.28467741935483876,62
2008-02-23,0.4464814814814815,54
2008-02-24,0.0001724137931034483,58
2008-02-25,0.0,72
2008-02-26,0.25986666666666663,75
2008-02-27,0.41257575757575765,66
2008-02-28,0.0396,50
2008-02-29,0.024262295081967214,61
2008-03-01,0.2809333333333333,75
2008-03-02,0.07536231884057971,69
2008-03-03,0.002112676056338028,71
2008-03-04,0.21352941176470588,68
2008-03-05,0.6694666666666667,75
2008-03-06,0.12876712328767123,73
2008-03-07,0.13378378378378378,74
2008-03-08,1.1443999999999999,75
2008-03-09,0.7728985507246379,69
2008-03-10,0.001,70
2008-03-11,0.0,69
2008-03-12,0.09984374999999998,64
2008-03-13,0.06571428571428571,63
2008-03-14,0.031020408163265303,49
2008-03-15,0.24108108108108112,74
2008-03-16,0.13327272727272726,55
2008-03-17,0.003384615384615385,65
2008-03-18,0.006885245901639345,61
2008-03-19,0.3505970149253731,67
2008-03-20,0.5791891891891893,74
2008-03-21,0.01017241379310345,58
2008-03-22,0.0,74
2008-03-23,0.0,75
2008-03-24,0.0006849315068493151,73
2008-03-25,0.0007272727272727273,55
2008-03-26,0.010384615384615384,52
2008-03-27,0.032790697674418605,43
2008-03-28,0.2955555555555556,72
2008-03-29,0.15065573770491802,61
2008-03-30,0.0,72
2008-03-31,0.11661971830985918,71
2008-04-01,0.30666666666666664,75
2008-04-02,0.14857142857142855,70
2008-04-03,0.011973684210526317,76
2008-04-04,0.46513157894736845,76
2008-04-05,0.3501315789473684,76
2008-04-06,0.03049180327868853,61
2008-04-07,0.0152112676056338,71
2008-04-08,0.00039999999999999996,75
2008-04-09,0.0,72
2008-04-10,0.020000000000000004,58
2008-04-11,0.036567164179104474,67
2008-04-12,0.40558441558441555,77
2008-04-13,0.10209677419354839,62
2008-04-14,0.010285714285714285,70
2008-04-15,0.0,76
2008-04-16,0.0,75
2008-04-17,0.001095890410958904,73
2008-04-18,0.005466666666666667,75
2008-04-19,0.0009333333333333334,75
2008-04-20,0.0,75
2008-04-21,0.0,75
2008-04-22,0.0,75
2008-04-23,0.004477611940298508,67
2008-04-24,0.008135593220338983,59
2008-04-25,0.00013333333333333334,75
2008-04-26,0.001323529411764706,68
2008-04-27,0.008135593220338985,59
2008-04-28,0.543142857142857,70
2008-04-29,1.2254054054054053,74
2008-04-30,0.2757534246575343,73
2008-05-01,0.0018181818181818182,66
2008-05-02,0.08506666666666667,75
2008-05-03,0.11653333333333331,75
2008-05-04,0.1612,75
2008-05-05,0.08342857142857141,70
2008-05-06,0.0,73
2008-05-07,0.0036000000000000003,75
2008-05-08,0.08283783783783785,74
2008-05-09,0.17140845070422536,71
2008-05-10,0.19727272727272724,66
2008-05-11,0.004189189189189189,74
2008-05-12,0.0,74
2008-05-13,0.000136986301369863,73
2008-05-14,0.0,73
2008-05-15,0.0055,60
2008-05-16,0.21231884057971012,69
2008-05-17,0.6157894736842104,76
2008-05-18,0.06136363636363636,66
2008-05-19,0.023484848484848487,66
2008-05-20,0.06524590163934427,61
2008-05-21,0.08815384615384617,65
2008-05-22,0.085,58
2008-05-23,0.02431034482758621,58
2008-05-24,0.005833333333333334,60
2008-05-25,0.0,72
2008-05-26,0.0012676056338028169,71
2008-05-27,0.1456756756756757,74
2008-05-28,0.1211267605633803,71
2008-05-29,0.0,74
2008-05-30,0.0030555555555555557,72
2008-05-31,0.09169014084507042,71
2008-06-01,0.08955882352941176,68
2008-06-02,0.005671641791044776,67
2008-06-03,0.0036486486486486487,74
2008-06-04,0.22972222222222222,72
2008-06-05,0.2667142857142858,70
2008-06-06,0.32378378378378375,74
2008-06-07,0.0976,75
2008-06-08,0.02043478260869565,69
2008-06-09,0.018333333333333333,72
2008-06-10,0.05432432432432433,74
2008-06-11,0.11911764705882352,68
2008-06-12,0.0005263157894736842,76
2008-06-13,0.0015999999999999999,75
2008-06-14,0.03830769230769231,65
2008-06-15,0.24786666666666665,75
2008-06-16,0.37083333333333335,72
2008-06-17,0.3904285714285714,70
2008-06-18,0.0456060606060606,66
2008-06-19,0.01855072463768116,69
2008-06-20,0.02614285714285714,70
2008-06-21,0.039859154929577464,71
2008-06-22,0.08242857142857142,70
2008-06-23,0.5227397260273973,73
2008-06-24,0.6940277777777778,72
2008-06-25,0.10333333333333335,75
2008-06-26,0.015000000000000001,62
2008-06-27,0.06628571428571427,70
2008-06-28,0.08580645161290323,62
2008-06-29,0.10484375,64
2008-06-30,0.17470588235294116,68
2008-07-01,0.07567164179104477,67
2008-07-02,0.17125,72
2008-07-03,0.23397260273972606,73
2008-07-04,0.26702702702702696,74
2008-07-05,0.08420289855072463,69
2008-07-06,0.02857142857142857,70
2008-07-07,0.005405405405405406,74
2008-07-08,0.0015999999999999999,75
2008-07-09,0.1456164383561644,73
2008-07-10,0.1935294117647059,68
2008-07-11,0.0,67
2008-07-12,0.0,70
2008-07-13,0.005352112676056338,71
2008-07-14,0.06852459016393442,61
2008-07-15,0.057837837837837844,74
2008-07-16,0.00025974025974025974,77
2008-07-17,0.0004054054054054054,74
2008-07-18,0.03863013698630136,73
2008-07-19,0.11956521739130432,69
2008-07-20,0.22445945945945944,74
2008-07-21,0.4040000000000001,75
2008-07-22,0.28434782608695647,69
2008-07-23,0.7539473684210527,76
2008-07-24,1.6349350649350647,77
2008-07-25,0.887763157894737,76
2008-07-26,0.0376,75
2008-07-27,0.5658108108108106,74
2008-07-28,0.4768421052631579,76
2008-07-29,0.005540540540540541,74
2008-07-30,0.022027027027027028,74
2008-07-31,0.13554054054054054,74
2008-08-01,0.05565217391304347,69
2008-08-02,0.1641891891891892,74
2008-08-03,0.25299999999999995,70
2008-08-04,0.09200000000000001,70
2008-08-05,0.0480597014925373,67
2008-08-06,0.3126315789473684,76
2008-08-07,0.3492105263157896,76
2008-08-08,0.5333766233766234,77
2008-08-09,0.1708695652173913,69
2008-08-10,0.11171428571428571,70
2008-08-11,0.42561643835616436,73
2008-08-12,0.35533333333333333,75
2008-08-13,0.06597222222222222,72
2008-08-14,0.03394366197183099,71
2008-08-15,0.1946969696969697,66
2008-08-16,0.38671641791044786,67
2008-08-17,0.03861111111111112,72
2008-08-18,0.035199999999999995,75
2008-08-19,0.08770270270270271,74
2008-08-20,0.057999999999999996,75
2008-08-21,0.000945945945945946,74
2008-08-22,0.0010666666666666667,75
2008-08-23,0.0006666666666666668,75
2008-08-24,0.0006493506493506494,77
2008-08-25,0.02484848484848485,66
2008-08-26,0.031428571428571424,70
2008-08-27,0.00012987012987012987,77
2008-08-28,0.0005333333333333334,75
2008-08-29,0.009718309859154929,71
2008-08-30,0.06840579710144927,69
2008-08-31,0.011643835616438357,73
2008-09-01,0.0034210526315789475,76
2008-09-02,0.0,73
2008-09-03,0.03223684210526316,76
2008-09-04,0.0104,75
2008-09-05,0.02337837837837838,74
2008-09-06,1.420394736842105,76
2008-09-07,1.9103896103896107,77
2008-09-08,0.0006944444444444445,72
2008-09-09,0.1907792207792208,77
2008-09-10,0.2829333333333333,75
2008-09-11,0.0006578947368421052,76
2008-09-12,0.10594594594594595,74
2008-09-13,0.19125,72
2008-09-14,0.32540540540540536,74
2008-09-15,0.14197368421052634,76
2008-09-16,0.0,77
2008-09-17,0.002266666666666667,75
2008-09-18,0.0009333333333333334,75
2008-09-19,0.00013333333333333334,75
2008-09-20,0.00013333333333333334,75
2008-09-21,0.021351351351351352,74
2008-09-22,0.015135135135135137,74
2008-09-23,0.0009090909090909092,77
2008-09-24,0.003157894736842105,76
2008-09-25,0.003157894736842105,76
2008-09-26,0.8947368421052632,76
2008-09-27,1.444025974025974,77
2008-09-28,0.802077922077922,77
2008-09-29,0.278421052631579,76
2008-09-30,0.04984374999999999,64
2008-10-01,0.13279411764705884,68
2008-10-02,0.2354794520547946,73
2008-10-03,0.015000000000000001,52
2008-10-04,0.002238805970149254,67
2008-10-05,0.010937500000000001,64
2008-10-06,0.01253968253968254,63
2008-10-07,0.0024999999999999996,68
2008-10-08,0.001095890410958904,73
2008-10-09,0.11534246575342463,73
2008-10-10,0.006388888888888888,72
2008-10-11,0.00013157894736842105,76
2008-10-12,0.0002666666666666667,75
2008-10-13,0.0002666666666666667,75
2008-10-14,0.0,70
2008-10-15,0.0006944444444444445,72
2008-10-16,0.037536231884057976,69
2008-10-17,0.024166666666666666,72
2008-10-18,0.0,75
2008-10-19,0.0,75
2008-10-20,0.0,74
2008-10-21,0.018030303030303032,66
2008-10-22,0.08361111111111108,72
2008-10-23,0.03897058823529411,68
2008-10-24,0.0,73
2008-10-25,0.24830985915492956,71
2008-10-26,1.1461333333333332,75
2008-10-27,0.008356164383561645,73
2008-10-28,0.24666666666666662,66
2008-10-29,0.3590140845070423,71
2008-10-30,0.0008571428571428571,70
2008-10-31,0.0,75
2008-11-01,0.0,75
2008-11-02,0.0,75
2008-11-03,0.0,72
2008-11-04,0.00014084507042253522,71
2008-11-05,0.02121621621621622,74
2008-11-06,0.3586842105263157,76
2008-11-07,0.37391891891891893,74
2008-11-08,0.07608108108108107,74
2008-11-09,0.17171428571428574,70
2008-11-10,0.02291666666666667,48
2008-11-11,0.0026153846153846153,65
2008-11-12,0.0,72
2008-11-13,0.036406249999999994,64
2008-11-14,0.1644736842105263,76
2008-11-15,0.2443421052631579,76
2008-11-16,0.5468000000000001,75
2008-11-17,0.01746031746031746,63
2008-11-18,0.00078125,64
2008-11-19,0.00014705882352941178,68
2008-11-20,0.0027397260273972603,73
2008-11-21,0.0,71
2008-11-22,0.0,63
2008-11-23,0.0,72
2008-11-24,0.00873015873015873,63
2008-11-25,1.0676315789473683,76
2008-11-26,0.703,70
2008-11-27,0.0025,68
2008-11-28,0.0406153846153846,65
2008-11-29,0.06154929577464789,71
2008-11-30,0.2772602739726027,73
2008-12-01,0.6543421052631578,76
2008-12-02,0.015303030303030303,66
2008-12-03,0.0,74
2008-12-04,0.005087719298245615,57
2008-12-05,0.011333333333333332,60
2008-12-06,0.0007246376811594203,69
2008-12-07,0.06169491525423729,59
2008-12-08,0.03253731343283582,67
2008-12-09,0.01517241379310345,58
2008-12-10,0.24222222222222223,72
2008-12-11,0.8916000000000001,75
2008-12-12,2.396973684210527,76
2008-12-13,0.1309722222222222,72
2008-12-14,0.0,74
2008-12-15,0.012711864406779662,59
2008-12-16,0.11337837837837836,74
2008-12-17,0.32315789473684214,76
2008-12-18,0.0524,75
2008-12-19,0.2357142857142857,77
2008-12-20,0.5443243243243243,74
2008-12-21,0.3326027397260274,73
2008-12-22,0.3965671641791045,67
2008-12-23,0.0,72
2008-12-24,0.13044776119402984,67
2008-12-25,0.2978666666666666,75
2008-12-26,0.004285714285714286,70
2008-12-27,0.13999999999999999,72
2008-12-28,0.1263888888888889,72
2008-12-29,0.004583333333333333,72
2008-12-30,0.022258064516129033,62
2008-12-31,0.12958333333333333,72
2009-01-01,0.24549295774647886,71
2009-01-02,0.0024615384615384616,65
2009-01-03,0.021875000000000002,48
2009-01-04,0.0030000000000000005,70
2009-01-05,0.042878787878787884,66
2009-01-06,0.0024242424242424247,66
2009-01-07,0.6715584415584416,77
2009-01-08,0.5504166666666666,72
2009-01-09,0.019384615384615386,65
2009-01-10,0.029605263157894735,76
2009-01-11,0.43205128205128207,78
2009-01-12,0.05737704918032786,61
2009-01-13,0.02953125,64
2009-01-14,0.04426229508196722,61
2009-01-15,0.00140625,64
2009-01-16,0.007746478873239438,71
2009-01-17,0.015625,64
2009-01-18,0.23960000000000004,75
2009-01-19,0.37346666666666667,75
2009-01-20,0.012352941176470589,51
2009-01-21,0.0060714285714285705,56
2009-01-22,0.0,72
2009-01-23,0.0,76
2009-01-24,0.00046875,64
2009-01-25,0.0,69
2009-01-26,0.0,73
2009-01-27,0.0,73
2009-01-28,0.535,68
2009-01-29,0.7627536231884058,69
2009-01-30,0.003076923076923077,65
2009-01-31,0.008787878787878789,66
2009-02-01,0.005949367088607595,79
2009-02-02,0.004675324675324676,77
2009-02-03,0.09,76
2009-02-04,0.1471232876712329,73
2009-02-05,0.00039999999999999996,75
2009-02-06,0.0010526315789473684,76
2009-02-07,0.0003846153846153846,78
2009-02-08,0.0,70
2009-02-09,0.00014084507042253522,71
2009-02-10,0.0,71
2009-02-11,0.0017391304347826085,69
2009-02-12,0.15935897435897436,78
2009-02-13,0.037000000000000005,60
2009-02-14,0.0,79
2009-02-15,0.0018987341772151898,79
2009-02-16,0.0,75
2009-02-17,0.005324675324675325,77
2009-02-18,0.0782051282051282,78
2009-02-19,0.37746835443037974,79
2009-02-20,0.09158730158730159,63
2009-02-21,0.0028169014084507044,71
2009-02-22,0.2397297297297297,74
2009-02-23,0.41156249999999994,64
2009-02-24,0.0007042253521126761,71
2009-02-25,0.0,79
2009-02-26,0.0009210526315789475,76
2009-02-27,0.07815789473684209,76
2009-02-28,0.2115853658536585,82
2009-03-01,0.06831168831168834,77
2009-03-02,0.6687209302325581,86
2009-03-03,0.14014705882352943,68
2009-03-04,0.01814814814814815,81
2009-03-05,0.001875,80
2009-03-06,0.0,51
2009-03-07,0.011645569620253165,79
2009-03-08,0.03717948717948718,78
2009-03-09,0.501590909090909,88
2009-03-10,0.23725000000000004,80
2009-03-11,0.18823529411764706,85
2009-03-12,0.07402298850574714,87
2009-03-13,0.0,90
2009-03-14,0.0,87
2009-03-15,0.0,89
2009-03-16,0.0010227272727272726,88
2009-03-17,0.0,91
2009-03-18,0.0022093023255813954,86
2009-03-19,0.024819277108433735,83
2009-03-20,0.03494623655913978,93
2009-03-21,0.002087912087912088,91
2009-03-22,0.0,79
2009-03-23,0.0005555555555555556,72
2009-03-24,0.00010989010989010989,91
2009-03-25,0.0022471910112359553,89
2009-03-26,0.0650561797752809,89
2009-03-27,0.2253684210526316,95
2009-03-28,0.004390243902439024,82
2009-03-29,0.2925531914893617,94
2009-03-30,0.5056701030927836,97
2009-03-31,0.11736842105263157,95
2009-04-01,0.03686046511627907,86
2009-04-02,0.11696629213483146,89
2009-04-03,0.2752380952380952,84
2009-04-04,0.5524096385542168,83
2009-04-05,0.020124999999999997,80
2009-04-06,0.4241758241758243,91
2009-04-07,0.8213978494623655,93
2009-04-08,0.011168831168831168,77
2009-04-09,0.0003409090909090909,88
2009-04-10,0.0690625,96
2009-04-11,0.3897979797979798,99
2009-04-12,0.23635416666666667,96
2009-04-13,0.0002127659574468085,94
2009-04-14,0.0,97
2009-04-15,0.0,96
2009-04-16,0.0,97
2009-04-17,0.0,96
2009-04-18,0.01,81
2009-04-19,0.040224719101123595,89
2009-04-20,0.049565217391304345,92
2009-04-21,1.0126,100
2009-04-22,0.44959999999999994,100
2009-04-23,0.20521739130434785,92
2009-04-24,0.005232558139534884,86
2009-04-25,0.0027710843373493976,83
2009-04-26,0.00021505376344086021,93
2009-04-27,0.00021505376344086021,93
2009-04-28,0.00023529411764705883,85
2009-04-29,0.0088,75
2009-04-30,0.00024096385542168676,83
2009-05-01,0.02849315068493151,73
2009-05-02,0.06021276595744682,94
2009-05-03,0.03189873417721519,79
2009-05-04,0.05831460674157303,89
2009-05-05,0.2359375,96
2009-05-06,0.739423076923077,104
2009-05-07,0.6505882352941175,102
2009-05-08,0.136734693877551,98
2009-05-09,0.1048421052631579,95
2009-05-10,0.16372549019607846,102
2009-05-11,0.0007070707070707072,99
2009-05-12,0.008762886597938144,97
2009-05-13,0.012795698924731182,93
2009-05-14,0.0365979381443299,97
2009-05-15,0.1234313725490196,102
2009-05-16,0.044875,80
2009-05-17,0.29721649484536083,97
2009-05-18,0.05415730337078653,89
2009-05-19,0.012929292929292931,99
2009-05-20,0.0,101
2009-05-21,0.0,101
2009-05-22,0.0,100
2009-05-23,0.006551724137931036,87
2009-05-24,0.1335555555555556,90
2009-05-25,0.13852272727272724,88
2009-05-26,0.0013,100
2009-05-27,0.19940000000000002,100
2009-05-28,0.1461290322580645,93
2009-05-29,0.10484848484848486,99
2009-05-30,0.19078431372549023,102
2009-05-31,0.015670103092783508,97
2009-06-01,0.039607843137254906,102
2009-06-02,0.002474226804123711,97
2009-06-03,0.00550561797752809,89
2009-06-04,0.10455445544554454,101
2009-06-05,0.062,95
2009-06-06,0.15083333333333332,96
2009-06-07,0.002631578947368421,95
2009-06-08,0.00813953488372093,86
2009-06-09,0.07568421052631578,95
2009-06-10,0.16484210526315793,95
2009-06-11,0.15024390243902438,82
2009-06-12,0.8659615384615384,104
2009-06-13,0.13033333333333333,90
2009-06-14,0.4649514563106797,103
2009-06-15,0.15254901960784317,102
2009-06-16,0.07804878048780488,82
2009-06-17,0.0015217391304347828,92
2009-06-18,0.20303030303030303,99
2009-06-19,0.8174509803921569,102
2009-06-20,0.11214285714285714,98
2009-06-21,0.15168539325842698,89
2009-06-22,0.3998,100
2009-06-23,0.3296938775510204,98
2009-06-24,0.15061224489795919,98
2009-06-25,0.06302083333333335,96
2009-06-26,0.10878787878787878,99
2009-06-27,0.15552941176470586,85
2009-06-28,0.15193181818181817,88
2009-06-29,0.21431372549019606,102
2009-06-30,0.12646464646464647,99
2009-07-01,0.3297826086956521,92
2009-07-02,0.8342718446601942,103
2009-07-03,0.6102061855670103,97
2009-07-04,0.04911111111111111,90
2009-07-05,0.000297029702970297,101
2009-07-06,0.0013861386138613863,101
2009-07-07,0.2653763440860215,93
2009-07-08,0.6199019607843138,102
2009-07-09,0.13858695652173914,92
2009-07-10,0.006470588235294118,102
2009-07-11,0.08702970297029702,101
2009-07-12,0.5440566037735849,106
2009-07-13,0.015408163265306123,98
2009-07-14,0.0,102
2009-07-15,0.0,104
2009-07-16,0.00875,80
2009-07-17,0.10011494252873562,87
2009-07-18,0.6850943396226414,106
2009-07-19,0.011157894736842106,95
2009-07-20,0.0004950495049504951,101
2009-07-21,0.3051020408163265,98
2009-07-22,0.5650526315789474,95
2009-07-23,0.15701030927835052,97
2009-07-24,1.839433962264151,106
2009-07-25,0.2634020618556701,97
2009-07-26,0.07824742268041238,97
2009-07-27,0.11586956521739131,92
2009-07-28,0.023564356435643568,101
2009-07-29,0.05928571428571428,98
2009-07-30,0.2917525773195876,97
2009-07-31,0.41971428571428565,105
2009-08-01,0.656320754716981,106
2009-08-02,0.00793103448275862,87
2009-08-03,0.02184782608695652,92
2009-08-04,0.0005660377358490566,106
2009-08-05,0.014742268041237115,97
2009-08-06,0.0398,100
2009-08-07,0.0024,100
2009-08-08,0.0,102
2009-08-09,0.0015730337078651688,89
2009-08-10,0.05621052631578948,95
2009-08-11,0.04683673469387755,98
2009-08-12,0.06936170212765957,94
2009-08-13,0.10368932038834953,103
2009-08-14,0.08080808080808081,99
2009-08-15,0.0016666666666666668,102
2009-08-16,0.0010784313725490198,102
2009-08-17,0.0042452830188679245,106
2009-08-18,0.009333333333333332,105
2009-08-19,0.013398058252427186,103
2009-08-20,0.02519607843137255,102
2009-08-21,0.06978494623655915,93
2009-08-22,0.32727272727272727,99
2009-08-23,0.6993203883495146,103
2009-08-24,0.22724489795918368,98
2009-08-25,0.05384615384615385,104
2009-08-26,0.002040816326530612,98
2009-08-27,0.002105263157894737,95
2009-08-28,0.1082,100
2009-08-29,1.2300943396226414,106
2009-08-30,0.9629702970297028,101
2009-08-31,0.050510204081632655,98
2009-09-01,0.000980392156862745,102
2009-09-02,9.70873786407767e-05,103
2009-09-03,0.0009523809523809524,105
2009-09-04,0.0010476190476190477,105
2009-09-05,0.0004901960784313725,102
2009-09-06,9.70873786407767e-05,103
2009-09-07,0.0001941747572815534,103
2009-09-08,0.0005714285714285714,105
2009-09-09,9.433962264150943e-05,106
2009-09-10,0.0007547169811320754,106
2009-09-11,0.14676190476190476,105
2009-09-12,0.7438461538461538,104
2009-09-13,0.5815,100
2009-09-14,0.007216494845360825,97
2009-09-15,0.0005825242718446601,103
2009-09-16,0.000425531914893617,94
2009-09-17,0.0011235955056179776,89
2009-09-18,0.001276595744680851,94
2009-09-19,0.0004123711340206186,97
2009-09-20,0.0,104
2009-09-21,0.0006730769230769232,104
2009-09-22,0.000784313725490196,102
2009-09-23,0.0006315789473684211,95
2009-09-24,0.005591397849462366,93
2009-09-25,0.0028846153846153843,104
2009-09-26,0.005096153846153847,104
2009-09-27,0.35480769230769227,104
2009-09-28,0.40656862745098044,102
2009-09-29,0.3191428571428571,105
2009-09-30,0.0029000000000000002,100
2009-10-01,0.0017647058823529415,85
2009-10-02,0.002839506172839506,81
2009-10-03,0.4724509803921569,102
2009-10-04,0.6841836734693877,98
2009-10-05,0.002988505747126437,87
2009-10-06,0.006836734693877551,98
2009-10-07,0.37123809523809526,105
2009-10-08,0.21635514018691587,107
2009-10-09,0.025247524752475246,101
2009-10-10,0.20632075471698114,106
2009-10-11,0.001935483870967742,93
2009-10-12,0.00011494252873563218,87
2009-10-13,0.14865979381443298,97
2009-10-14,0.10074766355140188,107
2009-10-15,0.0603883495145631,103
2009-10-16,0.3053684210526316,95
2009-10-17,0.03916666666666667,84
2009-10-18,0.45484536082474225,97
2009-10-19,0.708019801980198,101
2009-10-20,0.0006363636363636364,110
2009-10-21,0.0004761904761904762,105
2009-10-22,0.0007692307692307692,104
2009-10-23,0.0196875,96
2009-10-24,0.5123300970873785,103
2009-10-25,0.9605714285714285,105
2009-10-26,0.0005714285714285715,105
2009-10-27,0.0105,100
2009-10-28,0.47209090909090906,110
2009-10-29,0.6966666666666667,102
2009-10-30,0.0014814814814814814,108
2009-10-31,0.039431818181818186,88
2009-11-01,0.13830188679245284,106
2009-11-02,0.002903225806451613,93
2009-11-03,0.012065217391304346,92
2009-11-04,0.00020833333333333335,96
2009-11-05,0.013370786516853932,89
2009-11-06,0.03266666666666667,90
2009-11-07,0.001941747572815534,103
2009-11-08,0.0,106
2009-11-09,9.523809523809524e-05,105
2009-11-10,0.0,107
2009-11-11,0.0,108
2009-11-12,0.0,109
2009-11-13,0.004299999999999999,100
2009-11-14,0.6363636363636364,110
2009-11-15,0.9053703703703704,108
2009-11-16,0.019903846153846157,104
2009-11-17,0.00018518518518518518,108
2009-11-18,0.0,109
2009-11-19,0.0011214953271028037,107
2009-11-20,0.3479245283018868,106
2009-11-21,0.21712962962962962,108
2009-11-22,0.0021495327102803736,107
2009-11-23,0.05339805825242718,103
2009-11-24,0.21405660377358493,106
2009-11-25,0.04000000000000001,94
2009-11-26,0.04221153846153847,104
2009-11-27,0.3357142857142857,105
2009-11-28,0.4189523809523809,105
2009-11-29,0.0087,100
2009-11-30,0.06642857142857142,98
2009-12-01,0.14622641509433962,106
2009-12-02,0.026019417475728158,103
2009-12-03,0.9632432432432433,111
2009-12-04,0.1183177570093458,107
2009-12-05,0.15326530612244899,98
2009-12-06,0.43460784313725487,102
2009-12-07,0.0,96
2009-12-08,0.00022471910112359551,89
2009-12-09,0.5475700934579439,107
2009-12-10,0.726304347826087,92
2009-12-11,0.0,94
2009-12-12,0.004646464646464647,99
2009-12-13,0.2311764705882353,102
2009-12-14,0.5492452830188679,106
2009-12-15,0.0016483516483516484,91
2009-12-16,0.0015999999999999999,75
2009-12-17,0.0011250000000000001,80
2009-12-18,0.0,95
2009-12-19,0.008152173913043478,92
2009-12-20,0.5056666666666666,90
2009-12-21,0.13221052631578947,95
2009-12-22,0.0012371134020618556,97
2009-12-23,0.0002105263157894737,95
2009-12-24,0.0077777777777777776,81
2009-12-25,0.0036486486486486487,74
2009-12-26,0.06725,80
2009-12-27,0.4691,100
2009-12-28,0.12293478260869566,92
2009-12-29,0.052906976744186054,86
2009-12-30,0.00010416666666666667,96
2009-12-31,0.044387755102040814,98
2010-01-01,0.13593406593406596,91
2010-01-02,0.17104166666666665,96
2010-01-03,0.21047058823529413,85
2010-01-04,0.07691358024691358,81
2010-01-05,0.0005813953488372093,86
2010-01-06,0.00035714285714285714,84
2010-01-07,0.0090625,96
2010-01-08,0.007922077922077922,77
2010-01-09,0.014500000000000002,80
2010-01-10,0.0,92
2010-01-11,0.00010869565217391305,92
2010-01-12,0.00012195121951219512,82
2010-01-13,0.0001388888888888889,72
2010-01-14,0.0005,80
2010-01-15,0.0,100
2010-01-16,0.0,99
2010-01-17,0.14295918367346938,98
2010-01-18,1.0726,100
2010-01-19,0.22131868131868132,91
2010-01-20,0.21966666666666665,90
2010-01-21,0.003132530120481928,83
2010-01-22,0.0,102
2010-01-23,0.0,99
2010-01-24,0.004838709677419355,93
2010-01-25,0.46589473684210525,95
2010-01-26,0.984,90
2010-01-27,0.0028735632183908046,87
2010-01-28,0.017362637362637365,91
2010-01-29,0.05846153846153847,91
2010-01-30,0.0,97
2010-01-31,0.0013186813186813187,91
2010-02-01,0.0,94
2010-02-02,0.0005319148936170213,94
2010-02-03,0.044946236559139784,93
2010-02-04,0.0059259259259259265,81
2010-02-05,0.0,96
2010-02-06,0.0,74
2010-02-07,0.0007407407407407407,81
2010-02-08,0.0,93
2010-02-09,0.0,98
2010-02-10,0.11425531914893619,94
2010-02-11,0.29747368421052633,95
2010-02-12,0.0,100
2010-02-13,0.0,97
2010-02-14,0.0002173913043478261,92
2010-02-15,0.001764705882352941,85
2010-02-16,0.17568421052631578,95
2010-02-17,0.32329411764705884,85
2010-02-18,0.0005494505494505495,91
2010-02-19,0.005857142857142858,70
2010-02-20,0.0008860759493670885,79
2010-02-21,0.0,88
2010-02-22,0.0,93
2010-02-23,0.08063291139240505,79
2010-02-24,1.0656190476190477,105
2010-02-25,1.183177570093458,107
2010-02-26,1.1482692307692308,104
2010-02-27,0.15755102040816327,98
2010-02-28,0.042727272727272725,77
2010-03-01,0.27349514563106797,103
2010-03-02,0.021649484536082474,97
2010-03-03,0.04382716049382716,81
2010-03-04,0.14090909090909093,88
2010-03-05,0.1042696629213483,89
2010-03-06,0.014000000000000002,100
2010-03-07,0.0,103
2010-03-08,0.0,102
2010-03-09,0.0,103
2010-03-10,0.0,102
2010-03-11,0.014787234042553193,94
2010-03-12,0.044050632911392405,79
2010-03-13,0.5146067415730337,89
2010-03-14,2.518653846153846,104
2010-03-15,1.5526666666666664,105
2010-03-16,0.5774257425742574,101
2010-03-17,9.433962264150943e-05,106
2010-03-18,0.0,106
2010-03-19,0.0,106
2010-03-20,0.0,104
2010-03-21,0.0,99
2010-03-22,0.05030303030303031,99
2010-03-23,1.3727027027027028,111
2010-03-24,0.715576923076923,104
2010-03-25,0.0037974683544303796,79
2010-03-26,0.21284403669724775,109
2010-03-27,0.04163461538461539,104
2010-03-28,0.006500000000000001,100
2010-03-29,0.6890909090909091,110
2010-03-30,2.246725663716814,113
2010-03-31,1.3595535714285714,112
2010-04-01,0.05168674698795181,83
2010-04-02,0.000392156862745098,102
2010-04-03,9.523809523809524e-05,105
2010-04-04,0.000196078431372549,102
2010-04-05,0.0,104
2010-04-06,0.006551724137931036,87
2010-04-07,0.013870967741935485,93
2010-04-08,0.0001941747572815534,103
2010-04-09,0.24118279569892473,93
2010-04-10,0.3642056074766355,107
2010-04-11,0.001650485436893204,103
2010-04-12,0.0001941747572815534,103
2010-04-13,0.0,104
2010-04-14,0.0,105
2010-04-15,0.0022549019607843138,102
2010-04-16,0.1497222222222222,108
2010-04-17,0.370462962962963,108
2010-04-18,0.08979591836734695,98
2010-04-19,0.049684210526315796,95
2010-04-20,0.003870967741935484,93
2010-04-21,0.0,101
2010-04-22,0.03811111111111111,90
2010-04-23,0.07087912087912088,91
2010-04-24,0.0012371134020618558,97
2010-04-25,0.009320388349514562,103
2010-04-26,0.0821875,96
2010-04-27,0.13897196261682243,107
2010-04-28,0.09181818181818181,99
2010-04-29,0.040206185567010305,97
2010-04-30,0.0,100
2010-05-01,0.0,101
2010-05-02,0.001827956989247312,93
2010-05-03,0.07127659574468086,94
2010-05-04,0.06631578947368422,95
2010-05-05,0.08319587628865979,97
2010-05-06,0.0045783132530120485,83
2010-05-07,0.008842105263157896,95
2010-05-08,0.41221153846153846,104
2010-05-09,0.3936893203883495,103
2010-05-10,0.003235294117647059,102
2010-05-11,9.345794392523364e-05,107
2010-05-12,0.03432098765432099,81
2010-05-13,0.019195402298850573,87
2010-05-14,0.1358490566037736,106
2010-05-15,0.04548387096774193,93
2010-05-16,0.00020202020202020202,99
2010-05-17,0.0,105
2010-05-18,0.221588785046729,107
2010-05-19,0.9938053097345134,113
2010-05-20,0.09301886792452832,106
2010-05-21,9.70873786407767e-05,103
2010-05-22,0.0,101
2010-05-23,0.00011235955056179776,89
2010-05-24,0.0003061224489795918,98
2010-05-25,0.00029126213592233006,103
2010-05-26,0.024411764705882355,102
2010-05-27,0.17472222222222222,108
2010-05-28,0.0007142857142857142,98
2010-05-29,0.03543478260869565,92
2010-05-30,0.08747368421052631,95
2010-05-31,0.0002127659574468085,94
2010-06-01,0.19418367346938778,98
2010-06-02,0.23825688073394494,109
2010-06-03,0.057448979591836744,98
2010-06-04,0.14791208791208793,91
2010-06-05,0.25306930693069307,101
2010-06-06,0.29272727272727267,99
2010-06-07,0.24760416666666663,96
2010-06-08,0.008235294117647058,85
2010-06-09,0.07400000000000001,100
2010-06-10,0.28963636363636364,110
2010-06-11,0.17049504950495048,101
2010-06-12,0.1487,100
2010-06-13,0.5131067961165048,103
2010-06-14,0.023783783783783787,74
2010-06-15,0.0148,100
2010-06-16,0.021900000000000003,100
2010-06-17,0.10814814814814815,108
2010-06-18,0.008681318681318682,91
2010-06-19,0.0003846153846153846,104
2010-06-20,0.04735294117647059,102
2010-06-21,0.08719999999999999,100
2010-06-22,0.017368421052631578,95
2010-06-23,0.23601851851851854,108
2010-06-24,0.03252631578947368,95
2010-06-25,0.0550485436893204,103
2010-06-26,0.0012195121951219512,82
2010-06-27,0.028888888888888888,81
2010-06-28,0.03557894736842105,95
2010-06-29,0.029484536082474224,97
2010-06-30,0.0,107
2010-07-01,9.433962264150943e-05,106
2010-07-02,0.0,104
2010-07-03,0.0,105
2010-07-04,0.0001941747572815534,103
2010-07-05,0.0,106
2010-07-06,0.0,107
2010-07-07,0.0009345794392523365,107
2010-07-08,0.0001923076923076923,104
2010-07-09,0.004183673469387756,98
2010-07-10,0.1875531914893617,94
2010-07-11,0.43979999999999997,100
2010-07-12,0.0326,100
2010-07-13,0.08270833333333334,96
2010-07-14,0.31312499999999993,112
2010-07-15,0.24144230769230768,104
2010-07-16,0.03166666666666667,96
2010-07-17,0.14700934579439254,107
2010-07-18,0.06653061224489797,98
2010-07-19,0.07378947368421053,95
2010-07-20,0.26284313725490194,102
2010-07-21,0.048125,96
2010-07-22,0.08683168316831684,101
2010-07-23,0.17894230769230768,104
2010-07-24,0.48294117647058826,102
2010-07-25,0.3806896551724138,87
2010-07-26,0.006966292134831461,89
2010-07-27,9.259259259259259e-05,108
2010-07-28,0.0,109
2010-07-29,0.03101123595505618,89
2010-07-30,0.01875,104
2010-07-31,0.0004716981132075472,106
2010-08-01,0.0014953271028037382,107
2010-08-02,0.0012244897959183675,98
2010-08-03,0.006435643564356436,101
2010-08-04,0.0006666666666666668,105
2010-08-05,0.15529411764705883,102
2010-08-06,0.3314150943396226,106
2010-08-07,0.00019801980198019803,101
2010-08-08,0.0011650485436893203,103
2010-08-09,0.031919191919191924,99
2010-08-10,0.19872727272727272,110
2010-08-11,0.00855769230769231,104
2010-08-12,0.016666666666666666,102
2010-08-13,0.03638095238095238,105
2010-08-14,0.00018867924528301886,106
2010-08-15,0.014766355140186916,107
2010-08-16,0.13583333333333333,108
2010-08-17,0.16271844660194176,103
2010-08-18,0.0037254901960784314,102
2010-08-19,0.008584905660377357,106
2010-08-20,0.01846153846153846,104
2010-08-21,0.00037037037037037035,108
2010-08-22,0.16701030927835053,97
2010-08-23,0.8550909090909091,110
2010-08-24,0.5951851851851852,108
2010-08-25,1.107037037037037,108
2010-08-26,0.6552884615384615,104
2010-08-27,0.0001834862385321101,109
2010-08-28,0.00018518518518518518,108
2010-08-29,9.009009009009009e-05,111
2010-08-30,9.174311926605505e-05,109
2010-08-31,0.0,111
2010-09-01,0.0,112
2010-09-02,0.00017699115044247788,113
2010-09-03,0.20770642201834863,109
2010-09-04,0.789245283018868,106
2010-09-05,0.006909090909090909,110
2010-09-06,0.0005,100
2010-09-07,0.0030120481927710845,83
2010-09-08,0.07157407407407408,108
2010-09-09,0.04473684210526316,95
2010-09-10,0.0036734693877551023,98
2010-09-11,0.00102803738317757,107
2010-09-12,0.0006818181818181819,88
2010-09-13,0.05406976744186047,86
2010-09-14,0.08172043010752689,93
2010-09-15,0.005576923076923077,104
2010-09-16,0.05553571428571429,112
2010-09-17,0.4545689655172413,116
2010-09-18,0.02857142857142857,105
2010-09-19,9.345794392523364e-05,107
2010-09-20,0.004454545454545454,110
2010-09-21,8.928571428571429e-05,112
2010-09-22,0.000196078431372549,102
2010-09-23,0.0006666666666666668,105
2010-09-24,9.090909090909092e-05,110
2010-09-25,0.0,104
2010-09-26,0.0012871287128712872,101
2010-09-27,0.1595238095238095,105
2010-09-28,0.3736111111111111,108
2010-09-29,0.3013084112149532,107
2010-09-30,0.14241758241758243,91
2010-10-01,0.9757407407407408,108
2010-10-02,1.147027027027027,111
2010-10-03,0.0009375000000000001,96
2010-10-04,0.18181818181818182,110
2010-10-05,0.16436363636363638,110
2010-10-06,0.5870338983050847,118
2010-10-07,0.8879245283018868,106
2010-10-08,0.019901960784313725,102
2010-10-09,9.345794392523364e-05,107
2010-10-10,0.000925925925925926,108
2010-10-11,0.0014285714285714286,105
2010-10-12,0.033689320388349514,103
2010-10-13,0.0012264150943396227,106
2010-10-14,0.10743362831858409,113
2010-10-15,1.4683471074380166,121
2010-10-16,0.21705357142857146,112
2010-10-17,0.0012149532710280374,107
2010-10-18,0.0007017543859649123,114
2010-10-19,8.771929824561404e-05,114
2010-10-20,0.0022222222222222222,108
2010-10-21,0.02696428571428572,112
2010-10-22,0.07651785714285715,112
2010-10-23,0.002653061224489796,98
2010-10-24,0.00575,80
2010-10-25,0.017666666666666664,90
2010-10-26,0.02639175257731959,97
2010-10-27,0.1812037037037037,108
2010-10-28,0.2601801801801802,111
2010-10-29,0.006547619047619048,84
2010-10-30,0.010555555555555556,90
2010-10-31,0.0015789473684210526,95
2010-11-01,0.013909090909090911,110
2010-11-02,0.0001834862385321101,109
2010-11-03,0.0,113
2010-11-04,0.2983809523809524,105
2010-11-05,0.9316806722689074,119
2010-11-06,0.09947826086956521,115
2010-11-07,0.05245454545454546,110
2010-11-08,0.6717857142857143,112
2010-11-09,0.34198198198198204,111
2010-11-10,0.1410091743119266,109
2010-11-11,0.018761061946902656,113
2010-11-12,0.00036036036036036037,111
2010-11-13,0.0,110
2010-11-14,0.0,110
2010-11-15,0.0038461538461538464,104
2010-11-16,0.04676190476190476,105
2010-11-17,1.0602564102564103,117
2010-11-18,0.08716814159292037,113
2010-11-19,0.0001834862385321101,109
2010-11-20,0.0,107
2010-11-21,0.0,105
2010-11-22,0.0017894736842105265,95
2010-11-23,0.008749999999999999,80
2010-11-24,0.004105263157894737,95
2010-11-25,0.00048543689320388353,103
2010-11-26,0.18705357142857146,112
2010-11-27,0.035625,96
2010-11-28,0.00020833333333333335,96
2010-11-29,0.00045871559633027525,109
2010-11-30,0.012631578947368423,95
2010-12-01,0.25719626168224297,107
2010-12-02,0.6295412844036697,109
2010-12-03,9.174311926605505e-05,109
2010-12-04,0.00018691588785046728,107
2010-12-05,0.0004761904761904762,105
2010-12-06,0.002244897959183674,98
2010-12-07,0.005714285714285715,98
2010-12-08,0.002897196261682243,107
2010-12-09,0.00018181818181818183,110
2010-12-10,0.00010101010101010101,99
2010-12-11,0.005227272727272728,88
2010-12-12,0.4824175824175824,91
2010-12-13,1.5107079646017698,113
2010-12-14,0.07272727272727274,77
2010-12-15,0.0013235294117647058,68
2010-12-16,0.0036486486486486482,74
2010-12-17,0.00020833333333333335,96
2010-12-18,0.00019047619047619048,105
2010-12-19,0.004117647058823529,102
2010-12-20,0.06755102040816327,98
2010-12-21,0.13790697674418603,86
2010-12-22,0.02392857142857143,84
2010-12-23,0.09870967741935484,93
2010-12-24,0.011333333333333334,90
2010-12-25,0.0,97
2010-12-26,0.2415294117647059,85
2010-12-27,0.7707142857142859,98
2010-12-28,0.048681318681318676,91
2010-12-29,0.000980392156862745,102
2010-12-30,0.0,104
2010-12-31,0.0,104
2011-01-01,0.0,100
2011-01-02,0.04795180722891566,83
2011-01-03,0.07081632653061223,98
2011-01-04,0.0,101
2011-01-05,0.000425531914893617,94
2011-01-06,0.0003061224489795918,98
2011-01-07,0.0057954545454545455,88
2011-01-08,0.06791666666666668,96
2011-01-09,0.10363636363636365,88
2011-01-10,0.0018279569892473116,93
2011-01-11,0.005789473684210527,95
2011-01-12,0.9578095238095239,105
2011-01-13,0.4337894736842106,95
2011-01-14,0.00010989010989010989,91
2011-01-15,0.00625,72
2011-01-16,0.013289473684210526,76
2011-01-17,0.0003061224489795918,98
2011-01-18,0.34216494845360823,97
2011-01-19,0.6453846153846154,104
2011-01-20,0.07802197802197802,91
2011-01-21,0.3211,100
2011-01-22,0.12329896907216496,97
2011-01-23,0.0003488372093023256,86
2011-01-24,0.0006818181818181819,88
2011-01-25,0.07106382978723405,94
2011-01-26,0.10494736842105264,95
2011-01-27,0.7355769230769231,104
2011-01-28,0.014179104477611943,67
2011-01-29,0.00679245283018868,53
2011-01-30,0.00036585365853658537,82
2011-01-31,0.00022222222222222223,90
2011-02-01,0.20650602409638555,83
2011-02-02,0.8422641509433962,106
2011-02-03,0.5251190476190476,84
2011-02-04,0.0014285714285714288,84
2011-02-05,0.09865979381443299,97
2011-02-06,0.31854368932038835,103
2011-02-07,0.009494949494949495,99
2011-02-08,0.2601869158878505,107
2011-02-09,0.04292929292929293,99
2011-02-10,0.0012871287128712872,101
2011-02-11,0.0,99
2011-02-12,0.00011494252873563218,87
2011-02-13,0.001097560975609756,82
2011-02-14,0.00217948717948718,78
2011-02-15,0.0006666666666666668,90
2011-02-16,0.0,101
2011-02-17,0.0,103
2011-02-18,0.010113636363636363,88
2011-02-19,0.03610389610389611,77
2011-02-20,0.0016250000000000001,80
2011-02-21,0.05843137254901962,102
2011-02-22,0.014831460674157304,89
2011-02-23,0.0008247422680412372,97
2011-02-24,0.002045454545454545,88
2011-02-25,0.6114814814814815,108
2011-02-26,1.0582978723404255,94
2011-02-27,0.19628571428571429,105
2011-02-28,0.21728155339805827,103
2011-03-01,0.3928440366972477,109
2011-03-02,0.0007865168539325844,89
2011-03-03,0.0003225806451612903,93
2011-03-04,0.0,108
2011-03-05,0.0031746031746031746,63
2011-03-06,0.19177777777777777,90
2011-03-07,1.0995726495726494,117
2011-03-08,0.017200000000000003,100
2011-03-09,0.0,108
2011-03-10,0.030000000000000002,90
2011-03-11,0.38358974358974357,117
2011-03-12,0.33317757009345794,107
2011-03-13,0.005147058823529412,68
2011-03-14,0.0025714285714285713,70
2011-03-15,0.006363636363636364,77
2011-03-16,0.17948453608247422,97
2011-03-17,0.3993333333333334,120
2011-03-18,0.0024000000000000002,100
2011-03-19,0.0008536585365853657,82
2011-03-20,0.0,98
2011-03-21,0.07370370370370372,108
2011-03-22,0.22045045045045045,111
2011-03-23,0.004329896907216494,97
2011-03-24,0.054534883720930225,86
2011-03-25,0.016914893617021278,94
2011-03-26,9.900990099009902e-05,101
2011-03-27,0.0,109
2011-03-28,0.0,109
2011-03-29,0.0,106
2011-03-30,0.0,105
2011-03-31,0.10233009708737865,103
2011-04-01,0.7666956521739131,115
2011-04-02,0.06955056179775282,89
2011-04-03,0.0016091954022988508,87
2011-04-04,0.09660714285714286,112
2011-04-05,0.2673170731707317,123
2011-04-06,0.11796460176991153,113
2011-04-07,0.0012037037037037038,108
2011-04-08,0.0,114
2011-04-09,0.0,110
2011-04-10,0.00392156862745098,102
2011-04-11,0.03344444444444444,90
2011-04-12,0.040625,96
2011-04-13,0.7373333333333334,120
2011-04-14,0.9614655172413793,116
2011-04-15,0.00018691588785046728,107
2011-04-16,0.0925,108
2011-04-17,1.1702459016393443,122
2011-04-18,0.0638095238095238,84
2011-04-19,0.0572340425531915,94
2011-04-20,0.1394736842105263,114
2011-04-21,0.006043956043956044,91
2011-04-22,0.000625,112
2011-04-23,0.18288461538461537,104
2011-04-24,0.3804347826086957,115
2011-04-25,0.029381443298969072,97
2011-04-26,0.05476190476190477,105
2011-04-27,0.08412844036697248,109
2011-04-28,0.12792792792792793,111
2011-04-29,0.2663478260869565,115
2011-04-30,0.001326530612244898,98
2011-05-01,0.0,107
2011-05-02,0.0,111
2011-05-03,0.0,111
2011-05-04,0.13360000000000002,100
2011-05-05,0.3318333333333333,120
2011-05-06,0.025,110
2011-05-07,0.04313725490196079,102
2011-05-08,0.11954954954954955,111
2011-05-09,0.016666666666666666,96
2011-05-10,0.023157894736842106,95
2011-05-11,0.054385964912280704,114
2011-05-12,0.010480769230769231,104
2011-05-13,0.0005,100
2011-05-14,0.0111,100
2011-05-15,0.3101694915254238,118
2011-05-16,0.5656410256410256,117
2011-05-17,0.2792561983471074,121
2011-05-18,0.39795081967213114,122
2011-05-19,0.4869421487603306,121
2011-05-20,0.1616521739130435,115
2011-05-21,0.04,95
2011-05-22,0.03216494845360825,97
2011-05-23,0.08289719626168225,107
2011-05-24,0.19796610169491524,118
2011-05-25,0.08388349514563108,103
2011-05-26,0.003739130434782609,115
2011-05-27,0.005132743362831859,113
2011-05-28,0.0007766990291262136,103
2011-05-29,0.0094,100
2011-05-30,0.013131313131313133,99
2011-05-31,0.020833333333333332,108
2011-06-01,0.12423728813559322,118
2011-06-02,0.33894736842105266,114
2011-06-03,0.00045871559633027525,109
2011-06-04,0.00017699115044247788,113
2011-06-05,0.0017272727272727272,110
2011-06-06,0.0016814159292035398,113
2011-06-07,8.474576271186441e-05,118
2011-06-08,0.013771929824561406,114
2011-06-09,0.24793388429752067,121
2011-06-10,0.42865079365079367,126
2011-06-11,0.1914655172413793,116
2011-06-12,0.8531451612903226,124
2011-06-13,0.1385964912280702,114
2011-06-14,0.10652892561983472,121
2011-06-15,0.06735849056603774,106
2011-06-16,0.030081967213114753,122
2011-06-17,0.07330508474576271,118
2011-06-18,0.2770940170940171,117
2011-06-19,0.010909090909090908,110
2011-06-20,0.00017543859649122808,114
2011-06-21,0.00033898305084745765,118
2011-06-22,0.3576923076923077,104
2011-06-23,1.1430400000000003,125
2011-06-24,0.32225000000000004,120
2011-06-25,0.2225663716814159,113
2011-06-26,0.24211009174311926,109
2011-06-27,0.002727272727272727,110
2011-06-28,0.007749999999999999,120
2011-06-29,0.17713043478260868,115
2011-06-30,0.0012931034482758623,116
2011-07-01,0.0007499999999999999,120
2011-07-02,0.004750000000000001,120
2011-07-03,0.01327433628318584,113
2011-07-04,0.05416666666666666,108
2011-07-05,0.03040983606557377,122
2011-07-06,0.013644067796610168,118
2011-07-07,0.08362068965517241,116
2011-07-08,0.25646551724137934,116
2011-07-09,0.7700000000000001,121
2011-07-10,0.0005982905982905984,117
2011-07-11,0.00033898305084745765,118
2011-07-12,0.02831932773109244,119
2011-07-13,0.103781512605042,119
2011-07-14,0.6417355371900827,121
2011-07-15,0.004416666666666667,120
2011-07-16,0.0012396694214876032,121
2011-07-17,8.19672131147541e-05,122
2011-07-18,0.024086956521739134,115
2011-07-19,0.07426229508196722,122
2011-07-20,0.00024793388429752067,121
2011-07-21,0.002066115702479339,121
2011-07-22,0.0,123
2011-07-23,0.05186440677966101,118
2011-07-24,0.10153846153846155,104
2011-07-25,0.10592592592592594,108
2011-07-26,0.27766129032258063,124
2011-07-27,0.14846774193548387,124
2011-07-28,0.0004166666666666667,120
2011-07-29,0.02424778761061947,113
2011-07-30,0.08078947368421054,114
2011-07-31,0.0001724137931034483,116
2011-08-01,0.006206896551724138,116
2011-08-02,0.08846846846846847,111
2011-08-03,0.19688524590163933,122
2011-08-04,0.011239669421487604,121
2011-08-05,0.007796610169491525,118
2011-08-06,0.03923076923076923,104
2011-08-07,0.5080672268907563,119
2011-08-08,0.8077678571428571,112
2011-08-09,0.29358333333333336,120
2011-08-10,0.8864,125
2011-08-11,0.0786178861788618,123
2011-08-12,0.0,122
2011-08-13,0.000603448275862069,116
2011-08-14,0.03418181818181818,110
2011-08-15,0.6159199999999999,125
2011-08-16,1.4840799999999998,125
2011-08-17,0.027927927927927927,111
2011-08-18,0.0012280701754385965,114
2011-08-19,0.03074766355140187,107
2011-08-20,0.07168316831683169,101
2011-08-21,0.03981651376146789,109
2011-08-22,0.2747107438016529,121
2011-08-23,0.00175,120
2011-08-24,0.0002459016393442623,122
2011-08-25,0.05858333333333334,120
2011-08-26,0.2885483870967742,124
2011-08-27,0.1506086956521739,115
2011-08-28,1.647372881355932,118
2011-08-29,0.9984999999999999,120
2011-08-30,0.0011864406779661019,118
2011-08-31,0.0005833333333333334,120
2011-09-01,0.000967741935483871,124
2011-09-02,0.0055284552845528455,123
2011-09-03,0.0003252032520325203,123
2011-09-04,0.0014035087719298247,114
2011-09-05,0.0643362831858407,113
2011-09-06,0.7248780487804878,123
2011-09-07,0.9385937499999999,128
2011-09-08,1.2988372093023257,129
2011-09-09,0.596953125,128
2011-09-10,0.0010084033613445378,119
2011-09-11,0.0004958677685950413,121
2011-09-12,0.0011475409836065576,122
2011-09-13,0.00062015503875969,129
2011-09-14,0.001968503937007874,127
2011-09-15,0.0565546218487395,119
2011-09-16,0.09795275590551182,127
2011-09-17,7.751937984496124e-05,129
2011-09-18,7.751937984496124e-05,129
2011-09-19,0.00015267175572519084,131
2011-09-20,0.02598360655737705,122
2011-09-21,0.08059322033898304,118
2011-09-22,0.20333333333333334,129
2011-09-23,0.2903937007874016,127
2011-09-24,0.9163281249999999,128
2011-09-25,0.005585585585585585,111
2011-09-26,0.000975609756097561,123
2011-09-27,0.001788617886178862,123
2011-09-28,0.03942148760330578,121
2011-09-29,0.5806818181818182,132
2011-09-30,0.49893129770992367,131
2011-10-01,0.39579365079365075,126
2011-10-02,0.16034188034188035,117
2011-10-03,0.08941176470588236,119
2011-10-04,0.7614925373134328,134
2011-10-05,0.29904,125
2011-10-06,0.004049586776859504,121
2011-10-07,0.0,127
2011-10-08,0.00015748031496062991,127
2011-10-09,0.0002459016393442623,122
2011-10-10,0.00024193548387096774,124
2011-10-11,0.00016,125
2011-10-12,0.025322580645161286,124
2011-10-13,0.6591729323308271,133
2011-10-14,0.5021052631578947,133
2011-10-15,0.6462393162393164,117
2011-10-16,0.019702970297029707,101
2011-10-17,0.03601626016260162,123
2011-10-18,0.007868852459016393,122
2011-10-19,0.341900826446281,121
2011-10-20,1.425597014925373,134
2011-10-21,0.021349206349206354,126
2011-10-22,0.0012612612612612612,111
2011-10-23,0.0,124
2011-10-24,0.005130434782608695,115
2011-10-25,0.03975609756097562,123
2011-10-26,0.010943396226415096,106
2011-10-27,0.34773722627737225,137
2011-10-28,0.6698496240601504,133
2011-10-29,0.2427868852459016,122
2011-10-30,1.2078861788617885,123
2011-10-31,0.0023577235772357726,123
2011-11-01,0.0003816793893129771,131
2011-11-02,7.633587786259542e-05,131
2011-11-03,0.0,129
2011-11-04,0.0001550387596899225,129
2011-11-05,0.000234375,128
2011-11-06,7.633587786259542e-05,131
2011-11-07,0.0,131
2011-11-08,0.0004545454545454546,132
2011-11-09,8e-05,125
2011-11-10,0.1530952380952381,126
2011-11-11,0.5276666666666667,120
2011-11-12,0.003392857142857143,112
2011-11-13,0.0,123
2011-11-14,0.0023214285714285715,112
2011-11-15,0.013913043478260872,92
2011-11-16,0.16445454545454546,110
2011-11-17,0.527007874015748,127
2011-11-18,0.09899159663865548,119
2011-11-19,0.0005785123966942149,121
2011-11-20,0.0011666666666666668,120
2011-11-21,0.012276422764227642,123
2011-11-22,0.027890625000000002,128
2011-11-23,1.4437593984962405,133
2011-11-24,0.24390625000000002,128
2011-11-25,0.0007936507936507935,126
2011-11-26,0.001370967741935484,124
2011-11-27,0.000625,128
2011-11-28,0.00047244094488188977,127
2011-11-29,0.055749999999999994,120
2011-11-30,0.7184210526315788,133
2011-12-01,0.0008130081300813008,123
2011-12-02,0.0,125
2011-12-03,0.00015873015873015873,126
2011-12-04,7.751937984496124e-05,129
2011-12-05,0.0008695652173913044,115
2011-12-06,0.0625,108
2011-12-07,0.49896296296296305,135
2011-12-08,1.7433082706766918,133
2011-12-09,0.0016806722689075631,119
2011-12-10,0.013761467889908258,109
2011-12-11,0.001965811965811966,117
2011-12-12,0.0,129
2011-12-13,0.0001550387596899225,129
2011-12-14,0.0004958677685950413,121
2011-12-15,0.024017857142857143,112
2011-12-16,0.07959999999999999,125
2011-12-17,0.0025000000000000005,116
2011-12-18,0.003131313131313132,99
2011-12-19,0.0034453781512605044,119
2011-12-20,0.00045454545454545455,110
2011-12-21,0.053983739837398376,123
2011-12-22,0.2823308270676692,133
2011-12-23,0.6309160305343512,131
2011-12-24,0.020789473684210528,114
2011-12-25,0.005612244897959183,98
2011-12-26,0.03775280898876405,89
2011-12-27,0.09931623931623933,117
2011-12-28,0.42302325581395345,129
2011-12-29,0.0007438016528925619,121
2011-12-30,0.0,121
2011-12-31,0.034736842105263156,95
2012-01-01,0.09027522935779818,109
2012-01-02,0.07616666666666667,120
2012-01-03,0.000980392156862745,102
2012-01-04,0.0,113
2012-01-05,0.0,112
2012-01-06,0.004067796610169492,59
2012-01-07,0.0004385964912280702,114
2012-01-08,8.19672131147541e-05,122
2012-01-09,0.0,123
2012-01-10,0.02247619047619048,105
2012-01-11,0.00024193548387096774,124
2012-01-12,0.435,132
2012-01-13,0.6161538461538462,130
2012-01-14,0.036869565217391306,115
2012-01-15,0.0002631578947368421,114
2012-01-16,0.01396694214876033,121
2012-01-17,0.17557251908396945,131
2012-01-18,0.04836065573770492,122
2012-01-19,0.019658119658119658,117
2012-01-20,0.16131782945736436,129
2012-01-21,0.07737373737373737,99
2012-01-22,0.284344262295082,122
2012-01-23,0.06255102040816327,98
2012-01-24,0.20239999999999997,125
2012-01-25,0.0002380952380952381,126
2012-01-26,0.06019047619047619,105
2012-01-27,0.639248120300752,133
2012-01-28,0.4473770491803279,122
2012-01-29,0.00017543859649122808,114
2012-01-30,0.006702127659574468,94
2012-01-31,0.002280701754385965,114
2012-02-01,0.005825242718446602,103
2012-02-02,0.015520833333333333,96
2012-02-03,0.0019191919191919192,99
2012-02-04,8.771929824561404e-05,114
2012-02-05,0.0,125
2012-02-06,0.0,127
2012-02-07,0.0,128
2012-02-08,0.0,120
2012-02-09,0.006090909090909091,110
2012-02-10,0.0026829268292682925,123
2012-02-11,0.11145833333333334,96
2012-02-12,0.08333333333333333,102
2012-02-13,0.0005681818181818183,88
2012-02-14,0.0,111
2012-02-15,0.010289855072463768,69
2012-02-16,0.02830188679245283,106
2012-02-17,0.09440944881889765,127
2012-02-18,0.007961165048543689,103
2012-02-19,0.0018018018018018018,111
2012-02-20,0.0,122
2012-02-21,0.008090909090909091,110
2012-02-22,0.0850561797752809,89
2012-02-23,0.05193548387096774,93
2012-02-24,0.21771428571428572,105
2012-02-25,0.5266990291262136,103
2012-02-26,0.013434343434343436,99
2012-02-27,0.0,120
2012-02-28,0.0,101
2012-02-29,0.0641025641025641,117
2012-03-01,0.7603174603174603,126
2012-03-02,0.2556637168141593,113
2012-03-03,0.26775000000000004,120
2012-03-04,0.06632478632478632,117
2012-03-05,0.0006086956521739131,115
2012-03-06,0.0,125
2012-03-07,0.0,120
2012-03-08,0.0028813559322033895,118
2012-03-09,0.0761788617886179,123
2012-03-10,0.0277319587628866,97
2012-03-11,0.011896551724137934,116
2012-03-12,0.00016528925619834712,121
2012-03-13,0.05184466019417475,103
2012-03-14,0.0687719298245614,114
2012-03-15,0.0026923076923076926,104
2012-03-16,0.02137254901960784,102
2012-03-17,0.04524193548387096,124
2012-03-18,0.0004201680672268908,119
2012-03-19,0.0,125
2012-03-20,0.0,133
2012-03-21,0.0007031250000000001,128
2012-03-22,0.00031496062992125983,127
2012-03-23,0.0003252032520325203,123
2012-03-24,0.0002127659574468085,94
2012-03-25,0.026929824561403512,114
2012-03-26,0.019793814432989693,97
2012-03-27,0.0003418803418803419,117
2012-03-28,0.0226984126984127,126
2012-03-29,0.09862903225806452,124
2012-03-30,0.006534653465346535,101
2012-03-31,0.046799999999999994,100
2012-04-01,0.08684684684684685,111
2012-04-02,0.1745238095238095,126
2012-04-03,0.01,117
2012-04-04,0.002818181818181818,110
2012-04-05,0.006696428571428571,112
2012-04-06,0.0,126
2012-04-07,0.0,121
2012-04-08,0.0,111
2012-04-09,0.006864406779661017,118
2012-04-10,0.0017322834645669295,127
2012-04-11,0.0029357798165137615,109
2012-04-12,0.04577981651376147,109
2012-04-13,0.07663934426229507,122
2012-04-14,0.00016666666666666666,120
2012-04-15,0.017830188679245285,106
2012-04-16,0.013883495145631069,103
2012-04-17,0.00016129032258064516,124
2012-04-18,0.0,122
2012-04-19,0.0,118
2012-04-20,0.0,121
2012-04-21,0.008461538461538463,104
2012-04-22,0.2760526315789474,114
2012-04-23,1.8950375939849626,133
2012-04-24,0.228984375,128
2012-04-25,0.008217821782178218,101
2012-04-26,0.01,92
2012-04-27,0.04481132075471698,106
2012-04-28,0.0011965811965811964,117
2012-04-29,0.0,119
2012-04-30,0.0,115
2012-05-01,0.21190839694656488,131
2012-05-02,0.43070312499999996,128
2012-05-03,0.11272,125
2012-05-04,0.045299145299145305,117
2012-05-05,0.05,118
2012-05-06,0.0032653061224489797,98
2012-05-07,0.0014876033057851239,121
2012-05-08,0.13870967741935486,124
2012-05-09,0.37088888888888893,135
2012-05-10,1.3678358208955226,134
2012-05-11,0.06992366412213741,131
2012-05-12,0.0008771929824561404,114
2012-05-13,0.0,121
2012-05-14,0.03745098039215686,102
2012-05-15,0.24344,125
2012-05-16,0.6967407407407408,135
2012-05-17,0.22417322834645667,127
2012-05-18,8.264462809917356e-05,121
2012-05-19,0.0,125
2012-05-20,0.0,127
2012-05-21,0.017327586206896554,116
2012-05-22,0.23769230769230767,130
2012-05-23,0.27344000000000007,125
2012-05-24,0.02703389830508475,118
2012-05-25,0.019807692307692307,104
2012-05-26,0.010265486725663717,113
2012-05-27,0.0008474576271186442,118
2012-05-28,0.008869565217391304,115
2012-05-29,0.047009345794392525,107
2012-05-30,0.28163636363636363,110
2012-05-31,0.03909090909090909,99
2012-06-01,0.0006504065040650406,123
2012-06-02,0.547563025210084,119
2012-06-03,0.727983870967742,124
2012-06-04,0.19184873949579834,119
2012-06-05,0.22537878787878787,132
2012-06-06,0.06267857142857143,112
2012-06-07,0.11132231404958678,121
2012-06-08,0.17520661157024792,121
2012-06-09,0.07053571428571428,112
2012-06-10,0.002016806722689076,119
2012-06-11,7.936507936507937e-05,126
2012-06-12,0.022301587301587298,126
2012-06-13,0.40567164179104476,134
2012-06-14,0.27,130
2012-06-15,0.0023931623931623936,117
2012-06-16,0.0,124
2012-06-17,0.0001639344262295082,122
2012-06-18,0.0007936507936507937,126
2012-06-19,0.0003816793893129771,131
2012-06-20,0.0,132
2012-06-21,0.0,130
2012-06-22,0.02657894736842105,114
2012-06-23,0.22026785714285715,112
2012-06-24,0.14956521739130435,115
2012-06-25,0.22267241379310343,116
2012-06-26,0.6733333333333333,126
2012-06-27,0.1,108
2012-06-28,0.0031249999999999997,112
2012-06-29,0.024473684210526318,114
2012-06-30,0.05511811023622047,127
2012-07-01,0.005798319327731092,119
2012-07-02,0.04612612612612613,111
2012-07-03,0.02747747747747748,111
2012-07-04,0.16266666666666665,120
2012-07-05,0.06619834710743802,121
2012-07-06,0.00031496062992125983,127
2012-07-07,0.0002061855670103093,97
2012-07-08,0.0004123711340206186,97
2012-07-09,0.0,127
2012-07-10,0.0,130
2012-07-11,7.633587786259542e-05,131
2012-07-12,0.00015037593984962405,133
2012-07-13,0.0,132
2012-07-14,0.013750000000000002,104
2012-07-15,0.009038461538461539,104
2012-07-16,0.09000000000000001,116
2012-07-17,0.017966101694915255,118
2012-07-18,0.1335294117647059,119
2012-07-19,0.384297520661157,121
2012-07-20,0.009495798319327732,119
2012-07-21,0.02925,120
2012-07-22,0.0003278688524590164,122
2012-07-23,0.04413793103448277,116
2012-07-24,0.2842105263157895,133
2012-07-25,0.16975,120
2012-07-26,0.004090909090909091,110
2012-07-27,0.05554621848739496,119
2012-07-28,0.2766666666666666,111
2012-07-29,0.9246153846153845,130
2012-07-30,0.03294642857142858,112
2012-07-31,0.11961832061068703,131
2012-08-01,0.6938059701492537,134
2012-08-02,0.11196850393700788,127
2012-08-03,0.014961240310077518,129
2012-08-04,0.0020800000000000003,125
2012-08-05,0.10528925619834713,121
2012-08-06,0.28538461538461535,130
2012-08-07,0.0025781249999999997,128
2012-08-08,0.0004477611940298508,134
2012-08-09,0.001,130
2012-08-10,0.236044776119403,134
2012-08-11,1.0363503649635035,137
2012-08-12,0.3390697674418605,129
2012-08-13,0.13758064516129032,124
2012-08-14,0.00024193548387096774,124
2012-08-15,0.443984375,128
2012-08-16,0.6939393939393939,132
2012-08-17,0.04313559322033898,118
2012-08-18,0.1926356589147287,129
2012-08-19,0.07426356589147287,129
2012-08-20,0.0013846153846153845,130
2012-08-21,0.001532258064516129,124
2012-08-22,0.0007086614173228347,127
2012-08-23,0.00037313432835820896,134
2012-08-24,7.352941176470589e-05,136
2012-08-25,0.0006870229007633588,131
2012-08-26,0.0003076923076923077,130
2012-08-27,0.001111111111111111,126
2012-08-28,0.2746456692913386,127
2012-08-29,0.2898507462686567,134
2012-08-30,0.00015625,128
2012-08-31,0.00037313432835820896,134
2012-09-01,0.00016260162601626016,123
2012-09-02,0.006495726495726496,117
2012-09-03,0.017096774193548388,124
2012-09-04,0.09803278688524591,122
2012-09-05,0.7564444444444445,135
2012-09-06,0.48703703703703705,135
2012-09-07,0.016614173228346456,127
2012-09-08,0.11252100840336135,119
2012-09-09,0.3458015267175572,131
2012-09-10,0.019767441860465116,129
2012-09-11,0.00015151515151515152,132
2012-09-12,7.575757575757576e-05,132
2012-09-13,0.0003007518796992481,133
2012-09-14,0.0022727272727272726,132
2012-09-15,0.03579831932773109,119
2012-09-16,0.018790322580645162,124
2012-09-17,0.0001550387596899225,129
2012-09-18,0.11818897637795274,127
2012-09-19,1.1584397163120566,141
2012-09-20,0.019682539682539683,126
2012-09-21,0.001068702290076336,131
2012-09-22,0.04754098360655738,122
2012-09-23,0.18213675213675215,117
2012-09-24,0.0027777777777777775,126
2012-09-25,0.00023622047244094488,127
2012-09-26,0.010470588235294117,85
2012-09-27,0.008282828282828284,99
2012-09-28,0.2739370078740158,127
2012-09-29,0.9272180451127819,133
2012-09-30,0.20913385826771655,127
2012-10-01,0.25677165354330705,127
2012-10-02,0.03272727272727273,121
2012-10-03,0.15823529411764709,136
2012-10-04,0.06628787878787878,132
2012-10-05,0.07228346456692915,127
2012-10-06,0.018290598290598287,117
2012-10-07,0.08528925619834711,121
2012-10-08,0.17091603053435114,131
2012-10-09,0.09924528301886792,106
2012-10-10,0.07114754098360657,122
2012-10-11,0.14223076923076924,130
2012-10-12,0.008016528925619836,121
2012-10-13,0.019495798319327733,119
2012-10-14,0.16148760330578513,121
2012-10-15,0.10807692307692308,130
2012-10-16,0.2048175182481752,137
2012-10-17,0.0020634920634920637,126
2012-10-18,7.518796992481203e-05,133
2012-10-19,0.12609375,128
2012-10-20,0.6938848920863309,139
2012-10-21,0.0036585365853658543,123
2012-10-22,0.00015037593984962405,133
2012-10-23,0.003875968992248062,129
2012-10-24,0.022595419847328244,131
2012-10-25,0.0002380952380952381,126
2012-10-26,7.407407407407407e-05,135
2012-10-27,0.00015384615384615385,130
2012-10-28,0.02241935483870968,124
2012-10-29,0.4054074074074074,135
2012-10-30,1.2202158273381294,139
2012-10-31,0.4213669064748201,139
2012-11-01,0.009406779661016948,118
2012-11-02,0.007256637168141593,113
2012-11-03,0.013027522935779816,109
2012-11-04,7.751937984496124e-05,129
2012-11-05,0.0014705882352941176,136
2012-11-06,0.0029133858267716534,127
2012-11-07,0.09054263565891472,129
2012-11-08,0.6716153846153846,130
2012-11-09,0.21015873015873016,126
2012-11-10,0.0010606060606060607,132
2012-11-11,0.00015625,128
2012-11-12,0.0005737704918032788,122
2012-11-13,0.13975409836065572,122
2012-11-14,0.2882835820895522,134
2012-11-15,0.0007142857142857143,126
2012-11-16,0.0,134
2012-11-17,0.0,130
2012-11-18,0.00022900763358778625,131
2012-11-19,0.0,126
2012-11-20,0.0,133
2012-11-21,0.0,130
2012-11-22,0.0002459016393442623,122
2012-11-23,0.0005833333333333334,120
2012-11-24,0.003829787234042553,94
2012-11-25,0.0,106
2012-11-26,0.0003225806451612903,124
2012-11-27,0.03663934426229508,122
2012-11-28,0.15092307692307694,130
2012-11-29,0.007652173913043479,115
2012-11-30,0.002213740458015267,131
2012-12-01,0.023953488372093025,86
2012-12-02,0.057222222222222216,126
2012-12-03,0.03818181818181819,110
2012-12-04,0.0033944954128440367,109
2012-12-05,0.034083333333333334,120
2012-12-06,0.011440677966101693,118
2012-12-07,0.00803030303030303,132
2012-12-08,0.31066176470588236,136
2012-12-09,0.11267716535433071,127
2012-12-10,0.5608695652173914,138
2012-12-11,0.4445864661654135,133
2012-12-12,0.004193548387096774,124
2012-12-13,7.299270072992701e-05,137
2012-12-14,0.0,136
2012-12-15,0.0,133
2012-12-16,0.035078125,128
2012-12-17,0.41007352941176467,136
2012-12-18,0.656,135
2012-12-19,0.10450819672131148,122
2012-12-20,0.015612244897959182,98
2012-12-21,0.26803149606299204,127
2012-12-22,0.5969565217391305,115
2012-12-23,0.023229166666666672,96
2012-12-24,8.771929824561404e-05,114
2012-12-25,0.0422429906542056,107
2012-12-26,0.11725490196078431,102
2012-12-27,1.0649624060150376,133
2012-12-28,0.3042622950819672,122
2012-12-29,0.17032,125
2012-12-30,0.7502325581395349,129
2012-12-31,0.004552845528455285,123
2013-01-01,0.0020168067226890756,119
2013-01-02,0.0,120
2013-01-03,0.0002564102564102564,117
2013-01-04,0.000703125,128
2013-01-05,0.0003076923076923077,130
2013-01-06,0.02131868131868132,91
2013-01-07,0.0025833333333333333,120
2013-01-08,0.0,128
2013-01-09,9.259259259259259e-05,108
2013-01-10,0.0020202020202020206,99
2013-01-11,0.0253125,128
2013-01-12,0.13055118110236222,127
2013-01-13,0.025210084033613446,119
2013-01-14,0.01358490566037736,106
2013-01-15,0.07325203252032522,123
2013-01-16,0.3503546099290781,141
2013-01-17,0.19419847328244272,131
2013-01-18,0.04484615384615385,130
2013-01-19,0.0,125
2013-01-20,0.0003076923076923077,130
2013-01-21,0.011209677419354839,124
2013-01-22,0.09211382113821139,123
2013-01-23,0.0009090909090909091,121
2013-01-24,0.0,131
2013-01-25,0.0019834710743801653,121
2013-01-26,0.029655172413793104,87
2013-01-27,0.0006666666666666666,120
2013-01-28,0.031889763779527555,127
2013-01-29,0.15458015267175573,131
2013-01-30,0.108515625,128
2013-01-31,0.5328888888888889,135
2013-02-01,0.1105128205128205,117
2013-02-02,0.000297029702970297,101
2013-02-03,0.029662921348314608,89
2013-02-04,0.019230769230769232,91
2013-02-05,0.003539823008849558,113
2013-02-06,0.04132743362831858,113
2013-02-07,0.0,123
2013-02-08,0.21675925925925926,108
2013-02-09,1.3633027522935781,109
2013-02-10,0.19494623655913978,93
2013-02-11,0.10173076923076921,104
2013-02-12,0.20793388429752066,121
2013-02-13,0.0,119
2013-02-14,0.07048076923076924,104
2013-02-15,0.0,115
2013-02-16,0.02962264150943397,106
2013-02-17,0.10369369369369369,111
2013-02-18,0.10278260869565217,115
2013-02-19,0.07960317460317459,126
2013-02-20,0.41704347826086957,115
2013-02-21,0.0,115
2013-02-22,0.0002564102564102564,117
2013-02-23,0.04347457627118644,118
2013-02-24,0.6265151515151515,132
2013-02-25,0.46311475409836067,122
2013-02-26,0.0,126
2013-02-27,0.4699264705882354,136
2013-02-28,0.6725563909774436,133
2013-03-01,0.027647058823529413,119
2013-03-02,0.0006194690265486726,113
2013-03-03,0.002413793103448276,87
2013-03-04,0.007702702702702704,74
2013-03-05,0.0016494845360824743,97
2013-03-06,0.04775,120
2013-03-07,0.3498360655737705,122
2013-03-08,0.942846153846154,130
2013-03-09,0.3452,125
2013-03-10,7.8125e-05,128
2013-03-11,0.0013076923076923077,130
2013-03-12,0.13717741935483868,124
2013-03-13,0.7184444444444446,135
2013-03-14,0.0004132231404958678,121
2013-03-15,0.001081081081081081,111
2013-03-16,0.00438095238095238,105
2013-03-17,0.0,123
2013-03-18,0.01821705426356589,129
2013-03-19,0.6058646616541353,133
2013-03-20,0.39905511811023625,127
2013-03-21,0.012072072072072075,111
2013-03-22,0.1420909090909091,110
2013-03-23,0.0031775700934579443,107
2013-03-24,0.0,120
2013-03-25,0.0021551724137931034,116
2013-03-26,0.02900990099009901,101
2013-03-27,0.00035714285714285714,112
2013-03-28,0.02294736842105263,95
2013-03-29,0.004945054945054945,91
2013-03-30,0.001376146788990826,109
2013-03-31,0.02288,125
2013-04-01,0.21695652173913044,138
2013-04-02,0.06439655172413794,116
2013-04-03,0.001,110
2013-04-04,0.0,129
2013-04-05,0.00507936507936508,126
2013-04-06,0.014765625000000001,128
2013-04-07,0.00016528925619834712,121
2013-04-08,0.001016949152542373,118
2013-04-09,0.04519607843137255,102
2013-04-10,0.15108695652173915,138
2013-04-11,0.18575539568345323,139
2013-04-12,0.17124087591240877,137
2013-04-13,0.5227857142857143,140
2013-04-14,0.004653465346534654,101
2013-04-15,0.0007964601769911504,113
2013-04-16,0.008760330578512398,121
2013-04-17,0.03473214285714286,112
2013-04-18,0.0010077519379844962,129
2013-04-19,0.02962962962962963,108
2013-04-20,0.4538732394366197,142
2013-04-21,0.07036496350364964,137
2013-04-22,0.00015037593984962405,133
2013-04-23,0.08777777777777779,126
2013-04-24,0.34816,125
2013-04-25,0.04583333333333334,132
2013-04-26,0.012809917355371899,121
2013-04-27,7.8125e-05,128
2013-04-28,0.0,129
2013-04-29,0.00022727272727272727,132
2013-04-30,0.0,133
2013-05-01,0.0,139
2013-05-02,0.0002380952380952381,126
2013-05-03,0.0,116
2013-05-04,0.0002222222222222222,135
2013-05-05,0.0,134
2013-05-06,0.0,133
2013-05-07,7.407407407407407e-05,135
2013-05-08,0.057443609022556394,133
2013-05-09,0.3236805555555556,144
2013-05-10,0.2888970588235294,136
2013-05-11,0.08940740740740742,135
2013-05-12,0.35604651162790696,129
2013-05-13,0.035234375,128
2013-05-14,0.002540983606557377,122
2013-05-15,0.008559322033898307,118
2013-05-16,0.035078125,128
2013-05-17,0.0,131
2013-05-18,7.751937984496124e-05,129
2013-05-19,0.028125,128
2013-05-20,0.17355555555555555,135
2013-05-21,0.08429752066115703,121
2013-05-22,0.4327272727272727,132
2013-05-23,0.13851239669421486,121
2013-05-24,0.9857931034482759,145
2013-05-25,0.4991970802919708,137
2013-05-26,0.2654263565891473,129
2013-05-27,0.023693693693693698,111
2013-05-28,0.003893129770992366,131
2013-05-29,0.5387323943661971,142
2013-05-30,0.47956204379562045,137
2013-05-31,0.001507936507936508,126
2013-06-01,0.0001550387596899225,129
2013-06-02,0.02276422764227642,123
2013-06-03,0.5313636363636364,132
2013-06-04,0.5241176470588236,136
2013-06-05,0.0020454545454545456,132
2013-06-06,0.012045454545454545,132
2013-06-07,0.5520149253731343,134
2013-06-08,2.413146853146853,143
2013-06-09,0.026585365853658536,123
2013-06-10,0.1799259259259259,135
2013-06-11,1.4574482758620688,145
2013-06-12,0.42416058394160583,137
2013-06-13,0.17901639344262296,122
2013-06-14,1.3854109589041095,146
2013-06-15,0.08686131386861314,137
2013-06-16,0.00047244094488188977,127
2013-06-17,0.08675213675213675,117
2013-06-18,0.27949640287769784,139
2013-06-19,0.31092857142857144,140
2013-06-20,0.0012587412587412587,143
2013-06-21,0.0,142
2013-06-22,7.352941176470589e-05,136
2013-06-23,0.0019354838709677424,124
2013-06-24,0.03192592592592593,135
2013-06-25,0.19661538461538464,130
2013-06-26,0.059016393442622946,122
2013-06-27,0.12574803149606298,127
2013-06-28,0.5447945205479452,146
2013-06-29,0.4448062015503876,129
2013-06-30,0.08464285714285714,112
2013-07-01,0.20819548872180452,133
2013-07-02,0.4288888888888889,135
2013-07-03,0.019142857142857142,105
2013-07-04,0.000984848484848485,132
2013-07-05,0.00014705882352941178,136
2013-07-06,7.142857142857143e-05,140
2013-07-07,0.01625,128
2013-07-08,0.14310077519379846,129
2013-07-09,0.09878048780487807,123
2013-07-10,0.050973451327433625,113
2013-07-11,0.1862992125984252,127
2013-07-12,0.19114754098360656,122
2013-07-13,0.04316239316239316,117
2013-07-14,0.10385826771653545,127
2013-07-15,0.029851851851851855,135
2013-07-16,0.0002127659574468085,141
2013-07-17,0.0021276595744680856,141
2013-07-18,0.0,130
2013-07-19,0.009854014598540146,137
2013-07-20,0.016079999999999997,125
2013-07-21,0.08930232558139535,129
2013-07-22,0.04341463414634146,123
2013-07-23,0.522340425531915,141
2013-07-24,0.543984962406015,133
2013-07-25,0.06622047244094488,127
2013-07-26,0.6682394366197183,142
2013-07-27,0.21496296296296294,135
2013-07-28,0.09741935483870968,124
2013-07-29,0.05429824561403509,114
2013-07-30,0.09635658914728681,129
2013-07-31,0.0006870229007633587,131
2013-08-01,0.018064516129032256,124
2013-08-02,0.4130281690140845,142
2013-08-03,0.09480000000000001,125
2013-08-04,0.02864406779661017,118
2013-08-05,0.052258064516129035,124
2013-08-06,7.092198581560284e-05,141
2013-08-07,0.0003703703703703704,135
2013-08-08,0.045245901639344256,122
2013-08-09,0.49210937499999996,128
2013-08-10,1.0807042253521126,142
2013-08-11,0.00015384615384615385,130
2013-08-12,0.0006382978723404255,141
2013-08-13,0.04590909090909091,132
2013-08-14,0.12551470588235294,136
2013-08-15,0.0023529411764705885,136
2013-08-16,0.00014285714285714287,140
2013-08-17,0.00022058823529411763,136
2013-08-18,0.005671641791044776,134
2013-08-19,0.02661764705882353,136
2013-08-20,0.001937984496124031,129
2013-08-21,0.00043165467625899277,139
2013-08-22,0.0066906474820143886,139
2013-08-23,0.047388059701492534,134
2013-08-24,0.0,136
2013-08-25,7.246376811594203e-05,138
2013-08-26,0.03478632478632479,117
2013-08-27,0.3795862068965517,145
2013-08-28,0.11732283464566931,127
2013-08-29,0.0775438596491228,114
2013-08-30,0.005625,112
2013-08-31,0.07324786324786325,117
2013-09-01,0.40971223021582737,139
2013-09-02,0.4424822695035461,141
2013-09-03,0.23588235294117646,136
2013-09-04,0.43999999999999995,137
2013-09-05,0.01347107438016529,121
2013-09-06,0.023382352941176472,136
2013-09-07,0.0007086614173228346,127
2013-09-08,0.007272727272727273,110
2013-09-09,0.007647058823529412,136
2013-09-10,0.02869230769230769,130
2013-09-11,0.07729323308270677,133
2013-09-12,0.16877697841726622,139
2013-09-13,0.5784105960264901,151
2013-09-14,0.09642857142857145,140
2013-09-15,0.010642857142857145,140
2013-09-16,0.01062992125984252,127
2013-09-17,0.024405594405594408,143
2013-09-18,0.0005755395683453237,139
2013-09-19,0.0011678832116788324,137
2013-09-20,0.0007407407407407408,135
2013-09-21,0.008897058823529412,136
2013-09-22,0.4708450704225352,142
2013-09-23,0.06641379310344828,145
2013-09-24,0.00035211267605633805,142
2013-09-25,0.00014705882352941178,136
2013-09-26,0.0,143
2013-09-27,0.0,143
2013-09-28,0.000273972602739726,146
2013-09-29,0.0008695652173913044,138
2013-09-30,0.0002127659574468085,141
2013-10-01,0.00041379310344827585,145
2013-10-02,0.00028169014084507044,142
2013-10-03,7.042253521126761e-05,142
2013-10-04,0.05548611111111111,144
2013-10-05,0.34726618705035966,139
2013-10-06,0.1833076923076923,130
2013-10-07,0.2480952380952381,147
2013-10-08,0.25635135135135134,148
2013-10-09,0.0005673758865248227,141
2013-10-10,7.194244604316547e-05,139
2013-10-11,6.993006993006993e-05,143
2013-10-12,0.0005384615384615385,130
2013-10-13,0.0032800000000000004,125
2013-10-14,0.00014084507042253522,142
2013-10-15,0.00035971223021582735,139
2013-10-16,0.001313868613138686,137
2013-10-17,0.007099236641221375,131
2013-10-18,0.05143835616438356,146
2013-10-19,0.001774193548387097,124
2013-10-20,0.017355371900826446,121
2013-10-21,0.00028368794326241134,141
2013-10-22,0.002109375,128
2013-10-23,0.01631578947368421,114
2013-10-24,0.05211678832116789,137
2013-10-25,0.00014598540145985403,137
2013-10-26,0.0003076923076923077,130
2013-10-27,0.020975609756097562,123
2013-10-28,0.0018796992481203006,133
2013-10-29,6.896551724137931e-05,145
2013-10-30,0.010096153846153847,104
2013-10-31,0.052761194029850744,134
2013-11-01,0.16827814569536423,151
2013-11-02,0.07335877862595419,131
2013-11-03,0.021932773109243697,119
2013-11-04,0.01142857142857143,133
2013-11-05,0.00013793103448275863,145
2013-11-06,7.042253521126761e-05,142
2013-11-07,0.12755555555555556,135
2013-11-08,0.39089552238805975,134
2013-11-09,0.002796610169491525,118
2013-11-10,0.04300751879699249,133
2013-11-11,0.023548387096774193,124
2013-11-12,0.058721804511278196,133
2013-11-13,0.06281481481481482,135
2013-11-14,0.00034965034965034965,143
2013-11-15,0.00014598540145985403,137
2013-11-16,7.462686567164179e-05,134
2013-11-17,0.01671875,128
2013-11-18,0.36873333333333336,150
2013-11-19,0.06638655462184874,119
2013-11-20,6.944444444444444e-05,144
2013-11-21,0.0,140
2013-11-22,0.06418604651162792,129
2013-11-23,0.14518796992481203,133
2013-11-24,0.0033009708737864077,103
2013-11-25,7.352941176470589e-05,136
2013-11-26,0.03709677419354839,124
2013-11-27,1.2175342465753425,146
2013-11-28,1.0346212121212122,132
2013-11-29,7.407407407407407e-05,135
2013-11-30,0.0,134
2013-12-01,0.04255555555555556,90
2013-12-02,0.11462686567164179,134
2013-12-03,0.0030434782608695656,115
2013-12-04,0.00043795620437956203,137
2013-12-05,0.005877192982456141,114
2013-12-06,0.1096969696969697,132
2013-12-07,0.4363087248322147,149
2013-12-08,0.0037815126050420164,119
2013-12-09,0.15264285714285714,140
2013-12-10,0.18956521739130436,138
2013-12-11,0.10545454545454547,132
2013-12-12,0.004871794871794872,117
2013-12-13,0.0003875968992248062,129
2013-12-14,0.053304347826086965,115
2013-12-15,0.9632142857142859,140
2013-12-16,0.031509433962264154,106
2013-12-17,0.05639705882352941,136
2013-12-18,0.2885384615384615,130
2013-12-19,0.0018796992481203006,133
2013-12-20,0.0008333333333333334,132
2013-12-21,0.006153846153846154,117
2013-12-22,0.03284313725490197,102
2013-12-23,0.19978494623655915,93
2013-12-24,0.5071428571428571,126
2013-12-25,0.002323232323232323,99
2013-12-26,0.022162162162162165,111
2013-12-27,0.07417322834645669,127
2013-12-28,0.0,133
2013-12-29,0.24140625000000002,128
2013-12-30,0.9290070921985816,141
2013-12-31,0.0016666666666666668,120
2014-01-01,0.002142857142857143,112
2014-01-02,0.12195488721804514,133
2014-01-03,0.5461194029850747,134
2014-01-04,0.02638095238095238,105
2014-01-05,0.037421875,128
2014-01-06,0.327536231884058,138
2014-01-07,0.22957983193277312,119
2014-01-08,0.0,137
2014-01-09,0.0,135
2014-01-10,0.03317307692307692,104
2014-01-11,0.24708955223880597,134
2014-01-12,0.5792753623188406,138
2014-01-13,0.00035714285714285714,140
2014-01-14,0.19721153846153844,104
2014-01-15,0.6164539007092199,141
2014-01-16,0.006229508196721312,122
2014-01-17,0.00949579831932773,119
2014-01-18,0.1282300884955752,113
2014-01-19,0.35768595041322315,121
2014-01-20,0.018691588785046728,107
2014-01-21,0.020172413793103448,116
2014-01-22,0.21426229508196723,122
2014-01-23,0.019473684210526317,114
2014-01-24,7.518796992481203e-05,133
2014-01-25,0.004090909090909091,110
2014-01-26,0.043043478260869565,92
2014-01-27,0.0037704918032786887,122
2014-01-28,0.0044444444444444444,117
2014-01-29,0.04521739130434783,115
2014-01-30,0.015163934426229509,122
2014-01-31,0.0,134
2014-02-01,0.0002380952380952381,126
2014-02-02,0.008771929824561403,114
2014-02-03,0.07474576271186441,118
2014-02-04,0.2373529411764706,136
2014-02-05,0.4442063492063493,126
2014-02-06,0.6605172413793103,116
2014-02-07,0.00015748031496062991,127
2014-02-08,0.0,129
2014-02-09,0.00781512605042017,119
2014-02-10,0.05389830508474576,118
2014-02-11,0.00039370078740157485,127
2014-02-12,0.0,128
2014-02-13,0.35158415841584156,101
2014-02-14,1.3057894736842106,133
2014-02-15,0.09611650485436894,103
2014-02-16,0.446695652173913,115
2014-02-17,0.0,122
2014-02-18,0.06285714285714286,126
2014-02-19,0.3228461538461539,130
2014-02-20,0.2506201550387597,129
2014-02-21,0.26399999999999996,130
2014-02-22,0.21271317829457365,129
2014-02-23,0.0008800000000000001,125
2014-02-24,0.007387387387387388,111
2014-02-25,0.00016949152542372882,118
2014-02-26,0.00025210084033613445,119
2014-02-27,0.00766355140186916,107
2014-02-28,0.0176,100
2014-03-01,8e-05,125
2014-03-02,0.00010204081632653062,98
2014-03-03,0.023703703703703703,108
2014-03-04,0.002,125
2014-03-05,0.00621359223300971,103
2014-03-06,0.010510204081632654,98
2014-03-07,0.0,124
2014-03-08,0.0,122
2014-03-09,0.0,121
2014-03-10,0.016296296296296295,81
2014-03-11,0.009320388349514565,103
2014-03-12,0.1035897435897436,117
2014-03-13,0.43188524590163935,122
2014-03-14,0.03898305084745762,118
2014-03-15,0.013571428571428573,98
2014-03-16,0.004315789473684211,95
2014-03-17,0.00017094017094017094,117
2014-03-18,0.0,121
2014-03-19,0.023333333333333338,126
2014-03-20,0.4326515151515151,132
2014-03-21,0.0058407079646017705,113
2014-03-22,0.0011504424778761063,113
2014-03-23,0.000980392156862745,102
2014-03-24,0.0,123
2014-03-25,0.0,127
2014-03-26,0.053500000000000006,100
2014-03-27,0.05460869565217391,115
2014-03-28,0.022045454545454545,132
2014-03-29,0.2667164179104477,134
2014-03-30,1.986187050359712,139
2014-03-31,1.0064285714285712,140
2014-04-01,0.10302158273381296,139
2014-04-02,0.0007462686567164179,134
2014-04-03,0.00021897810218978101,137
2014-04-04,0.03203007518796992,133
2014-04-05,0.2767857142857143,140
2014-04-06,0.00096,125
2014-04-07,0.021532846715328464,137
2014-04-08,0.4162585034013605,147
2014-04-09,0.14423357664233574,137
2014-04-10,0.00023076923076923076,130
2014-04-11,0.014380165289256196,121
2014-04-12,0.08484126984126984,126
2014-04-13,0.004488188976377953,127
2014-04-14,0.013008130081300813,123
2014-04-15,0.2425806451612903,124
2014-04-16,1.1795833333333332,144
2014-04-17,0.0067910447761194035,134
2014-04-18,0.00029197080291970805,137
2014-04-19,0.0002962962962962963,135
2014-04-20,0.0,136
2014-04-21,0.0,134
2014-04-22,0.008102189781021897,137
2014-04-23,0.13773972602739726,146
2014-04-24,0.33412587412587413,143
2014-04-25,0.0009558823529411765,136
2014-04-26,0.17954198473282443,131
2014-04-27,0.2779856115107914,139
2014-04-28,0.02939130434782609,115
2014-04-29,0.005816326530612245,98
2014-04-30,0.1785,140
2014-05-01,1.0636486486486487,148
2014-05-02,0.2478294573643411,129
2014-05-03,0.008782608695652174,115
2014-05-04,0.015102040816326531,98
2014-05-05,0.018461538461538463,104
2014-05-06,0.0054399999999999995,125
2014-05-07,0.0008474576271186442,118
2014-05-08,0.0,134
2014-05-09,0.0194392523364486,107
2014-05-10,0.082,125
2014-05-11,0.16609022556390976,133
2014-05-12,0.0007352941176470588,136
2014-05-13,0.0011111111111111111,135
2014-05-14,0.0022222222222222222,117
2014-05-15,0.0035200000000000006,125
2014-05-16,0.06164179104477613,134
2014-05-17,0.853082191780822,146
2014-05-18,0.05616,125
2014-05-19,0.016194029850746267,134
2014-05-20,0.06795454545454546,132
2014-05-21,0.00029197080291970805,137
2014-05-22,0.03865671641791044,134
2014-05-23,0.21517730496453902,141
2014-05-24,0.13305785123966943,121
2014-05-25,0.054921874999999995,128
2014-05-26,0.03358333333333333,120
2014-05-27,0.059083333333333335,120
2014-05-28,0.26986486486486483,148
2014-05-29,0.0517910447761194,134
2014-05-30,0.014296875,128
2014-05-31,0.10248062015503875,129
2014-06-01,0.005909090909090909,132
2014-06-02,0.0,141
2014-06-03,0.011159420289855072,138
2014-06-04,0.2639041095890411,146
2014-06-05,0.18705882352941175,136
2014-06-06,0.42309859154929574,142
2014-06-07,0.0003875968992248062,129
2014-06-08,0.0,139
2014-06-09,0.004576271186440679,118
2014-06-10,0.13352459016393442,122
2014-06-11,0.11739495798319327,119
2014-06-12,0.046509433962264146,106
2014-06-13,0.19736434108527132,129
2014-06-14,0.5402272727272728,132
2014-06-15,0.012777777777777779,108
2014-06-16,0.00022388059701492538,134
2014-06-17,0.031968503937007876,127
2014-06-18,0.11940298507462686,134
2014-06-19,0.004206349206349207,126
2014-06-20,0.013623188405797102,138
2014-06-21,0.00029197080291970805,137
2014-06-22,0.0,138
2014-06-23,0.0,142
2014-06-24,0.0,139
2014-06-25,0.052500000000000005,144
2014-06-26,0.5915032679738562,153
2014-06-27,0.07823529411764707,136
2014-06-28,0.0,139
2014-06-29,0.00014285714285714287,140
2014-06-30,7.042253521126761e-05,142
2014-07-01,0.00013605442176870748,147
2014-07-02,0.02111940298507463,134
2014-07-03,0.27421052631578946,133
2014-07-04,0.7205035971223022,139
2014-07-05,1.4984827586206895,145
2014-07-06,0.012805755395683455,139
2014-07-07,0.04204379562043795,137
2014-07-08,0.2231159420289855,138
2014-07-09,0.04115107913669065,139
2014-07-10,0.23055555555555557,144
2014-07-11,0.0013571428571428571,140
2014-07-12,0.00014814814814814815,135
2014-07-13,0.017096774193548388,124
2014-07-14,0.19780487804878047,123
2014-07-15,0.24857142857142858,126
2014-07-16,0.755104895104895,143
2014-07-17,0.5242553191489361,141
2014-07-18,0.005447761194029852,134
2014-07-19,0.0,124
2014-07-20,0.02419642857142857,112
2014-07-21,0.09030075187969926,133
2014-07-22,0.0014685314685314687,143
2014-07-23,0.024326241134751778,141
2014-07-24,0.23186046511627906,129
2014-07-25,0.010000000000000002,118
2014-07-26,0.00016,125
2014-07-27,0.11099173553719008,121
2014-07-28,0.49764705882352944,136
2014-07-29,0.35942028985507246,138
2014-07-30,7.462686567164179e-05,134
2014-07-31,0.0023484848484848484,132
2014-08-01,0.03860294117647059,136
2014-08-02,0.1569298245614035,114
2014-08-03,0.23504347826086958,115
2014-08-04,0.024491525423728816,118
2014-08-05,0.030227272727272728,132
2014-08-06,0.12115702479338843,121
2014-08-07,0.10370967741935484,124
2014-08-08,0.10933333333333335,135
2014-08-09,0.00022900763358778625,131
2014-08-10,7.575757575757576e-05,132
2014-08-11,0.00022388059701492538,134
2014-08-12,0.0010937499999999999,128
2014-08-13,0.43049295774647883,142
2014-08-14,1.1071527777777779,144
2014-08-15,0.036050420168067226,119
2014-08-16,0.003275862068965518,116
2014-08-17,0.009910714285714287,112
2014-08-18,0.008294573643410854,129
2014-08-19,0.00045112781954887224,133
2014-08-20,0.00015037593984962405,133
2014-08-21,0.030882352941176472,136
2014-08-22,0.190546875,128
2014-08-23,0.025163934426229505,122
2014-08-24,0.0014960629921259845,127
2014-08-25,0.0002898550724637681,138
2014-08-26,6.896551724137931e-05,145
2014-08-27,0.022430555555555558,144
2014-08-28,0.08198529411764707,136
2014-08-29,0.0002797202797202797,143
2014-08-30,0.0007246376811594203,138
2014-08-31,0.0864748201438849,139
2014-09-01,0.3168493150684932,146
2014-09-02,0.0274468085106383,141
2014-09-03,0.1385034013605442,147
2014-09-04,0.0002797202797202797,143
2014-09-05,0.00028776978417266187,139
2014-09-06,0.0564885496183206,131
2014-09-07,0.3079432624113475,141
2014-09-08,0.0013768115942028986,138
2014-09-09,0.00014388489208633093,139
2014-09-10,0.0002127659574468085,141
2014-09-11,0.002180451127819549,133
2014-09-12,0.009242424242424243,132
2014-09-13,0.03764285714285714,140
2014-09-14,0.15526666666666666,150
2014-09-15,0.0020567375886524825,141
2014-09-16,0.006612903225806452,124
2014-09-17,0.019770992366412218,131
2014-09-18,0.0002898550724637681,138
2014-09-19,7.299270072992701e-05,137
2014-09-20,0.0,132
2014-09-21,0.17008064516129034,124
2014-09-22,0.09117187500000001,128
2014-09-23,7.042253521126761e-05,142
2014-09-24,0.00013986013986013986,143
2014-09-25,0.03885714285714286,140
2014-09-26,0.18664383561643835,146
2014-09-27,0.001094890510948905,137
2014-09-28,0.0005185185185185185,135
2014-09-29,0.0009230769230769232,130
2014-09-30,0.036991150442477874,113
2014-10-01,0.31745098039215686,153
2014-10-02,0.9177922077922076,154
2014-10-03,0.031167883211678828,137
2014-10-04,0.09340579710144928,138
2014-10-05,0.3527972027972028,143
2014-10-06,0.0005185185185185185,135
2014-10-07,0.004745762711864407,118
2014-10-08,0.18280821917808218,146
2014-10-09,0.02177777777777778,135
2014-10-10,0.002112676056338028,142
2014-10-11,0.0946280991735537,121
2014-10-12,0.23783216783216776,143
2014-10-13,0.0008823529411764705,136
2014-10-14,0.003305084745762712,118
2014-10-15,0.004296875,128
2014-10-16,0.3964788732394366,142
2014-10-17,0.7967785234899328,149
2014-10-18,0.024806201550387597,129
2014-10-19,0.035043478260869565,115
2014-10-20,0.00044776119402985075,134
2014-10-21,0.016347826086956525,115
2014-10-22,0.2543165467625899,139
2014-10-23,1.9551612903225803,155
2014-10-24,0.6460130718954249,153
2014-10-25,0.01368,125
2014-10-26,0.008053097345132742,113
2014-10-27,0.0039495798319327735,119
2014-10-28,0.00034246575342465754,146
2014-10-29,0.014861111111111111,144
2014-10-30,0.06391608391608392,143
2014-10-31,0.0015441176470588236,136
2014-11-01,0.11058823529411764,136
2014-11-02,0.5903401360544218,147
2014-11-03,0.2799290780141844,141
2014-11-04,0.0002777777777777778,144
2014-11-05,0.00020833333333333332,144
2014-11-06,0.10744525547445255,137
2014-11-07,0.4188571428571428,140
2014-11-08,0.008503937007874017,127
2014-11-09,0.00014598540145985403,137
2014-11-10,0.0,135
2014-11-11,7.352941176470589e-05,136
2014-11-12,0.0026315789473684214,114
2014-11-13,0.009615384615384616,130
2014-11-14,0.2654666666666667,150
2014-11-15,0.01024390243902439,123
2014-11-16,0.00022388059701492538,134
2014-11-17,0.5957046979865773,149
2014-11-18,0.9027891156462584,147
2014-11-19,7.142857142857143e-05,140
2014-11-20,0.0007971014492753623,138
2014-11-21,0.00014285714285714287,140
2014-11-22,0.0005673758865248227,141
2014-11-23,0.01425925925925926,108
2014-11-24,0.331027397260274,146
2014-11-25,0.23614864864864862,148
2014-11-26,0.31785185185185183,135
2014-11-27,1.26,134
2014-11-28,0.08739130434782609,115
2014-11-29,0.01945454545454545,110
2014-11-30,0.0019642857142857144,112
2014-12-01,0.0025185185185185185,135
2014-12-02,0.031984732824427486,131
2014-12-03,0.3467549668874172,151
2014-12-04,0.06280575539568346,139
2014-12-05,0.02345070422535211,142
2014-12-06,0.46572368421052635,152
2014-12-07,0.7904761904761904,147
2014-12-08,0.00791304347826087,115
2014-12-09,0.6089855072463768,138
2014-12-10,1.8580536912751675,149
2014-12-11,0.23324137931034483,145
2014-12-12,0.0368,125
2014-12-13,0.002307692307692308,104
2014-12-14,0.006911764705882353,136
2014-12-15,7.042253521126761e-05,142
2014-12-16,0.008195488721804511,133
2014-12-17,0.37217105263157896,152
2014-12-18,0.04390243902439024,123
2014-12-19,0.0077868852459016405,122
2014-12-20,0.007844827586206898,116
2014-12-21,0.05310679611650485,103
2014-12-22,0.03250000000000001,96
2014-12-23,0.12805970149253731,134
2014-12-24,0.29954545454545456,132
2014-12-25,0.6123437500000001,128
2014-12-26,0.07080645161290323,124
2014-12-27,7.936507936507937e-05,126
2014-12-28,0.03275,120
2014-12-29,0.024496124031007753,129
2014-12-30,0.00014814814814814815,135
2014-12-31,0.0,137
2015-01-01,0.0,144
2015-01-02,0.0,138
2015-01-03,0.0937593984962406,133
2015-01-04,0.7971527777777777,144
2015-01-05,0.22126865671641793,134
2015-01-06,0.004491525423728814,118
2015-01-07,0.02310344827586207,87
2015-01-08,0.0017777777777777779,90
2015-01-09,0.04601769911504425,113
2015-01-10,0.03990825688073394,109
2015-01-11,0.0,132
2015-01-12,0.10275,120
2015-01-13,0.2930656934306569,137
2015-01-14,0.0044565217391304346,92
2015-01-15,0.04154761904761905,84
2015-01-16,0.03781818181818182,110
2015-01-17,0.000196078431372549,102
2015-01-18,0.11931818181818184,132
2015-01-19,0.5783846153846154,130
2015-01-20,0.0003846153846153846,130
2015-01-21,0.00030303030303030303,132
2015-01-22,0.010725806451612904,124
2015-01-23,0.0014285714285714288,126
2015-01-24,0.3043795620437956,137
2015-01-25,0.39120300751879705,133
2015-01-26,0.03017241379310345,116
2015-01-27,0.853109243697479,119
2015-01-28,0.3743396226415095,106
2015-01-29,0.0011206896551724137,116
2015-01-30,0.05261363636363636,88
2015-01-31,0.06318181818181819,110
2015-02-01,0.002336448598130841,107
2015-02-02,0.4175833333333333,120
2015-02-03,0.5514166666666667,120
2015-02-04,0.0021311475409836068,122
2015-02-05,0.08369369369369369,111
2015-02-06,0.05685714285714286,105
2015-02-07,0.007319587628865979,97
2015-02-08,0.233135593220339,118
2015-02-09,0.4354166666666667,120
2015-02-10,0.39431034482758615,116
2015-02-11,0.0033695652173913048,92
2015-02-12,0.011827956989247313,93
2015-02-13,0.03981981981981983,111
2015-02-14,0.04192982456140351,114
2015-02-15,0.4819090909090909,110
2015-02-16,0.15333333333333332,99
2015-02-17,0.008518518518518517,108
2015-02-18,0.058673469387755105,98
2015-02-19,0.060353982300884956,113
2015-02-20,0.011125,80
2015-02-21,0.04224137931034483,116
2015-02-22,0.3751639344262295,122
2015-02-23,0.0454954954954955,111
2015-02-24,0.0,108
2015-02-25,0.08864583333333333,96
2015-02-26,0.005132743362831859,113
2015-02-27,0.02346153846153846,104
2015-02-28,0.0,120
2015-03-01,0.03940677966101695,118
2015-03-02,0.24321739130434783,115
2015-03-03,0.05043478260869566,115
2015-03-04,0.3600793650793651,126
2015-03-05,0.11597938144329897,97
2015-03-06,0.11182608695652173,115
2015-03-07,0.00016666666666666666,120
2015-03-08,0.001188118811881188,101
2015-03-09,0.004803921568627452,102
2015-03-10,0.023951612903225804,124
2015-03-11,0.15865546218487397,119
2015-03-12,0.00016666666666666666,120
2015-03-13,0.0,130
2015-03-14,0.18776785714285715,112
2015-03-15,0.645,122
2015-03-16,0.07914529914529916,117
2015-03-17,0.062148760330578506,121
2015-03-18,0.07913793103448277,116
2015-03-19,0.0,133
2015-03-20,0.00856,125
2015-03-21,0.11073170731707316,123
2015-03-22,0.05918918918918919,111
2015-03-23,0.0,133
2015-03-24,0.0,139
2015-03-25,0.011185185185185187,135
2015-03-26,0.18536764705882355,136
2015-03-27,0.6532608695652173,138
2015-03-28,0.10521367521367522,117
2015-03-29,0.15208,125
2015-03-30,0.0019417475728155341,103
2015-03-31,0.004946236559139785,93
2015-04-01,0.0018320610687022902,131
2015-04-02,0.003923076923076923,130
2015-04-03,0.047377049180327875,122
2015-04-04,0.2761594202898551,138
2015-04-05,0.01207207207207207,111
2015-04-06,0.01878048780487805,123
2015-04-07,0.032921348314606746,89
2015-04-08,0.15455882352941178,136
2015-04-09,0.345944055944056,143
2015-04-10,0.17398601398601402,143
2015-04-11,0.04378787878787879,132
2015-04-12,0.00028571428571428574,140
2015-04-13,0.00014084507042253522,142
2015-04-14,0.014921875000000001,128
2015-04-15,0.011610169491525425,118
2015-04-16,0.0,141
2015-04-17,0.06725190839694657,131
2015-04-18,0.10045801526717557,131
2015-04-19,0.0014173228346456691,127
2015-04-20,0.14947368421052631,133
2015-04-21,0.8766206896551725,145
2015-04-22,0.03635593220338983,118
2015-04-23,0.07195121951219512,123
2015-04-24,0.00205607476635514,107
2015-04-25,7.462686567164179e-05,134
2015-04-26,0.0,135
2015-04-27,0.011025641025641027,117
2015-04-28,0.08909774436090227,133
2015-04-29,0.001639344262295082,122
2015-04-30,0.0017796610169491527,118
2015-05-01,0.0018032786885245904,122
2015-05-02,0.0007092198581560284,141
2015-05-03,0.0,139
2015-05-04,0.0005714285714285715,140
2015-05-05,0.002180451127819549,133
2015-05-06,0.004,130
2015-05-07,0.00014084507042253522,142
2015-05-08,0.0,144
2015-05-09,0.0,127
2015-05-10,0.00016,125
2015-05-11,0.0006818181818181818,132
2015-05-12,0.05131782945736434,129
2015-05-13,0.04,132
2015-05-14,0.00042253521126760566,142
2015-05-15,0.00013986013986013986,143
2015-05-16,0.0056603773584905665,106
2015-05-17,0.006074766355140187,107
2015-05-18,7.575757575757576e-05,132
2015-05-19,0.0702112676056338,142
2015-05-20,0.1827777777777778,144
2015-05-21,0.004751773049645391,141
2015-05-22,0.09848739495798318,119
2015-05-23,0.0009302325581395348,129
2015-05-24,0.0,138
2015-05-25,0.0003252032520325203,123
2015-05-26,0.0010483870967741935,124
2015-05-27,0.018936170212765956,141
2015-05-28,0.09064748201438848,139
2015-05-29,0.06654411764705882,136
2015-05-30,0.00022058823529411763,136
2015-05-31,0.22318840579710147,138
2015-06-01,0.7618881118881118,143
2015-06-02,1.1080128205128206,156
2015-06-03,0.13865384615384616,156
2015-06-04,0.0008029197080291971,137
2015-06-05,0.0005303030303030304,132
2015-06-06,0.03738095238095239,126
2015-06-07,0.0027464788732394366,142
2015-06-08,0.016384615384615386,130
2015-06-09,0.12393162393162394,117
2015-06-10,0.13318840579710145,138
2015-06-11,0.00027210884353741496,147
2015-06-12,0.01614864864864865,148
2015-06-13,0.056446280991735535,121
2015-06-14,0.0007971014492753624,138
2015-06-15,0.4466438356164384,146
2015-06-16,0.4559285714285714,140
2015-06-17,0.01290909090909091,110
2015-06-18,0.00014184397163120567,141
2015-06-19,0.005371900826446282,121
2015-06-20,0.016901408450704224,142
2015-06-21,0.793986928104575,153
2015-06-22,0.5458278145695366,151
2015-06-23,0.039863013698630136,146
2015-06-24,0.16664473684210526,152
2015-06-25,0.000136986301369863,146
2015-06-26,0.02041666666666667,120
2015-06-27,0.053000000000000005,130
2015-06-28,1.079407894736842,152
2015-06-29,0.3168085106382979,141
2015-06-30,0.007709923664122137,131
2015-07-01,0.31633093525179856,139
2015-07-02,0.6408333333333334,156
2015-07-03,0.0057823129251700685,147
2015-07-04,0.007132352941176471,136
2015-07-05,0.03795620437956204,137
2015-07-06,0.00013333333333333334,150
2015-07-07,0.01119718309859155,142
2015-07-08,0.12291338582677165,127
2015-07-09,0.14133858267716534,127
2015-07-10,0.8532704402515723,159
2015-07-11,0.004857142857142858,140
2015-07-12,0.00020833333333333332,144
2015-07-13,0.0016666666666666668,150
2015-07-14,0.027753623188405796,138
2015-07-15,0.17683098591549296,142
2015-07-16,0.052158273381294966,139
2015-07-17,0.0002127659574468085,141
2015-07-18,0.09577181208053691,149
2015-07-19,0.09508064516129035,124
2015-07-20,0.03316176470588235,136
2015-07-21,0.0014393939393939393,132
2015-07-22,0.007364341085271319,129
2015-07-23,0.0027659574468085106,141
2015-07-24,0.00855072463768116,138
2015-07-25,0.06223076923076923,130
2015-07-26,0.03027777777777778,108
2015-07-27,0.13090909090909092,132
2015-07-28,0.07735294117647058,136
2015-07-29,0.06020408163265306,147
2015-07-30,0.018666666666666665,150
2015-07-31,0.1318471337579618,157
2015-08-01,0.008787878787878789,132
2015-08-02,0.029924242424242426,132
2015-08-03,0.002463768115942029,138
2015-08-04,0.158046875,128
2015-08-05,0.27569620253164556,158
2015-08-06,0.0002040816326530612,147
2015-08-07,0.0,150
2015-08-08,6.578947368421052e-05,152
2015-08-09,0.0009558823529411765,136
2015-08-10,0.0013380281690140844,142
2015-08-11,0.24500000000000002,132
2015-08-12,0.9156097560975609,164
2015-08-13,0.0004575163398692811,153
2015-08-14,0.003666666666666667,150
2015-08-15,0.08587412587412588,143
2015-08-16,0.26583333333333337,144
2015-08-17,0.005686274509803921,153
2015-08-18,0.017933333333333332,150
2015-08-19,0.10980000000000002,150
2015-08-20,0.00035714285714285714,140
2015-08-21,0.22,140
2015-08-22,0.3462162162162163,148
2015-08-23,0.08359712230215828,139
2015-08-24,0.04161538461538462,130
2015-08-25,0.1775,140
2015-08-26,0.21618421052631578,152
2015-08-27,0.0004635761589403974,151
2015-08-28,6.493506493506494e-05,154
2015-08-29,0.0001342281879194631,149
2015-08-30,6.756756756756757e-05,148
2015-08-31,0.00039473684210526315,152
2015-09-01,0.0,163
2015-09-02,0.0001875,160
2015-09-03,0.0030967741935483874,155
2015-09-04,0.0418,150
2015-09-05,0.00013605442176870748,147
2015-09-06,0.00013605442176870748,147
2015-09-07,0.00013071895424836603,153
2015-09-08,0.0026114649681528664,157
2015-09-09,0.014129032258064519,155
2015-09-10,0.20396103896103893,154
2015-09-11,1.1422289156626506,166
2015-09-12,0.032,140
2015-09-13,0.19593333333333335,150
2015-09-14,0.3241935483870968,155
2015-09-15,0.005067567567567568,148
2015-09-16,0.0,155
2015-09-17,0.00012578616352201257,159
2015-09-18,0.00018633540372670805,161
2015-09-19,0.00026143790849673205,153
2015-09-20,0.004285714285714286,119
2015-09-21,0.00130718954248366,153
2015-09-22,0.00019867549668874172,151
2015-09-23,0.0,158
2015-09-24,6.25e-05,160
2015-09-25,0.0,156
2015-09-26,0.0,155
2015-09-27,6.535947712418301e-05,153
2015-09-28,0.0003225806451612903,155
2015-09-29,0.022992700729927006,137
2015-09-30,1.351896551724138,174
2015-10-01,1.6154545454545455,165
2015-10-02,0.24417177914110427,163
2015-10-03,0.36044585987261146,157
2015-10-04,0.041,140
2015-10-05,0.0002702702702702703,148
2015-10-06,0.0,154
2015-10-07,0.0001226993865030675,163
2015-10-08,0.0,158
2015-10-09,0.06012987012987014,154
2015-10-10,0.2856707317073171,164
2015-10-11,0.00026490066225165563,151
2015-10-12,0.0006206896551724137,145
2015-10-13,0.1059124087591241,137
2015-10-14,0.24082802547770701,157
2015-10-15,0.00026490066225165563,151
2015-10-16,0.02162962962962963,135
2015-10-17,0.06294573643410853,129
2015-10-18,0.005572519083969466,131
2015-10-19,0.0014179104477611943,134
2015-10-20,0.011777777777777778,135
2015-10-21,0.006074766355140187,107
2015-10-22,0.01524193548387097,124
2015-10-23,0.006764705882352942,136
2015-10-24,0.0002631578947368421,152
2015-10-25,0.07288732394366199,142
2015-10-26,0.02167832167832168,143
2015-10-27,0.00048484848484848484,165
2015-10-28,0.1315,160
2015-10-29,1.4542613636363637,176
2015-10-30,0.07424050632911393,158
2015-10-31,0.0001282051282051282,156
2015-11-01,0.007846153846153846,130
2015-11-02,0.00216,125
2015-11-03,0.0,164
2015-11-04,6.134969325153375e-05,163
2015-11-05,0.0008441558441558442,154
2015-11-06,0.059102564102564106,156
2015-11-07,0.018211920529801324,151
2015-11-08,0.0,157
2015-11-09,0.0,155
2015-11-10,0.0239873417721519,158
2015-11-11,0.5233139534883722,172
2015-11-12,0.24464705882352944,170
2015-11-13,0.11432748538011696,171
2015-11-14,0.011954887218045114,133
2015-11-15,0.0002040816326530612,147
2015-11-16,0.0,164
2015-11-17,0.0,170
2015-11-18,0.0,173
2015-11-19,0.05333333333333334,150
2015-11-20,0.9137931034482759,174
2015-11-21,0.06487012987012987,154
2015-11-22,0.09597014925373133,134
2015-11-23,0.49783950617283956,162
2015-11-24,0.00047904191616766467,167
2015-11-25,0.0,165
2015-11-26,6.666666666666667e-05,150
2015-11-27,0.006170212765957448,141
2015-11-28,0.04895522388059702,134
2015-11-29,0.14056603773584905,159
2015-11-30,0.0002797202797202797,143
2015-12-01,0.03746913580246914,162
2015-12-02,0.30028901734104047,173
2015-12-03,0.22481707317073168,164
2015-12-04,0.007006802721088436,147
2015-12-05,0.00030864197530864197,162
2015-12-06,0.0,165
2015-12-07,0.00018292682926829268,164
2015-12-08,0.0040384615384615385,156
2015-12-09,0.01798657718120806,149
2015-12-10,0.017751937984496126,129
2015-12-11,0.0010294117647058824,136
2015-12-12,0.0004545454545454546,154
2015-12-13,6.622516556291391e-05,151
2015-12-14,0.07333333333333333,150
2015-12-15,0.6331460674157303,178
2015-12-16,0.007633587786259541,131
2015-12-17,0.11528985507246377,138
2015-12-18,0.5075301204819277,166
2015-12-19,0.062052980132450336,151
2015-12-20,0.00026143790849673205,153
2015-12-21,0.00032679738562091506,153
2015-12-22,0.08348148148148149,135
2015-12-23,0.33672514619883037,171
2015-12-24,1.1167261904761905,168
2015-12-25,0.01481203007518797,133
2015-12-26,0.0011510791366906477,139
2015-12-27,0.22037974683544304,158
2015-12-28,0.07899328859060402,149
2015-12-29,0.5701324503311258,151
2015-12-30,0.4045138888888889,144
2015-12-31,0.1744155844155844,154
2016-01-01,0.001985294117647059,136
2016-01-02,0.00224,125
2016-01-03,0.0,150
2016-01-04,0.0009649122807017544,114
2016-01-05,0.019083333333333334,120
2016-01-06,0.0024050632911392406,158
2016-01-07,0.0,163
2016-01-08,0.0,163
2016-01-09,0.009296875,128
2016-01-10,0.3604379562043795,137
2016-01-11,1.1779375,160
2016-01-12,0.02161290322580645,155
2016-01-13,0.13871621621621621,148
2016-01-14,0.00125,96
2016-01-15,0.0008,125
2016-01-16,0.5302666666666667,150
2016-01-17,0.34610294117647067,136
2016-01-18,0.2117687074829932,147
2016-01-19,0.00371900826446281,121
2016-01-20,0.0,157
2016-01-21,0.0,158
2016-01-22,0.0,157
2016-01-23,0.041315789473684215,152
2016-01-24,0.35277777777777775,144
2016-01-25,0.0005128205128205128,156
2016-01-26,6.451612903225807e-05,155
2016-01-27,0.012666666666666666,150
2016-01-28,0.0011111111111111111,153
2016-01-29,0.0008666666666666667,150
2016-01-30,0.0020454545454545456,132
2016-01-31,0.0,155
2016-02-01,0.0005161290322580645,155
2016-02-02,0.00087248322147651,149
2016-02-03,0.10019354838709678,155
2016-02-04,0.5814880952380952,168
2016-02-05,0.6787974683544303,158
2016-02-06,0.6594904458598726,157
2016-02-07,0.0,160
2016-02-08,0.07248226950354611,141
2016-02-09,0.4144137931034483,145
2016-02-10,0.022795698924731184,93
2016-02-11,0.02988888888888889,90
2016-02-12,0.0024509803921568627,102
2016-02-13,0.011322314049586777,121
2016-02-14,0.0016666666666666666,138
2016-02-15,0.02905405405405406,148
2016-02-16,0.4538,150
2016-02-17,0.49831168831168837,154
2016-02-18,0.0,150
2016-02-19,0.00014814814814814815,135
2016-02-20,0.03023076923076923,130
2016-02-21,0.0018978102189781024,137
2016-02-22,0.008581081081081082,148
2016-02-23,0.0030769230769230765,143
2016-02-24,0.3009615384615385,156
2016-02-25,1.032967741935484,155
2016-02-26,0.05101694915254237,118
2016-02-27,0.0,148
2016-02-28,0.0,152
2016-02-29,0.0037931034482758625,145
2016-03-01,0.013656716417910449,134
2016-03-02,0.2937267080745342,161
2016-03-03,0.09821917808219179,146
2016-03-04,0.011971830985915494,142
2016-03-05,0.0568032786885246,122
2016-03-06,0.00033783783783783786,148
2016-03-07,0.00046979865771812086,149
2016-03-08,0.00025,160
2016-03-09,0.0,162
2016-03-10,0.045724637681159426,138
2016-03-11,0.2721176470588236,170
2016-03-12,0.005714285714285714,140
2016-03-13,0.0001923076923076923,156
2016-03-14,0.061986754966887415,151
2016-03-15,0.8486904761904762,168
2016-03-16,0.23731249999999998,160
2016-03-17,0.14149700598802398,167
2016-03-18,0.0397841726618705,139
2016-03-19,0.013359375,128
2016-03-20,0.0026845637583892616,149
2016-03-21,0.2723076923076923,156
2016-03-22,0.04094202898550725,138
2016-03-23,0.0014093959731543626,149
2016-03-24,0.005422535211267606,142
2016-03-25,0.0725170068027211,147
2016-03-26,0.11304878048780487,164
2016-03-27,0.002105263157894737,152
2016-03-28,0.12397435897435898,156
2016-03-29,0.5627011494252874,174
2016-03-30,0.00030303030303030303,165
2016-03-31,0.0,156
2016-04-01,0.07046357615894042,151
2016-04-02,0.23827814569536426,151
2016-04-03,0.6300595238095238,168
2016-04-04,0.19340136054421772,147
2016-04-05,0.4166459627329193,161
2016-04-06,6.493506493506494e-05,154
2016-04-07,0.20834532374100717,139
2016-04-08,0.8707100591715977,169
2016-04-09,0.012446043165467626,139
2016-04-10,0.00030120481927710846,166
2016-04-11,0.01975609756097561,123
2016-04-12,0.11662337662337663,154
2016-04-13,0.20484042553191492,188
2016-04-14,0.00027624309392265195,181
2016-04-15,0.0,179
2016-04-16,0.0,175
2016-04-17,0.0,174
2016-04-18,0.0003448275862068965,174
2016-04-19,0.017891156462585035,147
2016-04-20,0.0025609756097560977,164
2016-04-21,5.46448087431694e-05,183
2016-04-22,0.015422535211267605,142
2016-04-23,0.18099447513812159,181
2016-04-24,0.037976878612716765,173
2016-04-25,0.00017045454545454544,176
2016-04-26,0.07746753246753246,154
2016-04-27,0.2418974358974359,195
2016-04-28,0.0002777777777777778,180
2016-04-29,0.0013529411764705882,170
2016-04-30,0.00032967032967032967,182
2016-05-01,0.012372881355932203,177
2016-05-02,0.16500000000000004,194
2016-05-03,0.36134715025906733,193
2016-05-04,0.19675675675675675,185
2016-05-05,0.4335233160621761,193
2016-05-06,0.2565745856353591,181
2016-05-07,0.16112994350282486,177
2016-05-08,0.037452229299363066,157
2016-05-09,0.04114285714285714,175
2016-05-10,0.0017679558011049724,181
2016-05-11,0.0,196
2016-05-12,0.0,187
2016-05-13,0.02489247311827957,186
2016-05-14,0.2,181
2016-05-15,0.04791666666666667,168
2016-05-16,0.0009036144578313252,166
2016-05-17,0.0001639344262295082,183
2016-05-18,0.0015384615384615387,182
2016-05-19,0.013636363636363634,154
2016-05-20,0.11318435754189943,179
2016-05-21,0.0013218390804597704,174
2016-05-22,0.03039735099337748,151
2016-05-23,0.007483870967741936,155
2016-05-24,0.16045685279187816,197
2016-05-25,0.06783783783783784,185
2016-05-26,0.001564245810055866,179
2016-05-27,0.003118279569892473,186
2016-05-28,0.018546511627906978,172
2016-05-29,0.002160493827160494,162
2016-05-30,0.433804347826087,184
2016-05-31,0.33727777777777773,180
2016-06-01,0.0058192090395480225,177
2016-06-02,0.000273224043715847,183
2016-06-03,0.011646341463414636,164
2016-06-04,0.007548387096774193,155
2016-06-05,0.1574342105263158,152
2016-06-06,0.6716062176165803,193
2016-06-07,0.03731707317073171,164
2016-06-08,0.09850574712643678,174
2016-06-09,0.045868263473053894,167
2016-06-10,0.00011834319526627219,169
2016-06-11,0.021787709497206702,179
2016-06-12,0.1514207650273224,183
2016-06-13,0.00339622641509434,159
2016-06-14,0.0012365591397849461,186
2016-06-15,0.0,189
2016-06-16,0.0,186
2016-06-17,0.002978723404255319,188
2016-06-18,0.0165,180
2016-06-19,0.00021621621621621621,185
2016-06-20,0.0,191
2016-06-21,0.23566326530612244,196
2016-06-22,0.019890710382513662,183
2016-06-23,0.01581521739130435,184
2016-06-24,0.00010309278350515464,194
2016-06-25,0.0,189
2016-06-26,0.00010471204188481675,191
2016-06-27,5.4054054054054054e-05,185
2016-06-28,0.0739247311827957,186
2016-06-29,0.13724489795918368,196
2016-06-30,0.05810526315789473,190
2016-07-01,0.03904761904761904,189
2016-07-02,0.34312499999999996,192
2016-07-03,0.0002631578947368421,190
2016-07-04,0.0,189
2016-07-05,0.32041237113402066,194
2016-07-06,0.09072916666666668,192
2016-07-07,0.0059067357512953365,193
2016-07-08,0.0832934131736527,167
2016-07-09,0.08170068027210885,147
2016-07-10,0.19909574468085106,188
2016-07-11,0.07664772727272727,176
2016-07-12,0.0014285714285714286,175
2016-07-13,0.00031746031746031746,189
2016-07-14,0.03185792349726776,183
2016-07-15,0.16364640883977902,181
2016-07-16,0.03670588235294118,170
2016-07-17,0.02723926380368098,163
2016-07-18,0.06468208092485549,173
2016-07-19,0.055977011494252875,174
2016-07-20,0.0027835051546391755,194
2016-07-21,0.0,193
2016-07-22,0.009787234042553192,188
2016-07-23,0.16633333333333333,180
2016-07-24,0.04245398773006135,163
2016-07-25,0.0004419889502762431,181
2016-07-26,0.004571428571428572,175
2016-07-27,0.0,199
2016-07-28,0.00031578947368421053,190
2016-07-29,0.08956284153005464,183
2016-07-30,0.16005235602094242,191
2016-07-31,0.19727848101265824,158
2016-08-01,0.25074074074074076,189
2016-08-02,0.3274418604651163,172
2016-08-03,0.11016483516483516,182
2016-08-04,0.0007142857142857142,196
2016-08-05,0.00010416666666666667,192
2016-08-06,0.0063783783783783795,185
2016-08-07,0.0816969696969697,165
2016-08-08,0.0008287292817679559,181
2016-08-09,0.0,197
2016-08-10,0.08089005235602094,191
2016-08-11,0.3741414141414141,198
2016-08-12,0.019829545454545457,176
2016-08-13,0.18408045977011495,174
2016-08-14,0.4872777777777778,180
2016-08-15,0.04017241379310345,174
2016-08-16,0.012944444444444444,180
2016-08-17,0.08578124999999999,192
2016-08-18,0.0016875000000000002,160
2016-08-19,0.0007428571428571429,175
2016-08-20,0.0,186
2016-08-21,0.026464088397790055,181
2016-08-22,0.6523809523809524,210
2016-08-23,0.0065829145728643216,199
2016-08-24,0.0,199
2016-08-25,0.0,194
2016-08-26,0.012459893048128343,187
2016-08-27,0.024222222222222218,180
2016-08-28,0.0,195
2016-08-29,0.0017085427135678393,199
2016-08-30,0.0,205
2016-08-31,5.319148936170213e-05,188
2016-09-01,0.058128654970760245,171
2016-09-02,0.11507389162561578,203
2016-09-03,0.0006951871657754011,187
2016-09-04,0.00010362694300518135,193
2016-09-05,0.02693121693121693,189
2016-09-06,0.2603045685279188,197
2016-09-07,0.07528497409326425,193
2016-09-08,0.04615819209039549,177
2016-09-09,0.071875,160
2016-09-10,0.0046107784431137725,167
2016-09-11,0.028265895953757225,173
2016-09-12,0.09136842105263157,190
2016-09-13,0.0002538071065989848,197
2016-09-14,0.002835051546391753,194
2016-09-15,0.03239130434782609,184
2016-09-16,0.0,199
2016-09-17,0.00026041666666666666,192
2016-09-18,0.014293785310734464,177
2016-09-19,0.5040883977900553,181
2016-09-20,0.47362745098039216,204
2016-09-21,0.031202185792349728,183
2016-09-22,0.00010256410256410257,195
2016-09-23,0.025210526315789475,190
2016-09-24,0.21262886597938144,194
2016-09-25,0.00016129032258064516,186
2016-09-26,0.0,188
2016-09-27,0.2638725490196078,204
2016-09-28,0.15434285714285714,175
2016-09-29,0.0140625,160
2016-09-30,0.047909604519774,177
2016-10-01,0.7523383084577114,201
2016-10-02,0.3408994708994709,189
2016-10-03,0.014969696969696971,165
2016-10-04,0.03017964071856288,167
2016-10-05,0.0017801047120418849,191
2016-10-06,0.0022680412371134024,194
2016-10-07,4.950495049504951e-05,202
2016-10-08,0.006666666666666667,189
2016-10-09,0.3891005291005291,189
2016-10-10,1.1126153846153846,195
2016-10-11,0.0006122448979591838,196
2016-10-12,0.0001485148514851485,202
2016-10-13,0.0017241379310344827,174
2016-10-14,0.007450980392156864,153
2016-10-15,0.0003125,192
2016-10-16,0.005106382978723404,188
2016-10-17,0.001,180
2016-10-18,0.132967032967033,182
2016-10-19,0.00304093567251462,171
2016-10-20,0.006666666666666667,195
2016-10-21,0.22220095693779904,209
2016-10-22,1.1630331753554504,211
2016-10-23,0.2217989417989418,189
2016-10-24,0.038103448275862074,174
2016-10-25,0.0022959183673469385,196
2016-10-26,0.0002617801047120419,191
2016-10-27,0.07384615384615384,208
2016-10-28,1.0164516129032257,217
2016-10-29,0.0712290502793296,179
2016-10-30,0.035187500000000003,160
2016-10-31,0.18883838383838383,198
2016-11-01,0.000980392156862745,204
2016-11-02,0.0002538071065989848,197
2016-11-03,0.01435483870967742,186
2016-11-04,0.020216216216216214,185
2016-11-05,0.00036842105263157896,190
2016-11-06,0.06232673267326733,202
2016-11-07,0.04494318181818182,176
2016-11-08,0.0005392156862745099,204
2016-11-09,0.001075268817204301,186
2016-11-10,0.017672955974842766,159
2016-11-11,0.00046632124352331605,193
2016-11-12,5.291005291005291e-05,189
2016-11-13,0.0,197
2016-11-14,0.0,201
2016-11-15,0.13145945945945947,185
2016-11-16,0.8459447004608295,217
2016-11-17,0.004913294797687861,173
2016-11-18,0.004416243654822335,197
2016-11-19,0.0002127659574468085,188
2016-11-20,0.20456852791878172,197
2016-11-21,0.05617449664429531,149
2016-11-22,0.004728260869565217,184
2016-11-23,0.0,197
2016-11-24,0.0062068965517241385,174
2016-11-25,0.07619883040935674,171
2016-11-26,0.07300613496932515,163
2016-11-27,0.012037037037037039,162
2016-11-28,0.004973544973544974,189
2016-11-29,0.126353591160221,181
2016-11-30,0.816,225
2016-12-01,0.978193832599119,227
2016-12-02,0.006947368421052631,190
2016-12-03,0.0014361702127659575,188
2016-12-04,0.00037037037037037035,189
2016-12-05,0.06024691358024691,162
2016-12-06,0.09680203045685279,197
2016-12-07,0.11674757281553398,206
2016-12-08,0.022555555555555554,180
2016-12-09,0.0007142857142857143,182
2016-12-10,0.00010362694300518135,193
2016-12-11,0.004427083333333334,192
2016-12-12,0.35366834170854267,199
2016-12-13,0.12719999999999998,200
2016-12-14,0.007386363636363635,176
2016-12-15,0.0017177914110429449,163
2016-12-16,0.0033333333333333335,162
2016-12-17,0.24532967032967037,182
2016-12-18,0.4800531914893617,188
2016-12-19,0.06874285714285715,175
2016-12-20,0.0007027027027027027,185
2016-12-21,0.0,196
2016-12-22,0.006347305389221557,167
2016-12-23,0.02416666666666667,168
2016-12-24,0.07288343558282208,163
2016-12-25,0.33755555555555555,180
2016-12-26,0.0017714285714285718,175
2016-12-27,0.041931034482758624,145
2016-12-28,0.0045,160
2016-12-29,0.10955056179775281,178
2016-12-30,0.678763440860215,186
2016-12-31,0.021760563380281688,142
2017-01-01,0.13352631578947372,190
2017-01-02,0.000965909090909091,176
2017-01-03,0.1743502824858757,177
2017-01-04,0.72785,200
2017-01-05,0.024942528735632182,174
2017-01-06,0.07296089385474862,179
2017-01-07,0.09597765363128491,179
2017-01-08,0.48291428571428574,175
2017-01-09,0.0018404907975460125,163
2017-01-10,0.009637305699481865,193
2017-01-11,0.24605,200
2017-01-12,0.23073170731707315,205
2017-01-13,0.07407608695652175,184
2017-01-14,0.00026455026455026457,189
2017-01-15,0.0003448275862068966,174
2017-01-16,0.0,200
2017-01-17,0.03311557788944724,199
2017-01-18,0.4354634146341464,205
2017-01-19,0.0985945945945946,185
2017-01-20,0.002154696132596685,181
2017-01-21,0.001161290322580645,155
2017-01-22,0.005240963855421687,166
2017-01-23,0.11241176470588235,170
2017-01-24,1.2966500000000003,200
2017-01-25,0.3514754098360655,183
2017-01-26,0.030426829268292686,164
2017-01-27,0.030120481927710843,166
2017-01-28,0.0004022988505747127,174
2017-01-29,0.00023529411764705883,170
2017-01-30,0.00016666666666666666,180
2017-01-31,0.007446808510638297,188
2017-02-01,0.15262886597938144,194
2017-02-02,0.0005421686746987952,166
2017-02-03,5.555555555555556e-05,180
2017-02-04,0.0,183
2017-02-05,0.0001092896174863388,183
2017-02-06,0.0,184
2017-02-07,0.049322033898305084,177
2017-02-08,0.3975897435897436,195
2017-02-09,0.13850931677018635,161
2017-02-10,0.8053409090909092,176
2017-02-11,0.13646408839779006,181
2017-02-12,0.12741007194244605,139
2017-02-13,0.7445901639344262,183
2017-02-14,0.0204635761589404,151
2017-02-15,0.028486486486486495,185
2017-02-16,0.2919428571428571,175
2017-02-17,0.0030263157894736843,152
2017-02-18,0.0,190
2017-02-19,0.0,184
2017-02-20,0.0,184
2017-02-21,0.0,195
2017-02-22,0.00034965034965034965,143
2017-02-23,5.2631578947368424e-05,190
2017-02-24,0.010598802395209581,167
2017-02-25,0.03552147239263804,163
2017-02-26,0.22454545454545452,187
2017-02-27,5.4945054945054945e-05,182
2017-02-28,0.0007594936708860759,158
2017-03-01,0.03290322580645161,155
2017-03-02,0.030484848484848493,165
2017-03-03,0.0013664596273291925,161
2017-03-04,0.006,120
2017-03-05,0.0,188
2017-03-06,0.0,189
2017-03-07,0.010916666666666667,120
2017-03-08,0.0975,200
2017-03-09,0.02394285714285714,175
2017-03-10,0.0653793103448276,145
2017-03-11,0.21930379746835443,158
2017-03-12,0.003977272727272727,176
2017-03-13,0.0,189
2017-03-14,0.294620253164557,158
2017-03-15,1.3325862068965517,174
2017-03-16,0.0008287292817679559,181
2017-03-17,0.0,196
2017-03-18,5.46448087431694e-05,183
2017-03-19,0.011866666666666668,150
2017-03-20,0.01781818181818182,165
2017-03-21,0.0,192
2017-03-22,0.0009248554913294797,173
2017-03-23,0.0,162
2017-03-24,0.004338624338624339,189
2017-03-25,0.058385093167701865,161
2017-03-26,0.07248447204968944,161
2017-03-27,0.11925925925925926,189
2017-03-28,0.40862745098039216,204
2017-03-29,0.5101980198019802,202
2017-03-30,0.0073410404624277455,173
2017-03-31,0.12347593582887702,187
2017-04-01,1.6855026455026458,189
2017-04-02,0.6955617977528089,178
2017-04-03,0.0007368421052631579,190
2017-04-04,0.34236453201970446,203
2017-04-05,0.5672277227722772,202
2017-04-06,0.19401408450704224,142
2017-04-07,0.9299024390243902,205
2017-04-08,0.013313609467455622,169
2017-04-09,0.00014705882352941175,204
2017-04-10,0.00014150943396226416,212
2017-04-11,0.0007906976744186047,215
2017-04-12,0.009259259259259259,216
2017-04-13,0.07193396226415094,212
2017-04-14,0.0002347417840375587,213
2017-04-15,0.0009278350515463918,194
2017-04-16,0.022546583850931678,161
2017-04-17,0.0264327485380117,171
2017-04-18,4.926108374384237e-05,203
2017-04-19,0.008786407766990292,206
2017-04-20,0.10981651376146788,218
2017-04-21,0.2752272727272727,220
2017-04-22,0.28368663594470045,217
2017-04-23,0.0352970297029703,202
2017-04-24,0.0,201
2017-04-25,0.13714285714285712,161
2017-04-26,0.9513502109704641,237
2017-04-27,0.16697368421052633,228
2017-04-28,0.022340425531914895,188
2017-04-29,0.009948453608247424,194
2017-04-30,0.007416267942583733,209
2017-05-01,0.06969230769230769,195
2017-05-02,0.32637168141592915,226
2017-05-03,0.1328640776699029,206
2017-05-04,0.00145,200
2017-05-05,0.1375531914893617,188
2017-05-06,1.0255217391304348,230
2017-05-07,0.19435185185185183,216
2017-05-08,0.03674157303370786,178
2017-05-09,0.0020786516853932586,178
2017-05-10,0.011,180
2017-05-11,0.0005288461538461538,208
2017-05-12,0.005151515151515152,165
2017-05-13,0.05027932960893855,179
2017-05-14,1.1779910714285715,224
2017-05-15,0.29651376146788994,218
2017-05-16,0.0753393665158371,221
2017-05-17,0.0007731958762886599,194
2017-05-18,0.01177570093457944,214
2017-05-19,0.1125233644859813,214
2017-05-20,0.0016746411483253587,209
2017-05-21,9.852216748768474e-05,203
2017-05-22,0.08791044776119404,201
2017-05-23,0.3063755458515284,229
2017-05-24,0.00955223880597015,201
2017-05-25,0.0737878787878788,198
2017-05-26,1.1415151515151516,231
2017-05-27,0.17745283018867927,212
2017-05-28,0.0023529411764705885,187
2017-05-29,0.019680851063829788,188
2017-05-30,0.14274881516587679,211
2017-05-31,0.0668421052631579,171
2017-06-01,0.32947368421052636,228
2017-06-02,0.038316326530612246,196
2017-06-03,0.02336734693877551,196
2017-06-04,0.03011111111111111,180
2017-06-05,0.41000000000000003,227
2017-06-06,0.8441176470588235,238
2017-06-07,0.6004273504273504,234
2017-06-08,0.006974358974358974,195
2017-06-09,0.04906862745098039,204
2017-06-10,0.02666666666666667,207
2017-06-11,0.0,212
2017-06-12,0.0,217
2017-06-13,0.008653846153846154,208
2017-06-14,0.03202072538860103,193
2017-06-15,4.608294930875576e-05,217
2017-06-16,0.08963302752293578,218
2017-06-17,0.8739555555555555,225
2017-06-18,0.0235632183908046,174
2017-06-19,0.05613065326633167,199
2017-06-20,0.35140350877192983,228
2017-06-21,0.014568527918781726,197
2017-06-22,0.001,210
2017-06-23,0.007438423645320197,203
2017-06-24,0.10288557213930348,201
2017-06-25,0.257035175879397,199
2017-06-26,0.11497512437810944,201
2017-06-27,0.05635922330097088,206
2017-06-28,0.2992558139534884,215
2017-06-29,0.00044117647058823526,204
2017-06-30,0.03898989898989899,198
2017-07-01,0.287803738317757,214
2017-07-02,0.032568306010928964,183
2017-07-03,0.028333333333333335,210
2017-07-04,0.0,218
2017-07-05,0.00028037383177570094,214
2017-07-06,4.587155963302752e-05,218
2017-07-07,0.12970588235294117,170
2017-07-08,0.8946017699115044,226
2017-07-09,0.1815068493150685,219
2017-07-10,0.00019047619047619048,210
2017-07-11,0.14031963470319636,219
2017-07-12,0.19954545454545458,220
2017-07-13,0.5013913043478261,230
2017-07-14,0.14286363636363636,220
2017-07-15,0.03622340425531915,188
2017-07-16,0.002215909090909091,176
2017-07-17,0.008530805687203791,211
2017-07-18,0.044106280193236716,207
2017-07-19,0.23628571428571432,210
2017-07-20,0.001105769230769231,208
2017-07-21,0.01061611374407583,211
2017-07-22,0.0,202
2017-07-23,0.0014973262032085563,187
2017-07-24,0.16780104712041888,191
2017-07-25,0.7823214285714286,224
2017-07-26,0.012157894736842105,190
2017-07-27,0.00755,200
2017-07-28,0.05940366972477064,218
2017-07-29,0.008917525773195876,194
2017-07-30,0.005792079207920792,202
2017-07-31,0.0,219
2017-08-01,0.00017937219730941703,223
2017-08-02,0.04710280373831776,214
2017-08-03,0.43248847926267286,217
2017-08-04,0.02181372549019608,204
2017-08-05,0.09303030303030303,198
2017-08-06,0.26965346534653467,202
2017-08-07,0.006747572815533981,206
2017-08-08,0.16323809523809524,210
2017-08-09,0.00745,200
2017-08-10,0.011116071428571428,224
2017-08-11,0.0030476190476190477,210
2017-08-12,0.22242009132420093,219
2017-08-13,0.14420512820512818,195
2017-08-14,0.005920398009950248,201
2017-08-15,0.05680628272251308,191
2017-08-16,0.017222222222222222,198
2017-08-17,4.901960784313725e-05,204
2017-08-18,0.06393034825870646,201
2017-08-19,1.0699537037037037,216
2017-08-20,0.00095,200
2017-08-21,9.523809523809524e-05,210
2017-08-22,0.02341346153846154,208
2017-08-23,0.2957004830917874,207
2017-08-24,0.0012621359223300972,206
2017-08-25,0.001650485436893204,206
2017-08-26,0.00024154589371980678,207
2017-08-27,0.0,220
2017-08-28,0.0006787330316742081,221
2017-08-29,0.008847926267281106,217
2017-08-30,0.2913122171945701,221
2017-08-31,0.020344827586206895,203
2017-09-01,0.0015887850467289717,214
2017-09-02,0.00023364485981308412,214
2017-09-03,0.25729357798165137,218
2017-09-04,0.44070484581497793,227
2017-09-05,0.00558139534883721,215
2017-09-06,0.16606481481481483,216
2017-09-07,1.3731120331950208,241
2017-09-08,0.05291866028708133,209
2017-09-09,0.006145833333333334,192
2017-09-10,0.013184079601990051,201
2017-09-11,0.00028708133971291867,209
2017-09-12,9.216589861751152e-05,217
2017-09-13,0.00032407407407407406,216
2017-09-14,0.009303482587064676,201
2017-09-15,0.09942583732057417,209
2017-09-16,0.0798974358974359,195
2017-09-17,0.004310344827586208,174
2017-09-18,0.009705882352941175,170
2017-09-19,0.0406145251396648,179
2017-09-20,0.32999999999999996,229
2017-09-21,0.17358078602620086,229
2017-09-22,0.284147465437788,217
2017-09-23,0.25872727272727275,220
2017-09-24,0.004097560975609756,205
2017-09-25,0.0007981220657276995,213
2017-09-26,0.009906103286384976,213
2017-09-27,0.0009615384615384616,208
2017-09-28,0.00835680751173709,213
2017-09-29,0.003287671232876712,219
2017-09-30,0.12195767195767199,189
2017-10-01,0.1862189054726368,201
2017-10-02,0.003703703703703704,216
2017-10-03,0.000547945205479452,219
2017-10-04,4.484304932735426e-05,223
2017-10-05,0.00018433179723502304,217
2017-10-06,0.014514563106796115,206
2017-10-07,0.006647398843930637,173
2017-10-08,0.041363636363636366,176
2017-10-09,0.2812676056338028,213
2017-10-10,0.3418807339449541,218
2017-10-11,0.0034634146341463415,205
2017-10-12,0.016170212765957447,188
2017-10-13,0.0,222
2017-10-14,0.017628865979381445,194
2017-10-15,0.15240641711229946,187
2017-10-16,0.029310344827586206,174
2017-10-17,0.0029702970297029708,202
2017-10-18,4.405286343612335e-05,227
2017-10-19,0.00018018018018018018,222
2017-10-20,4.405286343612335e-05,227
2017-10-21,0.0,221
2017-10-22,0.0,220
2017-10-23,0.00043902439024390245,205
2017-10-24,0.1525877192982456,228
2017-10-25,1.2249590163934425,244
2017-10-26,1.1756118143459915,237
2017-10-27,0.40750000000000003,236
2017-10-28,0.0006976744186046513,215
2017-10-29,0.19381642512077293,207
2017-10-30,2.403544303797468,237
2017-10-31,0.0687557603686636,217
2017-11-01,0.001769911504424779,226
2017-11-02,0.012284263959390862,197
2017-11-03,0.004406779661016949,177
2017-11-04,0.007513812154696132,181
2017-11-05,0.006926829268292685,205
2017-11-06,0.06970149253731345,201
2017-11-07,0.07544642857142858,224
2017-11-08,0.09896860986547085,223
2017-11-09,0.002976744186046512,215
2017-11-10,0.033235294117647064,204
2017-11-11,0.0005314009661835749,207
2017-11-12,0.0002358490566037736,212
2017-11-13,0.02,197
2017-11-14,0.16674418604651164,215
2017-11-15,0.004812834224598931,187
2017-11-16,0.05572916666666666,192
2017-11-17,0.34995744680851065,235
2017-11-18,0.008457943925233646,214
2017-11-19,0.2802752293577982,218
2017-11-20,0.12069306930693069,202
2017-11-21,0.0007943925233644859,214
2017-11-22,0.16150753768844223,199
2017-11-23,0.6563507109004739,211
2017-11-24,0.00024154589371980678,207
2017-11-25,0.0003482587064676617,201
2017-11-26,0.0027472527472527475,182
2017-11-27,0.00016304347826086955,184
2017-11-28,0.0,218
2017-11-29,0.0006930693069306931,202
2017-11-30,0.0022869955156950674,223
2017-12-01,0.06147826086956522,230
2017-12-02,0.0016981132075471698,212
2017-12-03,9.174311926605505e-05,218
2017-12-04,4.545454545454546e-05,220
2017-12-05,0.030185185185185183,216
2017-12-06,0.656228813559322,236
2017-12-07,0.009082125603864736,207
2017-12-08,0.0,221
2017-12-09,0.06507537688442211,199
2017-12-10,0.5057575757575759,198
2017-12-11,0.0010215053763440861,186
2017-12-12,0.040491803278688523,183
2017-12-13,0.21548076923076925,208
2017-12-14,0.018129496402877702,139
2017-12-15,0.027696629213483148,178
2017-12-16,0.0427891156462585,147
2017-12-17,0.0012834224598930481,187
2017-12-18,0.0009659090909090908,176
2017-12-19,0.00864516129032258,155
2017-12-20,0.0038150289017341047,173
2017-12-21,0.0,200
2017-12-22,0.019189189189189187,148
2017-12-23,0.21907692307692306,195
2017-12-24,0.5118784530386741,181
2017-12-25,0.2953216374269006,171
2017-12-26,0.1588622754491018,167
2017-12-27,0.0,198
2017-12-28,0.0,190
2017-12-29,0.0008241758241758243,182
2017-12-30,0.002325581395348837,172
2017-12-31,0.038050314465408804,159
2018-01-01,0.0010638297872340426,188
2018-01-02,0.0005263157894736842,190
2018-01-03,0.0,200
2018-01-04,0.25,141
2018-01-05,0.968532608695652,184
2018-01-06,0.0006951871657754011,187
2018-01-07,0.0002631578947368421,190
2018-01-08,0.0013812154696132596,181
2018-01-09,0.01736,125
2018-01-10,5.2631578947368424e-05,190
2018-01-11,0.0,202
2018-01-12,0.15175757575757576,165
2018-01-13,1.7086320754716982,212
2018-01-14,0.009702380952380954,168
2018-01-15,0.0030656934306569346,137
2018-01-16,0.016715328467153286,137
2018-01-17,0.18283333333333332,180
2018-01-18,0.11559139784946236,186
2018-01-19,5.0505050505050505e-05,198
2018-01-20,0.0,195
2018-01-21,0.0,190
2018-01-22,0.03136690647482015,139
2018-01-23,0.2479227053140097,207
2018-01-24,0.8887192118226601,203
2018-01-25,0.00010101010101010101,198
2018-01-26,0.0013793103448275863,203
2018-01-27,5.102040816326531e-05,196
2018-01-28,0.06694300518134716,193
2018-01-29,0.05619565217391304,184
2018-01-30,0.14795918367346939,147
2018-01-31,0.0755232558139535,172
2018-02-01,0.018218390804597702,174
2018-02-02,0.23693121693121694,189
2018-02-03,0.014875,160
2018-02-04,0.08167664670658684,167
2018-02-05,0.7287878787878789,198
2018-02-06,0.0004945054945054945,182
2018-02-07,0.13193333333333332,150
2018-02-08,0.665,200
2018-02-09,0.001081081081081081,185
2018-02-10,0.05595890410958904,146
2018-02-11,0.5584736842105263,190
2018-02-12,0.8586082474226804,194
2018-02-13,0.008205128205128205,195
2018-02-14,0.0003076923076923077,195
2018-02-15,0.07329608938547486,179
2018-02-16,0.13416216216216217,185
2018-02-17,0.037594936708860764,158
2018-02-18,0.5321989528795812,191
2018-02-19,0.01550802139037433,187
2018-02-20,0.10030769230769232,195
2018-02-21,0.002023809523809524,168
2018-02-22,0.025064102564102565,156
2018-02-23,0.1022279792746114,193
2018-02-24,0.18988888888888888,180
2018-02-25,0.2392571428571429,175
2018-02-26,0.46578378378378377,185
2018-02-27,0.00065,200
2018-02-28,0.00021505376344086021,186
2018-03-01,0.002857142857142857,168
2018-03-02,0.7011,200
2018-03-03,1.6716931216931217,189
2018-03-04,0.012222222222222223,153
2018-03-05,0.10225274725274724,182
2018-03-06,0.006140350877192982,171
2018-03-07,0.15614864864864864,148
2018-03-08,1.1172448979591836,196
2018-03-09,0.04702898550724638,138
2018-03-10,0.009197080291970803,137
2018-03-11,0.0006918238993710692,159
2018-03-12,0.0003370786516853933,178
2018-03-13,0.47060606060606064,165
2018-03-14,0.8066666666666666,156
2018-03-15,0.043025210084033615,119
2018-03-16,0.0008064516129032258,186
2018-03-17,0.0001675977653631285,179
2018-03-18,0.0,189
2018-03-19,0.0,194
2018-03-20,0.0,197
2018-03-21,0.012446808510638297,188
2018-03-22,0.28833333333333333,168
2018-03-23,0.04870056497175141,177
2018-03-24,0.001005586592178771,179
2018-03-25,0.049933333333333337,150
2018-03-26,0.009172413793103448,145
2018-03-27,0.0,198
2018-03-28,0.015405405405405404,148
2018-03-29,0.003626373626373627,182
2018-03-30,0.049281767955801116,181
2018-03-31,0.043351648351648356,182
2018-04-01,0.0005357142857142857,168
2018-04-02,0.03993630573248407,157
2018-04-03,0.18478048780487802,205
2018-04-04,0.4653953488372093,215
2018-04-05,0.16957142857142857,210
2018-04-06,0.029519230769230773,208
2018-04-07,0.28271844660194173,206
2018-04-08,0.001098901098901099,182
2018-04-09,0.0002127659574468085,188
2018-04-10,0.002422680412371134,194
2018-04-11,0.02440251572327044,159
2018-04-12,0.008724489795918366,196
2018-04-13,0.06678217821782179,202
2018-04-14,0.0028481012658227844,158
2018-04-15,0.018846153846153846,182
2018-04-16,0.574949494949495,198
2018-04-17,1.3522885572139303,201
2018-04-18,0.007964071856287426,167
2018-04-19,0.07312820512820513,195
2018-04-20,0.1699047619047619,210
2018-04-21,0.00010256410256410257,195
2018-04-22,0.0,198
2018-04-23,0.00014778325123152708,203
2018-04-24,0.0,209
2018-04-25,0.17763819095477384,199
2018-04-26,1.0650446428571427,224
2018-04-27,0.10481081081081081,185
2018-04-28,0.40645454545454546,220
2018-04-29,0.059308510638297875,188
2018-04-30,0.10130434782608697,207
2018-05-01,0.10793577981651377,218
2018-05-02,0.0010471204188481676,191
2018-05-03,0.0074770642201834854,218
2018-05-04,0.055656565656565654,198
2018-05-05,0.02931578947368421,190
2018-05-06,0.04994082840236687,169
2018-05-07,0.2826388888888889,216
2018-05-08,0.0022065727699530522,213
2018-05-09,0.0001895734597156398,211
2018-05-10,0.006243654822335025,197
2018-05-11,0.0008717948717948717,195
2018-05-12,0.022955665024630544,203
2018-05-13,0.1788479262672811,217
2018-05-14,0.002311827956989247,186
2018-05-15,0.07857798165137614,218
2018-05-16,0.5156223175965665,233
2018-05-17,0.08720183486238532,218
2018-05-18,0.027592592592592596,216
2018-05-19,0.031037735849056603,212
2018-05-20,0.32911894273127756,227
2018-05-21,0.07212264150943395,212
2018-05-22,0.006502242152466368,223
2018-05-23,0.07262008733624455,229
2018-05-24,0.03311627906976744,215
2018-05-25,0.00018181818181818183,220
2018-05-26,0.002277227722772277,202
2018-05-27,0.07417840375586855,213
2018-05-28,0.14346153846153847,208
2018-05-29,0.00520618556701031,194
2018-05-30,4.464285714285714e-05,224
2018-05-31,4.405286343612335e-05,227
2018-06-01,0.011952380952380954,210
2018-06-02,0.051823204419889496,181
2018-06-03,0.02168421052631579,190
2018-06-04,0.27123287671232876,219
2018-06-05,0.5854347826086956,230
2018-06-06,0.13845132743362834,226
2018-06-07,0.0008411214953271028,214
2018-06-08,0.0004784688995215311,209
2018-06-09,0.00354368932038835,206
2018-06-10,0.0,216
2018-06-11,0.0,221
2018-06-12,4.4444444444444447e-05,225
2018-06-13,0.003952380952380953,210
2018-06-14,0.034371584699453554,183
2018-06-15,0.014090909090909093,176
2018-06-16,0.013172043010752688,186
2018-06-17,0.0,216
2018-06-18,0.0505,220
2018-06-19,0.40872881355932206,236
2018-06-20,0.00017937219730941703,223
2018-06-21,0.004147465437788019,217
2018-06-22,0.0010576923076923077,208
2018-06-23,0.027582417582417584,182
2018-06-24,0.15758454106280195,207
2018-06-25,0.5550877192982456,228
2018-06-26,0.01885714285714286,210
2018-06-27,0.021266968325791856,221
2018-06-28,0.6244690265486725,226
2018-06-29,1.0096428571428573,224
2018-06-30,0.0011330049261083742,203
2018-07-01,0.0,209
2018-07-02,0.0,210
2018-07-03,0.00023923444976076556,209
2018-07-04,0.020097087378640775,206
2018-07-05,0.00033492822966507175,209
2018-07-06,0.07028436018957346,211
2018-07-07,0.37304932735426005,223
2018-07-08,9.345794392523364e-05,214
2018-07-09,0.0009389671361502348,213
2018-07-10,0.0008292682926829269,205
2018-07-11,0.09457286432160804,199
2018-07-12,0.002619047619047619,210
2018-07-13,0.0,210
2018-07-14,0.00880597014925373,201
2018-07-15,0.1044059405940594,202
2018-07-16,0.017365853658536587,205
2018-07-17,0.2025233644859813,214
2018-07-18,1.1495982142857142,224
2018-07-19,0.0003755868544600939,213
2018-07-20,0.0,218
2018-07-21,0.007175925925925926,216
2018-07-22,0.1415841584158416,202
2018-07-23,0.4884651162790698,215
2018-07-24,0.19966019417475725,206
2018-07-25,0.09365,200
2018-07-26,0.6745652173913043,230
2018-07-27,0.2781614349775785,223
2018-07-28,0.18695,200
2018-07-29,0.04733009708737864,206
2018-07-30,0.0034403669724770644,218
2018-07-31,0.0,221
2018-08-01,0.024883720930232556,215
2018-08-02,0.14763819095477387,199
2018-08-03,0.12183098591549298,213
2018-08-04,0.3326267281105991,217
2018-08-05,0.7929777777777779,225
2018-08-06,0.0004608294930875576,217
2018-08-07,0.015384615384615385,221
2018-08-08,0.1582727272727273,220
2018-08-09,0.4513574660633484,221
2018-08-10,0.22483091787439613,207
2018-08-11,0.27903061224489795,196
2018-08-12,0.8711111111111112,198
2018-08-13,0.25140776699029127,206
2018-08-14,0.3716017316017316,231
2018-08-15,0.3045945945945946,222
2018-08-16,0.011435406698564594,209
2018-08-17,0.05602803738317757,214
2018-08-18,0.40957142857142853,210
2018-08-19,0.43581730769230764,208
2018-08-20,0.03635416666666667,192
2018-08-21,0.006577540106951872,187
2018-08-22,0.23297169811320756,212
2018-08-23,0.30384259259259255,216
2018-08-24,0.0021649484536082476,194
2018-08-25,0.0009009009009009008,222
2018-08-26,4.464285714285714e-05,224
2018-08-27,0.0004000000000000001,225
2018-08-28,0.00013043478260869564,230
2018-08-29,0.0003524229074889868,227
2018-08-30,0.0004072398190045249,221
2018-08-31,0.00022123893805309737,226
2018-09-01,0.0,227
2018-09-02,0.0,222
2018-09-03,4.484304932735426e-05,223
2018-09-04,0.001782608695652174,230
2018-09-05,4.201680672268908e-05,238
2018-09-06,0.03309322033898305,236
2018-09-07,0.3069421487603306,242
2018-09-08,0.00903061224489796,196
2018-09-09,4.608294930875576e-05,217
2018-09-10,0.09657657657657658,222
2018-09-11,1.099757085020243,247
2018-09-12,0.0935909090909091,220
2018-09-13,0.6956465517241379,232
2018-09-14,0.04438144329896908,194
2018-09-15,0.0007881773399014779,203
2018-09-16,0.000660377358490566,212
2018-09-17,0.0031775700934579443,214
2018-09-18,0.7265833333333334,240
2018-09-19,1.3972653061224491,245
2018-09-20,0.040350000000000004,200
2018-09-21,0.022187500000000002,224
2018-09-22,0.07687203791469194,211
2018-09-23,0.0010572687224669603,227
2018-09-24,0.00022935779816513763,218
2018-09-25,0.1569603524229075,227
2018-09-26,1.4768604651162789,258
2018-09-27,0.5222310756972111,251
2018-09-28,0.15802752293577982,218
2018-09-29,0.39177966101694917,236
2018-09-30,0.0008888888888888889,225
2018-10-01,0.010524017467248908,229
2018-10-02,0.254505928853755,253
2018-10-03,0.8058,250
2018-10-04,0.012708333333333334,192
2018-10-05,0.0019523809523809526,210
2018-10-06,0.00022831050228310504,219
2018-10-07,0.006788990825688073,218
2018-10-08,0.04323671497584541,207
2018-10-09,0.017557603686635948,217
2018-10-10,0.0025446428571428573,224
2018-10-11,0.1411764705882353,204
2018-10-12,1.312371541501976,253
2018-10-13,0.36240566037735844,212
2018-10-14,0.1168421052631579,228
2018-10-15,0.03483720930232558,215
2018-10-16,0.17333333333333334,240
2018-10-17,0.004080717488789238,223
2018-10-18,0.022870813397129187,209
2018-10-19,0.00048034934497816597,229
2018-10-20,0.019393939393939394,198
2018-10-21,0.07127962085308057,211
2018-10-22,0.040281690140845074,213
2018-10-23,0.028982300884955757,226
2018-10-24,0.1762553191489362,235
2018-10-25,0.028564814814814814,216
2018-10-26,0.00017167381974248928,233
2018-10-27,0.22506849315068492,219
2018-10-28,1.174322033898305,236
2018-10-29,0.12080508474576272,236
2018-10-30,0.2353711790393013,229
2018-10-31,0.002270742358078603,229
2018-11-01,0.006666666666666666,219
2018-11-02,0.23974895397489537,239
2018-11-03,1.4855462184873949,238
2018-11-04,0.2759051724137931,232
2018-11-05,0.03716814159292035,226
2018-11-06,0.4270901639344263,244
2018-11-07,0.5077380952380952,252
2018-11-08,0.0018775510204081633,245
2018-11-09,0.08911764705882354,238
2018-11-10,1.242122448979592,245
2018-11-11,0.014129353233830844,201
2018-11-12,0.00017543859649122808,228
2018-11-13,0.6286864406779661,236
2018-11-14,0.6923008849557523,226
2018-11-15,0.05208888888888889,225
2018-11-16,1.0018141592920355,226
2018-11-17,0.12014851485148514,202
2018-11-18,0.00047393364928909954,211
2018-11-19,0.103681592039801,201
2018-11-20,0.25306930693069307,202
2018-11-21,0.22778325123152707,203
2018-11-22,0.0075609756097560965,164
2018-11-23,0.0,206
2018-11-24,0.0020098039215686275,204
2018-11-25,0.7031797235023042,217
2018-11-26,0.163,200
2018-11-27,1.1434412955465587,247
2018-11-28,0.04815920398009951,201
2018-11-29,0.005729166666666667,192
2018-11-30,0.00027272727272727274,220
2018-12-01,0.00267379679144385,187
2018-12-02,0.4663318777292576,229
2018-12-03,0.5065596330275229,218
2018-12-04,0.001751152073732719,217
2018-12-05,0.0,236
2018-12-06,0.0008558558558558559,222
2018-12-07,0.004875621890547264,201
2018-12-08,4.4444444444444447e-05,225
2018-12-09,0.00018181818181818183,220
2018-12-10,0.0,228
2018-12-11,0.0,232
2018-12-12,0.0008510638297872343,188
2018-12-13,0.00030434782608695655,230
2018-12-14,0.004521739130434783,230
2018-12-15,0.017958115183246075,191
2018-12-16,0.08013698630136987,219
2018-12-17,0.647038626609442,233
2018-12-18,0.01732484076433121,157
2018-12-19,0.0,239
2018-12-20,0.005146443514644351,239
2018-12-21,0.3876150627615062,239
2018-12-22,0.8872727272727272,242
2018-12-23,0.009257425742574259,202
2018-12-24,0.002827586206896552,145
2018-12-25,0.007602739726027396,146
2018-12-26,0.0,211
2018-12-27,9.47867298578199e-05,211
2018-12-28,0.14028248587570621,177
2018-12-29,0.525045871559633,218
2018-12-30,0.0019545454545454545,220
2018-12-31,0.04807511737089202,213
2019-01-01,0.8054583333333334,240
2019-01-02,0.0006756756756756758,222
2019-01-03,0.012485207100591717,169
2019-01-04,0.004408602150537635,186
2019-01-05,0.2203571428571429,224
2019-01-06,0.5336160714285715,224
2019-01-07,0.0044943820224719105,178
2019-01-08,0.035434782608695654,138
2019-01-09,0.22556485355648534,239
2019-01-10,0.017948717948717947,156
2019-01-11,0.001736111111111111,144
2019-01-12,0.0,230
2019-01-13,4.366812227074236e-05,229
2019-01-14,0.0,218
2019-01-15,8.81057268722467e-05,227
2019-01-16,0.0,232
2019-01-17,8.849557522123894e-05,226
2019-01-18,0.0014117647058823533,170
2019-01-19,0.014257425742574256,202
2019-01-20,1.193767441860465,215
2019-01-21,0.8506951871657753,187
2019-01-22,0.004969325153374234,163
2019-01-23,0.0011737089201877935,213
2019-01-24,0.3390104166666667,192
2019-01-25,1.153755458515284,229
2019-01-26,9.132420091324201e-05,219
2019-01-27,0.000196078431372549,204
2019-01-28,0.001650943396226415,212
2019-01-29,0.013350515463917524,194
2019-01-30,0.23416666666666666,228
2019-01-31,0.028922155688622754,167
2019-02-01,0.00017316017316017316,231
2019-02-02,0.0,213
2019-02-03,0.0,218
2019-02-04,4.672897196261682e-05,214
2019-02-05,0.003636363636363637,198
2019-02-06,0.03858490566037736,212
2019-02-07,0.4751739130434782,230
2019-02-08,0.13135964912280704,228
2019-02-09,0.05336492890995261,211
2019-02-10,0.0,218
2019-02-11,4.5662100456621006e-05,219
2019-02-12,0.07172566371681416,226
2019-02-13,1.0721888412017166,233
2019-02-14,0.022393617021276596,188
2019-02-15,0.011009174311926608,218
2019-02-16,0.07348258706467661,201
2019-02-17,0.002560386473429952,207
2019-02-18,0.2790776699029126,206
2019-02-19,0.07587301587301588,189
2019-02-20,0.010324074074074074,216
2019-02-21,0.4368949771689498,219
2019-02-22,0.0035353535353535356,198
2019-02-23,0.0,213
2019-02-24,0.15333333333333332,186
2019-02-25,0.41712820512820514,195
2019-02-26,0.006052631578947369,152
2019-02-27,0.0071874999999999994,224
2019-02-28,0.19381165919282511,223
2019-03-01,0.012080536912751677,149
2019-03-02,0.12320000000000002,175
2019-03-03,0.21329842931937174,191
2019-03-04,0.9733962264150944,212
2019-03-05,0.01666666666666667,171
2019-03-06,4.5662100456621006e-05,219
2019-03-07,4.5662100456621006e-05,219
2019-03-08,4.524886877828054e-05,221
2019-03-09,0.0006451612903225808,217
2019-03-10,0.10477157360406092,197
2019-03-11,0.4955813953488372,215
2019-03-12,9.174311926605505e-05,218
2019-03-13,0.00032558139534883724,215
2019-03-14,0.0005381165919282511,223
2019-03-15,0.031042654028436017,211
2019-03-16,0.2714423076923077,208
2019-03-17,0.0001923076923076923,208
2019-03-18,0.0,214
2019-03-19,4.405286343612335e-05,227
2019-03-20,0.0,234
2019-03-21,0.0028448275862068967,232
2019-03-22,0.5605531914893618,235
2019-03-23,0.2541826923076923,208
2019-03-24,0.0018811881188118811,202
2019-03-25,0.0,227
2019-03-26,0.0,240
2019-03-27,0.0,235
2019-03-28,8.849557522123894e-05,226
2019-03-29,0.011386138613861386,202
2019-03-30,0.055492957746478874,213
2019-03-31,0.020047619047619043,210
2019-04-01,0.14816239316239316,234
2019-04-02,0.003609958506224067,241
2019-04-03,0.39606557377049184,244
2019-04-04,0.02689655172413793,232
2019-04-05,0.012322834645669294,254
2019-04-06,0.23542857142857143,245
2019-04-07,0.003185840707964602,226
2019-04-08,0.25030172413793106,232
2019-04-09,0.26757085020242916,247
2019-04-10,0.16085365853658534,246
2019-04-11,0.0026363636363636368,220
2019-04-12,0.014090909090909091,242
2019-04-13,0.3939393939393939,231
2019-04-14,0.11895927601809954,221
2019-04-15,0.6478189300411523,243
2019-04-16,0.3512033195020747,241
2019-04-17,0.000617283950617284,243
2019-04-18,0.010732984293193717,191
2019-04-19,0.040913242009132426,219
2019-04-20,0.19367256637168143,226
2019-04-21,0.3997083333333334,240
2019-04-22,0.2223529411764706,204
2019-04-23,1.1556349206349208,252
2019-04-24,0.11384615384615385,260
2019-04-25,0.0009243697478991598,238
2019-04-26,0.16578947368421051,209
2019-04-27,1.1522633744855968,243
2019-04-28,0.03015151515151515,198
2019-04-29,0.07951965065502184,229
2019-04-30,0.16197628458498023,253
2019-05-01,0.020191387559808614,209
2019-05-02,0.07417391304347827,230
2019-05-03,0.08254629629629628,216
2019-05-04,0.2632931726907631,249
2019-05-05,0.07381165919282512,223
2019-05-06,0.24372727272727274,220
2019-05-07,0.012380952380952383,231
2019-05-08,0.10334693877551021,245
2019-05-09,0.0004897959183673469,245
2019-05-10,0.008803418803418804,234
2019-05-11,0.07554545454545455,220
2019-05-12,0.10565217391304348,207
2019-05-13,0.5601214574898785,247
2019-05-14,0.5466666666666666,255
2019-05-15,0.06034632034632034,231
2019-05-16,0.016952380952380955,210
2019-05-17,0.030102564102564105,195
2019-05-18,0.1107563025210084,238
2019-05-19,0.01343891402714932,221
2019-05-20,0.1648898678414097,227
2019-05-21,0.11903508771929824,228
2019-05-22,0.00012295081967213115,244
2019-05-23,0.018438818565400843,237
2019-05-24,0.2075,248
2019-05-25,0.012889908256880734,218
2019-05-26,0.16713692946058092,241
2019-05-27,0.005598290598290598,234
2019-05-28,0.04425531914893616,235
2019-05-29,0.37584980237154153,253
2019-05-30,0.11789915966386555,238
2019-05-31,0.19608,250
2019-06-01,0.0025333333333333336,225
2019-06-02,0.03553097345132744,226
2019-06-03,0.22702479338842974,242
2019-06-04,0.00043137254901960784,255
2019-06-05,0.016877637130801686,237
2019-06-06,0.32999999999999996,252
2019-06-07,0.014655172413793105,232
2019-06-08,0.0,246
2019-06-09,0.0,247
2019-06-10,0.016835937500000002,256
2019-06-11,0.7038432835820896,268
2019-06-12,0.25905349794238686,243
2019-06-13,0.10187500000000001,208
2019-06-14,0.621897233201581,253
2019-06-15,0.00178743961352657,207
2019-06-16,0.08308755760368663,217
2019-06-17,0.30045643153526974,241
2019-06-18,0.04068085106382978,235
2019-06-19,0.26609756097560977,246
2019-06-20,0.12595238095238095,210
2019-06-21,0.5103984063745021,251
2019-06-22,0.26198275862068965,232
2019-06-23,0.07027649769585255,217
2019-06-24,0.00020833333333333335,240
2019-06-25,0.045381355932203396,236
2019-06-26,0.5300396825396825,252
2019-06-27,0.025117370892018778,213
2019-06-28,0.0002586206896551724,232
2019-06-29,0.10791262135922329,206
2019-06-30,0.1395260663507109,211
2019-07-01,0.17969026548672565,226
2019-07-02,0.0004680851063829787,235
2019-07-03,0.00018181818181818183,220
2019-07-04,0.0,231
2019-07-05,0.0001271186440677966,236
2019-07-06,0.07004273504273505,234
2019-07-07,0.4592946058091286,241
2019-07-08,0.00012552301255230126,239
2019-07-09,0.00012195121951219512,246
2019-07-10,0.0,241
2019-07-11,0.01966386554621849,238
2019-07-12,0.8616666666666666,252
2019-07-13,0.33816239316239316,234
2019-07-14,0.0002100840336134454,238
2019-07-15,0.002139917695473251,243
2019-07-16,4.149377593360996e-05,241
2019-07-17,0.05995762711864408,236
2019-07-18,0.44357429718875496,249
2019-07-19,0.180990990990991,222
2019-07-20,0.0028260869565217396,230
2019-07-21,0.01943231441048035,229
2019-07-22,0.10280701754385967,228
2019-07-23,1.438225806451613,248
2019-07-24,0.5510569105691057,246
2019-07-25,0.0027083333333333334,240
2019-07-26,0.0033333333333333335,243
2019-07-27,0.00029288702928870295,239
2019-07-28,0.0185531914893617,235
2019-07-29,0.015215517241379312,232
2019-07-30,0.012661290322580645,248
2019-07-31,0.0430327868852459,244
2019-08-01,0.18701244813278006,241
2019-08-02,0.00016666666666666666,240
2019-08-03,0.008412017167381975,233
2019-08-04,0.04434977578475337,223
2019-08-05,0.029500000000000002,220
2019-08-06,0.004811715481171549,239
2019-08-07,0.1333191489361702,235
2019-08-08,1.1117441860465118,258
2019-08-09,0.021531531531531537,222
2019-08-10,0.011086956521739131,230
2019-08-11,0.010418604651162792,215
2019-08-12,8.474576271186441e-05,236
2019-08-13,0.012920353982300887,226
2019-08-14,0.19552884615384616,208
2019-08-15,0.0024271844660194173,206
2019-08-16,0.008785046728971962,214
2019-08-17,0.016157407407407412,216
2019-08-18,0.2328181818181818,220
2019-08-19,0.04041284403669725,218
2019-08-20,0.07526315789473684,209
2019-08-21,0.06926724137931034,232
2019-08-22,0.21004310344827587,232
2019-08-23,0.02628712871287129,202
2019-08-24,0.013091787439613527,207
2019-08-25,0.005429864253393665,221
2019-08-26,0.006828193832599119,227
2019-08-27,4.1666666666666665e-05,240
2019-08-28,0.07355102040816326,245
2019-08-29,1.1971153846153846,260
2019-08-30,0.00825726141078838,241
2019-08-31,4.219409282700422e-05,237
2019-09-01,0.0,233
2019-09-02,0.0712,225
2019-09-03,0.4922175732217574,239
2019-09-04,0.011078838174273856,241
2019-09-05,0.10515151515151515,231
2019-09-06,0.026147540983606558,244
2019-09-07,0.5410483870967743,248
2019-09-08,0.01321266968325792,221
2019-09-09,0.0,246
2019-09-10,0.0,242
2019-09-11,0.006094420600858369,233
2019-09-12,0.07056277056277056,231
2019-09-13,0.22530364372469636,247
2019-09-14,0.018841201716738195,233
2019-09-15,0.18206611570247935,242
2019-09-16,0.001021276595744681,235
2019-09-17,8.032128514056225e-05,249
2019-09-18,0.0007758620689655172,232
2019-09-19,0.0011155378486055777,251
2019-09-20,0.0,257
2019-09-21,0.0,252
2019-09-22,4.065040650406504e-05,246
2019-09-23,0.007272727272727273,242
2019-09-24,0.27277777777777773,252
2019-09-25,0.01044642857142857,224
2019-09-26,0.02883064516129032,248
2019-09-27,0.22893129770992368,262
2019-09-28,0.00025210084033613445,238
2019-09-29,0.000617283950617284,243
2019-09-30,0.0006866952789699571,233
2019-10-01,0.04764444444444444,225
2019-10-02,0.050379146919431274,211
2019-10-03,0.19715415019762844,253
2019-10-04,0.1615625,256
2019-10-05,0.0035748792270531406,207
2019-10-06,0.00046808510638297874,235
2019-10-07,0.051191489361702126,235
2019-10-08,0.3754901960784314,255
2019-10-09,0.05458149779735683,227
2019-10-10,0.2641393442622951,244
2019-10-11,0.21529147982062782,223
2019-10-12,0.3701310043668122,229
2019-10-13,0.01454954954954955,222
2019-10-14,0.024059829059829063,234
2019-10-15,0.0072033898305084755,236
2019-10-16,0.0945967741935484,248
2019-10-17,1.9910566037735848,265
2019-10-18,0.0906787330316742,221
2019-10-19,8.438818565400843e-05,237
2019-10-20,0.010215517241379311,232
2019-10-21,0.0692887029288703,239
2019-10-22,0.01894273127753304,227
2019-10-23,0.5290625,256
2019-10-24,0.1160655737704918,244
2019-10-25,0.000811965811965812,234
2019-10-26,0.02408256880733945,218
2019-10-27,0.20604999999999996,200
2019-10-28,1.26284,250
2019-10-29,0.03818965517241379,232
2019-10-30,0.050769230769230775,221
2019-10-31,0.21309160305343514,262
2019-11-01,0.40023437500000003,256
2019-11-02,0.004741379310344828,232
2019-11-03,0.0014285714285714286,231
2019-11-04,0.00025210084033613445,238
2019-11-05,0.06740259740259741,231
2019-11-06,0.32637499999999997,240
2019-11-07,0.029489361702127664,235
2019-11-08,0.2991596638655462,238
2019-11-09,0.0006666666666666666,195
2019-11-10,0.0005555555555555556,234
2019-11-11,4.464285714285714e-05,224
2019-11-12,0.024646464646464646,198
2019-11-13,0.11223628691983123,237
2019-11-14,0.00017021276595744682,235
2019-11-15,0.004026548672566371,226
2019-11-16,0.00026200873362445414,229
2019-11-17,0.0,219
2019-11-18,0.06914772727272728,176
2019-11-19,0.41032128514056226,249
2019-11-20,0.09909871244635195,233
2019-11-21,0.12690677966101696,236
2019-11-22,0.03005586592178771,179
2019-11-23,0.09860759493670888,237
2019-11-24,0.3505627705627706,231
2019-11-25,0.9439748953974896,239
2019-11-26,0.001120331950207469,241
2019-11-27,0.022000000000000002,240
2019-11-28,0.26571428571428574,231
2019-11-29,0.03833333333333334,210
2019-11-30,0.0,225
2019-12-01,0.06137931034482758,232
2019-12-02,0.9181974248927038,233
2019-12-03,0.676943231441048,229
2019-12-04,0.15308080808080807,198
2019-12-05,0.0009767441860465116,215
2019-12-06,0.004841628959276019,221
2019-12-07,0.05417112299465241,187
2019-12-08,4.694835680751174e-05,213
2019-12-09,0.17688524590163934,183
2019-12-10,1.1487136929460582,241
2019-12-11,0.35834782608695653,230
2019-12-12,0.08791044776119404,201
2019-12-13,0.020128755364806863,233
2019-12-14,1.2712711864406778,236
2019-12-15,0.3132900432900433,231
2019-12-16,0.0005504587155963302,218
2019-12-17,0.14262626262626263,198
2019-12-18,0.4523394495412844,218
2019-12-19,0.007195121951219512,164
2019-12-20,4.2372881355932206e-05,236
2019-12-21,8.928571428571429e-05,224
2019-12-22,0.0,225
2019-12-23,0.0,219
2019-12-24,0.0,217
2019-12-25,0.0,220
2019-12-26,0.0,216
2019-12-27,0.005276073619631901,163
2019-12-28,0.0042441860465116275,172
2019-12-29,0.018497652582159626,213
2019-12-30,0.6891189427312776,227
2019-12-31,1.113288888888889,225
2020-01-01,0.027687861271676297,173
2020-01-02,0.00033175355450236965,211
2020-01-03,0.0020634920634920637,189
2020-01-04,0.0519774011299435,177
2020-01-05,0.26142857142857145,224
2020-01-06,0.008241758241758242,182
2020-01-07,0.017549668874172187,151
2020-01-08,0.16220238095238096,168
2020-01-09,0.00392638036809816,163
2020-01-10,0.0003463203463203463,231
2020-01-11,0.0008673469387755101,196
2020-01-12,0.06745614035087719,228
2020-01-13,0.02232323232323232,198
2020-01-14,0.010882352941176471,170
2020-01-15,0.01715025906735751,193
2020-01-16,0.11186915887850468,214
2020-01-17,0.026683168316831686,202
2020-01-18,0.0340625,224
2020-01-19,0.35376681614349775,223
2020-01-20,0.002430939226519337,181
2020-01-21,0.0007009345794392524,214
2020-01-22,0.0,229
2020-01-23,0.0,235
2020-01-24,4.2735042735042735e-05,234
2020-01-25,0.07894736842105263,228
2020-01-26,0.7163179916317991,239
2020-01-27,0.0018604651162790697,215
2020-01-28,0.0003669724770642202,218
2020-01-29,0.00018099547511312217,221
2020-01-30,0.0,239
2020-01-31,0.00013215859030837003,227
2020-02-01,0.04005586592178771,179
2020-02-02,0.002763819095477387,199
2020-02-03,0.00022624434389140272,221
2020-02-04,0.0005263157894736842,228
2020-02-05,0.05811320754716981,212
2020-02-06,0.3152888888888889,225
2020-02-07,0.35631111111111113,225
2020-02-08,0.21307692307692308,208
2020-02-09,0.00020512820512820514,195
2020-02-10,0.10401869158878503,214
2020-02-11,0.19163716814159293,226
2020-02-12,0.17999999999999997,220
2020-02-13,0.5115178571428572,224
2020-02-14,0.15127272727272728,220
2020-02-15,0.00015384615384615385,195
2020-02-16,0.0012121212121212121,198
2020-02-17,0.0,215
2020-02-18,0.047824074074074074,216
2020-02-19,0.2830316742081448,221
2020-02-20,0.0002304147465437788,217
2020-02-21,0.000693069306930693,202
2020-02-22,0.00024630541871921186,203
2020-02-23,8.968609865470852e-05,223
2020-02-24,4.524886877828054e-05,221
2020-02-25,0.02642533936651584,221
2020-02-26,0.11730593607305936,219
2020-02-27,0.7586580086580087,231
2020-02-28,0.14927927927927928,222
2020-02-29,0.00014492753623188405,207
2020-03-01,0.00014705882352941175,204
2020-03-02,0.0021714285714285715,175
2020-03-03,0.014210526315789474,190
2020-03-04,0.12974358974358974,234
2020-03-05,0.0005164319248826291,213
2020-03-06,0.0023584905660377358,212
2020-03-07,0.07816216216216215,185
2020-03-08,0.0,221
2020-03-09,0.0,225
2020-03-10,0.003502304147465438,217
2020-03-11,0.009329896907216495,194
2020-03-12,0.0028828828828828834,222
2020-03-13,0.19412280701754386,228
2020-03-14,0.17137931034482762,232
2020-03-15,0.00013100436681222707,229
2020-03-16,4.385964912280702e-05,228
2020-03-17,0.05416216216216216,185
2020-03-18,0.10486363636363637,220
2020-03-19,0.30662280701754385,228
2020-03-20,0.49456896551724144,232
2020-03-21,0.013838862559241705,211
2020-03-22,4.219409282700422e-05,237
2020-03-23,0.12325102880658435,243
2020-03-24,1.2931174089068824,247
2020-03-25,0.005107296137339056,233
2020-03-26,0.00995475113122172,221
2020-03-27,0.005254237288135593,177
2020-03-28,0.023050847457627123,236
2020-03-29,0.392,250
2020-03-30,0.47991869918699187,246
2020-03-31,0.10733333333333334,240
2020-04-01,0.005025125628140704,199
2020-04-02,0.09070539419087137,241
2020-04-03,0.6419540229885058,261
2020-04-04,0.5273643410852713,258
2020-04-05,0.006061946902654868,226
2020-04-06,0.0002916666666666667,240
2020-04-07,0.000588235294117647,255
2020-04-08,0.06093877551020408,245
2020-04-09,0.09741525423728814,236
2020-04-10,0.5414176245210728,261
2020-04-11,0.03949790794979079,239
2020-04-12,0.00024096385542168676,249
2020-04-13,0.246484375,256
2020-04-14,0.843206106870229,262
2020-04-15,0.06995744680851064,235
2020-04-16,0.033842105263157896,190
2020-04-17,0.0071,200
2020-04-18,0.534233870967742,248
2020-04-19,0.10546938775510205,245
2020-04-20,0.00024793388429752067,242
2020-04-21,0.03612403100775194,258
2020-04-22,0.30944,250
2020-04-23,0.002017937219730942,223
2020-04-24,0.19680451127819545,266
2020-04-25,0.18102362204724412,254
2020-04-26,0.05103734439834024,241
2020-04-27,0.627593984962406,266
2020-04-28,0.3660377358490566,265
2020-04-29,0.006528925619834711,242
2020-04-30,0.0626046511627907,215
2020-05-01,0.8174531835205993,267
2020-05-02,0.3727710843373494,249
2020-05-03,0.003652173913043478,230
2020-05-04,0.010680851063829789,235
2020-05-05,0.0025333333333333336,225
2020-05-06,0.006324110671936759,253
2020-05-07,0.1240329218106996,243
2020-05-08,0.022926829268292682,246
2020-05-09,0.2954850746268657,268
2020-05-10,0.018669950738916256,203
2020-05-11,0.02248031496062992,254
2020-05-12,0.19323193916349807,263
2020-05-13,0.0011462450592885378,253
2020-05-14,4.098360655737705e-05,244
2020-05-15,0.09671586715867157,271
2020-05-16,0.4558333333333333,276
2020-05-17,0.001225296442687747,253
2020-05-18,0.010430622009569377,209
2020-05-19,0.0012121212121212123,231
2020-05-20,0.0,258
2020-05-21,0.0,259
2020-05-22,7.936507936507937e-05,252
2020-05-23,0.05737864077669903,206
2020-05-24,0.23502222222222222,225
2020-05-25,0.011456310679611652,206
2020-05-26,0.0029493087557603687,217
2020-05-27,0.004637096774193548,248
2020-05-28,0.003318965517241379,232
2020-05-29,0.05786610878661089,239
2020-05-30,0.07808429118773948,261
2020-05-31,0.0012549019607843138,255
2020-06-01,0.0011023622047244095,254
2020-06-02,0.002311111111111111,225
2020-06-03,0.02595141700404859,247
2020-06-04,0.011618257261410787,241
2020-06-05,0.06456349206349206,252
2020-06-06,0.23558232931726905,249
2020-06-07,0.25764462809917354,242
2020-06-08,0.004618834080717489,223
2020-06-09,0.0003781512605042017,238
2020-06-10,0.004365079365079365,252
2020-06-11,0.07143410852713178,258
2020-06-12,0.42580882352941174,272
2020-06-13,0.011181102362204725,254
2020-06-14,0.0,259
2020-06-15,0.0,260
2020-06-16,0.0,262
2020-06-17,3.787878787878788e-05,264
2020-06-18,0.0,262
2020-06-19,0.0,258
2020-06-20,0.00015444015444015445,259
2020-06-21,0.017125984251968502,254
2020-06-22,0.036640316205533596,253
2020-06-23,0.0006746031746031747,252
2020-06-24,0.029841897233201582,253
2020-06-25,0.08713692946058091,241
2020-06-26,0.0027196652719665274,239
2020-06-27,0.044816326530612245,245
2020-06-28,0.35658730158730156,252
2020-06-29,0.7412075471698114,265
2020-06-30,0.34163568773234204,269
2020-07-01,0.18469696969696972,264
2020-07-02,0.1745267489711934,243
2020-07-03,0.025869565217391303,230
2020-07-04,0.15844827586206894,232
2020-07-05,0.02147540983606558,244
2020-07-06,0.2074131274131274,259
2020-07-07,0.02079681274900398,251
2020-07-08,0.014050632911392405,237
2020-07-09,0.024096385542168676,249
2020-07-10,0.02861224489795918,245
2020-07-11,0.233011583011583,259
2020-07-12,0.007000000000000001,240
2020-07-13,0.024880952380952382,252
2020-07-14,0.12443514644351465,239
2020-07-15,0.11402542372881358,236
2020-07-16,0.0015611814345991562,237
2020-07-17,0.18107142857142855,252
2020-07-18,0.094320987654321,243
2020-07-19,0.0009128630705394192,241
2020-07-20,0.006726457399103139,223
2020-07-21,0.0037899543378995437,219
2020-07-22,0.06080717488789237,223
2020-07-23,0.4698823529411764,255
2020-07-24,0.3423461538461538,260
2020-07-25,0.00015686274509803922,255
2020-07-26,3.861003861003861e-05,259
2020-07-27,0.0004651162790697674,258
2020-07-28,0.0053125,256
2020-07-29,0.0297265625,256
2020-07-30,0.05252100840336134,238
2020-07-31,0.06329317269076305,249
2020-08-01,0.015961538461538465,260
2020-08-02,0.016666666666666663,252
2020-08-03,0.19782442748091603,262
2020-08-04,0.04467181467181467,259
2020-08-05,0.27244444444444443,270
2020-08-06,0.0057251908396946565,262
2020-08-07,0.0012757201646090535,243
2020-08-08,0.011818181818181818,220
2020-08-09,0.0027309236947791163,249
2020-08-10,0.007799227799227799,259
2020-08-11,0.02854961832061069,262
2020-08-12,0.038320610687022895,262
2020-08-13,0.003132075471698113,265
2020-08-14,0.02665399239543726,263
2020-08-15,0.00043650793650793656,252
2020-08-16,0.026968325791855204,221
2020-08-17,0.1969402985074627,268
2020-08-18,0.21393501805054155,277
2020-08-19,0.013529411764705882,255
2020-08-20,0.07011494252873564,261
2020-08-21,0.0007984790874524715,263
2020-08-22,0.015836575875486383,257
2020-08-23,0.2567469879518072,249
2020-08-24,0.4399612403100775,258
2020-08-25,0.035062240663900415,241
2020-08-26,0.0196875,256
2020-08-27,0.04040293040293041,273
2020-08-28,0.30775438596491234,285
2020-08-29,0.10036734693877553,245
2020-08-30,0.2958098591549296,284
2020-08-31,0.00014598540145985403,274
2020-09-01,0.0,263
2020-09-02,0.043019607843137256,255
2020-09-03,0.41377224199288254,281
2020-09-04,0.0911372549019608,255
2020-09-05,0.0005426356589147287,258
2020-09-06,0.0011600000000000002,250
2020-09-07,0.00042968749999999995,256
2020-09-08,7.843137254901961e-05,255
2020-09-09,0.0005836575875486382,257
2020-09-10,0.057119341563786,243
2020-09-11,0.41294545454545456,275
2020-09-12,0.0019277108433734939,249
2020-09-13,0.00041825095057034217,263
2020-09-14,0.0031707317073170734,246
2020-09-15,3.663003663003663e-05,273
2020-09-16,0.0,275
2020-09-17,0.0,273
2020-09-18,0.0347970479704797,271
2020-09-19,0.005860805860805861,273
2020-09-20,0.0,275
2020-09-21,3.8314176245210727e-05,261
2020-09-22,0.0,274
2020-09-23,0.0,273
2020-09-24,0.0,274
2020-09-25,0.0,275
2020-09-26,0.0003065134099616858,261
2020-09-27,0.0009349593495934958,246
2020-09-28,0.05749019607843137,255
2020-09-29,0.10587301587301587,252
2020-09-30,0.6759515570934256,289
2020-10-01,0.09897058823529413,272
2020-10-02,0.013716475095785443,261
2020-10-03,0.040472440944881886,254
2020-10-04,0.0010344827586206897,261
2020-10-05,0.026038461538461538,260
2020-10-06,0.016853932584269662,267
2020-10-07,0.01826923076923077,260
2020-10-08,0.08413043478260869,276
2020-10-09,0.0006593406593406593,273
2020-10-10,0.00037735849056603777,265
2020-10-11,0.0017843866171003719,269
2020-10-12,0.0016923076923076924,260
2020-10-13,0.4136231884057971,276
2020-10-14,0.9610600706713781,283
2020-10-15,0.0011111111111111113,270
2020-10-16,0.07032388663967612,247
2020-10-17,1.4496539792387544,289
2020-10-18,0.04236641221374045,262
2020-10-19,0.0005639097744360902,266
2020-10-20,0.004015748031496063,254
2020-10-21,0.07916334661354582,251
2020-10-22,0.010714285714285714,252
2020-10-23,0.003319327731092437,238
2020-10-24,0.0012598425196850393,254
2020-10-25,0.000743801652892562,242
2020-10-26,0.05212244897959184,245
2020-10-27,0.05582995951417004,247
2020-10-28,0.10341818181818183,275
2020-10-29,0.3038078291814947,281
2020-10-30,1.1738434163701068,281
2020-10-31,0.3957364341085271,258
2020-11-01,0.06080459770114943,261
2020-11-02,0.42942528735632185,261
2020-11-03,0.03205882352941177,204
2020-11-04,0.0005394190871369295,241
2020-11-05,0.0003383458646616541,266
2020-11-06,0.0007142857142857143,266
2020-11-07,0.00015037593984962405,266
2020-11-08,0.0,267
2020-11-09,7.407407407407407e-05,270
2020-11-10,0.0002222222222222222,270
2020-11-11,0.00979757085020243,247
2020-11-12,0.17212244897959184,245
2020-11-13,0.11505376344086023,279
2020-11-14,0.13664179104477614,268
2020-11-15,0.041777777777777775,270
2020-11-16,0.43553633217993076,289
2020-11-17,0.001634241245136187,257
2020-11-18,0.004564315352697096,241
2020-11-19,0.0,272
2020-11-20,3.937007874015748e-05,254
2020-11-21,7.843137254901961e-05,255
2020-11-22,0.0017045454545454547,264
2020-11-23,0.4126785714285714,280
2020-11-24,0.7887676056338028,284
2020-11-25,0.0027380952380952383,252
2020-11-26,0.2520817843866171,269
2020-11-27,0.4085338345864662,266
2020-11-28,0.005223214285714285,224
2020-11-29,0.002511210762331839,223
2020-11-30,0.15503623188405793,276
2020-12-01,1.5488235294117647,289
2020-12-02,0.06451219512195122,246
2020-12-03,0.005535714285714287,224
2020-12-04,0.0019924812030075187,266
2020-12-05,0.5506834532374101,278
2020-12-06,1.6425373134328358,268
2020-12-07,0.00019157088122605365,261
2020-12-08,0.016140350877192983,228
2020-12-09,0.01051063829787234,235
2020-12-10,0.019810426540284358,211
2020-12-11,7.462686567164179e-05,268
2020-12-12,0.03845238095238095,252
2020-12-13,0.32455555555555554,270
2020-12-14,0.01252,250
2020-12-15,0.09985294117647057,272
2020-12-16,0.009500000000000001,260
2020-12-17,0.8006827309236948,249
2020-12-18,0.2765957446808511,235
2020-12-19,0.006414342629482072,251
2020-12-20,0.00516260162601626,246
2020-12-21,0.05913580246913581,243
2020-12-22,0.0011693548387096775,248
2020-12-23,0.0001953125,256
2020-12-24,0.006023622047244095,254
2020-12-25,0.8949397590361446,249
2020-12-26,0.9592607003891052,257
2020-12-27,0.00020242914979757087,247
2020-12-28,0.00015444015444015445,259
2020-12-29,0.0004508196721311476,244
2020-12-30,0.001685823754789272,261
2020-12-31,0.18758865248226952,282
2021-01-01,0.045787401574803155,254
2021-01-02,0.45613382899628246,269
2021-01-03,0.04670940170940171,234
2021-01-04,0.11127906976744187,258
2021-01-05,0.04013636363636363,220
2021-01-06,0.0445945945945946,222
2021-01-07,0.0002592592592592592,270
2021-01-08,0.0,274
2021-01-09,7.547169811320755e-05,265
2021-01-10,0.0045769230769230765,260
2021-01-11,0.00011029411764705881,272
2021-01-12,3.663003663003663e-05,273
2021-01-13,3.861003861003861e-05,259
2021-01-14,0.00546875,256
2021-01-15,0.061500000000000006,260
2021-01-16,0.6615636363636364,275
2021-01-17,0.6095094339622641,265
2021-01-18,0.004917355371900826,242
2021-01-19,0.007465437788018434,217
2021-01-20,0.0045128205128205125,195
2021-01-21,0.00528735632183908,174
2021-01-22,0.01223529411764706,170
2021-01-23,0.0031192660550458714,218
2021-01-24,0.00029535864978902956,237
2021-01-25,0.0,269
2021-01-26,0.019814126394052046,269
2021-01-27,0.3071923076923077,260
2021-01-28,0.033541666666666664,192
2021-01-29,0.035327102803738325,214
2021-01-30,0.002408163265306122,245
2021-01-31,0.00024390243902439024,246
2021-02-01,0.10108695652173913,230
2021-02-02,1.0495348837209302,258
2021-02-03,0.050473684210526316,190
2021-02-04,0.011032258064516128,155
2021-02-05,0.0027053140096618355,207
2021-02-06,0.01169811320754717,212
2021-02-07,0.044809160305343515,262
2021-02-08,0.5134241245136187,257
2021-02-09,0.022434782608695653,230
2021-02-10,0.1850200803212851,249
2021-02-11,0.0053125,192
2021-02-12,0.0,253
2021-02-13,0.0003065134099616858,261
2021-02-14,0.00801762114537445,227
2021-02-15,0.01118942731277533,227
2021-02-16,0.4609615384615385,260
2021-02-17,0.21485596707818927,243
2021-02-18,0.008481012658227849,237
2021-02-19,0.1665966386554622,238
2021-02-20,0.25956331877729255,229
2021-02-21,0.0014736842105263158,190
2021-02-22,0.03359073359073359,259
2021-02-23,0.3291269841269841,252
2021-02-24,0.0018779342723004692,213
2021-02-25,0.00037037037037037035,243
2021-02-26,0.0,262
2021-02-27,0.05628865979381444,194
2021-02-28,0.22881679389312976,262
2021-03-01,0.2450751879699248,266
2021-03-02,0.06926940639269408,219
2021-03-03,0.00035019455252918285,257
2021-03-04,0.0017716535433070866,254
2021-03-05,3.968253968253968e-05,252
2021-03-06,0.0,270
2021-03-07,0.0,275
2021-03-08,0.0,274
2021-03-09,0.0,256
2021-03-10,0.0,269
2021-03-11,0.00011029411764705881,272
2021-03-12,0.00011999999999999999,250
2021-03-13,0.0004435483870967742,248
2021-03-14,0.00015748031496062991,254
2021-03-15,0.00538961038961039,154
2021-03-16,0.0,275
2021-03-17,0.0,273
2021-03-18,0.07690391459074733,281
2021-03-19,0.7772945205479452,292
2021-03-20,0.0001048951048951049,286
2021-03-21,0.0,291
2021-03-22,0.0,288
2021-03-23,0.0,283
2021-03-24,0.002892857142857143,280
2021-03-25,0.1180327868852459,305
2021-03-26,0.04727941176470589,272
2021-03-27,0.0033333333333333335,255
2021-03-28,0.08003472222222223,288
2021-03-29,0.7855518394648829,299
2021-03-30,0.00021201413427561835,283
2021-03-31,0.020648464163822523,293
2021-04-01,0.6512738853503184,314
2021-04-02,0.03917910447761194,268
2021-04-03,3.759398496240601e-05,266
2021-04-04,6.944444444444444e-05,288
2021-04-05,0.002170818505338079,281
2021-04-06,0.0013284132841328412,271
2021-04-07,0.0,290
2021-04-08,0.0,291
2021-04-09,6.896551724137931e-05,290
2021-04-10,0.0009964412811387902,281
2021-04-11,0.0013653136531365313,271
2021-04-12,0.01647577092511013,227
2021-04-13,0.016206896551724137,232
2021-04-14,0.0038,250
2021-04-15,0.055179856115107916,278
2021-04-16,1.0589576547231272,307
2021-04-17,0.8117114093959731,298
2021-04-18,0.04412213740458015,262
2021-04-19,0.0033333333333333335,261
2021-04-20,0.017386363636363637,264
2021-04-21,0.022384615384615385,260
2021-04-22,0.19972318339100345,289
2021-04-23,0.0008407079646017698,226
2021-04-24,0.0003546099290780142,282
2021-04-25,0.06,247
2021-04-26,0.2349828178694158,291
2021-04-27,0.0004895104895104895,286
2021-04-28,0.14314285714285716,315
2021-04-29,0.1406206896551724,290
2021-04-30,1.012120253164557,316
2021-05-01,0.08578231292517007,294
2021-05-02,0.02033707865168539,267
2021-05-03,0.06,259
2021-05-04,0.5227102803738318,321
2021-05-05,0.5512341772151899,316
2021-05-06,0.18667763157894737,304
2021-05-07,0.0008561643835616438,292
2021-05-08,0.0015901060070671379,283
2021-05-09,0.008857142857142857,280
2021-05-10,0.5623312883435583,326
2021-05-11,0.006131386861313869,274
2021-05-12,0.0006007067137809187,283
2021-05-13,0.00950207468879668,241
2021-05-14,0.00031034482758620686,290
2021-05-15,0.0003018867924528302,265
2021-05-16,0.0014122137404580153,262
2021-05-17,0.018479087452471486,263
2021-05-18,0.008854961832061069,262
2021-05-19,0.0019081272084805654,283
2021-05-20,6.825938566552901e-05,293
2021-05-21,0.00017921146953405018,279
2021-05-22,0.006381322957198444,257
2021-05-23,0.01619607843137255,255
2021-05-24,0.048307692307692315,260
2021-05-25,6.825938566552901e-05,293
2021-05-26,0.024848484848484852,297
2021-05-27,0.3810062893081761,318
2021-05-28,0.0719047619047619,294
2021-05-29,1.6085,320
2021-05-30,0.3043708609271523,302
2021-05-31,0.857564935064935,308
2021-06-01,0.021135531135531134,273
2021-06-02,0.0009966777408637875,301
2021-06-03,0.013368055555555555,288
2021-06-04,0.12688212927756656,263
2021-06-05,0.05214022140221402,271
2021-06-06,0.010385964912280702,285
2021-06-07,0.00017123287671232877,292
2021-06-08,0.032474226804123714,291
2021-06-09,0.10335548172757476,301
2021-06-10,0.007202797202797203,286
2021-06-11,0.004634146341463414,287
2021-06-12,0.36270096463022505,311
2021-06-13,0.046309963099631,271
2021-06-14,0.09094076655052265,287
2021-06-15,0.5370261437908497,306
2021-06-16,0.12070921985815605,282
2021-06-17,0.00010101010101010101,297
2021-06-18,0.0,281
2021-06-19,0.009299610894941635,257
2021-06-20,0.043171641791044775,268
2021-06-21,0.00488135593220339,295
2021-06-22,0.0890181818181818,275
2021-06-23,0.47044871794871806,312
2021-06-24,0.0012676056338028169,284
2021-06-25,0.11626297577854672,289
2021-06-26,0.02221311475409836,244
2021-06-27,0.000962962962962963,270
2021-06-28,0.0004152249134948097,289
2021-06-29,0.00625,288
2021-06-30,0.11386524822695035,282
2021-07-01,0.4856369426751593,314
2021-07-02,1.3973667711598745,319
2021-07-03,0.49796721311475406,305
2021-07-04,0.8609302325581395,301
2021-07-05,0.058682170542635664,258
2021-07-06,0.07462093862815884,277
2021-07-07,0.1846830985915493,284
2021-07-08,0.44649999999999995,300
2021-07-09,0.5223856209150327,306
2021-07-10,1.6076973684210527,304
2021-07-11,0.06606060606060607,264
2021-07-12,0.621457627118644,295
2021-07-13,0.5723389830508475,295
2021-07-14,0.07483018867924528,265
2021-07-15,0.10758620689655171,261
2021-07-16,0.01078358208955224,268
2021-07-17,0.16204379562043797,274
2021-07-18,1.0697802197802195,273
2021-07-19,0.30598484848484847,264
2021-07-20,0.06385964912280702,285
2021-07-21,0.07028673835125447,279
2021-07-22,0.02051792828685259,251
2021-07-23,0.02450381679389313,262
2021-07-24,0.04830769230769231,260
2021-07-25,0.05689138576779026,267
2021-07-26,0.0932758620689655,290
2021-07-27,0.0397887323943662,284
2021-07-28,0.4082274247491639,299
2021-07-29,0.05244444444444444,270
2021-07-30,0.44950331125827814,302
2021-07-31,0.012261904761904764,252
2021-08-01,0.0038709677419354843,279
2021-08-02,0.0541015625,256
2021-08-03,0.0012544802867383515,279
2021-08-04,0.03267148014440433,277
2021-08-05,0.7338356164383563,292
2021-08-06,0.5201063829787234,282
2021-08-07,0.0003971119133574008,277
2021-08-08,0.001851851851851852,243
2021-08-09,0.03929166666666666,240
2021-08-10,0.29909722222222224,288
2021-08-11,0.006104417670682731,249
2021-08-12,0.0074909090909090915,275
2021-08-13,0.10026022304832713,269
2021-08-14,0.0024902723735408566,257
2021-08-15,0.007976653696498054,257
2021-08-16,3.663003663003663e-05,273
2021-08-17,0.0007806691449814126,269
2021-08-18,0.0035135135135135136,259
2021-08-19,0.31984790874524716,263
2021-08-20,1.156758620689655,290
2021-08-21,0.02552941176470588,255
2021-08-22,0.18911971830985919,284
2021-08-23,0.7403333333333334,300
2021-08-24,1.0016776315789473,304
2021-08-25,0.008951310861423221,267
2021-08-26,7.246376811594203e-05,276
2021-08-27,0.0027536231884057972,276
2021-08-28,0.047370370370370375,270
2021-08-29,0.08459770114942528,261
2021-08-30,0.01740740740740741,243
2021-08-31,0.07660714285714287,280
2021-09-01,0.1546232876712329,292
2021-09-02,3.7121951219512193,328
2021-09-03,0.039636363636363636,275
2021-09-04,7.042253521126761e-05,284
2021-09-05,0.00463235294117647,272
2021-09-06,0.1023263888888889,288
2021-09-07,0.009179104477611942,268
2021-09-08,0.012981818181818181,275
2021-09-09,0.29674418604651165,301
2021-09-10,1.0248051948051948,308
2021-09-11,0.007500000000000001,260
2021-09-12,0.006129032258064516,279
2021-09-13,0.20482876712328768,292
2021-09-14,0.015054151624548736,277
2021-09-15,0.01025089605734767,279
2021-09-16,0.35305921052631584,304
2021-09-17,0.1602621722846442,267
2021-09-18,0.039200000000000006,250
2021-09-19,0.19852233676975944,291
2021-09-20,0.0008518518518518519,270
2021-09-21,0.00039285714285714293,280
2021-09-22,0.02856060606060606,264
2021-09-23,0.09084942084942085,259
2021-09-24,0.2529090909090909,275
2021-09-25,0.3314487632508834,283
2021-09-26,0.5318900343642612,291
2021-09-27,0.017732342007434947,269
2021-09-28,0.04371841155234658,277
2021-09-29,0.3945084745762712,295
2021-09-30,0.017453183520599252,267
2021-10-01,0.0032600732600732603,273
2021-10-02,0.0001056338028169014,284
2021-10-03,0.020103806228373707,289
2021-10-04,1.033516129032258,310
2021-10-05,1.1855305466237944,311
2021-10-06,0.02618374558303887,283
2021-10-07,0.00073943661971831,284
2021-10-08,0.0003971119133574008,277
2021-10-09,0.006641221374045802,262
2021-10-10,0.003011152416356877,269
2021-10-11,0.021604938271604937,243
2021-10-12,0.0018656716417910447,268
2021-10-13,0.0002097902097902098,286
2021-10-14,0.00035587188612099647,281
2021-10-15,0.001094890510948905,274
2021-10-16,0.033432835820895526,268
2021-10-17,0.4166666666666667,309
2021-10-18,0.0111328125,256
2021-10-19,0.0023188405797101453,276
2021-10-20,0.000425531914893617,282
2021-10-21,0.00035842293906810036,279
2021-10-22,0.004835164835164835,273
2021-10-23,0.0005673758865248227,282
2021-10-24,0.002368421052631579,266
2021-10-25,0.3950937499999999,320
2021-10-26,0.9437461300309599,323
2021-10-27,1.1621337579617834,314
2021-10-28,0.23223776223776224,286
2021-10-29,0.0036679536679536688,259
2021-10-30,0.18928813559322036,295
2021-10-31,1.4079478827361565,307
2021-11-01,0.021,270
2021-11-02,0.006014492753623188,276
2021-11-03,0.055977443609022556,266
2021-11-04,0.0005,280
2021-11-05,0.0008710801393728223,287
2021-11-06,0.00025270758122743686,277
2021-11-07,0.0,282
2021-11-08,7.092198581560284e-05,282
2021-11-09,7.042253521126761e-05,284
2021-11-10,0.004689922480620155,258
2021-11-11,0.00046153846153846153,260
2021-11-12,0.17275471698113207,265
2021-11-13,1.094949152542373,295
2021-11-14,0.2598615916955017,289
2021-11-15,0.08602836879432624,282
2021-11-16,0.0037301587301587303,252
2021-11-17,0.0003071672354948806,293
2021-11-18,0.005353159851301115,269
2021-11-19,0.19869565217391305,299
2021-11-20,0.0030830039525691698,253
2021-11-21,0.004175824175824176,273
2021-11-22,0.23557046979865773,298
2021-11-23,0.05256317689530686,277
2021-11-24,0.0003956834532374101,278
2021-11-25,0.00029411764705882356,272
2021-11-26,0.04730434782608695,230
2021-11-27,0.1302734375,256
2021-11-28,0.002218045112781955,266
2021-11-29,0.01431111111111111,225
2021-11-30,0.0002898550724637681,276
2021-12-01,0.0013754646840148698,269
2021-12-02,0.056342592592592604,216
2021-12-03,0.08098360655737706,244
2021-12-04,3.7313432835820896e-05,268
2021-12-05,0.0013333333333333333,255
2021-12-06,0.09353790613718412,277
2021-12-07,0.18109929078014184,282
2021-12-08,0.009921875,256
2021-12-09,0.12089552238805973,268
2021-12-10,0.0006299212598425197,254
2021-12-11,0.10563025210084034,238
2021-12-12,0.4287455197132617,279
2021-12-13,0.003165467625899281,278
2021-12-14,6.993006993006993e-05,286
2021-12-15,0.009025270758122744,277
2021-12-16,0.28618729096989964,299
2021-12-17,0.005691699604743083,253
2021-12-18,0.0401067615658363,281
2021-12-19,0.6027835051546392,291
2021-12-20,0.005714285714285714,245
2021-12-21,0.00010638297872340425,282
2021-12-22,0.08933333333333332,240
2021-12-23,0.11795620437956207,274
2021-12-24,0.030909090909090914,198
2021-12-25,0.0866,200
2021-12-26,0.4891764705882353,255
2021-12-27,0.00292,250
2021-12-28,0.04407407407407408,243
2021-12-29,0.05384615384615385,234
2021-12-30,0.023619909502262445,221
2021-12-31,0.05401544401544402,259
2022-01-01,0.03951965065502184,229
2022-01-02,0.31245421245421245,273
2022-01-03,0.02384920634920635,252
2022-01-04,0.001155378486055777,251
2022-01-05,0.02917293233082707,266
2022-01-06,0.2781454545454546,275
2022-01-07,0.28660079051383397,253
2022-01-08,0.18121457489878542,247
2022-01-09,0.01440909090909091,220
2022-01-10,0.06291497975708503,247
2022-01-11,0.012988505747126438,174
2022-01-12,0.0007058823529411764,255
2022-01-13,3.690036900369004e-05,271
2022-01-14,0.012817460317460318,252
2022-01-15,0.06033457249070632,269
2022-01-16,0.00041044776119402983,268
2022-01-17,0.8016666666666666,270
2022-01-18,0.3173333333333333,255
2022-01-19,7.168458781362007e-05,279
2022-01-20,0.05885593220338984,236
2022-01-21,0.04881632653061225,245
2022-01-22,0.0067839195979899495,199
2022-01-23,0.00411764705882353,187
2022-01-24,0.012330827067669173,133
2022-01-25,0.04811023622047244,254
2022-01-26,0.00043307086614173236,254
2022-01-27,0.0,269
2022-01-28,0.0013438735177865617,253
2022-01-29,0.3207456140350877,228
2022-01-30,0.6908636363636365,220
2022-01-31,0.003396946564885496,262
2022-02-01,0.00390625,256
2022-02-02,0.0016267942583732058,209
2022-02-03,0.08251184834123225,211
2022-02-04,1.1346545454545456,275
2022-02-05,0.8627530364372471,247
2022-02-06,0.0015765765765765767,222
2022-02-07,0.037465437788018426,217
2022-02-08,0.5771161048689137,267
2022-02-09,0.011861471861471863,231
2022-02-10,0.0007661290322580645,248
2022-02-11,0.002782608695652174,230
2022-02-12,0.000689655172413793,261
2022-02-13,0.04944700460829493,217
2022-02-14,0.21311403508771928,228
2022-02-15,0.004903846153846154,208
2022-02-16,0.0,267
2022-02-17,0.0146360153256705,261
2022-02-18,0.42176056338028173,284
2022-02-19,0.07156118143459916,237
2022-02-20,0.026684782608695654,184
2022-02-21,0.0002255639097744361,266
2022-02-22,0.0648301886792453,265
2022-02-23,0.6144727272727274,275
2022-02-24,0.0032800000000000004,250
2022-02-25,0.4232916666666667,240
2022-02-26,0.5431081081081081,222
2022-02-27,0.00034334763948497857,233
2022-02-28,0.005271739130434783,184
2022-03-01,0.00811808118081181,271
2022-03-02,0.09674796747967479,246
2022-03-03,0.10593625498007968,251
2022-03-04,0.0013278008298755186,241
2022-03-05,0.0,261
2022-03-06,0.006878612716763006,173
2022-03-07,0.0489041095890411,219
2022-03-08,0.17803030303030304,264
2022-03-09,0.03045801526717557,262
2022-03-10,0.28657794676806086,263
2022-03-11,0.0002247191011235955,267
2022-03-12,0.07704347826086956,230
2022-03-13,0.38286852589641435,251
2022-03-14,0.0,261
2022-03-15,0.0033207547169811324,265
2022-03-16,0.04900000000000001,240
2022-03-17,0.011875,240
2022-03-18,0.08069498069498068,259
2022-03-19,0.07185344827586207,232
2022-03-20,0.31570881226053643,261
2022-03-21,0.0041991341991342,231
2022-03-22,3.558718861209964e-05,281
2022-03-23,0.0032442748091603053,262
2022-03-24,0.44671428571428573,280
2022-03-25,0.7015107913669064,278
2022-03-26,0.015647058823529413,255
2022-03-27,0.06247104247104247,259
2022-03-28,0.003664921465968586,191
2022-03-29,0.0009638554216867469,249
2022-03-30,0.00014084507042253522,284
2022-03-31,0.045983263598326364,239
2022-04-01,0.5329896907216495,291
2022-04-02,0.08724528301886794,265
2022-04-03,0.005955882352941177,272
2022-04-04,0.053868613138686135,274
2022-04-05,0.00045774647887323943,284
2022-04-06,0.07277108433734941,249
2022-04-07,0.18954861111111113,288
2022-04-08,0.7305573770491803,305
2022-04-09,0.056590909090909094,264
2022-04-10,0.20074349442379183,269
2022-04-11,0.004426229508196722,244
2022-04-12,0.02816326530612245,245
2022-04-13,0.049611307420494695,283
2022-04-14,0.01494296577946768,263
2022-04-15,0.13956810631229238,301
2022-04-16,0.03037593984962406,266
2022-04-17,0.3642906574394464,289
2022-04-18,0.014649122807017545,228
2022-04-19,1.0564495114006516,307
2022-04-20,0.06047970479704797,271
2022-04-21,0.00047794117647058826,272
2022-04-22,0.001619433198380567,247
2022-04-23,0.000136986301369863,292
2022-04-24,0.001640625,256
2022-04-25,0.0012043795620437956,274
2022-04-26,0.022398648648648645,296
2022-04-27,0.29766561514195583,317
2022-04-28,0.011019607843137255,255
2022-04-29,0.00017064846416382253,293
2022-04-30,6.944444444444444e-05,288
2022-05-01,0.0,301
2022-05-02,0.023806228373702422,289
2022-05-03,0.3569620253164557,316
2022-05-04,0.07277566539923955,263
2022-05-05,0.1875728155339806,309
2022-05-06,0.0017525773195876293,291
2022-05-07,0.042517006802721094,294
2022-05-08,0.008294314381270904,299
2022-05-09,0.0,296
2022-05-10,0.0005084745762711864,295
2022-05-11,0.01585284280936455,299
2022-05-12,0.008533834586466166,266
2022-05-13,0.002281368821292776,263
2022-05-14,0.00125,272
2022-05-15,0.057725631768953074,277
2022-05-16,0.1173448275862069,290
2022-05-17,0.2910322580645161,310
2022-05-18,0.007644787644787644,259
2022-05-19,0.06577689243027889,251
2022-05-20,0.12028776978417266,278
2022-05-21,0.11352542372881357,295
2022-05-22,0.011842105263157895,266
2022-05-23,0.12317241379310344,290
2022-05-24,0.0009057971014492754,276
2022-05-25,0.0,303
2022-05-26,0.0,300
2022-05-27,0.011875000000000002,272
2022-05-28,0.3116825396825397,315
2022-05-29,0.2665529010238908,293
2022-05-30,0.000410958904109589,292
2022-05-31,0.0072297297297297305,296
2022-06-01,0.0760586319218241,307
2022-06-02,0.1180968858131488,289
2022-06-03,0.025349794238683127,243
2022-06-04,0.035625000000000004,272
2022-06-05,0.0019014084507042255,284
2022-06-06,0.0,301
2022-06-07,0.0036633663366336636,303
2022-06-08,0.3694512195121951,328
2022-06-09,0.5343217665615142,317
2022-06-10,0.5344694533762058,311
2022-06-11,0.0005033557046979866,298
2022-06-12,0.002525597269624573,293
2022-06-13,0.21556270096463023,311
2022-06-14,0.011241610738255036,298
2022-06-15,6.6006600660066e-05,303
2022-06-16,6.896551724137931e-05,290
2022-06-17,0.013406593406593408,273
2022-06-18,0.10613970588235294,272
2022-06-19,0.21479865771812082,298
2022-06-20,0.02586206896551724,261
2022-06-21,0.001649484536082474,291
2022-06-22,0.03274021352313167,281
2022-06-23,0.04921985815602836,282
2022-06-24,0.017661870503597122,278
2022-06-25,0.00917910447761194,268
2022-06-26,0.0,283
2022-06-27,0.06017006802721088,294
2022-06-28,0.47780185758513927,323
2022-06-29,0.003436426116838488,291
2022-06-30,0.04084175084175084,297
2022-07-01,0.0031456953642384103,302
2022-07-02,0.195,314
2022-07-03,0.16125874125874126,286
2022-07-04,0.00020338983050847457,295
2022-07-05,0.01272727272727273,286
2022-07-06,0.1806209150326797,306
2022-07-07,0.001168384879725086,291
2022-07-08,0.001056105610561056,303
2022-07-09,9.868421052631579e-05,304
2022-07-10,0.0,306
2022-07-11,0.0,313
2022-07-12,0.010166666666666668,300
2022-07-13,0.13880546075085326,293
2022-07-14,0.291875,320
2022-07-15,0.049195804195804195,286
2022-07-16,6.779661016949152e-05,295
2022-07-17,0.0023103448275862072,290
2022-07-18,0.04827118644067797,295
2022-07-19,0.41877076411960135,301
2022-07-20,0.008807017543859649,285
2022-07-21,0.004486301369863014,292
2022-07-22,0.045,270
2022-07-23,0.0003472222222222222,288
2022-07-24,0.0018835616438356165,292
2022-07-25,0.023063380281690145,284
2022-07-26,0.05984,250
2022-07-27,6.872852233676977e-05,291
2022-07-28,0.02159863945578231,294
2022-07-29,0.297972972972973,296
2022-07-30,0.026169354838709677,248
2022-07-31,0.00043478260869565214,276
2022-08-01,0.05904593639575972,283
2022-08-02,0.025865724381625443,283
2022-08-03,0.04130434782608695,299
2022-08-04,0.0026333333333333334,300
2022-08-05,0.015719063545150503,299
2022-08-06,0.1612937062937063,286
2022-08-07,0.018842105263157896,285
2022-08-08,0.10074576271186442,295
2022-08-09,0.07426666666666668,300
2022-08-10,0.22605351170568563,299
2022-08-11,0.01143884892086331,278
2022-08-12,0.059761904761904766,294
2022-08-13,0.002191780821917808,292
2022-08-14,0.00033898305084745765,295
2022-08-15,3.322259136212625e-05,301
2022-08-16,0.00047619047619047624,294
2022-08-17,0.0330827067669173,266
2022-08-18,0.03466911764705882,272
2022-08-19,0.0009059233449477352,287
2022-08-20,0.0009764309764309766,297
2022-08-21,0.029175257731958757,291
2022-08-22,0.05347540983606557,305
2022-08-23,0.593562874251497,334
2022-08-24,0.4032278481012658,316
2022-08-25,0.002147887323943662,284
2022-08-26,0.0343042071197411,309
2022-08-27,0.4077203647416413,329
2022-08-28,0.0004,300
2022-08-29,0.0,313
2022-08-30,0.0037341772151898733,316
2022-08-31,0.2188695652173913,345
2022-09-01,0.01863492063492064,315
2022-09-02,0.0006211180124223603,322
2022-09-03,0.0,317
2022-09-04,0.009029126213592233,309
2022-09-05,0.3373899371069183,318
2022-09-06,1.4755102040816328,343
2022-09-07,0.7314792899408284,338
2022-09-08,0.005816326530612244,294
2022-09-09,0.00025559105431309905,313
2022-09-10,0.0001282051282051282,312
2022-09-11,0.0023389830508474575,295
2022-09-12,0.16847457627118645,295
2022-09-13,0.12355932203389831,295
2022-09-14,0.47710447761194036,335
2022-09-15,0.0027702702702702706,296
2022-09-16,9.615384615384615e-05,312
2022-09-17,3.2258064516129034e-05,310
2022-09-18,0.004395973154362416,298
2022-09-19,0.07539249146757679,293
2022-09-20,0.4001226993865031,326
2022-09-21,0.09688356164383562,292
2022-09-22,0.19455882352941176,272
2022-09-23,1.036848484848485,330
2022-09-24,0.0010774410774410774,297
2022-09-25,0.0012413793103448274,290
2022-09-26,0.1340548780487805,328
2022-09-27,0.09251552795031055,322
2022-09-28,0.0006862745098039216,306
2022-09-29,0.0005016722408026756,299
2022-09-30,0.0,307
2022-10-01,0.04169550173010381,289
2022-10-02,0.31141065830721004,319
2022-10-03,0.0011,300
2022-10-04,0.043485915492957744,284
2022-10-05,0.7544642857142857,336
2022-10-06,0.4725382262996941,327
2022-10-07,0.006127946127946129,297
2022-10-08,0.028162544169611305,283
2022-10-09,0.009642857142857144,308
2022-10-10,0.0015181518151815181,303
2022-10-11,0.009347079037800686,291
2022-10-12,0.00028753993610223643,313
2022-10-13,0.07952054794520548,292
2022-10-14,1.3159248554913294,346
2022-10-15,0.44962848297213626,323
2022-10-16,0.0034640522875816994,306
2022-10-17,0.03693333333333333,300
2022-10-18,0.5743823529411766,340
2022-10-19,0.042176870748299324,294
2022-10-20,0.00039087947882736156,307
2022-10-21,0.0016293929712460065,313
2022-10-22,6.451612903225807e-05,310
2022-10-23,0.0184640522875817,306
2022-10-24,0.21557926829268295,328
2022-10-25,0.23317073170731709,328
2022-10-26,0.2369724770642202,327
2022-10-27,0.3587538940809969,321
2022-10-28,0.0007046979865771813,298
2022-10-29,0.0002295081967213115,305
2022-10-30,0.00019543973941368078,307
2022-10-31,0.0005084745762711866,295
2022-11-01,0.09207547169811321,318
2022-11-02,0.07332225913621263,301
2022-11-03,0.0006188925081433225,307
2022-11-04,0.0005592105263157895,304
2022-11-05,0.0009310344827586208,290
2022-11-06,0.002299270072992701,274
2022-11-07,0.05311188811188812,286
2022-11-08,0.008815331010452962,287
2022-11-09,6.514657980456026e-05,307
2022-11-10,0.0,304
2022-11-11,0.049281045751633994,306
2022-11-12,0.812888198757764,322
2022-11-13,0.14234113712374583,299
2022-11-14,0.24761904761904766,294
2022-11-15,0.013027210884353744,294
2022-11-16,0.6019076923076924,325
2022-11-17,0.17835051546391753,291
2022-11-18,0.0058723404255319155,235
2022-11-19,0.0004040404040404041,297
2022-11-20,0.005365853658536586,287
2022-11-21,0.0004946996466431096,283
2022-11-22,6.493506493506494e-05,308
2022-11-23,0.000264026402640264,303
2022-11-24,3.367003367003367e-05,297
2022-11-25,0.004360902255639098,266
2022-11-26,0.023373493975903617,249
2022-11-27,0.054554794520547935,292
2022-11-28,0.5035937500000001,320
2022-11-29,0.0007023411371237458,299
2022-11-30,0.08351973684210527,304
2022-12-01,0.7052252252252252,333
2022-12-02,0.0003630363036303631,303
2022-12-03,0.040520446096654276,269
2022-12-04,0.31255520504731854,317
2022-12-05,0.0002287581699346405,306
2022-12-06,0.013408360128617363,311
2022-12-07,0.696246153846154,325
2022-12-08,0.3460815047021944,319
2022-12-09,0.000453074433656958,309
2022-12-10,0.0025441696113074207,283
2022-12-11,0.03263698630136986,292
2022-12-12,0.17292682926829267,287
2022-12-13,0.0067457627118644075,295
2022-12-14,0.005754189944134078,179
2022-12-15,0.014264705882352943,272
2022-12-16,0.5571565495207668,313
2022-12-17,1.1471565495207667,313
2022-12-18,0.017049808429118775,261
2022-12-19,0.0007446808510638298,282
2022-12-20,0.0002033898305084746,295
2022-12-21,0.0,311
2022-12-22,0.024375,304
2022-12-23,1.2013311688311687,308
2022-12-24,0.4348913043478261,276
2022-12-25,0.00578544061302682,261
2022-12-26,0.0006083650190114068,263
2022-12-27,0.0,289
2022-12-28,0.0,296
2022-12-29,0.0,297
2022-12-30,0.0,301
2022-12-31,0.039923954372623575,263
2023-01-01,0.447484076433121,314
2023-01-02,0.00030716723549488055,293
2023-01-03,0.06625550660792952,227
2023-01-04,0.5197791798107255,317
2023-01-05,0.2716828478964401,309
2023-01-06,0.08217687074829934,294
2023-01-07,0.22651006711409397,298
2023-01-08,0.0013074204946996466,283
2023-01-09,0.0033760683760683764,234
2023-01-10,0.005848375451263538,277
2023-01-11,0.0003780068728522337,291
2023-01-12,0.07842931937172776,191
2023-01-13,0.9889389067524116,311
2023-01-14,0.186443661971831,284
2023-01-15,0.0812987012987013,231
2023-01-16,0.18676806083650188,263
2023-01-17,0.07338582677165355,254
2023-01-18,0.027171314741035856,251
2023-01-19,0.07136882129277566,263
2023-01-20,1.0214285714285716,308
2023-01-21,0.15630434782608696,276
2023-01-22,0.035321888412017166,233
2023-01-23,1.005,300
2023-01-24,0.36175862068965514,290
2023-01-25,0.045089605734767016,279
2023-01-26,1.3449532710280374,321
2023-01-27,0.015000000000000001,262
2023-01-28,7.194244604316547e-05,278
2023-01-29,0.0005653710247349824,283
2023-01-30,0.013975903614457831,249
2023-01-31,0.044847328244274814,262
2023-02-01,0.02594377510040161,249
2023-02-02,0.003942652329749104,279
2023-02-03,0.0008968609865470852,223
2023-02-04,7.117437722419929e-05,281
2023-02-05,0.0,277
2023-02-06,0.0002456140350877193,285
2023-02-07,0.0026896551724137937,290
2023-02-08,0.039309210526315794,304
2023-02-09,0.0026116838487972513,291
2023-02-10,0.026491228070175444,228
2023-02-11,0.00035211267605633805,284
2023-02-12,0.00047781569965870313,293
2023-02-13,0.08599337748344371,302
2023-02-14,0.005054945054945055,273
2023-02-15,3.53356890459364e-05,283
2023-02-16,0.0017910447761194034,268
2023-02-17,0.033461538461538466,234
2023-02-18,0.13360424028268553,283
2023-02-19,0.0005535055350553505,271
2023-02-20,0.05116541353383459,266
2023-02-21,0.11391143911439115,271
2023-02-22,0.1296282527881041,269
2023-02-23,0.631376811594203,276
2023-02-24,0.18185328185328187,259
2023-02-25,0.002350230414746544,217
2023-02-26,0.044756097560975615,246
2023-02-27,0.016173469387755105,196
2023-02-28,0.2519330855018587,269
2023-03-01,0.25432432432432434,259
2023-03-02,0.2471631205673759,282
2023-03-03,0.07183908045977011,261
2023-03-04,0.6423333333333333,270
2023-03-05,0.2687984496124031,258
2023-03-06,0.005595667870036102,277
2023-03-07,3.6363636363636364e-05,275
2023-03-08,0.00017857142857142857,224
2023-03-09,0.00011320754716981132,265
2023-03-10,0.001118881118881119,286
2023-03-11,0.14095940959409595,271
2023-03-12,0.06783673469387755,245
2023-03-13,0.03934693877551021,245
2023-03-14,1.3792013888888888,288
2023-03-15,1.061159420289855,276
2023-03-16,0.0013602941176470587,272
2023-03-17,0.00021428571428571427,280
2023-03-18,0.016075471698113207,265
2023-03-19,0.0025670498084291193,261
2023-03-20,0.009094076655052264,287
2023-03-21,0.0,291
2023-03-22,0.00010135135135135135,296
2023-03-23,0.016594202898550726,276
2023-03-24,0.0374031007751938,258
2023-03-25,0.01563380281690141,284
2023-03-26,0.1891095890410959,292
2023-03-27,0.018831615120274914,291
2023-03-28,0.31198051948051947,308
2023-03-29,0.028014981273408242,267
2023-03-30,0.007478991596638657,238
2023-03-31,0.01548951048951049,286
2023-04-01,0.2818620689655173,290
2023-04-02,0.3918705035971223,278
2023-04-03,0.0001730103806228374,289
2023-04-04,0.017470355731225296,253
2023-04-05,0.04664310954063604,283
2023-04-06,0.026734693877551022,294
2023-04-07,0.015802919708029196,274
2023-04-08,0.0002295081967213115,305
2023-04-09,0.0,296
2023-04-10,3.278688524590164e-05,305
2023-04-11,9.584664536741214e-05,313
2023-04-12,0.0,301
2023-04-13,0.0,310
2023-04-14,0.0,303
2023-04-15,0.002578397212543554,287
2023-04-16,0.15337209302325583,258
2023-04-17,0.03799212598425197,254
2023-04-18,0.08187279151943463,283
2023-04-19,0.0038589211618257264,241
2023-04-20,0.0001730103806228374,289
2023-04-21,7.092198581560284e-05,282
2023-04-22,0.0136013986013986,286
2023-04-23,0.638327868852459,305
2023-04-24,0.83376582278481,316
2023-04-25,0.009054545454545456,275
2023-04-26,0.0236140350877193,285
2023-04-27,0.04701818181818183,275
2023-04-28,0.06171929824561405,285
2023-04-29,0.03819444444444445,288
2023-04-30,0.745583596214511,317
2023-05-01,1.3133130699088147,329
2023-05-02,0.09081081081081081,296
2023-05-03,0.2459509202453988,326
2023-05-04,0.09944262295081967,305
2023-05-05,0.03923076923076923,299
2023-05-06,0.009849624060150376,266
2023-05-07,0.0013220338983050849,295
2023-05-08,0.0697704918032787,305
2023-05-09,0.0002229299363057325,314
2023-05-10,0.0,314
2023-05-11,0.000453074433656958,309
2023-05-12,0.009519999999999999,250
2023-05-13,0.0036226415094339627,265
2023-05-14,6.269592476489028e-05,319
2023-05-15,0.00015723270440251574,318
2023-05-16,0.00535031847133758,314
2023-05-17,0.0,317
2023-05-18,0.0,324
2023-05-19,0.0,313
2023-05-20,0.1283225806451613,310
2023-05-21,1.6292,350
2023-05-22,0.010434782608695653,299
2023-05-23,0.0015737704918032788,305
2023-05-24,0.010000000000000002,314
2023-05-25,0.11168789808917197,314
2023-05-26,0.0002631578947368421,304
2023-05-27,0.0,306
2023-05-28,0.0,306
2023-05-29,0.0,311
2023-05-30,0.0,313
2023-05-31,3.194888178913738e-05,313
2023-06-01,0.0,323
2023-06-02,0.026531250000000006,320
2023-06-03,0.35036253776435045,331
2023-06-04,0.06411184210526316,304
2023-06-05,0.12219354838709676,310
2023-06-06,0.06338926174496644,298
2023-06-07,0.06275985663082438,279
2023-06-08,0.004285714285714286,252
2023-06-09,0.0675812274368231,277
2023-06-10,0.19886363636363635,308
2023-06-11,0.14556666666666668,300
2023-06-12,0.016195286195286197,297
2023-06-13,0.21375375375375377,333
2023-06-14,0.059896551724137936,290
2023-06-15,0.46419540229885053,348
2023-06-16,0.009340277777777779,288
2023-06-17,0.18885304659498206,279
2023-06-18,0.8460759493670886,316
2023-06-19,0.017451737451737455,259
2023-06-20,0.0022372881355932203,295
2023-06-21,0.03844370860927152,302
2023-06-22,0.0007973421926910298,301
2023-06-23,0.012517006802721088,294
2023-06-24,0.1370774647887324,284
2023-06-25,0.26653721682847903,309
2023-06-26,0.10447916666666668,288
2023-06-27,0.8539825581395348,344
2023-06-28,0.2511490683229814,322
2023-06-29,0.4755900621118012,322
2023-06-30,0.003576388888888889,288
2023-07-01,0.0007142857142857143,308
2023-07-02,0.23637873754152824,301
2023-07-03,1.223121212121212,330
2023-07-04,0.3662264150943396,318
2023-07-05,0.3873333333333333,330
2023-07-06,0.0031333333333333335,300
2023-07-07,0.03155844155844156,308
2023-07-08,0.005884353741496599,294
2023-07-09,0.07036231884057971,276
2023-07-10,0.43877887788778874,303
2023-07-11,0.9151197604790419,334
2023-07-12,0.00262987012987013,308
2023-07-13,0.07147540983606558,305
2023-07-14,0.5058235294117647,340
2023-07-15,0.2984385382059801,301
2023-07-16,0.4966775244299675,307
2023-07-17,1.3419266055045873,327
2023-07-18,0.012790697674418606,301
2023-07-19,0.1934201954397394,307
2023-07-20,0.0051495016611295685,301
2023-07-21,0.0717515923566879,314
2023-07-22,0.8556134969325153,326
2023-07-23,0.0007817589576547231,307
2023-07-24,0.0023076923076923075,299
2023-07-25,0.06680511182108627,313
2023-07-26,0.34929447852760737,326
2023-07-27,0.01805280528052805,303
2023-07-28,0.19482758620689658,319
2023-07-29,0.09955782312925168,294
2023-07-30,0.8627018633540372,322
2023-07-31,0.001793103448275862,290
2023-08-01,0.021379310344827585,290
2023-08-02,6.535947712418301e-05,306
2023-08-03,0.0013531353135313533,303
2023-08-04,0.02946808510638298,282
2023-08-05,0.012281368821292778,263
2023-08-06,0.0011705685618729098,299
2023-08-07,0.016441281138790034,281
2023-08-08,0.4052978056426332,319
2023-08-09,1.2238412698412697,315
2023-08-10,0.028523489932885907,298
2023-08-11,0.4340184049079755,326
2023-08-12,0.0006872852233676976,291
2023-08-13,0.11390410958904111,292
2023-08-14,0.11327464788732396,284
2023-08-15,0.48865625,320
2023-08-16,0.4112662337662337,308
2023-08-17,0.030714285714285715,266
2023-08-18,0.2390972222222222,288
2023-08-19,0.9024342105263157,304
2023-08-20,0.0011929824561403507,285
2023-08-21,0.02026578073089701,301
2023-08-22,0.20133333333333334,315
2023-08-23,0.0006472491909385113,309
2023-08-24,0.009552715654952077,313
2023-08-25,0.6646385542168675,332
2023-08-26,0.587716049382716,324
2023-08-27,0.013455882352941175,272
2023-08-28,0.028480565371024738,283
2023-08-29,0.020524475524475526,286
2023-08-30,0.27109422492401214,329
2023-08-31,0.25261980830670927,313
2023-09-01,0.0009148264984227129,317
2023-09-02,0.0003134796238244514,319
2023-09-03,0.007246376811594203,276
2023-09-04,3.1645569620253167e-05,316
2023-09-05,9.433962264150943e-05,318
2023-09-06,3.154574132492114e-05,317
2023-09-07,0.0011075949367088606,316
2023-09-08,0.046850152905198776,327
2023-09-09,0.3639184952978057,319
2023-09-10,0.2757366771159874,319
2023-09-11,0.5666767371601208,331
2023-09-12,0.8495238095238097,336
2023-09-13,0.08373665480427046,281
2023-09-14,0.5599704142011834,338
2023-09-15,0.006611295681063124,301
2023-09-16,0.19365771812080534,298
2023-09-17,0.024983388704318935,301
2023-09-18,0.2717333333333334,300
2023-09-19,1.5644036697247707,327
2023-09-20,0.0022611464968152863,314
2023-09-21,0.0003785488958990536,317
2023-09-22,0.00034920634920634924,315
2023-09-23,0.03859589041095891,292
2023-09-24,0.39155063291139236,316
2023-09-25,0.45723472668810294,311
2023-09-26,0.19816455696202534,316
2023-09-27,0.004420289855072463,276
2023-09-28,0.0006557377049180328,305
2023-09-29,0.13457337883959042,293
2023-09-30,1.248386075949367,316
2023-10-01,0.10175000000000001,280
2023-10-02,0.0007142857142857144,294
2023-10-03,0.00013245033112582781,302
2023-10-04,0.0001666666666666667,300
2023-10-05,0.0020333333333333336,300
2023-10-06,0.007077464788732395,284
2023-10-07,0.10675276752767528,271
2023-10-08,0.3798684210526316,304
2023-10-09,0.006510791366906475,278
2023-10-10,0.006250000000000001,288
2023-10-11,0.03413284132841329,271
2023-10-12,0.0008191126279863481,293
2023-10-13,0.000664451827242525,301
2023-10-14,0.0009708737864077672,309
2023-10-15,0.011896551724137932,290
2023-10-16,0.041863799283154125,279
2023-10-17,0.10278481012658229,316
2023-10-18,0.029562043795620444,274
2023-10-19,0.016101083032490977,277
2023-10-20,0.020779661016949152,295
2023-10-21,0.4173666666666667,300
2023-10-22,0.9607324840764332,314
2023-10-23,0.013595890410958905,292
2023-10-24,0.0011295681063122922,301
2023-10-25,0.00040133779264214044,299
2023-10-26,0.00048611111111111115,288
2023-10-27,0.0003558718861209964,281
2023-10-28,0.00013245033112582781,302
2023-10-29,0.036258503401360546,294
2023-10-30,0.5890566037735849,318
2023-10-31,0.3346815286624204,314
2023-11-01,0.014512635379061374,277
2023-11-02,0.09571929824561404,285
2023-11-03,0.00022435897435897439,312
2023-11-04,0.0003367003367003367,297
2023-11-05,0.002666666666666667,270
2023-11-06,0.002684563758389262,298
2023-11-07,0.08751533742331288,326
2023-11-08,0.045496453900709215,282
2023-11-09,0.049027777777777774,288
2023-11-10,0.08321428571428571,308
2023-11-11,0.0006529209621993127,291
2023-11-12,0.000132890365448505,301
2023-11-13,0.0003741496598639456,294
2023-11-14,0.012790697674418606,258
2023-11-15,0.001551155115511551,303
2023-11-16,0.000198019801980198,303
2023-11-17,0.0018531468531468533,286
2023-11-18,0.05931407942238267,277
2023-11-19,0.052867647058823526,272
2023-11-20,0.001376518218623482,247
2023-11-21,0.005868852459016393,305
2023-11-22,0.703258064516129,310
2023-11-23,0.37646464646464645,297
2023-11-24,0.00014234875444839857,281
2023-11-25,3.546099290780142e-05,282
2023-11-26,0.007235494880546076,293
2023-11-27,0.45960365853658536,328
2023-11-28,0.004285714285714285,273
2023-11-29,0.0003333333333333333,270
2023-11-30,0.0,307
2023-12-01,0.005369774919614148,311
2023-12-02,0.07663430420711974,309
2023-12-03,0.10776422764227643,246
2023-12-04,0.6995016611295681,301
2023-12-05,0.022357414448669205,263
2023-12-06,0.03155660377358491,212
2023-12-07,0.01609865470852018,223
2023-12-08,0.00016722408026755855,299
2023-12-09,0.00019543973941368078,307
2023-12-10,0.07510714285714286,280
2023-12-11,1.982058823529412,340
2023-12-12,0.20140127388535034,314
2023-12-13,0.0002,300
2023-12-14,0.0003676470588235294,272
2023-12-15,0.0,313
2023-12-16,0.000551948051948052,308
2023-12-17,0.04341935483870967,310
2023-12-18,1.4973065015479876,323
2023-12-19,1.2435625,320
2023-12-20,0.0005136986301369863,292
2023-12-21,6.64451827242525e-05,301
2023-12-22,0.0,290
2023-12-23,0.0,280
2023-12-24,0.003888888888888889,234
2023-12-25,0.030282258064516128,248
2023-12-26,0.007252252252252252,222
2023-12-27,0.025,244
2023-12-28,0.44129999999999997,300
2023-12-29,0.4366779661016949,295
2023-12-30,0.04773972602739726,292
2023-12-31,0.043405797101449275,276
2024-01-01,0.0009427609427609428,297
2024-01-02,0.0,307
2024-01-03,0.0,315
2024-01-04,0.0009386281588447654,277
2024-01-05,0.0004724409448818898,254
2024-01-06,0.010520833333333333,288
2024-01-07,0.5741258741258741,286
2024-01-08,0.49582089552238806,268
2024-01-09,0.07574829931972789,294
2024-01-10,2.446246246246246,333
2024-01-11,0.02915129151291513,271
2024-01-12,0.00013651877133105802,293
2024-01-13,0.8944620253164556,316
2024-01-14,0.31728937728937723,273
2024-01-15,0.02432692307692308,208
2024-01-16,0.14965648854961833,262
2024-01-17,0.41108614232209734,267
2024-01-18,0.0,281
2024-01-19,0.00040740740740740744,270
2024-01-20,0.013554502369668249,211
2024-01-21,0.0181651376146789,218
2024-01-22,0.0003202846975088968,281
2024-01-23,0.004655172413793104,290
2024-01-24,0.196294964028777,278
2024-01-25,0.5739792387543252,289
2024-01-26,0.410484429065744,289
2024-01-27,0.23749063670411985,267
2024-01-28,0.11668085106382979,235
2024-01-29,0.6939436619718309,284
2024-01-30,0.04435185185185186,216
2024-01-31,0.0021333333333333334,225
2024-02-01,0.00014492753623188405,276
2024-02-02,0.007819548872180452,266
2024-02-03,0.010788381742738589,241
2024-02-04,0.0004895104895104895,286
2024-02-05,0.0,301
2024-02-06,0.0008108108108108109,259
2024-02-07,0.004084507042253521,284
2024-02-08,0.00021352313167259787,281
2024-02-09,0.00010909090909090909,275
2024-02-10,0.004698275862068966,232
2024-02-11,0.02451737451737452,259
2024-02-12,0.0,284
2024-02-13,0.07983263598326361,239
2024-02-14,0.3872761194029851,268
2024-02-15,0.0012903225806451615,279
2024-02-16,0.04310483870967743,248
2024-02-17,0.007675675675675675,185
2024-02-18,0.010714285714285716,182
2024-02-19,3.7037037037037037e-05,270
2024-02-20,0.0,286
2024-02-21,0.0,282
2024-02-22,0.0009558823529411765,272
2024-02-23,0.13505263157894737,285
2024-02-24,0.0903875968992248,258
2024-02-25,0.0,275
2024-02-26,0.00010989010989010989,273
2024-02-27,0.013333333333333334,255
2024-02-28,0.45603389830508473,295
2024-02-29,0.3602846975088968,281
2024-03-01,0.00031620553359683795,253
2024-03-02,0.10446640316205534,253
2024-03-03,1.1123397435897435,312
2024-03-04,0.007030075187969925,266
2024-03-05,0.04656028368794327,282
2024-03-06,0.3163141025641026,312
2024-03-07,1.4600607902735563,329
2024-03-08,0.12634615384615386,312
2024-03-09,0.029829351535836178,293
2024-03-10,1.1972782874617738,327
2024-03-11,0.021371681415929204,226
2024-03-12,0.0007876712328767123,292
2024-03-13,0.00016501650165016502,303
2024-03-14,0.002214285714285714,280
2024-03-15,0.03440944881889764,254
2024-03-16,0.023399209486166007,253
2024-03-17,0.03731800766283525,261
2024-03-18,0.023976377952755906,254
2024-03-19,0.0015827338129496403,278
2024-03-20,0.009008264462809917,242
2024-03-21,0.05889312977099236,262
2024-03-22,0.0013523131672597865,281
2024-03-23,0.45052044609665426,269
2024-03-24,1.9008,300
2024-03-25,0.006928327645051194,293
2024-03-26,0.005785123966942148,242
2024-03-27,0.04993150684931508,292
2024-03-28,0.48917981072555206,317
2024-03-29,1.2202848101265824,316
2024-03-30,0.10942567567567568,296
2024-03-31,0.00034722222222222224,288
2024-04-01,0.006229508196721312,305
2024-04-02,0.008566775244299675,307
2024-04-03,0.1857097791798107,317
2024-04-04,1.542923588039867,301
2024-04-05,0.33710247349823325,283
2024-04-06,0.03684410646387833,263
2024-04-07,0.09492805755395683,278
2024-04-08,0.0034385964912280703,285
2024-04-09,0.0001639344262295082,305
2024-04-10,0.0051815181518151815,303
2024-04-11,0.08317518248175182,274
2024-04-12,0.7359316770186335,322
2024-04-13,0.3899661016949153,295
2024-04-14,0.029193548387096774,248
2024-04-15,0.06580985915492958,284
2024-04-16,0.009864406779661017,295
2024-04-17,0.0021192052980132455,302
2024-04-18,0.060431893687707634,301
2024-04-19,0.12683006535947713,306
2024-04-20,0.12973880597014925,268
2024-04-21,0.19483443708609272,302
2024-04-22,0.00032679738562091506,306
2024-04-23,0.0003896103896103896,308
2024-04-24,0.004014084507042254,284
2024-04-25,0.02242857142857143,280
2024-04-26,0.0,307
2024-04-27,0.001743421052631579,304
2024-04-28,0.056249999999999994,296
2024-04-29,0.03,259
2024-04-30,0.15737541528239204,301
2024-05-01,0.11727544910179641,334
2024-05-02,0.016776556776556775,273
2024-05-03,0.054378881987577656,322
2024-05-04,0.001,300
2024-05-05,0.04130584192439863,291
2024-05-06,0.4679228486646884,337
2024-05-07,0.0043344709897610925,293
2024-05-08,0.07036912751677853,298
2024-05-09,0.5905120481927711,332
2024-05-10,0.0288628762541806,299
2024-05-11,0.004479166666666667,288
2024-05-12,0.003801369863013698,292
2024-05-13,0.010217391304347827,276
2024-05-14,0.0014093959731543624,298
2024-05-15,0.04996402877697842,278
2024-05-16,0.7335384615384616,325
2024-05-17,0.30743506493506495,308
2024-05-18,0.06469314079422384,277
2024-05-19,0.31390572390572385,297
2024-05-20,0.020531914893617022,282
2024-05-21,0.005067114093959732,298
2024-05-22,0.05148514851485149,303
2024-05-23,0.07659649122807016,285
2024-05-24,0.36246153846153845,325
2024-05-25,0.000260586319218241,307
2024-05-26,0.047721088435374155,294
2024-05-27,0.09901459854014599,274
2024-05-28,0.7746846846846848,333
2024-05-29,0.0022818791946308723,298
2024-05-30,0.40707547169811314,318
2024-05-31,0.503035143769968,313
2024-06-01,0.00028753993610223643,313
2024-06-02,0.0,317
2024-06-03,6.25e-05,320
2024-06-04,6.134969325153375e-05,326
2024-06-05,0.008974358974358974,312
2024-06-06,0.02182758620689655,290
2024-06-07,0.15347692307692307,325
2024-06-08,0.031103448275862068,290
2024-06-09,0.05562015503875969,258
2024-06-10,0.22657051282051283,312
2024-06-11,0.0006622516556291391,302
2024-06-12,0.0003289473684210526,304
2024-06-13,0.001929260450160772,311
2024-06-14,0.04024615384615384,325
2024-06-15,0.505887573964497,338
2024-06-16,0.00032679738562091506,306
2024-06-17,3.1645569620253167e-05,316
2024-06-18,0.00015923566878980894,314
2024-06-19,0.0026582278481012663,316
2024-06-20,0.12508038585209005,311
2024-06-21,0.32249240121580547,329
2024-06-22,0.4158695652173914,322
2024-06-23,0.43611620795107037,327
2024-06-24,0.06986798679867988,303
2024-06-25,0.05368600682593857,293
2024-06-26,0.03993630573248407,314
2024-06-27,0.6310571428571429,350
2024-06-28,0.005691318327974277,311
2024-06-29,0.005273972602739726,292
2024-06-30,0.10699346405228759,306
2024-07-01,0.2171704180064309,311
2024-07-02,0.03433566433566434,286
2024-07-03,0.0003205128205128205,312
2024-07-04,0.0018861209964412813,281
2024-07-05,0.18092150170648466,293
2024-07-06,0.3128947368421053,304
2024-07-07,0.17529780564263323,319
2024-07-08,0.0003858520900321543,311
2024-07-09,0.0187741935483871,310
2024-07-10,0.11565916398713826,311
2024-07-11,0.019172661870503597,278
2024-07-12,0.02458041958041958,286
2024-07-13,0.16737762237762238,286
2024-07-14,0.26650326797385626,306
2024-07-15,0.01936241610738255,298
2024-07-16,0.10119741100323626,309
2024-07-17,0.23676470588235296,306
2024-07-18,0.40117994100294985,339
2024-07-19,0.0021305841924398627,291
2024-07-20,0.002173913043478261,299
2024-07-21,0.02018450184501845,271
2024-07-22,0.008581081081081082,296
2024-07-23,0.14142857142857143,315
2024-07-24,0.07489864864864866,296
2024-07-25,0.026455223880597022,268
2024-07-26,0.09704697986577182,298
2024-07-27,0.00010067114093959731,298
2024-07-28,0.011027397260273974,292
2024-07-29,0.3296865203761756,319
2024-07-30,0.13946372239747634,317
2024-07-31,0.04884615384615385,286
2024-08-01,0.27949999999999997,320
2024-08-02,0.0336734693877551,294
2024-08-03,0.2687152777777778,288
2024-08-04,0.0644927536231884,276
2024-08-05,0.40174917491749174,303
2024-08-06,0.14803174603174604,315
2024-08-07,0.7218823529411764,340
2024-08-08,0.05047619047619048,294
2024-08-09,0.30420420420420424,333
2024-08-10,0.5053172205438066,331
2024-08-11,0.017673611111111112,288
2024-08-12,0.016996699669967,303
2024-08-13,0.04655629139072848,302
2024-08-14,0.00042345276872964173,307
2024-08-15,0.044649681528662416,314
2024-08-16,0.3929969418960244,327
2024-08-17,0.006142857142857142,280
2024-08-18,0.1259726962457338,293
2024-08-19,0.331358024691358,324
2024-08-20,0.39256097560975606,328
2024-08-21,0.01,272
2024-08-22,0.008809523809523809,294
2024-08-23,0.000125,320
2024-08-24,9.375e-05,320
2024-08-25,0.0016333333333333332,300
2024-08-26,0.012635379061371842,277
2024-08-27,0.18732026143790853,306
2024-08-28,0.0007717041800643087,311
2024-08-29,0.000608974358974359,312
2024-08-30,0.0,319
2024-08-31,0.001624203821656051,314
2024-09-01,0.015732899022801304,307
2024-09-02,0.024689440993788822,322
2024-09-03,0.0,325
2024-09-04,3.003003003003003e-05,333
2024-09-05,3.0395136778115502e-05,329
2024-09-06,0.00018808777429467084,319
2024-09-07,0.012653061224489795,294
2024-09-08,0.10748407643312102,314
2024-09-09,0.0002857142857142857,315
2024-09-10,0.0009554140127388536,314
2024-09-11,0.0,325
2024-09-12,3.067484662576687e-05,326
2024-09-13,0.00015105740181268882,331
2024-09-14,9.11854103343465e-05,329
2024-09-15,6.0606060606060605e-05,330
2024-09-16,9.23076923076923e-05,325
2024-09-17,0.00018404907975460124,326
2024-09-18,0.0004953560371517028,323
2024-09-19,0.0365506329113924,316
2024-09-20,0.27770440251572326,318
2024-09-21,0.5665814696485623,313
2024-09-22,0.7015076923076924,325
2024-09-23,0.005228070175438596,285
2024-09-24,0.0007308970099667774,301
2024-09-25,0.005,290
2024-09-26,0.09813725490196079,306
2024-09-27,0.5905325443786982,338
2024-09-28,0.0011888111888111888,286
2024-09-29,9.9009900990099e-05,303
2024-09-30,9.80392156862745e-05,306
2024-10-01,0.0004220779220779221,308
2024-10-02,0.0003716216216216216,296
2024-10-03,9.708737864077669e-05,309
2024-10-04,0.00022580645161290324,310
2024-10-05,0.007383512544802868,279
2024-10-06,0.0034035087719298247,285
2024-10-07,0.07286792452830189,265
2024-10-08,0.40280864197530863,324
2024-10-09,0.07600000000000001,295
2024-10-10,0.01040677966101695,295
2024-10-11,3.257328990228013e-05,307
2024-10-12,0.00016778523489932888,298
2024-10-13,0.025602836879432628,282
2024-10-14,0.28861386138613865,303
2024-10-15,0.0690728476821192,302
2024-10-16,0.002218430034129693,293
2024-10-17,0.0001282051282051282,312
2024-10-18,6.309148264984228e-05,317
2024-10-19,3.1746031746031745e-05,315
2024-10-20,6.389776357827476e-05,313
2024-10-21,9.615384615384615e-05,312
2024-10-22,0.0,329
2024-10-23,0.0003448275862068966,319
2024-10-24,0.0022745098039215687,255
2024-10-25,0.00016129032258064516,310
2024-10-26,0.0,314
2024-10-27,0.0,314
2024-10-28,6.430868167202572e-05,311
2024-10-29,0.0037209302325581397,301
2024-10-30,0.15056980056980057,351
2024-10-31,0.0036426116838487975,291
2024-11-01,0.0003525641025641026,312
2024-11-02,0.0,311
2024-11-03,6.451612903225807e-05,310
2024-11-04,6.369426751592357e-05,314
2024-11-05,0.00035587188612099647,281
2024-11-06,9.771986970684039e-05,307
2024-11-07,0.0,319
2024-11-08,0.0006583072100313479,319
2024-11-09,0.003939393939393939,297
2024-11-10,0.0026644736842105264,304
2024-11-11,0.12445103857566765,337
2024-11-12,0.0021926910299003327,301
2024-11-13,3.154574132492114e-05,317
2024-11-14,0.0,331
2024-11-15,0.0,330
2024-11-16,0.0,320
2024-11-17,0.0,315
2024-11-18,0.0021875,288
2024-11-19,0.0027915194346289753,283
2024-11-20,6.309148264984228e-05,317
2024-11-21,0.10503311258278146,302
2024-11-22,1.0898850574712642,348
2024-11-23,0.6419335347432024,331
2024-11-24,0.1544736842105263,304
2024-11-25,0.004169491525423729,295
2024-11-26,0.02305921052631579,304
2024-11-27,0.18990506329113924,316
2024-11-28,0.11023076923076923,260
2024-11-29,0.6001346801346801,297
2024-11-30,0.010428015564202336,257
2024-12-01,0.0006976744186046512,301
2024-12-02,3.257328990228013e-05,307
2024-12-03,0.00019417475728155338,309
2024-12-04,0.007482758620689655,290
2024-12-05,0.4239935064935065,308
2024-12-06,0.06819494584837546,277
2024-12-07,0.0007168458781362007,279
2024-12-08,0.052377622377622376,286
2024-12-09,0.04130136986301369,292
2024-12-10,0.4111764705882353,323
2024-12-11,0.44040372670807454,322
2024-12-12,1.8999689440993788,322
2024-12-13,0.0005466237942122185,311
2024-12-14,0.0,309
2024-12-15,0.0,306
2024-12-16,0.02036630036630037,273
2024-12-17,0.2887724550898203,334
2024-12-18,0.0384375,288
2024-12-19,0.4659938837920489,327
2024-12-20,0.03347169811320754,265
2024-12-21,0.29,298
2024-12-22,0.001541501976284585,253
2024-12-23,0.00125,264
2024-12-24,0.015859030837004406,227
2024-12-25,0.014649122807017545,228
2024-12-26,0.0020318725099601593,251
2024-12-27,0.0010984848484848484,264
2024-12-28,0.03398104265402844,211
2024-12-29,0.09116104868913857,267
2024-12-30,0.3581003584229391,279
2024-12-31,0.2994718309859155,284
2025-01-01,0.6322186495176849,311
2025-01-02,0.0892057761732852,277
2025-01-03,0.0042471042471042475,259
2025-01-04,0.0004513888888888889,288
2025-01-05,0.000274914089347079,291
2025-01-06,0.0,280
2025-01-07,6.64451827242525e-05,301
2025-01-08,7.352941176470589e-05,272
2025-01-09,0.00024096385542168676,249
2025-01-10,0.0,235
2025-01-11,0.04278538812785389,219
2025-01-12,0.07828070175438596,285
2025-01-13,0.00013468013468013467,297
2025-01-14,0.0014122137404580153,262
2025-01-15,0.0005067567567567568,296
2025-01-16,0.0009756097560975609,287
2025-01-17,0.011497005988023952,167
2025-01-18,0.02220338983050848,295
2025-01-19,0.2521885521885522,297
2025-01-20,0.3945017182130584,291
2025-01-21,7.168458781362007e-05,279
2025-01-22,0.00505226480836237,287
2025-01-23,0.0,300
2025-01-24,0.0,294
2025-01-25,0.0001413427561837456,283
2025-01-26,0.00013605442176870748,294
2025-01-27,3.53356890459364e-05,283
2025-01-28,0.0005243445692883896,267
2025-01-29,0.07007936507936507,252
2025-01-30,0.015614973262032086,187
2025-01-31,0.05625429553264605,291
2025-02-01,0.6396219931271477,291
2025-02-02,0.027418032786885246,244
2025-02-03,0.16768166089965394,289
2025-02-04,0.0014682539682539682,252
2025-02-05,0.00026217228464419474,267
2025-02-06,0.023643410852713178,258
2025-02-07,0.2644086021505377,279
2025-02-08,0.007615384615384615,260
2025-02-09,0.4337328767123288,292
2025-02-10,0.01852017937219731,223
2025-02-11,7.936507936507937e-05,252
2025-02-12,0.007748091603053436,262
2025-02-13,0.29723905723905725,297
2025-02-14,0.13087591240875912,274
2025-02-15,0.01641025641025641,273
2025-02-16,0.8849621212121211,264
2025-02-17,0.876600790513834,253
2025-02-18,0.0011570247933884298,242
2025-02-19,0.00010869565217391303,276
2025-02-20,7.299270072992701e-05,274
2025-02-21,0.0009090909090909091,253
2025-02-22,0.0006071428571428571,280
2025-02-23,0.00028776978417266187,278
2025-02-24,7.06713780918728e-05,283
2025-02-25,7.194244604316547e-05,278
2025-02-26,0.0002811244979919679,249
2025-02-27,0.06390151515151515,264
2025-02-28,0.09649122807017543,285
2025-03-01,0.005910931174089069,247
2025-03-02,0.004241071428571429,224
2025-03-03,0.0,298
2025-03-04,0.0,296
2025-03-05,0.05406015037593985,266
2025-03-06,0.9070977917981071,317
2025-03-07,0.0843181818181818,264
2025-03-08,0.0009090909090909091,253
2025-03-09,3.759398496240601e-05,266
2025-03-10,0.0,294
2025-03-11,0.0,303
2025-03-12,0.00033898305084745765,295
2025-03-13,0.007865168539325843,267
2025-03-14,0.0002702702702702703,296
2025-03-15,0.0005204460966542751,269
2025-03-16,0.01733009708737864,206
2025-03-17,0.9895049504950497,303
2025-03-18,0.646970684039088,307
2025-03-19,0.0011073825503355706,298
2025-03-20,0.018081632653061223,245
2025-03-21,0.3188178913738019,313
2025-03-22,0.05173285198555957,277
2025-03-23,0.019139784946236558,279
2025-03-24,0.05678294573643411,258
2025-03-25,0.5687147335423198,319
2025-03-26,0.001795774647887324,284
2025-03-27,0.014738675958188155,287
2025-03-28,0.0003703703703703704,270
2025-03-29,0.06228668941979522,293
2025-03-30,0.13779310344827586,290
2025-03-31,0.07570895522388059,268
2025-04-01,0.4222741433021807,321
2025-04-02,0.0227972027972028,286
2025-04-03,0.332373417721519,316
2025-04-04,0.15552631578947368,304
2025-04-05,0.04218181818181818,275
2025-04-06,0.5549999999999999,296
2025-04-07,0.1434013605442177,294
2025-04-08,0.24706451612903227,310
2025-04-09,0.0483044982698962,289
2025-04-10,0.00265993265993266,297
2025-04-11,0.14796178343949046,314
2025-04-12,0.4091694352159469,301
2025-04-13,0.1987713310580205,293
2025-04-14,0.2054035087719298,285
2025-04-15,0.0554296875,256
2025-04-16,0.08256944444444445,288
2025-04-17,0.0008833922261484099,283
2025-04-18,0.00010273972602739725,292
2025-04-19,0.005714285714285714,252
2025-04-20,0.030746268656716418,268
2025-04-21,0.0012676056338028169,284
2025-04-22,0.2261320754716981,318
2025-04-23,0.0014695340501792117,279
2025-04-24,0.0003819444444444444,288
2025-04-25,0.009288537549407115,253
2025-04-26,0.3044927536231884,276
2025-04-27,0.71226148409894,283
2025-04-28,0.008193832599118944,227
2025-04-29,0.0007023411371237458,299
2025-04-30,0.0054333333333333326,300
2025-05-01,6.802721088435374e-05,294
2025-05-02,0.26745283018867927,318
2025-05-03,0.04546468401486989,269
2025-05-04,0.25493630573248405,314
2025-05-05,0.5913418530351437,313
2025-05-06,0.5422185430463576,302
2025-05-07,0.2973817034700315,317
2025-05-08,0.019851301115241634,269
2025-05-09,0.4160967741935484,310
2025-05-10,1.2418037974683545,316
2025-05-11,0.14030405405405405,296
2025-05-12,0.004769736842105263,304
2025-05-13,0.0008387096774193549,310
2025-05-14,0.00040133779264214044,299
2025-05-15,0.23845637583892618,298
2025-05-16,0.19406143344709897,293
2025-05-17,0.010396825396825397,252
2025-05-18,0.1085090909090909,275
2025-05-19,0.01632183908045977,261
2025-05-20,0.0014598540145985403,274
2025-05-21,0.013786764705882353,272
2025-05-22,0.24826989619377157,289
2025-05-23,2.307402985074627,335
2025-05-24,0.10427609427609427,297
2025-05-25,0.07244827586206896,290
2025-05-26,0.0027952755905511816,254
2025-05-27,0.0034982332155477033,283
2025-05-28,0.0011744966442953024,298
2025-05-29,0.05827044025157233,318
2025-05-30,0.03091603053435115,262
2025-05-31,0.5403105590062113,322
2025-06-01,0.2958703071672355,293
2025-06-02,0.005877862595419847,262
2025-06-03,0.00016181229773462783,309
2025-06-04,3.154574132492114e-05,317
2025-06-05,0.00022082018927444797,317
2025-06-06,0.05352159468438538,301
2025-06-07,0.2935810810810811,296
2025-06-08,0.6765846153846153,325
2025-06-09,0.016021126760563383,284
2025-06-10,0.07968253968253969,315
2025-06-11,0.27671686746987956,332
2025-06-12,0.0009090909090909092,308
2025-06-13,6.389776357827476e-05,313
2025-06-14,0.05526132404181185,287
2025-06-15,0.058590163934426245,305
2025-06-16,0.00046511627906976747,301
2025-06-17,0.07122222222222223,270
2025-06-18,0.19423728813559324,295
2025-06-19,0.025115384615384616,260
2025-06-20,0.00571917808219178,292
2025-06-21,0.00010067114093959731,298
2025-06-22,0.049819494584837545,277
2025-06-23,0.01856088560885609,271
2025-06-24,0.000641025641025641,312
2025-06-25,0.0018092105263157897,304
2025-06-26,0.017421602787456445,287
2025-06-27,0.024326530612244903,245
2025-06-28,0.025472440944881894,254
2025-06-29,0.037095588235294116,272
2025-06-30,6.872852233676977e-05,291
2025-07-01,0.024240282685512368,283
2025-07-02,0.2671246006389777,313
2025-07-03,0.014424460431654679,278
2025-07-04,0.12435374149659864,294
2025-07-05,0.0007357859531772575,299
2025-07-06,6.734006734006734e-05,297
2025-07-07,0.0026896551724137933,290
2025-07-08,0.07639175257731959,291
2025-07-09,0.5984969325153374,326
2025-07-10,0.544576802507837,319
2025-07-11,0.43989898989898985,297
2025-07-12,0.06818505338078291,281
2025-07-13,0.005035211267605634,284
2025-07-14,0.01297872340425532,282
2025-07-15,0.19187290969899667,299
2025-07-16,0.012448275862068967,290
2025-07-17,0.005937500000000001,288
2025-07-18,0.0348581560283688,282
2025-07-19,0.00037931034482758624,290
2025-07-20,0.021783216783216784,286
2025-07-21,0.23814189189189192,296
2025-07-22,0.00023411371237458192,299
2025-07-23,0.0,304
2025-07-24,0.0,305
2025-07-25,0.01104026845637584,298
2025-07-26,0.08496296296296295,270
2025-07-27,0.049565217391304345,276
2025-07-28,0.12645390070921986,282
2025-07-29,0.00016501650165016502,303
2025-07-30,0.0007073954983922829,311
2025-07-31,0.09944078947368422,304
2025-08-01,1.2887869822485207,338
2025-08-02,0.032377622377622386,286
2025-08-03,0.00010273972602739725,292
2025-08-04,0.0,293
2025-08-05,9.933774834437086e-05,302
2025-08-06,0.001862745098039216,306
2025-08-07,0.00787375415282392,301
2025-08-08,0.005407166123778501,307
2025-08-09,0.0,299
2025-08-10,0.0,292
2025-08-11,0.0,302
2025-08-12,0.0,311
2025-08-13,0.011966101694915255,295
2025-08-14,0.1190035587188612,281
2025-08-15,0.15854609929078015,282
2025-08-16,0.0007534246575342466,292
2025-08-17,0.0402846975088968,281
2025-08-18,0.06771217712177122,271
2025-08-19,0.00022875816993464054,306
2025-08-20,0.07686046511627907,258
2025-08-21,0.750375,320
2025-08-22,0.0021323529411764706,272
2025-08-23,6.711409395973155e-05,298
2025-08-24,0.0002666666666666667,300
2025-08-25,0.011493055555555557,288
2025-08-26,0.04721014492753624,276
2025-08-27,0.002277580071174377,281
2025-08-28,0.04125874125874126,286
2025-08-29,0.03358974358974359,273
2025-08-30,0.2917182130584193,291
2025-08-31,0.0013945578231292519,294
2025-09-01,0.0,308
2025-09-02,6.64451827242525e-05,301
2025-09-03,3.2258064516129034e-05,310
2025-09-04,0.003057324840764331,314
2025-09-05,0.18573208722741433,321
2025-09-06,0.05243816254416961,283
2025-09-07,0.7993,300
2025-09-08,0.4816107382550336,298
2025-09-09,0.0008250825082508251,303
2025-09-10,0.00053156146179402,301
2025-09-11,0.0008843537414965987,294
2025-09-12,6.557377049180328e-05,305
2025-09-13,0.00033898305084745765,295
2025-09-14,0.0065703971119133574,277
2025-09-15,0.007794117647058824,272
2025-09-16,0.000396039603960396,303
2025-09-17,0.007909967845659165,311
2025-09-18,0.19188498402555912,313
2025-09-19,0.008304498269896194,289
2025-09-20,6.622516556291391e-05,302
2025-09-21,0.0,301
2025-09-22,0.0,297
2025-09-23,0.00531986531986532,297
2025-09-24,0.2592356687898089,314
2025-09-25,0.6463375796178343,314
2025-09-26,0.7829841269841269,315
2025-09-27,0.0015734265734265733,286
2025-09-28,0.036094276094276095,297
2025-09-29,0.00013559322033898305,295
2025-09-30,0.0003908794788273616,307
2025-10-01,0.0,308
2025-10-02,0.0,309
2025-10-03,0.0007667731629392971,313
2025-10-04,0.0,306
2025-10-05,0.0,304
2025-10-06,0.0001644736842105263,304
2025-10-07,0.0005806451612903225,310
2025-10-08,0.15710526315789472,266
2025-10-09,0.5170093457943925,321
2025-10-10,0.0010163934426229509,305
2025-10-11,0.00013468013468013467,297
2025-10-12,0.06274305555555555,288
2025-10-13,1.1992063492063492,315
2025-10-14,0.8911437908496732,306
2025-10-15,0.18232081911262799,293
2025-10-16,0.0006000000000000001,300
2025-10-17,0.0007641196013289036,301
2025-10-18,0.00023489932885906043,298
2025-10-19,0.0,301
2025-10-20,0.1698281786941581,291
2025-10-21,0.6797523219814241,323
2025-10-22,0.3291059602649007,302
2025-10-23,0.19835443037974684,316
2025-10-24,0.004075342465753425,292
2025-10-25,0.00539568345323741,278
2025-10-26,0.0002797202797202797,286
2025-10-27,0.0010666666666666667,300
2025-10-28,0.008315789473684212,285
2025-10-29,0.004440298507462686,268
2025-10-30,0.11519434628975266,283
2025-10-31,1.3327678571428572,336
2025-11-01,0.012568093385214007,257
2025-11-02,0.0001020408163265306,294
2025-11-03,0.01580858085808581,303
2025-11-04,0.18169811320754717,318
2025-11-05,0.005670103092783505,291
2025-11-06,0.0621474358974359,312
2025-11-07,0.004426877470355732,253
2025-11-08,0.10257627118644068,295
2025-11-09,0.06623134328358209,268
2025-11-10,0.5010819672131147,305
2025-11-11,0.33,303
2025-11-12,0.005169082125603865,207
2025-11-13,0.00726890756302521,238
2025-11-14,0.02192622950819672,244
2025-11-15,0.0403584229390681,279
2025-11-16,0.6677884615384615,312
2025-11-17,0.014094827586206896,232
2025-11-18,0.00045454545454545455,286
2025-11-19,0.00013468013468013467,297
2025-11-20,3.246753246753247e-05,308
2025-11-21,0.00017421602787456446,287
2025-11-22,0.0556439393939394,264
2025-11-23,0.11981617647058825,272
2025-11-24,0.012000000000000002,190
2025-11-25,0.015616438356164386,292
2025-11-26,0.3347115384615385,312
2025-11-27,0.01668032786885246,244
2025-11-28,0.0007894736842105264,266
2025-11-29,0.011244239631336408,217
2025-11-30,0.020625,288
2025-12-01,0.21929054054054054,296
2025-12-02,0.07107806691449814,269
2025-12-03,0.8501628664495114,307
2025-12-04,0.0004477611940298508,268
2025-12-05,0.0018032786885245902,244
2025-12-06,0.005326633165829146,199
2025-12-07,0.00920704845814978,227
2025-12-08,0.0003370786516853933,267
2025-12-09,0.0,273
2025-12-10,0.013951612903225807,248
2025-12-11,0.09985239852398525,271
2025-12-12,0.0002255639097744361,266
2025-12-13,0.00044943820224719103,267
2025-12-14,0.08812500000000001,240
2025-12-15,0.10118644067796612,236
2025-12-16,0.0,279
2025-12-17,0.0,284
2025-12-18,0.0,284
2025-12-19,0.13090909090909092,275
2025-12-20,0.5404929577464789,284
2025-12-21,0.002124542124542125,273
2025-12-22,0.0,270
2025-12-23,0.013383458646616542,266
2025-12-24,0.1746468401486989,269
2025-12-25,0.02155440414507772,193
2025-12-26,0.011162790697674415,215
2025-12-27,0.2576422764227642,246
2025-12-28,0.009209302325581396,215
2025-12-29,0.33036,250
2025-12-30,0.39395744680851064,235
2025-12-31,0.003930131004366812,229
2026-01-01,0.10853061224489798,245
2026-01-02,0.031911764705882355,204
2026-01-03,4.0816326530612245e-05,245
2026-01-04,0.014689265536723164,177
2026-01-05,0.014999999999999998,180
2026-01-06,0.03940928270042194,237
2026-01-07,0.1364367816091954,261
2026-01-08,0.048888888888888885,243
2026-01-09,0.004291044776119403,268
2026-01-10,0.0833579335793358,271
2026-01-11,0.48974999999999996,280
2026-01-12,0.005443037974683544,237
2026-01-13,0.00015686274509803922,255
2026-01-14,0.0023605150214592277,233
2026-01-15,0.033717948717948726,234
2026-01-16,0.0022093023255813954,258
2026-01-17,0.050762711864406784,236
2026-01-18,0.12915611814345992,237
2026-01-19,0.4273255813953488,258
2026-01-20,0.016649214659685864,191
2026-01-21,0.0033458646616541356,266
2026-01-22,0.06293388429752066,242
2026-01-23,0.0003409090909090909,264
2026-01-24,0.0,255
2026-01-25,0.07227272727272727,264
2026-01-26,1.2994941634241246,257
2026-01-27,0.1411666666666667,240
2026-01-28,0.002835051546391753,194
2026-01-29,7.518796992481203e-05,266
2026-01-30,0.0001893939393939394,264
2026-01-31,0.0,269
2026-02-01,0.0011111111111111111,216
2026-02-02,0.0033777777777777777,225
2026-02-03,0.0,279
2026-02-04,0.0,268
2026-02-05,3.7313432835820896e-05,268
2026-02-06,0.00046875,256
2026-02-07,0.1218884120171674,233
2026-02-08,0.11355263157894738,228
2026-02-09,0.00042307692307692315,260
2026-02-10,0.006334661354581674,251
2026-02-11,0.13164705882352942,255
2026-02-12,0.005963855421686747,166
2026-02-13,0.0,258
2026-02-14,0.0,260
2026-02-15,4.2735042735042735e-05,234
2026-02-16,0.0,259
2026-02-17,0.0,219
2026-02-18,0.008970588235294117,204
2026-02-19,0.07364016736401674,239
2026-02-20,0.03610894941634241,257
2026-02-21,0.4791015625,256
2026-02-22,0.02862275449101796,167
2026-02-23,0.6072448979591836,196
2026-02-24,0.4603684210526316,190
2026-02-25,0.024384236453201973,203
2026-02-26,0.05506849315068493,219
2026-02-27,0.0,244
2026-02-28,0.0,250
2026-03-01,0.0021212121212121214,231
2026-03-02,0.023819095477386937,199
2026-03-03,0.040231660231660235,259
2026-03-04,0.6146538461538462,260
2026-03-05,0.030745098039215685,255
2026-03-06,0.7767441860465116,258
2026-03-07,0.061744680851063834,235
2026-03-08,0.015894736842105264,190
2026-03-09,0.002565217391304348,230
2026-03-10,0.0001851851851851852,270
2026-03-11,0.006931818181818182,264
2026-03-12,0.19154440154440155,259
2026-03-13,0.027330097087378644,206
2026-03-14,0.015,204
2026-03-15,0.000881057268722467,227
2026-03-16,0.3562878787878788,264
2026-03-17,0.9186524822695034,282
2026-03-18,0.00068,250
2026-03-19,0.00011583011583011582,259
2026-03-20,0.0124609375,256
2026-03-21,0.14992805755395683,278
2026-03-22,0.05,251
2026-03-23,0.8025274725274725,273
2026-03-24,0.15797665369649805,257
2026-03-25,0.000267175572519084,262
2026-03-26,0.045319148936170214,235
2026-03-27,0.13050724637681158,276
2026-03-28,0.000402930402930403,273
2026-03-29,3.745318352059925e-05,267
2026-03-30,0.0,277
2026-03-31,0.07120833333333333,240
2026-04-01,0.22323308270676692,266
2026-04-02,0.4573550724637681,276
2026-04-03,0.1512820512820513,273
2026-04-04,0.011350210970464136,237
2026-04-05,0.04684824902723736,257
2026-04-06,0.1311284046692607,257
2026-04-07,0.019904306220095695,209
2026-04-08,0.06158671586715868,271
2026-04-09,0.00014336917562724014,279
2026-04-10,0.0007011070110701107,271
2026-04-11,0.008677685950413223,242
2026-04-12,0.001590909090909091,264
2026-04-13,0.020585774058577404,239
2026-04-14,0.03096069868995633,229
2026-04-15,0.2128623188405797,276
2026-04-16,0.3166901408450704,284
2026-04-17,0.11610687022900763,262
2026-04-18,0.09072961373390558,233
2026-04-19,0.03900000000000001,200
2026-04-20,,0
2026-04-21,,0
2026-04-22,,0
2026-04-23,,0
2026-04-24,,0
2026-04-25,,0
2026-04-26,,0
2026-04-27,,0
2026-04-28,,0
2026-04-29,,0
2026-04-30,,0
2026-05-01,,0
2026-05-02,,0
2026-05-03,,0
2026-05-04,,0
2026-05-05,,0
2026-05-06,,0
2026-05-07,,0
2026-05-08,,0
2026-05-09,,0
2026-05-10,,0
2026-05-11,,0
2026-05-12,,0
2026-05-13,,0
2026-05-14,,0
2026-05-15,,0
2026-05-16,,0
2026-05-17,,0
2026-05-18,,0
2026-05-19,,0
2026-05-20,,0
2026-05-21,,0
2026-05-22,,0
2026-05-23,,0
2026-05-24,,0
2026-05-25,,0
2026-05-26,,0
2026-05-27,,0
2026-05-28,,0
2026-05-29,,0
2026-05-30,,0
2026-05-31,,0
2026-06-01,,0
2026-06-02,,0
2026-06-03,,0
2026-06-04,,0
2026-06-05,,0
2026-06-06,,0
2026-06-07,,0
2026-06-08,,0
2026-06-09,,0
2026-06-10,,0
2026-06-11,,0
2026-06-12,,0
2026-06-13,,0
2026-06-14,,0
2026-06-15,,0
2026-06-16,,0
2026-06-17,,0
2026-06-18,,0
2026-06-19,,0
2026-06-20,,0
2026-06-21,,0
2026-06-22,,0
2026-06-23,,0
2026-06-24,,0
2026-06-25,,0
2026-06-26,,0
2026-06-27,,0
2026-06-28,,0
2026-06-29,,0
2026-06-30,,0
2026-07-01,,0
2026-07-02,,0
2026-07-03,,0
2026-07-04,,0
2026-07-05,,0
2026-07-06,,0
2026-07-07,,0
2026-07-08,,0
2026-07-09,,0
2026-07-10,,0
2026-07-11,,0
2026-07-12,,0
2026-07-13,,0
2026-07-14,,0
2026-07-15,,0
2026-07-16,,0
2026-07-17,,0
2026-07-18,,0
2026-07-19,,0
2026-07-20,,0
2026-07-21,,0
2026-07-22,,0
2026-07-23,,0
2026-07-24,,0
2026-07-25,,0
2026-07-26,,0
2026-07-27,,0
2026-07-28,,0
2026-07-29,,0
2026-07-30,,0
2026-07-31,,0
2026-08-01,,0
2026-08-02,,0
2026-08-03,,0
2026-08-04,,0
2026-08-05,,0
2026-08-06,,0
2026-08-07,,0
2026-08-08,,0
2026-08-09,,0
2026-08-10,,0
2026-08-11,,0
2026-08-12,,0
2026-08-13,,0
2026-08-14,,0
2026-08-15,,0
2026-08-16,,0
2026-08-17,,0
2026-08-18,,0
2026-08-19,,0
2026-08-20,,0
2026-08-21,,0
2026-08-22,,0
2026-08-23,,0
2026-08-24,,0
2026-08-25,,0
2026-08-26,,0
2026-08-27,,0
2026-08-28,,0
2026-08-29,,0
2026-08-30,,0
2026-08-31,,0
2026-09-01,,0
2026-09-02,,0
2026-09-03,,0
2026-09-04,,0
2026-09-05,,0
2026-09-06,,0
2026-09-07,,0
2026-09-08,,0
2026-09-09,,0
2026-09-10,,0
2026-09-11,,0
2026-09-12,,0
2026-09-13,,0
2026-09-14,,0
2026-09-15,,0
2026-09-16,,0
2026-09-17,,0
2026-09-18,,0
2026-09-19,,0
2026-09-20,,0
2026-09-21,,0
2026-09-22,,0
2026-09-23,,0
2026-09-24,,0
2026-09-25,,0
2026-09-26,,0
2026-09-27,,0
2026-09-28,,0
2026-09-29,,0
2026-09-30,,0
2026-10-01,,0
2026-10-02,,0
2026-10-03,,0
2026-10-04,,0
2026-10-05,,0
2026-10-06,,0
2026-10-07,,0
2026-10-08,,0
2026-10-09,,0
2026-10-10,,0
2026-10-11,,0
2026-10-12,,0
2026-10-13,,0
2026-10-14,,0
2026-10-15,,0
2026-10-16,,0
2026-10-17,,0
2026-10-18,,0
2026-10-19,,0
2026-10-20,,0
2026-10-21,,0
2026-10-22,,0
2026-10-23,,0
2026-10-24,,0
2026-10-25,,0
2026-10-26,,0
2026-10-27,,0
2026-10-28,,0
2026-10-29,,0
2026-10-30,,0
2026-10-31,,0
2026-11-01,,0
2026-11-02,,0
2026-11-03,,0
2026-11-04,,0
2026-11-05,,0
2026-11-06,,0
2026-11-07,,0
2026-11-08,,0
2026-11-09,,0
2026-11-10,,0
2026-11-11,,0
2026-11-12,,0
2026-11-13,,0
2026-11-14,,0
2026-11-15,,0
2026-11-16,,0
2026-11-17,,0
2026-11-18,,0
2026-11-19,,0
2026-11-20,,0
2026-11-21,,0
2026-11-22,,0
2026-11-23,,0
2026-11-24,,0
2026-11-25,,0
2026-11-26,,0
2026-11-27,,0
2026-11-28,,0
2026-11-29,,0
2026-11-30,,0
2026-12-01,,0
2026-12-02,,0
2026-12-03,,0
2026-12-04,,0
2026-12-05,,0
2026-12-06,,0
2026-12-07,,0
2026-12-08,,0
2026-12-09,,0
2026-12-10,,0
2026-12-11,,0
2026-12-12,,0
2026-12-13,,0
2026-12-14,,0
2026-12-15,,0
2026-12-16,,0
2026-12-17,,0
2026-12-18,,0
2026-12-19,,0
2026-12-20,,0
2026-12-21,,0
2026-12-22,,0
2026-12-23,,0
2026-12-24,,0
2026-12-25,,0
2026-12-26,,0
2026-12-27,,0
2026-12-28,,0
2026-12-29,,0
2026-12-30,,0
2026-12-31,,0
