municipality,report_year_suffix,url,filename
Abington,19,https://www.epa.gov/system/files/documents/2026-04/abington-ma-ar19.pdf,abington-ma-ar19.pdf
Abington,20,https://www.epa.gov/system/files/documents/2026-04/abington-ma-ar20.pdf,abington-ma-ar20.pdf
Abington,21,https://www.epa.gov/system/files/documents/2026-04/abington_ma_ar21.pdf,abington_ma_ar21.pdf
Abington,22,https://www.epa.gov/system/files/documents/2026-04/abington_ma_ar22.pdf,abington_ma_ar22.pdf
Abington,23,https://www.epa.gov/system/files/documents/2026-04/abington_ma_ar23.pdf,abington_ma_ar23.pdf
Abington,24,https://www.epa.gov/system/files/documents/2026-04/abington_ma_ar24.pdf,abington_ma_ar24.pdf
Abington,25,https://www.epa.gov/system/files/documents/2026-04/abington_ma_ar25.pdf,abington_ma_ar25.pdf
Acton,20,https://www.epa.gov/system/files/documents/2026-04/acton-ma-ar20.pdf,acton-ma-ar20.pdf
Acton,21,https://www.epa.gov/system/files/documents/2026-04/acton_ma_ar21.pdf,acton_ma_ar21.pdf
Acton,22,https://www.epa.gov/system/files/documents/2026-04/acton_ma_ar22.pdf,acton_ma_ar22.pdf
Acton,23,https://www.epa.gov/system/files/documents/2026-04/acton_ma_ar23.pdf,acton_ma_ar23.pdf
Acton,24,https://www.epa.gov/system/files/documents/2026-04/acton_ma_ar24.pdf,acton_ma_ar24.pdf
Acton,25,https://www.epa.gov/system/files/documents/2026-04/acton_ma_ar25.pdf,acton_ma_ar25.pdf
Acushnet,19,https://www.epa.gov/system/files/documents/2026-04/acushnet-ma-ar19.pdf,acushnet-ma-ar19.pdf
Acushnet,20,https://www.epa.gov/system/files/documents/2026-04/acushnet-ma-ar20.pdf,acushnet-ma-ar20.pdf
Acushnet,21,https://www.epa.gov/system/files/documents/2026-04/acushnet_ma_ar21.pdf,acushnet_ma_ar21.pdf
Acushnet,22,https://www.epa.gov/system/files/documents/2026-04/acushnet_ma_ar22.pdf,acushnet_ma_ar22.pdf
Acushnet,23,https://www.epa.gov/system/files/documents/2026-04/acushnet_ma_ar23.pdf,acushnet_ma_ar23.pdf
Acushnet,24,https://www.epa.gov/system/files/documents/2026-04/acushnet_ma_ar24.pdf,acushnet_ma_ar24.pdf
Acushnet,25,https://www.epa.gov/system/files/documents/2026-04/acushnet_ma_ar25.pdf,acushnet_ma_ar25.pdf
Adams,19,https://www.epa.gov/system/files/documents/2026-04/adams-ma-ar19.pdf,adams-ma-ar19.pdf
Adams,20,https://www.epa.gov/system/files/documents/2026-04/adams-ma-ar20.pdf,adams-ma-ar20.pdf
Adams,21,https://www.epa.gov/system/files/documents/2026-04/adams_ma_ar21.pdf,adams_ma_ar21.pdf
Adams,22,https://www.epa.gov/system/files/documents/2026-04/adams_ma_ar22.pdf,adams_ma_ar22.pdf
Adams,23,https://www.epa.gov/system/files/documents/2026-04/adams_ma_ar23.pdf,adams_ma_ar23.pdf
Adams,24,https://www.epa.gov/system/files/documents/2026-04/adams_ma_ar24.pdf,adams_ma_ar24.pdf
Adams,25,https://www.epa.gov/system/files/documents/2026-04/adams_ma_ar25.pdf,adams_ma_ar25.pdf
Agawam,19,https://www.epa.gov/system/files/documents/2026-04/agawam-ma-ar19.pdf,agawam-ma-ar19.pdf
Agawam,20,https://www.epa.gov/system/files/documents/2026-04/agawam-ma-ar20.pdf,agawam-ma-ar20.pdf
Agawam,21,https://www.epa.gov/system/files/documents/2026-04/agawam_ma_ar21.pdf,agawam_ma_ar21.pdf
Agawam,22,https://www.epa.gov/system/files/documents/2026-04/agawam_ma_ar22.pdf,agawam_ma_ar22.pdf
Agawam,23,https://www.epa.gov/system/files/documents/2026-04/agawam_ma_ar23.pdf,agawam_ma_ar23.pdf
Agawam,24,https://www.epa.gov/system/files/documents/2026-04/agawam_ma_ar24.pdf,agawam_ma_ar24.pdf
Agawam,25,https://www.epa.gov/system/files/documents/2026-04/agawam_ma_ar25.pdf,agawam_ma_ar25.pdf
Amesbury,19,https://www.epa.gov/system/files/documents/2026-04/amesbury-ma-ar19.pdf,amesbury-ma-ar19.pdf
Amesbury,20,https://www.epa.gov/system/files/documents/2026-04/amesbury-ma-ar20.pdf,amesbury-ma-ar20.pdf
Amesbury,21,https://www.epa.gov/system/files/documents/2026-04/amesbury_ma_ar21.pdf,amesbury_ma_ar21.pdf
Amesbury,22,https://www.epa.gov/system/files/documents/2026-04/amesbury_ma_ar22.pdf,amesbury_ma_ar22.pdf
Amesbury,23,https://www.epa.gov/system/files/documents/2026-04/amesbury_ma_ar23.pdf,amesbury_ma_ar23.pdf
Amesbury,24,https://www.epa.gov/system/files/documents/2026-04/amesbury_ma_ar24.pdf,amesbury_ma_ar24.pdf
Amherst,19,https://www.epa.gov/system/files/documents/2026-04/amherst-ma-ar19.pdf,amherst-ma-ar19.pdf
Amherst,20,https://www.epa.gov/system/files/documents/2026-04/amherst-ma-ar20.pdf,amherst-ma-ar20.pdf
Amherst,21,https://www.epa.gov/system/files/documents/2026-04/amherst_ma_ar21.pdf,amherst_ma_ar21.pdf
Amherst,22,https://www.epa.gov/system/files/documents/2026-04/amherst_ma_ar22.pdf,amherst_ma_ar22.pdf
Amherst,23,https://www.epa.gov/system/files/documents/2026-04/amherst_ma_ar23.pdf,amherst_ma_ar23.pdf
Amherst,24,https://www.epa.gov/system/files/documents/2026-04/amherst_ma_ar24.pdf,amherst_ma_ar24.pdf
Amherst,25,https://www.epa.gov/system/files/documents/2026-04/amherst_ma_ar25.pdf,amherst_ma_ar25.pdf
Andover,19,https://www.epa.gov/system/files/documents/2026-04/andover-ma-ar19.pdf,andover-ma-ar19.pdf
Andover,20,https://www.epa.gov/system/files/documents/2026-04/andover-ma-ar20.pdf,andover-ma-ar20.pdf
Andover,21,https://www.epa.gov/system/files/documents/2026-04/andover_ma_ar21.pdf,andover_ma_ar21.pdf
Andover,22,https://www.epa.gov/system/files/documents/2026-04/andover_ma_ar22.pdf,andover_ma_ar22.pdf
Andover,23,https://www.epa.gov/system/files/documents/2026-04/andover_ma_ar23.pdf,andover_ma_ar23.pdf
Andover,24,https://www.epa.gov/system/files/documents/2026-04/andover_ma_ar24.pdf,andover_ma_ar24.pdf
Andover,25,https://www.epa.gov/system/files/documents/2026-04/andover_ma_ar25.pdf,andover_ma_ar25.pdf
Arlington,19,https://www.epa.gov/system/files/documents/2026-04/arlington-ma-ar19.pdf,arlington-ma-ar19.pdf
Arlington,20,https://www.epa.gov/system/files/documents/2026-04/arlington-ma-ar20.pdf,arlington-ma-ar20.pdf
Arlington,21,https://www.epa.gov/system/files/documents/2026-04/arlington_ma_ar21.pdf,arlington_ma_ar21.pdf
Arlington,22,https://www.epa.gov/system/files/documents/2026-04/arlington_ma_ar22.pdf,arlington_ma_ar22.pdf
Arlington,23,https://www.epa.gov/system/files/documents/2026-04/arlington_ma_ar23.pdf,arlington_ma_ar23.pdf
Arlington,24,https://www.epa.gov/system/files/documents/2026-04/arlington_ma_ar24.pdf,arlington_ma_ar24.pdf
Arlington,25,https://www.epa.gov/system/files/documents/2026-04/arlington_ma_ar25.pdf,arlington_ma_ar25.pdf
Ashland,19,https://www.epa.gov/system/files/documents/2026-04/ashland-ma-ar19.pdf,ashland-ma-ar19.pdf
Ashland,20,https://www.epa.gov/system/files/documents/2026-04/ashland-ma-ar20.pdf,ashland-ma-ar20.pdf
Ashland,21,https://www.epa.gov/system/files/documents/2026-04/ashland_ma_ar21.pdf,ashland_ma_ar21.pdf
Ashland,22,https://www.epa.gov/system/files/documents/2026-04/ashland_ma_ar22.pdf,ashland_ma_ar22.pdf
Ashland,23,https://www.epa.gov/system/files/documents/2026-04/ashland_ma_ar23.pdf,ashland_ma_ar23.pdf
Ashland,24,https://www.epa.gov/system/files/documents/2026-04/ashland_ma_ar24.pdf,ashland_ma_ar24.pdf
Ashland,25,https://www.epa.gov/system/files/documents/2026-04/ashland_ma_ar25.pdf,ashland_ma_ar25.pdf
Attleboro,19,https://www.epa.gov/system/files/documents/2026-04/attleboro-ma-ar19.pdf,attleboro-ma-ar19.pdf
Attleboro,20,https://www.epa.gov/system/files/documents/2026-04/attleboro-ma-ar20.pdf,attleboro-ma-ar20.pdf
Attleboro,21,https://www.epa.gov/system/files/documents/2026-04/attleboro_ma_ar21.pdf,attleboro_ma_ar21.pdf
Attleboro,22,https://www.epa.gov/system/files/documents/2026-04/attleboro_ma_ar22.pdf,attleboro_ma_ar22.pdf
Attleboro,23,https://www.epa.gov/system/files/documents/2026-04/attleboro_ma_ar23.pdf,attleboro_ma_ar23.pdf
Attleboro,24,https://www.epa.gov/system/files/documents/2026-04/attleboro_ma_ar24.pdf,attleboro_ma_ar24.pdf
Attleboro,25,https://www.epa.gov/system/files/documents/2026-04/attleboro_ma_ar25.pdf,attleboro_ma_ar25.pdf
Auburn,19,https://www.epa.gov/system/files/documents/2026-04/auburn-ma-ar19.pdf,auburn-ma-ar19.pdf
Auburn,20,https://www.epa.gov/system/files/documents/2026-04/auburn-ma-ar20.pdf,auburn-ma-ar20.pdf
Auburn,21,https://www.epa.gov/system/files/documents/2026-04/auburn_ma_ar21.pdf,auburn_ma_ar21.pdf
Auburn,22,https://www.epa.gov/system/files/documents/2026-04/auburn_ma_ar22.pdf,auburn_ma_ar22.pdf
Auburn,23,https://www.epa.gov/system/files/documents/2026-04/auburn_ma_ar23.pdf,auburn_ma_ar23.pdf
Auburn,24,https://www.epa.gov/system/files/documents/2026-04/auburn_ma_ar24.pdf,auburn_ma_ar24.pdf
Auburn,25,https://www.epa.gov/system/files/documents/2026-04/auburn_ma_ar25.pdf,auburn_ma_ar25.pdf
Avon,20,https://www.epa.gov/system/files/documents/2026-04/avon-ma-ar20.pdf,avon-ma-ar20.pdf
Avon,21,https://www.epa.gov/system/files/documents/2026-04/avon_ma_ar21.pdf,avon_ma_ar21.pdf
Avon,22,https://www.epa.gov/system/files/documents/2026-04/avon_ma_ar22.pdf,avon_ma_ar22.pdf
Avon,23,https://www.epa.gov/system/files/documents/2026-04/avon_ma_ar23.pdf,avon_ma_ar23.pdf
Avon,24,https://www.epa.gov/system/files/documents/2026-04/avon_ma_ar24.pdf,avon_ma_ar24.pdf
Avon,25,https://www.epa.gov/system/files/documents/2026-04/avon_ma_ar25.pdf,avon_ma_ar25.pdf
Ayer,19,https://www.epa.gov/system/files/documents/2026-04/ayer-ma-ar19.pdf,ayer-ma-ar19.pdf
Ayer,20,https://www.epa.gov/system/files/documents/2026-04/ayer-ma-ar20.pdf,ayer-ma-ar20.pdf
Ayer,21,https://www.epa.gov/system/files/documents/2026-04/ayer_ma_ar21.pdf,ayer_ma_ar21.pdf
Ayer,22,https://www.epa.gov/system/files/documents/2026-04/ayer_ma_ar22.pdf,ayer_ma_ar22.pdf
Ayer,23,https://www.epa.gov/system/files/documents/2026-04/ayer_ma_ar23.pdf,ayer_ma_ar23.pdf
Ayer,24,https://www.epa.gov/system/files/documents/2026-04/ayer_ma_ar24.pdf,ayer_ma_ar24.pdf
Ayer,25,https://www.epa.gov/system/files/documents/2026-04/ayer_ma_ar25.pdf,ayer_ma_ar25.pdf
Barnstable,19,https://www.epa.gov/system/files/documents/2026-04/barnstable-ma-ar19.pdf,barnstable-ma-ar19.pdf
Barnstable,20,https://www.epa.gov/system/files/documents/2026-04/barnstable-ma-ar20.pdf,barnstable-ma-ar20.pdf
Barnstable,21,https://www.epa.gov/system/files/documents/2026-04/barnstable_ma_ar21.pdf,barnstable_ma_ar21.pdf
Barnstable,22,https://www.epa.gov/system/files/documents/2026-04/barnstable_ma_ar22.pdf,barnstable_ma_ar22.pdf
Barnstable,23,https://www.epa.gov/system/files/documents/2026-04/barnstable_ma_ar23.pdf,barnstable_ma_ar23.pdf
Barnstable,24,https://www.epa.gov/system/files/documents/2026-04/barnstable_ma_ar24.pdf,barnstable_ma_ar24.pdf
Barnstable,25,https://www.epa.gov/system/files/documents/2026-04/barnstable_ma_ar25.pdf,barnstable_ma_ar25.pdf
Bedford,19,https://www.epa.gov/system/files/documents/2026-04/bedford-ma-ar19.pdf,bedford-ma-ar19.pdf
Bedford,20,https://www.epa.gov/system/files/documents/2026-04/bedford-ma-ar20.pdf,bedford-ma-ar20.pdf
Bedford,21,https://www.epa.gov/system/files/documents/2026-04/bedford_ma_ar21.pdf,bedford_ma_ar21.pdf
Bedford,22,https://www.epa.gov/system/files/documents/2026-04/bedford_ma_ar22.pdf,bedford_ma_ar22.pdf
Bedford,23,https://www.epa.gov/system/files/documents/2026-04/bedford_ma_ar23.pdf,bedford_ma_ar23.pdf
Bedford,24,https://www.epa.gov/system/files/documents/2026-04/bedford_ma_ar24.pdf,bedford_ma_ar24.pdf
Bedford,25,https://www.epa.gov/system/files/documents/2026-04/bedford_ma_ar25.pdf,bedford_ma_ar25.pdf
Belchertown,19,https://www.epa.gov/system/files/documents/2026-04/belchertown-ma-ar19.pdf,belchertown-ma-ar19.pdf
Belchertown,20,https://www.epa.gov/system/files/documents/2026-04/belchertown-ma-ar20.pdf,belchertown-ma-ar20.pdf
Belchertown,21,https://www.epa.gov/system/files/documents/2026-04/belchertown_ma_ar21.pdf,belchertown_ma_ar21.pdf
Belchertown,22,https://www.epa.gov/system/files/documents/2026-04/belchertown_ma_ar22.pdf,belchertown_ma_ar22.pdf
Belchertown,23,https://www.epa.gov/system/files/documents/2026-04/belchertown_ma_ar23.pdf,belchertown_ma_ar23.pdf
Belchertown,24,https://www.epa.gov/system/files/documents/2026-04/belchertown_ma_ar24.pdf,belchertown_ma_ar24.pdf
Belchertown,25,https://www.epa.gov/system/files/documents/2026-04/belchertown_ma_ar25.pdf,belchertown_ma_ar25.pdf
Bellingham,19,https://www.epa.gov/system/files/documents/2026-04/bellingham-ma-ar19.pdf,bellingham-ma-ar19.pdf
Bellingham,20,https://www.epa.gov/system/files/documents/2026-04/bellingham-ma-ar20.pdf,bellingham-ma-ar20.pdf
Bellingham,21,https://www.epa.gov/system/files/documents/2026-04/bellingham_ma_ar21.pdf,bellingham_ma_ar21.pdf
Bellingham,22,https://www.epa.gov/system/files/documents/2026-04/bellingham_ma_ar22.pdf,bellingham_ma_ar22.pdf
Bellingham,23,https://www.epa.gov/system/files/documents/2026-04/bellingham_ma_ar23.pdf,bellingham_ma_ar23.pdf
Bellingham,24,https://www.epa.gov/system/files/documents/2026-04/bellingham_ma_ar24.pdf,bellingham_ma_ar24.pdf
Bellingham,25,https://www.epa.gov/system/files/documents/2026-04/bellingham_ma_ar25.pdf,bellingham_ma_ar25.pdf
Belmont,19,https://www.epa.gov/system/files/documents/2026-04/belmont-ma-ar19.pdf,belmont-ma-ar19.pdf
Belmont,20,https://www.epa.gov/system/files/documents/2026-04/belmont-ma-ar20.pdf,belmont-ma-ar20.pdf
Belmont,21,https://www.epa.gov/system/files/documents/2026-04/belmont_ma_ar21.pdf,belmont_ma_ar21.pdf
Belmont,22,https://www.epa.gov/system/files/documents/2026-04/belmont_ma_ar22.pdf,belmont_ma_ar22.pdf
Belmont,23,https://www.epa.gov/system/files/documents/2026-04/belmont_ma_ar23.pdf,belmont_ma_ar23.pdf
Belmont,24,https://www.epa.gov/system/files/documents/2026-04/belmont_ma_ar24.pdf,belmont_ma_ar24.pdf
Belmont,25,https://www.epa.gov/system/files/documents/2026-04/belmont_ma_ar25.pdf,belmont_ma_ar25.pdf
Berkley,19,https://www.epa.gov/system/files/documents/2026-04/berkley-ma-ar19.pdf,berkley-ma-ar19.pdf
Berkley,20,https://www.epa.gov/system/files/documents/2026-04/berkley-ma-ar20.pdf,berkley-ma-ar20.pdf
Berkley,21,https://www.epa.gov/system/files/documents/2026-04/berkley_ma_ar21.pdf,berkley_ma_ar21.pdf
Berkley,23,https://www.epa.gov/system/files/documents/2026-04/berkley_ma_ar23.pdf,berkley_ma_ar23.pdf
Berkley,24,https://www.epa.gov/system/files/documents/2026-04/berkley_ma_ar24.pdf,berkley_ma_ar24.pdf
Beverly,19,https://www.epa.gov/system/files/documents/2026-04/beverly-ma-ar19.pdf,beverly-ma-ar19.pdf
Beverly,20,https://www.epa.gov/system/files/documents/2026-04/beverly-ma-ar20.pdf,beverly-ma-ar20.pdf
Beverly,21,https://www.epa.gov/system/files/documents/2026-04/beverly_ma_ar21.pdf,beverly_ma_ar21.pdf
Beverly,22,https://www.epa.gov/system/files/documents/2026-04/beverly_ma_ar22.pdf,beverly_ma_ar22.pdf
Beverly,23,https://www.epa.gov/system/files/documents/2026-04/beverly_ma_ar23.pdf,beverly_ma_ar23.pdf
Beverly,24,https://www.epa.gov/system/files/documents/2026-04/beverly_ma_ar24.pdf,beverly_ma_ar24.pdf
Beverly,25,https://www.epa.gov/system/files/documents/2026-04/beverly_ma_ar25.pdf,beverly_ma_ar25.pdf
Billerica,19,https://www.epa.gov/system/files/documents/2026-04/billerica-ma-ar19.pdf,billerica-ma-ar19.pdf
Billerica,20,https://www.epa.gov/system/files/documents/2026-04/billerica-ma-ar20.pdf,billerica-ma-ar20.pdf
Billerica,21,https://www.epa.gov/system/files/documents/2026-04/billerica_ma_ar21.pdf,billerica_ma_ar21.pdf
Billerica,22,https://www.epa.gov/system/files/documents/2026-04/billerica_ma_ar22.pdf,billerica_ma_ar22.pdf
Billerica,23,https://www.epa.gov/system/files/documents/2026-04/billerica_ma_ar23.pdf,billerica_ma_ar23.pdf
Billerica,24,https://www.epa.gov/system/files/documents/2026-04/billerica_ma_ar24.pdf,billerica_ma_ar24.pdf
Billerica,25,https://www.epa.gov/system/files/documents/2026-04/billerica_ma_ar25.pdf,billerica_ma_ar25.pdf
Blackstone,19,https://www.epa.gov/system/files/documents/2026-04/blackstone-ma-ar19.pdf,blackstone-ma-ar19.pdf
Blackstone,20,https://www.epa.gov/system/files/documents/2026-04/blackstone-ma-ar20.pdf,blackstone-ma-ar20.pdf
Blackstone,21,https://www.epa.gov/system/files/documents/2026-04/blackstone_ma_ar21.pdf,blackstone_ma_ar21.pdf
Blackstone,22,https://www.epa.gov/system/files/documents/2026-04/blackstone_ma_ar22.pdf,blackstone_ma_ar22.pdf
Blackstone,23,https://www.epa.gov/system/files/documents/2026-04/blackstone_ma_ar23.pdf,blackstone_ma_ar23.pdf
Blackstone,24,https://www.epa.gov/system/files/documents/2026-04/blackstone_ma_ar24.pdf,blackstone_ma_ar24.pdf
Bourne,19,https://www.epa.gov/system/files/documents/2026-04/bourne-ma-ar19.pdf,bourne-ma-ar19.pdf
Bourne,20,https://www.epa.gov/system/files/documents/2026-04/bourne-ma-ar20.pdf,bourne-ma-ar20.pdf
Bourne,21,https://www.epa.gov/system/files/documents/2026-04/bourne_ma_ar21.pdf,bourne_ma_ar21.pdf
Bourne,22,https://www.epa.gov/system/files/documents/2026-04/bourne_ma_ar22.pdf,bourne_ma_ar22.pdf
Bourne,23,https://www.epa.gov/system/files/documents/2026-04/bourne_ma_ar23.pdf,bourne_ma_ar23.pdf
Bourne,24,https://www.epa.gov/system/files/documents/2026-04/bourne_ma_ar24.pdf,bourne_ma_ar24.pdf
Bourne,25,https://www.epa.gov/system/files/documents/2026-04/bourne_ma_ar25.pdf,bourne_ma_ar25.pdf
Boxborough,19,https://www.epa.gov/system/files/documents/2026-04/boxborough-ma-ar19.pdf,boxborough-ma-ar19.pdf
Boxborough,20,https://www.epa.gov/system/files/documents/2026-04/boxborough-ma-ar20.pdf,boxborough-ma-ar20.pdf
Boxborough,21,https://www.epa.gov/system/files/documents/2026-04/boxborough_ma_ar21.pdf,boxborough_ma_ar21.pdf
Boxborough,22,https://www.epa.gov/system/files/documents/2026-04/boxborough_ma_ar22.pdf,boxborough_ma_ar22.pdf
Boxborough,23,https://www.epa.gov/system/files/documents/2026-04/boxborough_ma_ar23.pdf,boxborough_ma_ar23.pdf
Boxborough,24,https://www.epa.gov/system/files/documents/2026-04/boxborough_ma_ar24.pdf,boxborough_ma_ar24.pdf
Boxborough,25,https://www.epa.gov/system/files/documents/2026-04/boxborough_ma_ar25.pdf,boxborough_ma_ar25.pdf
Boxford,19,https://www.epa.gov/system/files/documents/2026-04/boxford-ma-ar19.pdf,boxford-ma-ar19.pdf
Boxford,20,https://www.epa.gov/system/files/documents/2026-04/boxford-ma-ar20.pdf,boxford-ma-ar20.pdf
Boxford,21,https://www.epa.gov/system/files/documents/2026-04/boxford_ma_ar21.pdf,boxford_ma_ar21.pdf
Boxford,22,https://www.epa.gov/system/files/documents/2026-04/boxford_ma_ar22.pdf,boxford_ma_ar22.pdf
Boxford,23,https://www.epa.gov/system/files/documents/2026-04/boxford_ma_ar23.pdf,boxford_ma_ar23.pdf
Boxford,24,https://www.epa.gov/system/files/documents/2026-04/boxford_ma_ar24.pdf,boxford_ma_ar24.pdf
Boxford,25,https://www.epa.gov/system/files/documents/2026-04/boxford_ma_ar25.pdf,boxford_ma_ar25.pdf
Boylston,19,https://www.epa.gov/system/files/documents/2026-04/boylston-ma-ar19.pdf,boylston-ma-ar19.pdf
Boylston,20,https://www.epa.gov/system/files/documents/2026-04/boylston-ma-ar20.pdf,boylston-ma-ar20.pdf
Boylston,21,https://www.epa.gov/system/files/documents/2026-04/boylston_ma_ar21.pdf,boylston_ma_ar21.pdf
Boylston,22,https://www.epa.gov/system/files/documents/2026-04/boylston_ma_ar22.pdf,boylston_ma_ar22.pdf
Boylston,23,https://www.epa.gov/system/files/documents/2026-04/boylston_ma_ar23.pdf,boylston_ma_ar23.pdf
Boylston,24,https://www.epa.gov/system/files/documents/2026-04/boylston_ma_ar24.pdf,boylston_ma_ar24.pdf
Boylston,25,https://www.epa.gov/system/files/documents/2026-04/boylston_ma_ar25.pdf,boylston_ma_ar25.pdf
Braintree,19,https://www.epa.gov/system/files/documents/2026-04/braintree-ma-ar19.pdf,braintree-ma-ar19.pdf
Braintree,20,https://www.epa.gov/system/files/documents/2026-04/braintree-ma-ar20.pdf,braintree-ma-ar20.pdf
Braintree,21,https://www.epa.gov/system/files/documents/2026-04/braintree_ma_ar21.pdf,braintree_ma_ar21.pdf
Braintree,22,https://www.epa.gov/system/files/documents/2026-04/braintree_ma_ar22.pdf,braintree_ma_ar22.pdf
Braintree,23,https://www.epa.gov/system/files/documents/2026-04/braintree_ma_ar23.pdf,braintree_ma_ar23.pdf
Braintree,24,https://www.epa.gov/system/files/documents/2026-04/braintree_ma_ar24.pdf,braintree_ma_ar24.pdf
Braintree,25,https://www.epa.gov/system/files/documents/2026-04/braintree_ma_ar25.pdf,braintree_ma_ar25.pdf
Brewster,19,https://www.epa.gov/system/files/documents/2026-04/brewster-ma-ar19.pdf,brewster-ma-ar19.pdf
Brewster,20,https://www.epa.gov/system/files/documents/2026-04/brewster-ma-ar20.pdf,brewster-ma-ar20.pdf
Brewster,21,https://www.epa.gov/system/files/documents/2026-04/brewster_ma_ar21.pdf,brewster_ma_ar21.pdf
Brewster,22,https://www.epa.gov/system/files/documents/2026-04/brewster_ma_ar22.pdf,brewster_ma_ar22.pdf
Brewster,23,https://www.epa.gov/system/files/documents/2026-04/brewster_ma_ar23.pdf,brewster_ma_ar23.pdf
Brewster,24,https://www.epa.gov/system/files/documents/2026-04/brewster_ma_ar24.pdf,brewster_ma_ar24.pdf
Brewster,25,https://www.epa.gov/system/files/documents/2026-04/brewster_ma_ar25.pdf,brewster_ma_ar25.pdf
Bridgewater,19,https://www.epa.gov/system/files/documents/2026-04/bridgewater-ma-ar19.pdf,bridgewater-ma-ar19.pdf
Bridgewater,20,https://www.epa.gov/system/files/documents/2026-04/bridgewater-ma-ar20.pdf,bridgewater-ma-ar20.pdf
Bridgewater,21,https://www.epa.gov/system/files/documents/2026-04/bridgewater_ma_ar21.pdf,bridgewater_ma_ar21.pdf
Bridgewater,22,https://www.epa.gov/system/files/documents/2026-04/bridgewater_ma_ar22.pdf,bridgewater_ma_ar22.pdf
Bridgewater,23,https://www.epa.gov/system/files/documents/2026-04/bridgewater_ma_ar23.pdf,bridgewater_ma_ar23.pdf
Bridgewater,24,https://www.epa.gov/system/files/documents/2026-04/bridgewater_ma_ar24.pdf,bridgewater_ma_ar24.pdf
Bridgewater,25,https://www.epa.gov/system/files/documents/2026-04/bridgewater_ma_ar25.pdf,bridgewater_ma_ar25.pdf
Brockton,19,https://www.epa.gov/system/files/documents/2026-04/brockton-ma-ar19.pdf,brockton-ma-ar19.pdf
Brockton,20,https://www.epa.gov/system/files/documents/2026-04/brockton-ma-ar20.pdf,brockton-ma-ar20.pdf
Brockton,21,https://www.epa.gov/system/files/documents/2026-04/brockton_ma_ar21.pdf,brockton_ma_ar21.pdf
Brockton,22,https://www.epa.gov/system/files/documents/2026-04/brockton_ma_ar22.pdf,brockton_ma_ar22.pdf
Brockton,23,https://www.epa.gov/system/files/documents/2026-04/brockton_ma_ar23.pdf,brockton_ma_ar23.pdf
Brookline,19,https://www.epa.gov/system/files/documents/2026-04/brookline-ma-ar19.pdf,brookline-ma-ar19.pdf
Brookline,20,https://www.epa.gov/system/files/documents/2026-04/brookline-ma-ar20.pdf,brookline-ma-ar20.pdf
Brookline,21,https://www.epa.gov/system/files/documents/2026-04/brookline_ma_ar21.pdf,brookline_ma_ar21.pdf
Brookline,22,https://www.epa.gov/system/files/documents/2026-04/brookline_ma_ar22.pdf,brookline_ma_ar22.pdf
Brookline,23,https://www.epa.gov/system/files/documents/2026-04/brookline_ma_ar23.pdf,brookline_ma_ar23.pdf
Brookline,24,https://www.epa.gov/system/files/documents/2026-04/brookline_ma_ar24.pdf,brookline_ma_ar24.pdf
Brookline,25,https://www.epa.gov/system/files/documents/2026-04/brookline_ma_ar25.pdf,brookline_ma_ar25.pdf
Burlington,19,https://www.epa.gov/system/files/documents/2026-04/burlington-ma-ar19.pdf,burlington-ma-ar19.pdf
Burlington,20,https://www.epa.gov/system/files/documents/2026-04/burlington-ma-ar20.pdf,burlington-ma-ar20.pdf
Burlington,21,https://www.epa.gov/system/files/documents/2026-04/burlington_ma_ar21.pdf,burlington_ma_ar21.pdf
Burlington,22,https://www.epa.gov/system/files/documents/2026-04/burlington_ma_ar22.pdf,burlington_ma_ar22.pdf
Burlington,23,https://www.epa.gov/system/files/documents/2026-04/burlington_ma_ar23.pdf,burlington_ma_ar23.pdf
Burlington,24,https://www.epa.gov/system/files/documents/2026-04/burlington_ma_ar24.pdf,burlington_ma_ar24.pdf
Burlington,25,https://www.epa.gov/system/files/documents/2026-04/burlington_ma_ar25.pdf,burlington_ma_ar25.pdf
Cambridge,19,https://www.epa.gov/system/files/documents/2026-04/cambridge-ma-ar19.pdf,cambridge-ma-ar19.pdf
Cambridge,20,https://www.epa.gov/system/files/documents/2026-04/cambridge-ma-ar20.pdf,cambridge-ma-ar20.pdf
Cambridge,21,https://www.epa.gov/system/files/documents/2026-04/cambridge_ma_ar21.pdf,cambridge_ma_ar21.pdf
Cambridge,22,https://www.epa.gov/system/files/documents/2026-04/cambridge_ma_ar22.pdf,cambridge_ma_ar22.pdf
Cambridge,23,https://www.epa.gov/system/files/documents/2026-04/cambridge_ma_ar23.pdf,cambridge_ma_ar23.pdf
Cambridge,24,https://www.epa.gov/system/files/documents/2026-04/cambridge_ma_ar24.pdf,cambridge_ma_ar24.pdf
Cambridge,25,https://www.epa.gov/system/files/documents/2026-04/cambridge_ma_ar25.pdf,cambridge_ma_ar25.pdf
Canton,19,https://www.epa.gov/system/files/documents/2026-04/canton-ma-ar19.pdf,canton-ma-ar19.pdf
Canton,20,https://www.epa.gov/system/files/documents/2026-04/canton-ma-ar20.pdf,canton-ma-ar20.pdf
Canton,21,https://www.epa.gov/system/files/documents/2026-04/canton_ma_ar21.pdf,canton_ma_ar21.pdf
Canton,22,https://www.epa.gov/system/files/documents/2026-04/canton_ma_ar22.pdf,canton_ma_ar22.pdf
Canton,23,https://www.epa.gov/system/files/documents/2026-04/canton_ma_ar23.pdf,canton_ma_ar23.pdf
Canton,24,https://www.epa.gov/system/files/documents/2026-04/canton_ma_ar24.pdf,canton_ma_ar24.pdf
Canton,25,https://www.epa.gov/system/files/documents/2026-04/canton_ma_ar25.pdf,canton_ma_ar25.pdf
Carver,19,https://www.epa.gov/system/files/documents/2026-04/carver-ma-ar19.pdf,carver-ma-ar19.pdf
Carver,20,https://www.epa.gov/system/files/documents/2026-04/carver-ma-ar20.pdf,carver-ma-ar20.pdf
Carver,21,https://www.epa.gov/system/files/documents/2026-04/carver_ma_ar21.pdf,carver_ma_ar21.pdf
Carver,22,https://www.epa.gov/system/files/documents/2026-04/carver_ma_ar22.pdf,carver_ma_ar22.pdf
Carver,23,https://www.epa.gov/system/files/documents/2026-04/carver_ma_ar23.pdf,carver_ma_ar23.pdf
Carver,24,https://www.epa.gov/system/files/documents/2026-04/carver_ma_ar24.pdf,carver_ma_ar24.pdf
Carver,25,https://www.epa.gov/system/files/documents/2026-04/carver_ma_ar25.pdf,carver_ma_ar25.pdf
Charlton,19,https://www.epa.gov/system/files/documents/2026-04/charlton-ma-ar19.pdf,charlton-ma-ar19.pdf
Charlton,20,https://www.epa.gov/system/files/documents/2026-04/charlton-ma-ar20.pdf,charlton-ma-ar20.pdf
Charlton,21,https://www.epa.gov/system/files/documents/2026-04/charlton_ma_ar21.pdf,charlton_ma_ar21.pdf
Charlton,22,https://www.epa.gov/system/files/documents/2026-04/charlton_ma_ar22.pdf,charlton_ma_ar22.pdf
Charlton,23,https://www.epa.gov/system/files/documents/2026-04/charlton_ma_ar23.pdf,charlton_ma_ar23.pdf
Charlton,24,https://www.epa.gov/system/files/documents/2026-04/charlton_ma_ar24.pdf,charlton_ma_ar24.pdf
Charlton,25,https://www.epa.gov/system/files/documents/2026-04/charlton_ma_ar25.pdf,charlton_ma_ar25.pdf
Chatham,19,https://www.epa.gov/system/files/documents/2026-04/chatham-ma-ar19.pdf,chatham-ma-ar19.pdf
Chatham,20,https://www.epa.gov/system/files/documents/2026-04/chatham-ma-ar20.pdf,chatham-ma-ar20.pdf
Chatham,21,https://www.epa.gov/system/files/documents/2026-04/chatham-ma-ar21.pdf,chatham-ma-ar21.pdf
Chatham,22,https://www.epa.gov/system/files/documents/2026-04/chatham_ma_ar22.pdf,chatham_ma_ar22.pdf
Chatham,23,https://www.epa.gov/system/files/documents/2026-04/chatham_ma_ar23.pdf,chatham_ma_ar23.pdf
Chatham,24,https://www.epa.gov/system/files/documents/2026-04/chatham_ma_ar24.pdf,chatham_ma_ar24.pdf
Chatham,25,https://www.epa.gov/system/files/documents/2026-04/chatham_ma_ar25.pdf,chatham_ma_ar25.pdf
Chelmsford,19,https://www.epa.gov/system/files/documents/2026-04/chelmsford-ma-ar19.pdf,chelmsford-ma-ar19.pdf
Chelmsford,20,https://www.epa.gov/system/files/documents/2026-04/chelmsford-ma-ar20.pdf,chelmsford-ma-ar20.pdf
Chelmsford,21,https://www.epa.gov/system/files/documents/2026-04/chelmsford_ma_ar21.pdf,chelmsford_ma_ar21.pdf
Chelmsford,22,https://www.epa.gov/system/files/documents/2026-04/chelmsford_ma_ar22.pdf,chelmsford_ma_ar22.pdf
Chelmsford,23,https://www.epa.gov/system/files/documents/2026-04/chelmsford_ma_ar23.pdf,chelmsford_ma_ar23.pdf
Chelmsford,24,https://www.epa.gov/system/files/documents/2026-04/chelmsford_ma_ar24.pdf,chelmsford_ma_ar24.pdf
Chelmsford,25,https://www.epa.gov/system/files/documents/2026-04/chelmsford_ma_ar25.pdf,chelmsford_ma_ar25.pdf
Chelsea,19,https://www.epa.gov/system/files/documents/2026-04/chelsea-ma-ar19.pdf,chelsea-ma-ar19.pdf
Chelsea,20,https://www.epa.gov/system/files/documents/2026-04/chelsea-ma-ar20.pdf,chelsea-ma-ar20.pdf
Chelsea,21,https://www.epa.gov/system/files/documents/2026-04/chelsea_ma_ar21.pdf,chelsea_ma_ar21.pdf
Chelsea,22,https://www.epa.gov/system/files/documents/2026-04/chelsea_ma_ar22.pdf,chelsea_ma_ar22.pdf
Chelsea,23,https://www.epa.gov/system/files/documents/2026-04/chelsea_ma_ar23.pdf,chelsea_ma_ar23.pdf
Chelsea,24,https://www.epa.gov/system/files/documents/2026-04/chelsea_ma_ar24.pdf,chelsea_ma_ar24.pdf
Cheshire,22,https://www.epa.gov/system/files/documents/2026-04/cheshire_ma_ar22.pdf,cheshire_ma_ar22.pdf
Cheshire,24,https://www.epa.gov/system/files/documents/2026-04/cheshire_ma_ar24.pdf,cheshire_ma_ar24.pdf
Cheshire,25,https://www.epa.gov/system/files/documents/2026-04/cheshire_ma_ar25.pdf,cheshire_ma_ar25.pdf
Chicopee,19,https://www.epa.gov/system/files/documents/2026-04/chicopee-ma-ar19.pdf,chicopee-ma-ar19.pdf
Chicopee,20,https://www.epa.gov/system/files/documents/2026-04/chicopee-ma-ar20.pdf,chicopee-ma-ar20.pdf
Chicopee,21,https://www.epa.gov/system/files/documents/2026-04/chicopee_ma_ar21.pdf,chicopee_ma_ar21.pdf
Chicopee,22,https://www.epa.gov/system/files/documents/2026-04/chicopee_ma_ar22.pdf,chicopee_ma_ar22.pdf
Chicopee,23,https://www.epa.gov/system/files/documents/2026-04/chicopee_ma_ar23.pdf,chicopee_ma_ar23.pdf
Chicopee,24,https://www.epa.gov/system/files/documents/2026-04/chicopee_ma_ar24.pdf,chicopee_ma_ar24.pdf
Chicopee,25,https://www.epa.gov/system/files/documents/2026-04/chicopee_ma_ar25.pdf,chicopee_ma_ar25.pdf
Clinton,19,https://www.epa.gov/system/files/documents/2026-04/clinton-ma-ar19.pdf,clinton-ma-ar19.pdf
Clinton,20,https://www.epa.gov/system/files/documents/2026-04/clinton-ma-ar20.pdf,clinton-ma-ar20.pdf
Clinton,21,https://www.epa.gov/system/files/documents/2026-04/clinton_ma_ar21.pdf,clinton_ma_ar21.pdf
Clinton,22,https://www.epa.gov/system/files/documents/2026-04/clinton_ma_ar22.pdf,clinton_ma_ar22.pdf
Clinton,23,https://www.epa.gov/system/files/documents/2026-04/clinton_ma_ar23.pdf,clinton_ma_ar23.pdf
Clinton,24,https://www.epa.gov/system/files/documents/2026-04/clinton_ma_ar24.pdf,clinton_ma_ar24.pdf
Clinton,25,https://www.epa.gov/system/files/documents/2026-04/clinton_ma_ar25.pdf,clinton_ma_ar25.pdf
Cohasset,19,https://www.epa.gov/system/files/documents/2026-04/cohasset-ma-ar19.pdf,cohasset-ma-ar19.pdf
Cohasset,20,https://www.epa.gov/system/files/documents/2026-04/cohasset-ma-ar20.pdf,cohasset-ma-ar20.pdf
Cohasset,21,https://www.epa.gov/system/files/documents/2026-04/cohasset_ma_ar21.pdf,cohasset_ma_ar21.pdf
Cohasset,22,https://www.epa.gov/system/files/documents/2026-04/cohasset_ma_ar22.pdf,cohasset_ma_ar22.pdf
Cohasset,23,https://www.epa.gov/system/files/documents/2026-04/cohasset_ma_ar23.pdf,cohasset_ma_ar23.pdf
Cohasset,24,https://www.epa.gov/system/files/documents/2026-04/cohasset_ma_ar24.pdf,cohasset_ma_ar24.pdf
Cohasset,25,https://www.epa.gov/system/files/documents/2026-04/cohasset_ma_ar25.pdf,cohasset_ma_ar25.pdf
Concord,19,https://www.epa.gov/system/files/documents/2026-04/concord-ma-ar19.pdf,concord-ma-ar19.pdf
Concord,20,https://www.epa.gov/system/files/documents/2026-04/concord-ma-ar20.pdf,concord-ma-ar20.pdf
Concord,21,https://www.epa.gov/system/files/documents/2026-04/concord_ma_ar21.pdf,concord_ma_ar21.pdf
Concord,22,https://www.epa.gov/system/files/documents/2026-04/concord_ma_ar22.pdf,concord_ma_ar22.pdf
Concord,23,https://www.epa.gov/system/files/documents/2026-04/concord_ma_ar23.pdf,concord_ma_ar23.pdf
Concord,24,https://www.epa.gov/system/files/documents/2026-04/concord_ma_ar24.pdf,concord_ma_ar24.pdf
Concord,25,https://www.epa.gov/system/files/documents/2026-04/concord_ma_ar25.pdf,concord_ma_ar25.pdf
Dalton,19,https://www.epa.gov/system/files/documents/2026-04/dalton-ma-ar19.pdf,dalton-ma-ar19.pdf
Dalton,20,https://www.epa.gov/system/files/documents/2026-04/dalton-ma-ar20.pdf,dalton-ma-ar20.pdf
Dalton,21,https://www.epa.gov/system/files/documents/2026-04/dalton_ma_ar21.pdf,dalton_ma_ar21.pdf
Dalton,22,https://www.epa.gov/system/files/documents/2026-04/dalton_ma_ar22.pdf,dalton_ma_ar22.pdf
Dalton,24,https://www.epa.gov/system/files/documents/2026-04/dalton_ma_ar24.pdf,dalton_ma_ar24.pdf
Dalton,25,https://www.epa.gov/system/files/documents/2026-04/dalton_ma_ar25.pdf,dalton_ma_ar25.pdf
Danvers,19,https://www.epa.gov/system/files/documents/2026-04/danvers-ma-ar19.pdf,danvers-ma-ar19.pdf
Danvers,20,https://www.epa.gov/system/files/documents/2026-04/danvers-ma-ar20.pdf,danvers-ma-ar20.pdf
Danvers,21,https://www.epa.gov/system/files/documents/2026-04/danvers_ma_ar21.pdf,danvers_ma_ar21.pdf
Danvers,22,https://www.epa.gov/system/files/documents/2026-04/danvers_ma_ar22.pdf,danvers_ma_ar22.pdf
Danvers,23,https://www.epa.gov/system/files/documents/2026-04/danvers_ma_ar23.pdf,danvers_ma_ar23.pdf
Danvers,24,https://www.epa.gov/system/files/documents/2026-04/danvers_ma_ar24.pdf,danvers_ma_ar24.pdf
Danvers,25,https://www.epa.gov/system/files/documents/2026-04/danvers_ma_ar25.pdf,danvers_ma_ar25.pdf
Dartmouth,19,https://www.epa.gov/system/files/documents/2026-04/dartmouth-ma-ar19.pdf,dartmouth-ma-ar19.pdf
Dartmouth,20,https://www.epa.gov/system/files/documents/2026-04/dartmouth-ma-ar20.pdf,dartmouth-ma-ar20.pdf
Dartmouth,21,https://www.epa.gov/system/files/documents/2026-04/dartmouth_ma_ar21.pdf,dartmouth_ma_ar21.pdf
Dartmouth,22,https://www.epa.gov/system/files/documents/2026-04/dartmouth_ma_ar22.pdf,dartmouth_ma_ar22.pdf
Dartmouth,23,https://www.epa.gov/system/files/documents/2026-04/dartmouth_ma_ar23.pdf,dartmouth_ma_ar23.pdf
Dartmouth,24,https://www.epa.gov/system/files/documents/2026-04/dartmouth_ma_ar24.pdf,dartmouth_ma_ar24.pdf
Dartmouth,25,https://www.epa.gov/system/files/documents/2026-04/dartmouth_ma_ar25.pdf,dartmouth_ma_ar25.pdf
Dedham,19,https://www.epa.gov/system/files/documents/2026-04/dedham-ma-ar19.pdf,dedham-ma-ar19.pdf
Dedham,20,https://www.epa.gov/system/files/documents/2026-04/dedham-ma-ar20.pdf,dedham-ma-ar20.pdf
Dedham,21,https://www.epa.gov/system/files/documents/2026-04/dedham_ma_ar21.pdf,dedham_ma_ar21.pdf
Dedham,22,https://www.epa.gov/system/files/documents/2026-04/dedham_ma_ar22.pdf,dedham_ma_ar22.pdf
Dedham,23,https://www.epa.gov/system/files/documents/2026-04/dedham_ma_ar23.pdf,dedham_ma_ar23.pdf
Dedham,24,https://www.epa.gov/system/files/documents/2026-04/dedham_ma_ar24.pdf,dedham_ma_ar24.pdf
Dedham,25,https://www.epa.gov/system/files/documents/2026-04/dedham_ma_ar25.pdf,dedham_ma_ar25.pdf
Dennis,19,https://www.epa.gov/system/files/documents/2026-04/dennis-ma-ar19.pdf,dennis-ma-ar19.pdf
Dennis,20,https://www.epa.gov/system/files/documents/2026-04/dennis-ma-ar20.pdf,dennis-ma-ar20.pdf
Dennis,21,https://www.epa.gov/system/files/documents/2026-04/dennis_ma_ar21.pdf,dennis_ma_ar21.pdf
Dennis,22,https://www.epa.gov/system/files/documents/2026-04/dennis_ma_ar22.pdf,dennis_ma_ar22.pdf
Dennis,23,https://www.epa.gov/system/files/documents/2026-04/dennis_ma_ar23.pdf,dennis_ma_ar23.pdf
Dennis,24,https://www.epa.gov/system/files/documents/2026-04/dennis_ma_ar24.pdf,dennis_ma_ar24.pdf
Dennis,25,https://www.epa.gov/system/files/documents/2026-04/dennis_ma_ar25.pdf,dennis_ma_ar25.pdf
Dighton,19,https://www.epa.gov/system/files/documents/2026-04/dighton-ma-ar19.pdf,dighton-ma-ar19.pdf
Dighton,20,https://www.epa.gov/system/files/documents/2026-04/dighton-ma-ar20.pdf,dighton-ma-ar20.pdf
Dighton,21,https://www.epa.gov/system/files/documents/2026-04/dighton_ma_ar21.pdf,dighton_ma_ar21.pdf
Dighton,22,https://www.epa.gov/system/files/documents/2026-04/dighton_ma_ar22.pdf,dighton_ma_ar22.pdf
Dighton,23,https://www.epa.gov/system/files/documents/2026-04/dighton_ma_ar23.pdf,dighton_ma_ar23.pdf
Dighton,24,https://www.epa.gov/system/files/documents/2026-04/dighton_ma_ar24.pdf,dighton_ma_ar24.pdf
Dighton,25,https://www.epa.gov/system/files/documents/2026-04/dighton_ma_ar25.pdf,dighton_ma_ar25.pdf
Douglas,19,https://www.epa.gov/system/files/documents/2026-04/douglas-ma-ar19.pdf,douglas-ma-ar19.pdf
Douglas,20,https://www.epa.gov/system/files/documents/2026-04/douglas-ma-ar20.pdf,douglas-ma-ar20.pdf
Douglas,21,https://www.epa.gov/system/files/documents/2026-04/douglas_ma_ar21.pdf,douglas_ma_ar21.pdf
Douglas,22,https://www.epa.gov/system/files/documents/2026-04/douglas_ma_ar22.pdf,douglas_ma_ar22.pdf
Douglas,23,https://www.epa.gov/system/files/documents/2026-04/douglas_ma_ar23.pdf,douglas_ma_ar23.pdf
Douglas,24,https://www.epa.gov/system/files/documents/2026-04/douglas_ma_ar24.pdf,douglas_ma_ar24.pdf
Douglas,25,https://www.epa.gov/system/files/documents/2026-04/douglas_ma_ar25.pdf,douglas_ma_ar25.pdf
Dover,19,https://www.epa.gov/system/files/documents/2026-04/dover-ma-ar19.pdf,dover-ma-ar19.pdf
Dover,20,https://www.epa.gov/system/files/documents/2026-04/dover-ma-ar20.pdf,dover-ma-ar20.pdf
Dover,21,https://www.epa.gov/system/files/documents/2026-04/dover_ma_ar21.pdf,dover_ma_ar21.pdf
Dover,22,https://www.epa.gov/system/files/documents/2026-04/dover_ma_ar22.pdf,dover_ma_ar22.pdf
Dover,23,https://www.epa.gov/system/files/documents/2026-04/dover_ma_ar23.pdf,dover_ma_ar23.pdf
Dover,24,https://www.epa.gov/system/files/documents/2026-04/dover_ma_ar24.pdf,dover_ma_ar24.pdf
Dover,25,https://www.epa.gov/system/files/documents/2026-04/dover_ma_ar25.pdf,dover_ma_ar25.pdf
Dracut,19,https://www.epa.gov/system/files/documents/2026-04/dracut-ma-ar19.pdf,dracut-ma-ar19.pdf
Dracut,20,https://www.epa.gov/system/files/documents/2026-04/dracut-ma-ar20.pdf,dracut-ma-ar20.pdf
Dracut,21,https://www.epa.gov/system/files/documents/2026-04/dracut_ma_ar21.pdf,dracut_ma_ar21.pdf
Dracut,22,https://www.epa.gov/system/files/documents/2026-04/dracut_ma_ar22.pdf,dracut_ma_ar22.pdf
Dracut,23,https://www.epa.gov/system/files/documents/2026-04/dracut_ma_ar23.pdf,dracut_ma_ar23.pdf
Dracut,24,https://www.epa.gov/system/files/documents/2026-04/dracut_ma_ar24.pdf,dracut_ma_ar24.pdf
Dracut,25,https://www.epa.gov/system/files/documents/2026-04/dracut_ma_ar25.pdf,dracut_ma_ar25.pdf
Dudley,19,https://www.epa.gov/system/files/documents/2026-04/dudley-ma-ar19.pdf,dudley-ma-ar19.pdf
Dudley,20,https://www.epa.gov/system/files/documents/2026-04/dudley-ma-ar20.pdf,dudley-ma-ar20.pdf
Dudley,21,https://www.epa.gov/system/files/documents/2026-04/dudley_ma_ar21.pdf,dudley_ma_ar21.pdf
Dudley,22,https://www.epa.gov/system/files/documents/2026-04/dudley_ma_ar22.pdf,dudley_ma_ar22.pdf
Dudley,23,https://www.epa.gov/system/files/documents/2026-04/dudley_ma_ar23.pdf,dudley_ma_ar23.pdf
Dudley,24,https://www.epa.gov/system/files/documents/2026-04/dudley_ma_ar24.pdf,dudley_ma_ar24.pdf
Dudley,25,https://www.epa.gov/system/files/documents/2026-04/dudley_ma_ar25.pdf,dudley_ma_ar25.pdf
Dunstable,19,https://www.epa.gov/system/files/documents/2026-04/dunstable-ma-ar19.pdf,dunstable-ma-ar19.pdf
Dunstable,20,https://www.epa.gov/system/files/documents/2026-04/dunstable-ma-ar20.pdf,dunstable-ma-ar20.pdf
Dunstable,21,https://www.epa.gov/system/files/documents/2026-04/dunstable_ma_ar21.pdf,dunstable_ma_ar21.pdf
Dunstable,23,https://www.epa.gov/system/files/documents/2026-04/dunstable_ma_ar23.pdf,dunstable_ma_ar23.pdf
Dunstable,24,https://www.epa.gov/system/files/documents/2026-04/dunstable_ma_ar24.pdf,dunstable_ma_ar24.pdf
Dunstable,25,https://www.epa.gov/system/files/documents/2026-04/dunstable_ma_ar25.pdf,dunstable_ma_ar25.pdf
Duxbury,19,https://www.epa.gov/system/files/documents/2026-04/duxbury-ma-ar19.pdf,duxbury-ma-ar19.pdf
Duxbury,20,https://www.epa.gov/system/files/documents/2026-04/duxbury-ma-ar20.pdf,duxbury-ma-ar20.pdf
Duxbury,21,https://www.epa.gov/system/files/documents/2026-04/duxbury_ma_ar21.pdf,duxbury_ma_ar21.pdf
Duxbury,22,https://www.epa.gov/system/files/documents/2026-04/duxbury_ma_ar22.pdf,duxbury_ma_ar22.pdf
Duxbury,23,https://www.epa.gov/system/files/documents/2026-04/duxbury_ma_ar23.pdf,duxbury_ma_ar23.pdf
Duxbury,24,https://www.epa.gov/system/files/documents/2026-04/duxbury_ma_ar24.pdf,duxbury_ma_ar24.pdf
Duxbury,25,https://www.epa.gov/system/files/documents/2026-04/duxbury_ma_ar25.pdf,duxbury_ma_ar25.pdf
East Bridgewater,19,https://www.epa.gov/system/files/documents/2026-04/east-bridgewater-ma-ar19.pdf,east-bridgewater-ma-ar19.pdf
East Bridgewater,20,https://www.epa.gov/system/files/documents/2026-04/east-bridgewater-ma-ar20.pdf,east-bridgewater-ma-ar20.pdf
East Bridgewater,21,https://www.epa.gov/system/files/documents/2026-04/east_bridgewater_ma_ar21.pdf,east_bridgewater_ma_ar21.pdf
East Bridgewater,22,https://www.epa.gov/system/files/documents/2026-04/east_bridgewater_ma_ar22.pdf,east_bridgewater_ma_ar22.pdf
East Bridgewater,23,https://www.epa.gov/system/files/documents/2026-04/east_bridgewater_ma_ar23.pdf,east_bridgewater_ma_ar23.pdf
East Bridgewater,24,https://www.epa.gov/system/files/documents/2026-04/east_bridgewater_ma_ar24.pdf,east_bridgewater_ma_ar24.pdf
East Bridgewater,25,https://www.epa.gov/system/files/documents/2026-04/east_bridgewater_ma_ar25.pdf,east_bridgewater_ma_ar25.pdf
East Longmeadow,19,https://www.epa.gov/system/files/documents/2026-04/east-longmeadow-ma-ar19.pdf,east-longmeadow-ma-ar19.pdf
East Longmeadow,20,https://www.epa.gov/system/files/documents/2026-04/east-longmeadow-ma-ar20.pdf,east-longmeadow-ma-ar20.pdf
East Longmeadow,21,https://www.epa.gov/system/files/documents/2026-04/east_longmeadow_ma_ar21.pdf,east_longmeadow_ma_ar21.pdf
East Longmeadow,22,https://www.epa.gov/system/files/documents/2026-04/east_longmeadow_ma_ar22.pdf,east_longmeadow_ma_ar22.pdf
East Longmeadow,23,https://www.epa.gov/system/files/documents/2026-04/east_longmeadow_ma_ar23.pdf,east_longmeadow_ma_ar23.pdf
East Longmeadow,24,https://www.epa.gov/system/files/documents/2026-04/east_longmeadow_ma_ar24.pdf,east_longmeadow_ma_ar24.pdf
East Longmeadow,25,https://www.epa.gov/system/files/documents/2026-04/east_longmeadow_ma_ar25.pdf,east_longmeadow_ma_ar25.pdf
Eastham,19,https://www.epa.gov/system/files/documents/2026-04/eastham-ma-ar19.pdf,eastham-ma-ar19.pdf
Eastham,20,https://www.epa.gov/system/files/documents/2026-04/eastham-ma-ar20.pdf,eastham-ma-ar20.pdf
Eastham,21,https://www.epa.gov/system/files/documents/2026-04/eastham_ma_ar21.pdf,eastham_ma_ar21.pdf
Eastham,22,https://www.epa.gov/system/files/documents/2026-04/eastham_ma_ar22.pdf,eastham_ma_ar22.pdf
Eastham,23,https://www.epa.gov/system/files/documents/2026-04/eastham_ma_ar23.pdf,eastham_ma_ar23.pdf
Eastham,25,https://www.epa.gov/system/files/documents/2026-04/eastham_ma_ar25.pdf,eastham_ma_ar25.pdf
Easthampton,19,https://www.epa.gov/system/files/documents/2026-04/easthampton-ma-ar19.pdf,easthampton-ma-ar19.pdf
Easthampton,20,https://www.epa.gov/system/files/documents/2026-04/easthampton-ma-ar20.pdf,easthampton-ma-ar20.pdf
Easthampton,21,https://www.epa.gov/system/files/documents/2026-04/easthampton_ma_ar21.pdf,easthampton_ma_ar21.pdf
Easthampton,22,https://www.epa.gov/system/files/documents/2026-04/easthampton_ma_ar22.pdf,easthampton_ma_ar22.pdf
Easthampton,23,https://www.epa.gov/system/files/documents/2026-04/easthampton_ma_ar23.pdf,easthampton_ma_ar23.pdf
Easthampton,24,https://www.epa.gov/system/files/documents/2026-04/easthampton_ma_ar24.pdf,easthampton_ma_ar24.pdf
Easthampton,25,https://www.epa.gov/system/files/documents/2026-04/easthampton_ma_ar25.pdf,easthampton_ma_ar25.pdf
Easton,19,https://www.epa.gov/system/files/documents/2026-04/easton-ma-ar19.pdf,easton-ma-ar19.pdf
Easton,20,https://www.epa.gov/system/files/documents/2026-04/easton-ma-ar20.pdf,easton-ma-ar20.pdf
Easton,21,https://www.epa.gov/system/files/documents/2026-04/easton_ma_ar21.pdf,easton_ma_ar21.pdf
Easton,22,https://www.epa.gov/system/files/documents/2026-04/easton_ma_ar22.pdf,easton_ma_ar22.pdf
Easton,23,https://www.epa.gov/system/files/documents/2026-04/easton_ma_ar23.pdf,easton_ma_ar23.pdf
Easton,24,https://www.epa.gov/system/files/documents/2026-04/easton_ma_ar24.pdf,easton_ma_ar24.pdf
Easton,25,https://www.epa.gov/system/files/documents/2026-04/easton_ma_ar25.pdf,easton_ma_ar25.pdf
Essex,19,https://www.epa.gov/system/files/documents/2026-04/essex-ma-ar19.pdf,essex-ma-ar19.pdf
Essex,20,https://www.epa.gov/system/files/documents/2026-04/essex-ma-ar20.pdf,essex-ma-ar20.pdf
Essex,21,https://www.epa.gov/system/files/documents/2026-04/essex_ma_ar21.pdf,essex_ma_ar21.pdf
Essex,22,https://www.epa.gov/system/files/documents/2026-04/essex_ma_ar22.pdf,essex_ma_ar22.pdf
Essex,23,https://www.epa.gov/system/files/documents/2026-04/essex_ma_ar23.pdf,essex_ma_ar23.pdf
Essex,24,https://www.epa.gov/system/files/documents/2026-04/essex_ma_ar24.pdf,essex_ma_ar24.pdf
Essex,25,https://www.epa.gov/system/files/documents/2026-04/essex_ma_ar25.pdf,essex_ma_ar25.pdf
Everett,19,https://www.epa.gov/system/files/documents/2026-04/everett-ma-ar19.pdf,everett-ma-ar19.pdf
Everett,20,https://www.epa.gov/system/files/documents/2026-04/everett_ma_ar20.pdf,everett_ma_ar20.pdf
Everett,21,https://www.epa.gov/system/files/documents/2026-04/everett_ma_ar21.pdf,everett_ma_ar21.pdf
Everett,22,https://www.epa.gov/system/files/documents/2026-04/everett_ma_ar22.pdf,everett_ma_ar22.pdf
Fairhaven,19,https://www.epa.gov/system/files/documents/2026-04/fairhaven-ma-ar19.pdf,fairhaven-ma-ar19.pdf
Fairhaven,20,https://www.epa.gov/system/files/documents/2026-04/fairhaven-ma-ar20.pdf,fairhaven-ma-ar20.pdf
Fairhaven,21,https://www.epa.gov/system/files/documents/2026-04/fairhaven_ma_ar21.pdf,fairhaven_ma_ar21.pdf
Fairhaven,22,https://www.epa.gov/system/files/documents/2026-04/fairhaven_ma_ar22.pdf,fairhaven_ma_ar22.pdf
Fairhaven,23,https://www.epa.gov/system/files/documents/2026-04/fairhaven_ma_ar23.pdf,fairhaven_ma_ar23.pdf
Fairhaven,24,https://www.epa.gov/system/files/documents/2026-04/fairhaven_ma_ar24.pdf,fairhaven_ma_ar24.pdf
Fairhaven,25,https://www.epa.gov/system/files/documents/2026-04/fairhaven_ma_ar25.pdf,fairhaven_ma_ar25.pdf
Fall River,19,https://www.epa.gov/system/files/documents/2026-04/fall-river-ma-ar19.pdf,fall-river-ma-ar19.pdf
Fall River,20,https://www.epa.gov/system/files/documents/2026-04/fall-river-ma-ar20.pdf,fall-river-ma-ar20.pdf
Fall River,21,https://www.epa.gov/system/files/documents/2026-04/fall_river_ma_ar21.pdf,fall_river_ma_ar21.pdf
Fall River,22,https://www.epa.gov/system/files/documents/2026-04/fall_river_ma_ar22.pdf,fall_river_ma_ar22.pdf
Fall River,23,https://www.epa.gov/system/files/documents/2026-04/fall_river_ma_ar23.pdf,fall_river_ma_ar23.pdf
Fall River,25,https://www.epa.gov/system/files/documents/2026-04/fall_river_ma_ar25.pdf,fall_river_ma_ar25.pdf
Falmouth,19,https://www.epa.gov/system/files/documents/2026-04/falmouth-ma-ar19.pdf,falmouth-ma-ar19.pdf
Falmouth,20,https://www.epa.gov/system/files/documents/2026-04/falmouth-ma-ar20.pdf,falmouth-ma-ar20.pdf
Falmouth,21,https://www.epa.gov/system/files/documents/2026-04/falmouth_ma_ar21.pdf,falmouth_ma_ar21.pdf
Falmouth,22,https://www.epa.gov/system/files/documents/2026-04/falmouth_ma_ar22.pdf,falmouth_ma_ar22.pdf
Falmouth,23,https://www.epa.gov/system/files/documents/2026-04/falmouth_ma_ar23.pdf,falmouth_ma_ar23.pdf
Falmouth,24,https://www.epa.gov/system/files/documents/2026-04/falmouth_ma_ar24.pdf,falmouth_ma_ar24.pdf
Falmouth,25,https://www.epa.gov/system/files/documents/2026-04/falmouth_ma_ar25.pdf,falmouth_ma_ar25.pdf
Fitchburg,19,https://www.epa.gov/system/files/documents/2026-04/fitchburg-ma-ar19.pdf,fitchburg-ma-ar19.pdf
Fitchburg,20,https://www.epa.gov/system/files/documents/2026-04/fitchburg-ma-ar20.pdf,fitchburg-ma-ar20.pdf
Fitchburg,21,https://www.epa.gov/system/files/documents/2026-04/fitchburg_ma_ar21.pdf,fitchburg_ma_ar21.pdf
Fitchburg,22,https://www.epa.gov/system/files/documents/2026-04/fitchburg_ma_ar22.pdf,fitchburg_ma_ar22.pdf
Fitchburg,23,https://www.epa.gov/system/files/documents/2026-04/fitchburg_ma_ar23.pdf,fitchburg_ma_ar23.pdf
Fitchburg,24,https://www.epa.gov/system/files/documents/2026-04/fitchburg_ma_ar24.pdf,fitchburg_ma_ar24.pdf
Fitchburg,25,https://www.epa.gov/system/files/documents/2026-04/fitchburg_ma_ar25.pdf,fitchburg_ma_ar25.pdf
Foxborough,19,https://www.epa.gov/system/files/documents/2026-04/foxborough-ma-ar19.pdf,foxborough-ma-ar19.pdf
Foxborough,20,https://www.epa.gov/system/files/documents/2026-04/foxborough-ma-ar20.pdf,foxborough-ma-ar20.pdf
Foxborough,21,https://www.epa.gov/system/files/documents/2026-04/foxborough_ma_ar21.pdf,foxborough_ma_ar21.pdf
Foxborough,22,https://www.epa.gov/system/files/documents/2026-04/foxborough_ma_ar22.pdf,foxborough_ma_ar22.pdf
Foxborough,23,https://www.epa.gov/system/files/documents/2026-04/foxborough_ma_ar23.pdf,foxborough_ma_ar23.pdf
Foxborough,24,https://www.epa.gov/system/files/documents/2026-04/foxborough_ma_ar24.pdf,foxborough_ma_ar24.pdf
Foxborough,25,https://www.epa.gov/system/files/documents/2026-04/foxborough_ma_ar25.pdf,foxborough_ma_ar25.pdf
Framingham,19,https://www.epa.gov/system/files/documents/2026-04/framingham-ma-ar19.pdf,framingham-ma-ar19.pdf
Framingham,20,https://www.epa.gov/system/files/documents/2026-04/framingham-ma-ar20.pdf,framingham-ma-ar20.pdf
Framingham,21,https://www.epa.gov/system/files/documents/2026-04/framingham_ma_ar21.pdf,framingham_ma_ar21.pdf
Framingham,22,https://www.epa.gov/system/files/documents/2026-04/framingham_ma_ar22.pdf,framingham_ma_ar22.pdf
Framingham,24,https://www.epa.gov/system/files/documents/2026-04/framingham_ma_ar24.pdf,framingham_ma_ar24.pdf
Framingham,25,https://www.epa.gov/system/files/documents/2026-04/framingham_ma_ar25.pdf,framingham_ma_ar25.pdf
Franklin,19,https://www.epa.gov/system/files/documents/2026-04/franklin-ma-ar19.pdf,franklin-ma-ar19.pdf
Franklin,20,https://www.epa.gov/system/files/documents/2026-04/franklin-ma-ar20.pdf,franklin-ma-ar20.pdf
Franklin,21,https://www.epa.gov/system/files/documents/2026-04/franklin_ma_ar21.pdf,franklin_ma_ar21.pdf
Franklin,22,https://www.epa.gov/system/files/documents/2026-04/franklin_ma_ar22.pdf,franklin_ma_ar22.pdf
Franklin,23,https://www.epa.gov/system/files/documents/2026-04/franklin_ma_ar23.pdf,franklin_ma_ar23.pdf
Franklin,24,https://www.epa.gov/system/files/documents/2026-04/franklin_ma_ar24.pdf,franklin_ma_ar24.pdf
Franklin,25,https://www.epa.gov/system/files/documents/2026-04/franklin_ma_ar25.pdf,franklin_ma_ar25.pdf
Freetown,19,https://www.epa.gov/system/files/documents/2026-04/freetown-ma-ar19.pdf,freetown-ma-ar19.pdf
Freetown,20,https://www.epa.gov/system/files/documents/2026-04/freetown-ma-ar20.pdf,freetown-ma-ar20.pdf
Freetown,21,https://www.epa.gov/system/files/documents/2026-04/freetown_ma_ar21.pdf,freetown_ma_ar21.pdf
Freetown,22,https://www.epa.gov/system/files/documents/2026-04/freetown_ma_ar22.pdf,freetown_ma_ar22.pdf
Freetown,24,https://www.epa.gov/system/files/documents/2026-04/freetown_ma_ar24.pdf,freetown_ma_ar24.pdf
Freetown,25,https://www.epa.gov/system/files/documents/2026-04/freetown_ma_ar25.pdf,freetown_ma_ar25.pdf
Gardner,19,https://www.epa.gov/system/files/documents/2026-04/gardner-ma-ar19.pdf,gardner-ma-ar19.pdf
Gardner,20,https://www.epa.gov/system/files/documents/2026-04/gardner-ma-ar20.pdf,gardner-ma-ar20.pdf
Gardner,21,https://www.epa.gov/system/files/documents/2026-04/gardner_ma_ar21.pdf,gardner_ma_ar21.pdf
Gardner,22,https://www.epa.gov/system/files/documents/2026-04/gardner_ma_ar22.pdf,gardner_ma_ar22.pdf
Gardner,24,https://www.epa.gov/system/files/documents/2026-04/gardner_ma_ar24.pdf,gardner_ma_ar24.pdf
Gardner,25,https://www.epa.gov/system/files/documents/2026-04/gardner_ma_ar25.pdf,gardner_ma_ar25.pdf
Georgetown,19,https://www.epa.gov/system/files/documents/2026-04/georgetown-ma-ar19.pdf,georgetown-ma-ar19.pdf
Georgetown,20,https://www.epa.gov/system/files/documents/2026-04/georgetown-ma-ar20.pdf,georgetown-ma-ar20.pdf
Georgetown,21,https://www.epa.gov/system/files/documents/2026-04/georgetown_ma_ar21.pdf,georgetown_ma_ar21.pdf
Georgetown,22,https://www.epa.gov/system/files/documents/2026-04/georgetown_ma_ar22.pdf,georgetown_ma_ar22.pdf
Georgetown,23,https://www.epa.gov/system/files/documents/2026-04/georgetown_ma_ar23.pdf,georgetown_ma_ar23.pdf
Georgetown,24,https://www.epa.gov/system/files/documents/2026-04/georgetown_ma_ar24.pdf,georgetown_ma_ar24.pdf
Georgetown,25,https://www.epa.gov/system/files/documents/2026-04/georgetown_ma_ar25.pdf,georgetown_ma_ar25.pdf
Gloucester,19,https://www.epa.gov/system/files/documents/2026-04/gloucester-ma-ar19.pdf,gloucester-ma-ar19.pdf
Gloucester,20,https://www.epa.gov/system/files/documents/2026-04/gloucester-ma-ar20.pdf,gloucester-ma-ar20.pdf
Gloucester,21,https://www.epa.gov/system/files/documents/2026-04/gloucester_ma_ar21.pdf,gloucester_ma_ar21.pdf
Gloucester,22,https://www.epa.gov/system/files/documents/2026-04/gloucester_ma_ar22.pdf,gloucester_ma_ar22.pdf
Gloucester,23,https://www.epa.gov/system/files/documents/2026-04/gloucester_ma_ar23.pdf,gloucester_ma_ar23.pdf
Gloucester,24,https://www.epa.gov/system/files/documents/2026-04/gloucester_ma_ar24.pdf,gloucester_ma_ar24.pdf
Gloucester,25,https://www.epa.gov/system/files/documents/2026-04/gloucester_ma_ar25.pdf,gloucester_ma_ar25.pdf
Grafton,19,https://www.epa.gov/system/files/documents/2026-04/grafton-ma-ar19.pdf,grafton-ma-ar19.pdf
Grafton,20,https://www.epa.gov/system/files/documents/2026-04/grafton-ma-ar20.pdf,grafton-ma-ar20.pdf
Grafton,21,https://www.epa.gov/system/files/documents/2026-04/grafton_ma_ar21.pdf,grafton_ma_ar21.pdf
Grafton,22,https://www.epa.gov/system/files/documents/2026-04/grafton_ma_ar22.pdf,grafton_ma_ar22.pdf
Grafton,23,https://www.epa.gov/system/files/documents/2026-04/grafton_ma_ar23.pdf,grafton_ma_ar23.pdf
Grafton,24,https://www.epa.gov/system/files/documents/2026-04/grafton_ma_ar24.pdf,grafton_ma_ar24.pdf
Grafton,25,https://www.epa.gov/system/files/documents/2026-04/grafton_ma_ar25.pdf,grafton_ma_ar25.pdf
Granby,19,https://www.epa.gov/system/files/documents/2026-04/granby-ma-ar19.pdf,granby-ma-ar19.pdf
Granby,20,https://www.epa.gov/system/files/documents/2026-04/granby-ma-ar20.pdf,granby-ma-ar20.pdf
Granby,21,https://www.epa.gov/system/files/documents/2026-04/granby_ma_ar21.pdf,granby_ma_ar21.pdf
Granby,22,https://www.epa.gov/system/files/documents/2026-04/granby_ma_ar22.pdf,granby_ma_ar22.pdf
Granby,23,https://www.epa.gov/system/files/documents/2026-04/granby_ma_ar23.pdf,granby_ma_ar23.pdf
Granby,24,https://www.epa.gov/system/files/documents/2026-04/granby_ma_ar24.pdf,granby_ma_ar24.pdf
Granby,25,https://www.epa.gov/system/files/documents/2026-04/granby_ma_ar25.pdf,granby_ma_ar25.pdf
Groton,19,https://www.epa.gov/system/files/documents/2026-04/groton-ma-ar19.pdf,groton-ma-ar19.pdf
Groton,20,https://www.epa.gov/system/files/documents/2026-04/groton-ma-ar20.pdf,groton-ma-ar20.pdf
Groton,21,https://www.epa.gov/system/files/documents/2026-04/groton_ma_ar21.pdf,groton_ma_ar21.pdf
Groton,22,https://www.epa.gov/system/files/documents/2026-04/groton_ma_ar22.pdf,groton_ma_ar22.pdf
Groton,23,https://www.epa.gov/system/files/documents/2026-04/groton_ma_ar23.pdf,groton_ma_ar23.pdf
Groton,24,https://www.epa.gov/system/files/documents/2026-04/groton_ma_ar24.pdf,groton_ma_ar24.pdf
Groton,25,https://www.epa.gov/system/files/documents/2026-04/groton_ma_ar25.pdf,groton_ma_ar25.pdf
Groveland,19,https://www.epa.gov/system/files/documents/2026-04/groveland-ma-ar19.pdf,groveland-ma-ar19.pdf
Groveland,20,https://www.epa.gov/system/files/documents/2026-04/groveland-ma-ar20.pdf,groveland-ma-ar20.pdf
Groveland,21,https://www.epa.gov/system/files/documents/2026-04/groveland_ma_ar21.pdf,groveland_ma_ar21.pdf
Groveland,22,https://www.epa.gov/system/files/documents/2026-04/groveland_ma_ar22.pdf,groveland_ma_ar22.pdf
Groveland,23,https://www.epa.gov/system/files/documents/2026-04/groveland_ma_ar23.pdf,groveland_ma_ar23.pdf
Groveland,24,https://www.epa.gov/system/files/documents/2026-04/groveland_ma_ar24.pdf,groveland_ma_ar24.pdf
Groveland,25,https://www.epa.gov/system/files/documents/2026-04/groveland_ma_ar25.pdf,groveland_ma_ar25.pdf
Hadley,19,https://www.epa.gov/system/files/documents/2026-04/hadley-ma-ar19.pdf,hadley-ma-ar19.pdf
Hadley,20,https://www.epa.gov/system/files/documents/2026-04/hadley-ma-ar20.pdf,hadley-ma-ar20.pdf
Hadley,21,https://www.epa.gov/system/files/documents/2026-04/hadley_ma_ar21.pdf,hadley_ma_ar21.pdf
Hadley,22,https://www.epa.gov/system/files/documents/2026-04/hadley_ma_ar22.pdf,hadley_ma_ar22.pdf
Hadley,23,https://www.epa.gov/system/files/documents/2026-04/hadley_ma_ar23.pdf,hadley_ma_ar23.pdf
Hadley,24,https://www.epa.gov/system/files/documents/2026-04/hadley_ma_ar24.pdf,hadley_ma_ar24.pdf
Hadley,25,https://www.epa.gov/system/files/documents/2026-04/hadley_ma_ar25.pdf,hadley_ma_ar25.pdf
Halifax,19,https://www.epa.gov/system/files/documents/2026-04/halifax-ma-ar19.pdf,halifax-ma-ar19.pdf
Halifax,20,https://www.epa.gov/system/files/documents/2026-04/halifax-ma-ar20.pdf,halifax-ma-ar20.pdf
Halifax,21,https://www.epa.gov/system/files/documents/2026-04/halifax_ma_ar21.pdf,halifax_ma_ar21.pdf
Halifax,22,https://www.epa.gov/system/files/documents/2026-04/halifax_ma_ar22.pdf,halifax_ma_ar22.pdf
Halifax,23,https://www.epa.gov/system/files/documents/2026-04/halifax_ma_ar23.pdf,halifax_ma_ar23.pdf
Halifax,24,https://www.epa.gov/system/files/documents/2026-04/halifax_ma_ar24.pdf,halifax_ma_ar24.pdf
Halifax,25,https://www.epa.gov/system/files/documents/2026-04/halifax_ma_ar25.pdf,halifax_ma_ar25.pdf
Hamilton,19,https://www.epa.gov/system/files/documents/2026-04/hamilton-ma-ar19.pdf,hamilton-ma-ar19.pdf
Hamilton,20,https://www.epa.gov/system/files/documents/2026-04/hamilton-ma-ar20.pdf,hamilton-ma-ar20.pdf
Hamilton,21,https://www.epa.gov/system/files/documents/2026-04/hamilton_ma_ar21.pdf,hamilton_ma_ar21.pdf
Hamilton,22,https://www.epa.gov/system/files/documents/2026-04/hamilton_ma_ar22.pdf,hamilton_ma_ar22.pdf
Hamilton,23,https://www.epa.gov/system/files/documents/2026-04/hamilton_ma_ar23.pdf,hamilton_ma_ar23.pdf
Hamilton,24,https://www.epa.gov/system/files/documents/2026-04/hamilton_ma_ar24.pdf,hamilton_ma_ar24.pdf
Hamilton,25,https://www.epa.gov/system/files/documents/2026-04/hamilton_ma_ar25.pdf,hamilton_ma_ar25.pdf
Hampden,19,https://www.epa.gov/system/files/documents/2026-04/hampden-ma-ar19.pdf,hampden-ma-ar19.pdf
Hampden,20,https://www.epa.gov/system/files/documents/2026-04/hampden-ma-ar20.pdf,hampden-ma-ar20.pdf
Hampden,21,https://www.epa.gov/system/files/documents/2026-04/hampden_ma_ar21.pdf,hampden_ma_ar21.pdf
Hampden,22,https://www.epa.gov/system/files/documents/2026-04/hampden_ma_ar22.pdf,hampden_ma_ar22.pdf
Hampden,23,https://www.epa.gov/system/files/documents/2026-04/hampden_ma_ar23.pdf,hampden_ma_ar23.pdf
Hampden,24,https://www.epa.gov/system/files/documents/2026-04/hampden_ma_ar24.pdf,hampden_ma_ar24.pdf
Hampden,25,https://www.epa.gov/system/files/documents/2026-04/hampden_ma_ar25.pdf,hampden_ma_ar25.pdf
Hanover,19,https://www.epa.gov/system/files/documents/2026-04/hanover-ma-ar19.pdf,hanover-ma-ar19.pdf
Hanover,20,https://www.epa.gov/system/files/documents/2026-04/hanover-ma-ar20.pdf,hanover-ma-ar20.pdf
Hanover,21,https://www.epa.gov/system/files/documents/2026-04/hanover_ma_ar21.pdf,hanover_ma_ar21.pdf
Hanover,22,https://www.epa.gov/system/files/documents/2026-04/hanover_ma_ar22.pdf,hanover_ma_ar22.pdf
Hanover,23,https://www.epa.gov/system/files/documents/2026-04/hanover_ma_ar23.pdf,hanover_ma_ar23.pdf
Hanover,24,https://www.epa.gov/system/files/documents/2026-04/hanover_ma_ar24.pdf,hanover_ma_ar24.pdf
Hanover,25,https://www.epa.gov/system/files/documents/2026-04/hanover_ma_ar25.pdf,hanover_ma_ar25.pdf
Hanson,19,https://www.epa.gov/system/files/documents/2026-04/hanson-ma-ar19.pdf,hanson-ma-ar19.pdf
Hanson,20,https://www.epa.gov/system/files/documents/2026-04/hanson-ma-ar20.pdf,hanson-ma-ar20.pdf
Hanson,21,https://www.epa.gov/system/files/documents/2026-04/hanson_ma_ar21.pdf,hanson_ma_ar21.pdf
Hanson,22,https://www.epa.gov/system/files/documents/2026-04/hanson_ma_ar22.pdf,hanson_ma_ar22.pdf
Hanson,23,https://www.epa.gov/system/files/documents/2026-04/hanson_ma_ar23.pdf,hanson_ma_ar23.pdf
Hanson,24,https://www.epa.gov/system/files/documents/2026-04/hanson_ma_ar24.pdf,hanson_ma_ar24.pdf
Hanson,25,https://www.epa.gov/system/files/documents/2026-04/hanson_ma_ar25.pdf,hanson_ma_ar25.pdf
Harwich,19,https://www.epa.gov/system/files/documents/2026-04/harwich-ma-ar19.pdf,harwich-ma-ar19.pdf
Harwich,20,https://www.epa.gov/system/files/documents/2026-04/harwich-ma-ar20.pdf,harwich-ma-ar20.pdf
Harwich,21,https://www.epa.gov/system/files/documents/2026-04/harwich_ma_ar21.pdf,harwich_ma_ar21.pdf
Harwich,22,https://www.epa.gov/system/files/documents/2026-04/harwich_ma_ar22.pdf,harwich_ma_ar22.pdf
Harwich,23,https://www.epa.gov/system/files/documents/2026-04/harwich_ma_ar23.pdf,harwich_ma_ar23.pdf
Harwich,24,https://www.epa.gov/system/files/documents/2026-04/harwich_ma_ar24.pdf,harwich_ma_ar24.pdf
Harwich,25,https://www.epa.gov/system/files/documents/2026-04/harwich_ma_ar25.pdf,harwich_ma_ar25.pdf
Hatfield,20,https://www.epa.gov/system/files/documents/2026-04/hatfield-ma-ar20.pdf,hatfield-ma-ar20.pdf
Hatfield,21,https://www.epa.gov/system/files/documents/2026-04/hatfield_ma_ar21.pdf,hatfield_ma_ar21.pdf
Hatfield,22,https://www.epa.gov/system/files/documents/2026-04/hatfield_ma_ar22.pdf,hatfield_ma_ar22.pdf
Hatfield,23,https://www.epa.gov/system/files/documents/2026-04/hatfield_ma_ar23.pdf,hatfield_ma_ar23.pdf
Hatfield,24,https://www.epa.gov/system/files/documents/2026-04/hatfield_ma_ar24.pdf,hatfield_ma_ar24.pdf
Hatfield,25,https://www.epa.gov/system/files/documents/2026-04/hatfield_ma_ar25.pdf,hatfield_ma_ar25.pdf
Haverhill,19,https://www.epa.gov/system/files/documents/2026-04/haverhill-ma-ar19.pdf,haverhill-ma-ar19.pdf
Haverhill,20,https://www.epa.gov/system/files/documents/2026-04/haverhill-ma-ar20.pdf,haverhill-ma-ar20.pdf
Haverhill,21,https://www.epa.gov/system/files/documents/2026-04/haverhill_ma_ar21.pdf,haverhill_ma_ar21.pdf
Haverhill,22,https://www.epa.gov/system/files/documents/2026-04/haverhill_ma_ar22.pdf,haverhill_ma_ar22.pdf
Haverhill,23,https://www.epa.gov/system/files/documents/2026-04/haverhill_ma_ar23.pdf,haverhill_ma_ar23.pdf
Haverhill,24,https://www.epa.gov/system/files/documents/2026-04/haverhill_ma_ar24.pdf,haverhill_ma_ar24.pdf
Haverhill,25,https://www.epa.gov/system/files/documents/2026-04/haverhill_ma_ar25.pdf,haverhill_ma_ar25.pdf
Hingham,19,https://www.epa.gov/system/files/documents/2026-04/hingham-ma-ar19.pdf,hingham-ma-ar19.pdf
Hingham,20,https://www.epa.gov/system/files/documents/2026-04/hingham-ma-ar20.pdf,hingham-ma-ar20.pdf
Hingham,21,https://www.epa.gov/system/files/documents/2026-04/hingham_ma_ar21.pdf,hingham_ma_ar21.pdf
Hingham,22,https://www.epa.gov/system/files/documents/2026-04/hingham_ma_ar22.pdf,hingham_ma_ar22.pdf
Hingham,23,https://www.epa.gov/system/files/documents/2026-04/hingham_ma_ar23.pdf,hingham_ma_ar23.pdf
Hingham,24,https://www.epa.gov/system/files/documents/2026-04/hingham_ma_ar24.pdf,hingham_ma_ar24.pdf
Hingham,25,https://www.epa.gov/system/files/documents/2026-04/hingham_ma_ar25.pdf,hingham_ma_ar25.pdf
Holbrook,19,https://www.epa.gov/system/files/documents/2026-04/holbrook-ma-ar19.pdf,holbrook-ma-ar19.pdf
Holbrook,20,https://www.epa.gov/system/files/documents/2026-04/holbrook-ma-ar20.pdf,holbrook-ma-ar20.pdf
Holbrook,21,https://www.epa.gov/system/files/documents/2026-04/holbrook_ma_ar21.pdf,holbrook_ma_ar21.pdf
Holbrook,22,https://www.epa.gov/system/files/documents/2026-04/holbrook_ma_ar22.pdf,holbrook_ma_ar22.pdf
Holbrook,23,https://www.epa.gov/system/files/documents/2026-04/holbrook_ma_ar23.pdf,holbrook_ma_ar23.pdf
Holbrook,24,https://www.epa.gov/system/files/documents/2026-04/holbrook_ma_ar24.pdf,holbrook_ma_ar24.pdf
Holbrook,25,https://www.epa.gov/system/files/documents/2026-04/holbrook_ma_ar25.pdf,holbrook_ma_ar25.pdf
Holden,19,https://www.epa.gov/system/files/documents/2026-04/holden-ma-ar19.pdf,holden-ma-ar19.pdf
Holden,20,https://www.epa.gov/system/files/documents/2026-04/holden-ma-ar20.pdf,holden-ma-ar20.pdf
Holden,21,https://www.epa.gov/system/files/documents/2026-04/holden_ma_ar21.pdf,holden_ma_ar21.pdf
Holden,22,https://www.epa.gov/system/files/documents/2026-04/holden_ma_ar22.pdf,holden_ma_ar22.pdf
Holden,23,https://www.epa.gov/system/files/documents/2026-04/holden_ma_ar23.pdf,holden_ma_ar23.pdf
Holden,24,https://www.epa.gov/system/files/documents/2026-04/holden_ma_ar24.pdf,holden_ma_ar24.pdf
Holden,25,https://www.epa.gov/system/files/documents/2026-04/holden_ma_ar25.pdf,holden_ma_ar25.pdf
Holliston,19,https://www.epa.gov/system/files/documents/2026-04/holliston-ma-ar19.pdf,holliston-ma-ar19.pdf
Holliston,20,https://www.epa.gov/system/files/documents/2026-04/holliston-ma-ar20.pdf,holliston-ma-ar20.pdf
Holliston,21,https://www.epa.gov/system/files/documents/2026-04/holliston_ma_ar21.pdf,holliston_ma_ar21.pdf
Holliston,22,https://www.epa.gov/system/files/documents/2026-04/holliston_ma_ar22.pdf,holliston_ma_ar22.pdf
Holliston,23,https://www.epa.gov/system/files/documents/2026-04/holliston_ma_ar23.pdf,holliston_ma_ar23.pdf
Holliston,24,https://www.epa.gov/system/files/documents/2026-04/holliston_ma_ar24.pdf,holliston_ma_ar24.pdf
Holliston,25,https://www.epa.gov/system/files/documents/2026-04/holliston_ma_ar25.pdf,holliston_ma_ar25.pdf
Holyoke,19,https://www.epa.gov/system/files/documents/2026-04/holyoke-ma-ar19.pdf,holyoke-ma-ar19.pdf
Holyoke,20,https://www.epa.gov/system/files/documents/2026-04/holyoke-ma-ar20.pdf,holyoke-ma-ar20.pdf
Holyoke,21,https://www.epa.gov/system/files/documents/2026-04/holyoke_ma_ar21.pdf,holyoke_ma_ar21.pdf
Holyoke,22,https://www.epa.gov/system/files/documents/2026-04/holyoke_ma_ar22.pdf,holyoke_ma_ar22.pdf
Holyoke,23,https://www.epa.gov/system/files/documents/2026-04/holyoke_ma_ar23.pdf,holyoke_ma_ar23.pdf
Holyoke,25,https://www.epa.gov/system/files/documents/2026-04/holyoke_ma_ar25.pdf,holyoke_ma_ar25.pdf
Hopedale,19,https://www.epa.gov/system/files/documents/2026-04/hopedale-ma-ar19.pdf,hopedale-ma-ar19.pdf
Hopedale,20,https://www.epa.gov/system/files/documents/2026-04/hopedale-ma-ar20.pdf,hopedale-ma-ar20.pdf
Hopedale,21,https://www.epa.gov/system/files/documents/2026-04/hopedale_ma_ar21.pdf,hopedale_ma_ar21.pdf
Hopedale,22,https://www.epa.gov/system/files/documents/2026-04/hopedale_ma_ar22.pdf,hopedale_ma_ar22.pdf
Hopedale,23,https://www.epa.gov/system/files/documents/2026-04/hopedale_ma_ar23.pdf,hopedale_ma_ar23.pdf
Hopedale,24,https://www.epa.gov/system/files/documents/2026-04/hopedale_ma_ar24.pdf,hopedale_ma_ar24.pdf
Hopedale,25,https://www.epa.gov/system/files/documents/2026-04/hopedale_ma_ar25.pdf,hopedale_ma_ar25.pdf
Hopkinton,19,https://www.epa.gov/system/files/documents/2026-04/hopkinton-ma-ar19.pdf,hopkinton-ma-ar19.pdf
Hopkinton,20,https://www.epa.gov/system/files/documents/2026-04/hopkinton-ma-ar20.pdf,hopkinton-ma-ar20.pdf
Hopkinton,21,https://www.epa.gov/system/files/documents/2026-04/hopkinton_ma_ar21.pdf,hopkinton_ma_ar21.pdf
Hopkinton,22,https://www.epa.gov/system/files/documents/2026-04/hopkinton_ma_ar22.pdf,hopkinton_ma_ar22.pdf
Hopkinton,23,https://www.epa.gov/system/files/documents/2026-04/hopkinton_ma_ar23.pdf,hopkinton_ma_ar23.pdf
Hopkinton,24,https://www.epa.gov/system/files/documents/2026-04/hopkinton_ma_ar24.pdf,hopkinton_ma_ar24.pdf
Hopkinton,25,https://www.epa.gov/system/files/documents/2026-04/hopkinton_ma_ar25.pdf,hopkinton_ma_ar25.pdf
Hudson,19,https://www.epa.gov/system/files/documents/2026-04/hudson-ma-ar19.pdf,hudson-ma-ar19.pdf
Hudson,20,https://www.epa.gov/system/files/documents/2026-04/hudson-ma-ar20.pdf,hudson-ma-ar20.pdf
Hudson,21,https://www.epa.gov/system/files/documents/2026-04/hudson_ma_ar21.pdf,hudson_ma_ar21.pdf
Hudson,22,https://www.epa.gov/system/files/documents/2026-04/hudson_ma_ar22.pdf,hudson_ma_ar22.pdf
Hudson,23,https://www.epa.gov/system/files/documents/2026-04/hudson_ma_ar23.pdf,hudson_ma_ar23.pdf
Hudson,24,https://www.epa.gov/system/files/documents/2026-04/hudson_ma_ar24.pdf,hudson_ma_ar24.pdf
Hudson,25,https://www.epa.gov/system/files/documents/2026-04/hudson_ma_ar25.pdf,hudson_ma_ar25.pdf
Hull,19,https://www.epa.gov/system/files/documents/2026-04/hull-ma-ar19.pdf,hull-ma-ar19.pdf
Hull,20,https://www.epa.gov/system/files/documents/2026-04/hull-ma-ar20.pdf,hull-ma-ar20.pdf
Hull,21,https://www.epa.gov/system/files/documents/2026-04/hull_ma_ar21.pdf,hull_ma_ar21.pdf
Hull,22,https://www.epa.gov/system/files/documents/2026-04/hull_ma_ar22.pdf,hull_ma_ar22.pdf
Hull,23,https://www.epa.gov/system/files/documents/2026-04/hull_ma_ar23.pdf,hull_ma_ar23.pdf
Hull,24,https://www.epa.gov/system/files/documents/2026-04/hull_ma_ar24.pdf,hull_ma_ar24.pdf
Hull,25,https://www.epa.gov/system/files/documents/2026-04/hull_ma_ar25.pdf,hull_ma_ar25.pdf
Ipswich,19,https://www.epa.gov/system/files/documents/2026-04/ipswich-ma-ar19.pdf,ipswich-ma-ar19.pdf
Ipswich,20,https://www.epa.gov/system/files/documents/2026-04/ipswich-ma-ar20.pdf,ipswich-ma-ar20.pdf
Ipswich,21,https://www.epa.gov/system/files/documents/2026-04/ipswich_ma_ar21.pdf,ipswich_ma_ar21.pdf
Ipswich,22,https://www.epa.gov/system/files/documents/2026-04/ipswich_ma_ar22.pdf,ipswich_ma_ar22.pdf
Ipswich,23,https://www.epa.gov/system/files/documents/2026-04/ipswich_ma_ar23.pdf,ipswich_ma_ar23.pdf
Ipswich,24,https://www.epa.gov/system/files/documents/2026-04/ipswich_ma_ar24.pdf,ipswich_ma_ar24.pdf
Ipswich,25,https://www.epa.gov/system/files/documents/2026-04/ipswich_ma_ar25.pdf,ipswich_ma_ar25.pdf
Kingston,19,https://www.epa.gov/system/files/documents/2026-04/kingston-ma-ar19.pdf,kingston-ma-ar19.pdf
Kingston,20,https://www.epa.gov/system/files/documents/2026-04/kingston-ma-ar20.pdf,kingston-ma-ar20.pdf
Kingston,21,https://www.epa.gov/system/files/documents/2026-04/kingston_ma_ar21.pdf,kingston_ma_ar21.pdf
Kingston,22,https://www.epa.gov/system/files/documents/2026-04/kingston_ma_ar22.pdf,kingston_ma_ar22.pdf
Kingston,23,https://www.epa.gov/system/files/documents/2026-04/kingston_ma_ar23.pdf,kingston_ma_ar23.pdf
Kingston,24,https://www.epa.gov/system/files/documents/2026-04/kingston_ma_ar24.pdf,kingston_ma_ar24.pdf
Kingston,25,https://www.epa.gov/system/files/documents/2026-04/kingston_ma_ar25.pdf,kingston_ma_ar25.pdf
Lakeville,19,https://www.epa.gov/system/files/documents/2026-04/lakeville-ma-ar19.pdf,lakeville-ma-ar19.pdf
Lakeville,20,https://www.epa.gov/system/files/documents/2026-04/lakeville-ma-ar20.pdf,lakeville-ma-ar20.pdf
Lakeville,21,https://www.epa.gov/system/files/documents/2026-04/lakeville_ma_ar21.pdf,lakeville_ma_ar21.pdf
Lakeville,22,https://www.epa.gov/system/files/documents/2026-04/lakeville_ma_ar22.pdf,lakeville_ma_ar22.pdf
Lakeville,23,https://www.epa.gov/system/files/documents/2026-04/lakeville_ma_ar23.pdf,lakeville_ma_ar23.pdf
Lakeville,24,https://www.epa.gov/system/files/documents/2026-04/lakeville_ma_ar24.pdf,lakeville_ma_ar24.pdf
Lakeville,25,https://www.epa.gov/system/files/documents/2026-04/lakeville_ma_ar25.pdf,lakeville_ma_ar25.pdf
Lancaster,20,https://www.epa.gov/system/files/documents/2026-04/lancaster-ma-ar20.pdf,lancaster-ma-ar20.pdf
Lancaster,21,https://www.epa.gov/system/files/documents/2026-04/lancaster_ma_ar21.pdf,lancaster_ma_ar21.pdf
Lancaster,22,https://www.epa.gov/system/files/documents/2026-04/lancaster_ma_ar22.pdf,lancaster_ma_ar22.pdf
Lancaster,23,https://www.epa.gov/system/files/documents/2026-04/lancaster_ma_ar23.pdf,lancaster_ma_ar23.pdf
Lancaster,24,https://www.epa.gov/system/files/documents/2026-04/lancaster_ma_ar24.pdf,lancaster_ma_ar24.pdf
Lanesborough,19,https://www.epa.gov/system/files/documents/2026-04/lanesborough-ma-ar19.pdf,lanesborough-ma-ar19.pdf
Lanesborough,20,https://www.epa.gov/system/files/documents/2026-04/lanesborough-ma-ar20.pdf,lanesborough-ma-ar20.pdf
Lanesborough,21,https://www.epa.gov/system/files/documents/2026-04/lanesborough_ma_ar21.pdf,lanesborough_ma_ar21.pdf
Lanesborough,22,https://www.epa.gov/system/files/documents/2026-04/lanesborough_ma_ar22.pdf,lanesborough_ma_ar22.pdf
Lanesborough,24,https://www.epa.gov/system/files/documents/2026-04/lanesborough_ma_ar24.pdf,lanesborough_ma_ar24.pdf
Lanesborough,25,https://www.epa.gov/system/files/documents/2026-04/lanesborough_ma_ar25.pdf,lanesborough_ma_ar25.pdf
Lawrence,19,https://www.epa.gov/system/files/documents/2026-04/lawrence-ma-ar19.pdf,lawrence-ma-ar19.pdf
Lawrence,20,https://www.epa.gov/system/files/documents/2026-04/lawrence-ma-ar20.pdf,lawrence-ma-ar20.pdf
Lawrence,21,https://www.epa.gov/system/files/documents/2026-04/lawrence_ma_ar21.pdf,lawrence_ma_ar21.pdf
Lawrence,22,https://www.epa.gov/system/files/documents/2026-04/lawrence_ma_ar22.pdf,lawrence_ma_ar22.pdf
Lawrence,23,https://www.epa.gov/system/files/documents/2026-04/lawrence_ma_ar23.pdf,lawrence_ma_ar23.pdf
Lawrence,24,https://www.epa.gov/system/files/documents/2026-04/lawrence_ma_ar24.pdf,lawrence_ma_ar24.pdf
Lawrence,25,https://www.epa.gov/system/files/documents/2026-04/lawrence_ma_ar25.pdf,lawrence_ma_ar25.pdf
Leicester,19,https://www.epa.gov/system/files/documents/2026-04/leicester-ma-ar19.pdf,leicester-ma-ar19.pdf
Leicester,20,https://www.epa.gov/system/files/documents/2026-04/leicester-ma-ar20.pdf,leicester-ma-ar20.pdf
Leicester,21,https://www.epa.gov/system/files/documents/2026-04/leicester_ma_ar21.pdf,leicester_ma_ar21.pdf
Leicester,22,https://www.epa.gov/system/files/documents/2026-04/leicester_ma_ar22.pdf,leicester_ma_ar22.pdf
Leicester,23,https://www.epa.gov/system/files/documents/2026-04/leicester_ma_ar23.pdf,leicester_ma_ar23.pdf
Leicester,24,https://www.epa.gov/system/files/documents/2026-04/leicester_ma_ar24.pdf,leicester_ma_ar24.pdf
Leicester,25,https://www.epa.gov/system/files/documents/2026-04/leicester_ma_ar25.pdf,leicester_ma_ar25.pdf
Leominster,19,https://www.epa.gov/system/files/documents/2026-04/leominster-ma-ar19.pdf,leominster-ma-ar19.pdf
Leominster,20,https://www.epa.gov/system/files/documents/2026-04/leominster-ma-ar20.pdf,leominster-ma-ar20.pdf
Leominster,21,https://www.epa.gov/system/files/documents/2026-04/leominster_ma_ar21.pdf,leominster_ma_ar21.pdf
Leominster,22,https://www.epa.gov/system/files/documents/2026-04/leominster_ma_ar22.pdf,leominster_ma_ar22.pdf
Leominster,23,https://www.epa.gov/system/files/documents/2026-04/leominster_ma_ar23.pdf,leominster_ma_ar23.pdf
Leominster,24,https://www.epa.gov/system/files/documents/2026-04/leominster_ma_ar24.pdf,leominster_ma_ar24.pdf
Lexington,19,https://www.epa.gov/system/files/documents/2026-04/lexington-ma-ar19.pdf,lexington-ma-ar19.pdf
Lexington,20,https://www.epa.gov/system/files/documents/2026-04/lexington-ma-ar20.pdf,lexington-ma-ar20.pdf
Lexington,21,https://www.epa.gov/system/files/documents/2026-04/lexington_ma_ar21.pdf,lexington_ma_ar21.pdf
Lexington,22,https://www.epa.gov/system/files/documents/2026-04/lexington_ma_ar22.pdf,lexington_ma_ar22.pdf
Lexington,23,https://www.epa.gov/system/files/documents/2026-04/lexington_ma_ar23.pdf,lexington_ma_ar23.pdf
Lexington,24,https://www.epa.gov/system/files/documents/2026-04/lexington_ma_ar24.pdf,lexington_ma_ar24.pdf
Lexington,25,https://www.epa.gov/system/files/documents/2026-04/lexington_ma_ar25.pdf,lexington_ma_ar25.pdf
Lincoln,19,https://www.epa.gov/system/files/documents/2026-04/lincoln-ma-ar19.pdf,lincoln-ma-ar19.pdf
Lincoln,20,https://www.epa.gov/system/files/documents/2026-04/lincoln-ma-ar20.pdf,lincoln-ma-ar20.pdf
Lincoln,21,https://www.epa.gov/system/files/documents/2026-04/lincoln_ma_ar21.pdf,lincoln_ma_ar21.pdf
Lincoln,22,https://www.epa.gov/system/files/documents/2026-04/lincoln_ma_ar22.pdf,lincoln_ma_ar22.pdf
Lincoln,23,https://www.epa.gov/system/files/documents/2026-04/lincoln_ma_ar23.pdf,lincoln_ma_ar23.pdf
Lincoln,24,https://www.epa.gov/system/files/documents/2026-04/lincoln_ma_ar24.pdf,lincoln_ma_ar24.pdf
Lincoln,25,https://www.epa.gov/system/files/documents/2026-04/lincoln_ma_ar25.pdf,lincoln_ma_ar25.pdf
Littleton,19,https://www.epa.gov/system/files/documents/2026-04/littleton-ma-ar19.pdf,littleton-ma-ar19.pdf
Littleton,20,https://www.epa.gov/system/files/documents/2026-04/littleton-ma-ar20.pdf,littleton-ma-ar20.pdf
Littleton,21,https://www.epa.gov/system/files/documents/2026-04/littleton_ma_ar21.pdf,littleton_ma_ar21.pdf
Littleton,22,https://www.epa.gov/system/files/documents/2026-04/littleton_ma_ar22.pdf,littleton_ma_ar22.pdf
Littleton,23,https://www.epa.gov/system/files/documents/2026-04/littleton_ma_ar23.pdf,littleton_ma_ar23.pdf
Littleton,24,https://www.epa.gov/system/files/documents/2026-04/littleton_ma_ar24.pdf,littleton_ma_ar24.pdf
Littleton,25,https://www.epa.gov/system/files/documents/2026-04/littleton_ma_ar25.pdf,littleton_ma_ar25.pdf
Longmeadow,20,https://www.epa.gov/system/files/documents/2026-04/longmeadow-ma-ar20.pdf,longmeadow-ma-ar20.pdf
Longmeadow,21,https://www.epa.gov/system/files/documents/2026-04/longmeadow_ma_ar21.pdf,longmeadow_ma_ar21.pdf
Longmeadow,22,https://www.epa.gov/system/files/documents/2026-04/longmeadow_ma_ar22.pdf,longmeadow_ma_ar22.pdf
Longmeadow,23,https://www.epa.gov/system/files/documents/2026-04/longmeadow_ma_ar23.pdf,longmeadow_ma_ar23.pdf
Longmeadow,24,https://www.epa.gov/system/files/documents/2026-04/longmeadow_ma_ar24.pdf,longmeadow_ma_ar24.pdf
Longmeadow,25,https://www.epa.gov/system/files/documents/2026-04/longmeadow_ma_ar25.pdf,longmeadow_ma_ar25.pdf
Ludlow,19,https://www.epa.gov/system/files/documents/2026-04/ludlow-ma-ar19.pdf,ludlow-ma-ar19.pdf
Ludlow,20,https://www.epa.gov/system/files/documents/2026-04/ludlow-ma-ar20.pdf,ludlow-ma-ar20.pdf
Ludlow,21,https://www.epa.gov/system/files/documents/2026-04/ludlow_ma_ar21.pdf,ludlow_ma_ar21.pdf
Ludlow,22,https://www.epa.gov/system/files/documents/2026-04/ludlow_ma_ar22.pdf,ludlow_ma_ar22.pdf
Ludlow,23,https://www.epa.gov/system/files/documents/2026-04/ludlow_ma_ar23.pdf,ludlow_ma_ar23.pdf
Ludlow,24,https://www.epa.gov/system/files/documents/2026-04/ludlow_ma_ar24.pdf,ludlow_ma_ar24.pdf
Ludlow,25,https://www.epa.gov/system/files/documents/2026-04/ludlow_ma_ar25.pdf,ludlow_ma_ar25.pdf
Lunenburg,19,https://www.epa.gov/system/files/documents/2026-04/lunenburg-ma-ar19.pdf,lunenburg-ma-ar19.pdf
Lunenburg,20,https://www.epa.gov/system/files/documents/2026-04/lunenburg-ma-ar20.pdf,lunenburg-ma-ar20.pdf
Lunenburg,21,https://www.epa.gov/system/files/documents/2026-04/lunenburg_ma_ar21.pdf,lunenburg_ma_ar21.pdf
Lunenburg,22,https://www.epa.gov/system/files/documents/2026-04/lunenburg_ma_ar22.pdf,lunenburg_ma_ar22.pdf
Lunenburg,24,https://www.epa.gov/system/files/documents/2026-04/lunenburg_ma_ar24.pdf,lunenburg_ma_ar24.pdf
Lunenburg,25,https://www.epa.gov/system/files/documents/2026-04/lunenburg_ma_ar25.pdf,lunenburg_ma_ar25.pdf
Lynn,19,https://www.epa.gov/system/files/documents/2026-04/lynn-ma-ar19.pdf,lynn-ma-ar19.pdf
Lynn,20,https://www.epa.gov/system/files/documents/2026-04/lynn-ma-ar20.pdf,lynn-ma-ar20.pdf
Lynn,21,https://www.epa.gov/system/files/documents/2026-04/lynn_ma_ar21.pdf,lynn_ma_ar21.pdf
Lynn,22,https://www.epa.gov/system/files/documents/2026-04/lynn_ma_ar22.pdf,lynn_ma_ar22.pdf
Lynn,23,https://www.epa.gov/system/files/documents/2026-04/lynn_ma_ar23.pdf,lynn_ma_ar23.pdf
Lynn Water Sewer Commision,24,https://www.epa.gov/system/files/documents/2026-04/lynn_water_sewer_commision_ma_ar24.pdf,lynn_water_sewer_commision_ma_ar24.pdf
Lynn,25,https://www.epa.gov/system/files/documents/2026-04/lynn_ma_ar25.pdf,lynn_ma_ar25.pdf
Lynnfield,19,https://www.epa.gov/system/files/documents/2026-04/lynnfield-ma-ar19.pdf,lynnfield-ma-ar19.pdf
Lynnfield,20,https://www.epa.gov/system/files/documents/2026-04/lynnfield-ma-ar20.pdf,lynnfield-ma-ar20.pdf
Lynnfield,21,https://www.epa.gov/system/files/documents/2026-04/lynnfield_ma_ar21.pdf,lynnfield_ma_ar21.pdf
Lynnfield,22,https://www.epa.gov/system/files/documents/2026-04/lynnfield_ma_ar22.pdf,lynnfield_ma_ar22.pdf
Lynnfield,23,https://www.epa.gov/system/files/documents/2026-04/lynnfield_ma_ar23.pdf,lynnfield_ma_ar23.pdf
Lynnfield,24,https://www.epa.gov/system/files/documents/2026-04/lynnfield_ma_ar24.pdf,lynnfield_ma_ar24.pdf
Malden,19,https://www.epa.gov/system/files/documents/2026-04/malden-ma-ar19.pdf,malden-ma-ar19.pdf
Malden,20,https://www.epa.gov/system/files/documents/2026-04/malden-ma-ar20.pdf,malden-ma-ar20.pdf
Malden,21,https://www.epa.gov/system/files/documents/2026-04/malden_ma_ar21.pdf,malden_ma_ar21.pdf
Malden,22,https://www.epa.gov/system/files/documents/2026-04/malden_ma_ar22.pdf,malden_ma_ar22.pdf
Malden,23,https://www.epa.gov/system/files/documents/2026-04/malden_ma_ar23.pdf,malden_ma_ar23.pdf
Malden,24,https://www.epa.gov/system/files/documents/2026-04/malden_ma_ar24.pdf,malden_ma_ar24.pdf
Malden,25,https://www.epa.gov/system/files/documents/2026-04/malden_ma_ar25.pdf,malden_ma_ar25.pdf
Manchester By The Sea,19,https://www.epa.gov/system/files/documents/2026-04/manchester-by-the-sea-ma-ar19.pdf,manchester-by-the-sea-ma-ar19.pdf
Manchester By The Sea,20,https://www.epa.gov/system/files/documents/2026-04/manchester-by-the-sea-ma-ar20.pdf,manchester-by-the-sea-ma-ar20.pdf
Manchester By The Sea,21,https://www.epa.gov/system/files/documents/2026-04/manchester-by-the-sea_ma_ar21.pdf,manchester-by-the-sea_ma_ar21.pdf
Manchester By The Sea,22,https://www.epa.gov/system/files/documents/2026-04/manchester-by-the-sea_ma_ar22.pdf,manchester-by-the-sea_ma_ar22.pdf
Manchester By The Sea,23,https://www.epa.gov/system/files/documents/2026-04/manchester_by_the_sea_ma_ar23.pdf,manchester_by_the_sea_ma_ar23.pdf
Manchester By The Sea,25,https://www.epa.gov/system/files/documents/2026-04/manchester_by_the_sea_ma_ar25.pdf,manchester_by_the_sea_ma_ar25.pdf
Mansfield,19,https://www.epa.gov/system/files/documents/2026-04/mansfield-ma-ar19.pdf,mansfield-ma-ar19.pdf
Mansfield,20,https://www.epa.gov/system/files/documents/2026-04/mansfield-ma-ar20.pdf,mansfield-ma-ar20.pdf
Mansfield,21,https://www.epa.gov/system/files/documents/2026-04/mansfield_ma_ar21.pdf,mansfield_ma_ar21.pdf
Mansfield,22,https://www.epa.gov/system/files/documents/2026-04/mansfield_ma_ar22.pdf,mansfield_ma_ar22.pdf
Mansfield,23,https://www.epa.gov/system/files/documents/2026-04/mansfield_ma_ar23.pdf,mansfield_ma_ar23.pdf
Mansfield,24,https://www.epa.gov/system/files/documents/2026-04/mansfield_ma_ar24.pdf,mansfield_ma_ar24.pdf
Mansfield,25,https://www.epa.gov/system/files/documents/2026-04/mansfield_ma_ar25.pdf,mansfield_ma_ar25.pdf
Marblehead,19,https://www.epa.gov/system/files/documents/2026-04/marblehead-ma-ar19.pdf,marblehead-ma-ar19.pdf
Marblehead,20,https://www.epa.gov/system/files/documents/2026-04/marblehead-ma-ar20.pdf,marblehead-ma-ar20.pdf
Marblehead,21,https://www.epa.gov/system/files/documents/2026-04/marblehead_ma_ar21.pdf,marblehead_ma_ar21.pdf
Marblehead,22,https://www.epa.gov/system/files/documents/2026-04/marblehead_ma_ar22.pdf,marblehead_ma_ar22.pdf
Marblehead,23,https://www.epa.gov/system/files/documents/2026-04/marblehead_ma_ar23.pdf,marblehead_ma_ar23.pdf
Marblehead,24,https://www.epa.gov/system/files/documents/2026-04/marblehead_ma_ar24.pdf,marblehead_ma_ar24.pdf
Marblehead,25,https://www.epa.gov/system/files/documents/2026-04/marblehead_ma_ar25.pdf,marblehead_ma_ar25.pdf
Marion,19,https://www.epa.gov/system/files/documents/2026-04/marion-ma-ar19.pdf,marion-ma-ar19.pdf
Marion,20,https://www.epa.gov/system/files/documents/2026-04/marion-ma-ar20.pdf,marion-ma-ar20.pdf
Marion,21,https://www.epa.gov/system/files/documents/2026-04/marion_ma_ar21.pdf,marion_ma_ar21.pdf
Marion,22,https://www.epa.gov/system/files/documents/2026-04/marion_ma_ar22.pdf,marion_ma_ar22.pdf
Marion,23,https://www.epa.gov/system/files/documents/2026-04/marion_ma_ar23.pdf,marion_ma_ar23.pdf
Marion,24,https://www.epa.gov/system/files/documents/2026-04/marion_ma_ar24.pdf,marion_ma_ar24.pdf
Marion,25,https://www.epa.gov/system/files/documents/2026-04/marion_ma_ar25.pdf,marion_ma_ar25.pdf
Marlborough,19,https://www.epa.gov/system/files/documents/2026-04/marlborough-ma-ar19.pdf,marlborough-ma-ar19.pdf
Marlborough,20,https://www.epa.gov/system/files/documents/2026-04/marlborough-ma-ar20.pdf,marlborough-ma-ar20.pdf
Marlborough,21,https://www.epa.gov/system/files/documents/2026-04/marlborough_ma_ar21.pdf,marlborough_ma_ar21.pdf
Marlborough,22,https://www.epa.gov/system/files/documents/2026-04/marlborough_ma_ar22.pdf,marlborough_ma_ar22.pdf
Marlborough,23,https://www.epa.gov/system/files/documents/2026-04/marlborough_ma_ar23.pdf,marlborough_ma_ar23.pdf
Marlborough,24,https://www.epa.gov/system/files/documents/2026-04/marlborough_ma_ar24.pdf,marlborough_ma_ar24.pdf
Marlborough,25,https://www.epa.gov/system/files/documents/2026-04/marlborough_ma_ar25.pdf,marlborough_ma_ar25.pdf
Marshfield,19,https://www.epa.gov/system/files/documents/2026-04/marshfield-ma-ar19.pdf,marshfield-ma-ar19.pdf
Marshfield,20,https://www.epa.gov/system/files/documents/2026-04/marshfield-ma-ar20.pdf,marshfield-ma-ar20.pdf
Marshfield,21,https://www.epa.gov/system/files/documents/2026-04/marshfield_ma_ar21.pdf,marshfield_ma_ar21.pdf
Marshfield,22,https://www.epa.gov/system/files/documents/2026-04/marshfield_ma_ar22.pdf,marshfield_ma_ar22.pdf
Marshfield,23,https://www.epa.gov/system/files/documents/2026-04/marshfield_ma_ar23.pdf,marshfield_ma_ar23.pdf
Marshfield,24,https://www.epa.gov/system/files/documents/2026-04/marshfield_ma_ar24.pdf,marshfield_ma_ar24.pdf
Marshfield,25,https://www.epa.gov/system/files/documents/2026-04/marshfield_ma_ar25.pdf,marshfield_ma_ar25.pdf
Mashpee,19,https://www.epa.gov/system/files/documents/2026-04/mashpee-ma-ar19.pdf,mashpee-ma-ar19.pdf
Mashpee,20,https://www.epa.gov/system/files/documents/2026-04/mashpee-ma-ar20.pdf,mashpee-ma-ar20.pdf
Mashpee,21,https://www.epa.gov/system/files/documents/2026-04/mashpee_ma_ar21.pdf,mashpee_ma_ar21.pdf
Mashpee,22,https://www.epa.gov/system/files/documents/2026-04/mashpee_ma_ar22.pdf,mashpee_ma_ar22.pdf
Mashpee,23,https://www.epa.gov/system/files/documents/2026-04/mashpee_ma_ar23.pdf,mashpee_ma_ar23.pdf
Mashpee,24,https://www.epa.gov/system/files/documents/2026-04/mashpee_ma_ar24.pdf,mashpee_ma_ar24.pdf
Mashpee,25,https://www.epa.gov/system/files/documents/2026-04/mashpee_ma_ar25.pdf,mashpee_ma_ar25.pdf
Mattapoisett,19,https://www.epa.gov/system/files/documents/2026-04/mattapoisett-ma-ar19.pdf,mattapoisett-ma-ar19.pdf
Mattapoisett,20,https://www.epa.gov/system/files/documents/2026-04/mattapoisett-ma-ar20.pdf,mattapoisett-ma-ar20.pdf
Mattapoisett,21,https://www.epa.gov/system/files/documents/2026-04/mattapoisett_ma_ar21.pdf,mattapoisett_ma_ar21.pdf
Mattapoisett,22,https://www.epa.gov/system/files/documents/2026-04/mattapoisett_ma_ar22.pdf,mattapoisett_ma_ar22.pdf
Mattapoisett,23,https://www.epa.gov/system/files/documents/2026-04/mattapoisett_ma_ar23.pdf,mattapoisett_ma_ar23.pdf
Mattapoisett,24,https://www.epa.gov/system/files/documents/2026-04/mattapoisett_ma_ar24.pdf,mattapoisett_ma_ar24.pdf
Mattapoisett,25,https://www.epa.gov/system/files/documents/2026-04/mattapoisett_ma_ar25.pdf,mattapoisett_ma_ar25.pdf
Maynard,19,https://www.epa.gov/system/files/documents/2026-04/maynard-ma-ar19.pdf,maynard-ma-ar19.pdf
Maynard,20,https://www.epa.gov/system/files/documents/2026-04/maynard-ma-ar20.pdf,maynard-ma-ar20.pdf
Maynard,21,https://www.epa.gov/system/files/documents/2026-04/maynard_ma_ar21.pdf,maynard_ma_ar21.pdf
Maynard,22,https://www.epa.gov/system/files/documents/2026-04/maynard_ma_ar22.pdf,maynard_ma_ar22.pdf
Maynard,23,https://www.epa.gov/system/files/documents/2026-04/maynard_ma_ar23.pdf,maynard_ma_ar23.pdf
Maynard,24,https://www.epa.gov/system/files/documents/2026-04/maynard_ma_ar24.pdf,maynard_ma_ar24.pdf
Maynard,25,https://www.epa.gov/system/files/documents/2026-04/maynard_ma_ar25.pdf,maynard_ma_ar25.pdf
Medfield,19,https://www.epa.gov/system/files/documents/2026-04/medfield-ma-ar19.pdf,medfield-ma-ar19.pdf
Medfield,20,https://www.epa.gov/system/files/documents/2026-04/medfield-ma-ar20.pdf,medfield-ma-ar20.pdf
Medfield,21,https://www.epa.gov/system/files/documents/2026-04/medfield_ma_ar21.pdf,medfield_ma_ar21.pdf
Medfield,22,https://www.epa.gov/system/files/documents/2026-04/medfield_ma_ar22.pdf,medfield_ma_ar22.pdf
Medfield,23,https://www.epa.gov/system/files/documents/2026-04/medfield_ma_ar23.pdf,medfield_ma_ar23.pdf
Medfield,24,https://www.epa.gov/system/files/documents/2026-04/medfield_ma_ar24.pdf,medfield_ma_ar24.pdf
Medfield,25,https://www.epa.gov/system/files/documents/2026-04/medfield_ma_ar25.pdf,medfield_ma_ar25.pdf
Medford,19,https://www.epa.gov/system/files/documents/2026-04/medford-ma-ar19.pdf,medford-ma-ar19.pdf
Medford,20,https://www.epa.gov/system/files/documents/2026-04/medford-ma-ar20.pdf,medford-ma-ar20.pdf
Medford,21,https://www.epa.gov/system/files/documents/2026-04/medford_ma_ar21.pdf,medford_ma_ar21.pdf
Medford,22,https://www.epa.gov/system/files/documents/2026-04/medford_ma_ar22.pdf,medford_ma_ar22.pdf
Medford,24,https://www.epa.gov/system/files/documents/2026-04/medford_ma_ar24.pdf,medford_ma_ar24.pdf
Medway,19,https://www.epa.gov/system/files/documents/2026-04/medway-ma-ar19.pdf,medway-ma-ar19.pdf
Medway,20,https://www.epa.gov/system/files/documents/2026-04/medway-ma-ar20.pdf,medway-ma-ar20.pdf
Medway,21,https://www.epa.gov/system/files/documents/2026-04/medway_ma_ar21.pdf,medway_ma_ar21.pdf
Medway,22,https://www.epa.gov/system/files/documents/2026-04/medway_ma_ar22.pdf,medway_ma_ar22.pdf
Medway,23,https://www.epa.gov/system/files/documents/2026-04/medway_ma_ar23.pdf,medway_ma_ar23.pdf
Medway,24,https://www.epa.gov/system/files/documents/2026-04/medway_ma_ar24.pdf,medway_ma_ar24.pdf
Medway,25,https://www.epa.gov/system/files/documents/2026-04/medway_ma_ar25.pdf,medway_ma_ar25.pdf
Melrose,19,https://www.epa.gov/system/files/documents/2026-04/melrose-ma-ar19.pdf,melrose-ma-ar19.pdf
Melrose,20,https://www.epa.gov/system/files/documents/2026-04/melrose-ma-ar20.pdf,melrose-ma-ar20.pdf
Melrose,21,https://www.epa.gov/system/files/documents/2026-04/melrose_ma_ar21.pdf,melrose_ma_ar21.pdf
Melrose,22,https://www.epa.gov/system/files/documents/2026-04/melrose_ma_ar22.pdf,melrose_ma_ar22.pdf
Melrose,23,https://www.epa.gov/system/files/documents/2026-04/melrose_ma_ar23.pdf,melrose_ma_ar23.pdf
Melrose,24,https://www.epa.gov/system/files/documents/2026-04/melrose_ma_ar24.pdf,melrose_ma_ar24.pdf
Melrose,25,https://www.epa.gov/system/files/documents/2026-04/melrose_ma_ar25.pdf,melrose_ma_ar25.pdf
Mendon,19,https://www.epa.gov/system/files/documents/2026-04/mendon-ma-ar19.pdf,mendon-ma-ar19.pdf
Mendon,20,https://www.epa.gov/system/files/documents/2026-04/mendon-ma-ar20.pdf,mendon-ma-ar20.pdf
Mendon,21,https://www.epa.gov/system/files/documents/2026-04/mendon_ma_ar21.pdf,mendon_ma_ar21.pdf
Mendon,22,https://www.epa.gov/system/files/documents/2026-04/mendon_ma_ar22.pdf,mendon_ma_ar22.pdf
Mendon,23,https://www.epa.gov/system/files/documents/2026-04/mendon_ma_ar23.pdf,mendon_ma_ar23.pdf
Mendon,24,https://www.epa.gov/system/files/documents/2026-04/mendon_ma_ar24.pdf,mendon_ma_ar24.pdf
Mendon,25,https://www.epa.gov/system/files/documents/2026-04/mendon_ma_ar25.pdf,mendon_ma_ar25.pdf
Merrimac,19,https://www.epa.gov/system/files/documents/2026-04/merrimac-ma-ar19.pdf,merrimac-ma-ar19.pdf
Merrimac,20,https://www.epa.gov/system/files/documents/2026-04/merrimac-ma-ar20.pdf,merrimac-ma-ar20.pdf
Merrimac,21,https://www.epa.gov/system/files/documents/2026-04/merrimac_ma_ar21.pdf,merrimac_ma_ar21.pdf
Merrimac,22,https://www.epa.gov/system/files/documents/2026-04/merrimac_ma_ar22.pdf,merrimac_ma_ar22.pdf
Merrimac,23,https://www.epa.gov/system/files/documents/2026-04/merrimac_ma_ar23.pdf,merrimac_ma_ar23.pdf
Merrimac,24,https://www.epa.gov/system/files/documents/2026-04/merrimac_ma_ar24.pdf,merrimac_ma_ar24.pdf
Merrimac,25,https://www.epa.gov/system/files/documents/2026-04/merrimac_ma_ar25.pdf,merrimac_ma_ar25.pdf
Methuen,19,https://www.epa.gov/system/files/documents/2026-04/methuen-ma-ar19.pdf,methuen-ma-ar19.pdf
Methuen,20,https://www.epa.gov/system/files/documents/2026-04/methuen-ma-ar20.pdf,methuen-ma-ar20.pdf
Methuen,21,https://www.epa.gov/system/files/documents/2026-04/methuen_ma_ar21.pdf,methuen_ma_ar21.pdf
Methuen,22,https://www.epa.gov/system/files/documents/2026-04/methuen_ma_ar22.pdf,methuen_ma_ar22.pdf
Methuen,23,https://www.epa.gov/system/files/documents/2026-04/methuen_ma_ar23.pdf,methuen_ma_ar23.pdf
Methuen,24,https://www.epa.gov/system/files/documents/2026-04/methuen_ma_ar24.pdf,methuen_ma_ar24.pdf
Methuen,25,https://www.epa.gov/system/files/documents/2026-04/methuen_ma_ar25.pdf,methuen_ma_ar25.pdf
Middleborough,19,https://www.epa.gov/system/files/documents/2026-04/middleborough-ma-ar19.pdf,middleborough-ma-ar19.pdf
Middleborough,20,https://www.epa.gov/system/files/documents/2026-04/middleborough-ma-ar20.pdf,middleborough-ma-ar20.pdf
Middleborough,21,https://www.epa.gov/system/files/documents/2026-04/middleborough_ma_ar21.pdf,middleborough_ma_ar21.pdf
Middleborough,22,https://www.epa.gov/system/files/documents/2026-04/middleborough_ma_ar22.pdf,middleborough_ma_ar22.pdf
Middleborough,23,https://www.epa.gov/system/files/documents/2026-04/middleborough_ma_ar23.pdf,middleborough_ma_ar23.pdf
Middleborough,24,https://www.epa.gov/system/files/documents/2026-04/middleborough_ma_ar24.pdf,middleborough_ma_ar24.pdf
Middleborough,25,https://www.epa.gov/system/files/documents/2026-04/middleborough_ma_ar25.pdf,middleborough_ma_ar25.pdf
Middleton,19,https://www.epa.gov/system/files/documents/2026-04/middleton-ma-ar19.pdf,middleton-ma-ar19.pdf
Middleton,20,https://www.epa.gov/system/files/documents/2026-04/middleton-ma-ar20.pdf,middleton-ma-ar20.pdf
Middleton,21,https://www.epa.gov/system/files/documents/2026-04/middleton_ma_ar21.pdf,middleton_ma_ar21.pdf
Middleton,22,https://www.epa.gov/system/files/documents/2026-04/middleton_ma_ar22.pdf,middleton_ma_ar22.pdf
Middleton,23,https://www.epa.gov/system/files/documents/2026-04/middleton_ma_ar23.pdf,middleton_ma_ar23.pdf
Middleton,24,https://www.epa.gov/system/files/documents/2026-04/middleton_ma_ar24.pdf,middleton_ma_ar24.pdf
Middleton,25,https://www.epa.gov/system/files/documents/2026-04/middleton_ma_ar25.pdf,middleton_ma_ar25.pdf
Milford,19,https://www.epa.gov/system/files/documents/2026-04/milford-ma-ar19.pdf,milford-ma-ar19.pdf
Milford,20,https://www.epa.gov/system/files/documents/2026-04/milford-ma-ar20.pdf,milford-ma-ar20.pdf
Milford,21,https://www.epa.gov/system/files/documents/2026-04/milford_ma_ar21.pdf,milford_ma_ar21.pdf
Milford,22,https://www.epa.gov/system/files/documents/2026-04/milford_ma_ar22.pdf,milford_ma_ar22.pdf
Milford,23,https://www.epa.gov/system/files/documents/2026-04/milford_ma_ar23.pdf,milford_ma_ar23.pdf
Milford,24,https://www.epa.gov/system/files/documents/2026-04/milford_ma_ar24.pdf,milford_ma_ar24.pdf
Milford,25,https://www.epa.gov/system/files/documents/2026-04/milford_ma_ar25.pdf,milford_ma_ar25.pdf
Millbury,19,https://www.epa.gov/system/files/documents/2026-04/millbury-ma-ar19.pdf,millbury-ma-ar19.pdf
Millbury,20,https://www.epa.gov/system/files/documents/2026-04/millbury-ma-ar20.pdf,millbury-ma-ar20.pdf
Millbury,21,https://www.epa.gov/system/files/documents/2026-04/millbury_ma_ar21.pdf,millbury_ma_ar21.pdf
Millbury,22,https://www.epa.gov/system/files/documents/2026-04/millbury_ma_ar22.pdf,millbury_ma_ar22.pdf
Millbury,23,https://www.epa.gov/system/files/documents/2026-04/millbury_ma_ar23.pdf,millbury_ma_ar23.pdf
Millbury,24,https://www.epa.gov/system/files/documents/2026-04/millbury_ma_ar24.pdf,millbury_ma_ar24.pdf
Millbury,25,https://www.epa.gov/system/files/documents/2026-04/millbury_ma_ar25.pdf,millbury_ma_ar25.pdf
Millis,19,https://www.epa.gov/system/files/documents/2026-04/millis-ma-ar19.pdf,millis-ma-ar19.pdf
Millis,20,https://www.epa.gov/system/files/documents/2026-04/millis-ma-ar20.pdf,millis-ma-ar20.pdf
Millis,21,https://www.epa.gov/system/files/documents/2026-04/millis_ma_ar21.pdf,millis_ma_ar21.pdf
Millis,22,https://www.epa.gov/system/files/documents/2026-04/millis_ma_ar22.pdf,millis_ma_ar22.pdf
Millis,23,https://www.epa.gov/system/files/documents/2026-04/millis_ma_ar23.pdf,millis_ma_ar23.pdf
Millis,24,https://www.epa.gov/system/files/documents/2026-04/millis_ma_ar24.pdf,millis_ma_ar24.pdf
Millis,25,https://www.epa.gov/system/files/documents/2026-04/millis_ma_ar25.pdf,millis_ma_ar25.pdf
Millville,19,https://www.epa.gov/system/files/documents/2026-04/millville-ma-ar19.pdf,millville-ma-ar19.pdf
Millville,20,https://www.epa.gov/system/files/documents/2026-04/millville-ma-ar20.pdf,millville-ma-ar20.pdf
Millville,21,https://www.epa.gov/system/files/documents/2026-04/millville_ma_ar21.pdf,millville_ma_ar21.pdf
Milton,19,https://www.epa.gov/system/files/documents/2026-04/milton-ma-ar19.pdf,milton-ma-ar19.pdf
Milton,20,https://www.epa.gov/system/files/documents/2026-04/milton-ma-ar20.pdf,milton-ma-ar20.pdf
Milton,21,https://www.epa.gov/system/files/documents/2026-04/milton_ma_ar21.pdf,milton_ma_ar21.pdf
Milton,22,https://www.epa.gov/system/files/documents/2026-04/milton_ma_ar22.pdf,milton_ma_ar22.pdf
Milton,23,https://www.epa.gov/system/files/documents/2026-04/milton_ma_ar23.pdf,milton_ma_ar23.pdf
Milton,24,https://www.epa.gov/system/files/documents/2026-04/milton_ma_ar24.pdf,milton_ma_ar24.pdf
Milton,25,https://www.epa.gov/system/files/documents/2026-04/milton_ma_ar25.pdf,milton_ma_ar25.pdf
Monson,19,https://www.epa.gov/system/files/documents/2026-04/monson-ma-ar19.pdf,monson-ma-ar19.pdf
Monson,20,https://www.epa.gov/system/files/documents/2026-04/monson-ma-ar20.pdf,monson-ma-ar20.pdf
Monson,21,https://www.epa.gov/system/files/documents/2026-04/monson_ma_ar21.pdf,monson_ma_ar21.pdf
Monson,22,https://www.epa.gov/system/files/documents/2026-04/monson_ma_ar22.pdf,monson_ma_ar22.pdf
Monson,23,https://www.epa.gov/system/files/documents/2026-04/monson_ma_ar23.pdf,monson_ma_ar23.pdf
Monson,24,https://www.epa.gov/system/files/documents/2026-04/monson_ma_ar24.pdf,monson_ma_ar24.pdf
Monson,25,https://www.epa.gov/system/files/documents/2026-04/monson_ma_ar25.pdf,monson_ma_ar25.pdf
Nahant,20,https://www.epa.gov/system/files/documents/2026-04/nahant-ma-ar20.pdf,nahant-ma-ar20.pdf
Nahant,21,https://www.epa.gov/system/files/documents/2026-04/nahant_ma_ar21.pdf,nahant_ma_ar21.pdf
Nahant,22,https://www.epa.gov/system/files/documents/2026-04/nahant_ma_ar22.pdf,nahant_ma_ar22.pdf
Nahant,25,https://www.epa.gov/system/files/documents/2026-04/nahant_ma_ar25.pdf,nahant_ma_ar25.pdf
Natick,19,https://www.epa.gov/system/files/documents/2026-04/natick-ma-ar19.pdf,natick-ma-ar19.pdf
Natick,20,https://www.epa.gov/system/files/documents/2026-04/natick-ma-ar20.pdf,natick-ma-ar20.pdf
Natick,21,https://www.epa.gov/system/files/documents/2026-04/natick_ma_ar21.pdf,natick_ma_ar21.pdf
Natick,22,https://www.epa.gov/system/files/documents/2026-04/natick_ma_ar22.pdf,natick_ma_ar22.pdf
Natick,23,https://www.epa.gov/system/files/documents/2026-04/natick_ma_ar23.pdf,natick_ma_ar23.pdf
Natick,24,https://www.epa.gov/system/files/documents/2026-04/natick_ma_ar24.pdf,natick_ma_ar24.pdf
Natick,25,https://www.epa.gov/system/files/documents/2026-04/natick_ma_ar25.pdf,natick_ma_ar25.pdf
Needham,19,https://www.epa.gov/system/files/documents/2026-04/needham-ma-ar19.pdf,needham-ma-ar19.pdf
Needham,20,https://www.epa.gov/system/files/documents/2026-04/needham-ma-ar20.pdf,needham-ma-ar20.pdf
Needham,21,https://www.epa.gov/system/files/documents/2026-04/needham_ma_ar21.pdf,needham_ma_ar21.pdf
Needham,22,https://www.epa.gov/system/files/documents/2026-04/needham_ma_ar22.pdf,needham_ma_ar22.pdf
Needham,23,https://www.epa.gov/system/files/documents/2026-04/needham_ma_ar23.pdf,needham_ma_ar23.pdf
Needham,24,https://www.epa.gov/system/files/documents/2026-04/needham_ma_ar24.pdf,needham_ma_ar24.pdf
Needham,25,https://www.epa.gov/system/files/documents/2026-04/needham_ma_ar25.pdf,needham_ma_ar25.pdf
New Bedford,19,https://www.epa.gov/system/files/documents/2026-04/new-bedford-ma-ar19.pdf,new-bedford-ma-ar19.pdf
New Bedford,20,https://www.epa.gov/system/files/documents/2026-04/new-bedford-ma-ar20.pdf,new-bedford-ma-ar20.pdf
New Bedford,21,https://www.epa.gov/system/files/documents/2026-04/new_bedford_ma_ar21.pdf,new_bedford_ma_ar21.pdf
New Bedford,22,https://www.epa.gov/system/files/documents/2026-04/new_bedford_ma_ar22.pdf,new_bedford_ma_ar22.pdf
New Bedford,24,https://www.epa.gov/system/files/documents/2026-04/new_bedford_ma_ar24.pdf,new_bedford_ma_ar24.pdf
New Bedford,25,https://www.epa.gov/system/files/documents/2026-04/new_bedford_ma_ar25.pdf,new_bedford_ma_ar25.pdf
Newbury,19,https://www.epa.gov/system/files/documents/2026-04/newbury-ma-ar19.pdf,newbury-ma-ar19.pdf
Newbury,20,https://www.epa.gov/system/files/documents/2026-04/newbury-ma-ar20.pdf,newbury-ma-ar20.pdf
Newbury,21,https://www.epa.gov/system/files/documents/2026-04/newbury_ma_ar21.pdf,newbury_ma_ar21.pdf
Newbury,22,https://www.epa.gov/system/files/documents/2026-04/newbury_ma_ar22.pdf,newbury_ma_ar22.pdf
Newbury,23,https://www.epa.gov/system/files/documents/2026-04/newbury_ma_ar23.pdf,newbury_ma_ar23.pdf
Newbury,24,https://www.epa.gov/system/files/documents/2026-04/newbury_ma_ar24.pdf,newbury_ma_ar24.pdf
Newbury,25,https://www.epa.gov/system/files/documents/2026-04/newbury_ma_ar25.pdf,newbury_ma_ar25.pdf
Newburyport,19,https://www.epa.gov/system/files/documents/2026-04/newburyport-ma-ar19.pdf,newburyport-ma-ar19.pdf
Newburyport,20,https://www.epa.gov/system/files/documents/2026-04/newburyport-ma-ar20.pdf,newburyport-ma-ar20.pdf
Newburyport,21,https://www.epa.gov/system/files/documents/2026-04/newburyport_ma_ar21.pdf,newburyport_ma_ar21.pdf
Newburyport,22,https://www.epa.gov/system/files/documents/2026-04/newburyport_ma_ar22.pdf,newburyport_ma_ar22.pdf
Newburyport,23,https://www.epa.gov/system/files/documents/2026-04/newburyport_ma_ar23.pdf,newburyport_ma_ar23.pdf
Newburyport,24,https://www.epa.gov/system/files/documents/2026-04/newburyport_ma_ar24.pdf,newburyport_ma_ar24.pdf
Newburyport,25,https://www.epa.gov/system/files/documents/2026-04/newburyport_ma_ar25.pdf,newburyport_ma_ar25.pdf
Newton,19,https://www.epa.gov/system/files/documents/2026-04/newton-ma-ar19.pdf,newton-ma-ar19.pdf
Newton,20,https://www.epa.gov/system/files/documents/2026-04/newton-ma-ar20.pdf,newton-ma-ar20.pdf
Newton,21,https://www.epa.gov/system/files/documents/2026-04/newton_ma_ar21.pdf,newton_ma_ar21.pdf
Newton,22,https://www.epa.gov/system/files/documents/2026-04/newton_ma_ar22.pdf,newton_ma_ar22.pdf
Newton,23,https://www.epa.gov/system/files/documents/2026-04/newton_ma_ar23.pdf,newton_ma_ar23.pdf
Newton,24,https://www.epa.gov/system/files/documents/2026-04/newton_ma_ar24.pdf,newton_ma_ar24.pdf
Newton,25,https://www.epa.gov/system/files/documents/2026-04/newton_ma_ar25.pdf,newton_ma_ar25.pdf
Norfolk,19,https://www.epa.gov/system/files/documents/2026-04/norfolk-ma-ar19.pdf,norfolk-ma-ar19.pdf
Norfolk,20,https://www.epa.gov/system/files/documents/2026-04/norfolk-ma-ar20.pdf,norfolk-ma-ar20.pdf
Norfolk,21,https://www.epa.gov/system/files/documents/2026-04/norfolk_ma_ar21.pdf,norfolk_ma_ar21.pdf
Norfolk,22,https://www.epa.gov/system/files/documents/2026-04/norfolk_ma_ar22.pdf,norfolk_ma_ar22.pdf
Norfolk,23,https://www.epa.gov/system/files/documents/2026-04/norfolk_ma_ar23.pdf,norfolk_ma_ar23.pdf
Norfolk,24,https://www.epa.gov/system/files/documents/2026-04/norfolk_ma_ar24.pdf,norfolk_ma_ar24.pdf
Norfolk,25,https://www.epa.gov/system/files/documents/2026-04/norfolk_ma_ar25.pdf,norfolk_ma_ar25.pdf
North Andover,19,https://www.epa.gov/system/files/documents/2026-04/north-andover-ma-ar19.pdf,north-andover-ma-ar19.pdf
North Andover,20,https://www.epa.gov/system/files/documents/2026-04/north-andover-ma-ar20.pdf,north-andover-ma-ar20.pdf
North Andover,21,https://www.epa.gov/system/files/documents/2026-04/north_andover_ma_ar21.pdf,north_andover_ma_ar21.pdf
North Andover,22,https://www.epa.gov/system/files/documents/2026-04/north_andover_ma_ar22.pdf,north_andover_ma_ar22.pdf
North Andover,23,https://www.epa.gov/system/files/documents/2026-04/north_andover_ma_ar23.pdf,north_andover_ma_ar23.pdf
North Andover,24,https://www.epa.gov/system/files/documents/2026-04/north_andover_ma_ar24.pdf,north_andover_ma_ar24.pdf
North Andover,25,https://www.epa.gov/system/files/documents/2026-04/north_andover_ma_ar25.pdf,north_andover_ma_ar25.pdf
North Attleborough,19,https://www.epa.gov/system/files/documents/2026-04/north-attleborough-ma-ar19.pdf,north-attleborough-ma-ar19.pdf
North Attleborough,20,https://www.epa.gov/system/files/documents/2026-04/north-attleborough-ma-ar20.pdf,north-attleborough-ma-ar20.pdf
North Attleborough,21,https://www.epa.gov/system/files/documents/2026-04/north_attleborough_ma_ar21.pdf,north_attleborough_ma_ar21.pdf
North Attleborough,22,https://www.epa.gov/system/files/documents/2026-04/north_attleborough_ma_ar22.pdf,north_attleborough_ma_ar22.pdf
North Attleborough,23,https://www.epa.gov/system/files/documents/2026-04/north_attleborough_ma_ar23.pdf,north_attleborough_ma_ar23.pdf
North Attleborough,24,https://www.epa.gov/system/files/documents/2026-04/north_attleborough_ma_ar24.pdf,north_attleborough_ma_ar24.pdf
North Attleborough,25,https://www.epa.gov/system/files/documents/2026-04/north_attleborough_ma_ar25.pdf,north_attleborough_ma_ar25.pdf
North Reading,19,https://www.epa.gov/system/files/documents/2026-04/north-reading-ma-ar19.pdf,north-reading-ma-ar19.pdf
North Reading,20,https://www.epa.gov/system/files/documents/2026-04/north-reading-ma-ar20.pdf,north-reading-ma-ar20.pdf
North Reading,21,https://www.epa.gov/system/files/documents/2026-04/north_reading_ma_ar21.pdf,north_reading_ma_ar21.pdf
North Reading,22,https://www.epa.gov/system/files/documents/2026-04/north_reading_ma_ar22.pdf,north_reading_ma_ar22.pdf
North Reading,23,https://www.epa.gov/system/files/documents/2026-04/north_reading_ma_ar23.pdf,north_reading_ma_ar23.pdf
North Reading,24,https://www.epa.gov/system/files/documents/2026-04/north_reading_ma_ar24.pdf,north_reading_ma_ar24.pdf
North Reading,25,https://www.epa.gov/system/files/documents/2026-04/north_reading_ma_ar25.pdf,north_reading_ma_ar25.pdf
Northampton,19,https://www.epa.gov/system/files/documents/2026-04/northampton-ma-ar19.pdf,northampton-ma-ar19.pdf
Northampton,20,https://www.epa.gov/system/files/documents/2026-04/northampton-ma-ar20.pdf,northampton-ma-ar20.pdf
Northampton,21,https://www.epa.gov/system/files/documents/2026-04/northampton_ma_ar21.pdf,northampton_ma_ar21.pdf
Northampton,22,https://www.epa.gov/system/files/documents/2026-04/northampton_ma_ar22.pdf,northampton_ma_ar22.pdf
Northampton,23,https://www.epa.gov/system/files/documents/2026-04/northampton_ma_ar23.pdf,northampton_ma_ar23.pdf
Northampton,24,https://www.epa.gov/system/files/documents/2026-04/northampton_ma_ar24.pdf,northampton_ma_ar24.pdf
Northampton,25,https://www.epa.gov/system/files/documents/2026-04/northampton_ma_ar25.pdf,northampton_ma_ar25.pdf
Northborough,19,https://www.epa.gov/system/files/documents/2026-04/northborough-ma-ar19.pdf,northborough-ma-ar19.pdf
Northborough,20,https://www.epa.gov/system/files/documents/2026-04/northborough-ma-ar20.pdf,northborough-ma-ar20.pdf
Northborough,21,https://www.epa.gov/system/files/documents/2026-04/northborough_ma_ar21.pdf,northborough_ma_ar21.pdf
Northborough,22,https://www.epa.gov/system/files/documents/2026-04/northborough_ma_ar22.pdf,northborough_ma_ar22.pdf
Northborough,23,https://www.epa.gov/system/files/documents/2026-04/northborough_ma_ar23.pdf,northborough_ma_ar23.pdf
Northborough,24,https://www.epa.gov/system/files/documents/2026-04/northborough_ma_ar24.pdf,northborough_ma_ar24.pdf
Northborough,25,https://www.epa.gov/system/files/documents/2026-04/northborough_ma_ar25.pdf,northborough_ma_ar25.pdf
Northbridge,19,https://www.epa.gov/system/files/documents/2026-04/northbridge-ma-ar19.pdf,northbridge-ma-ar19.pdf
Northbridge,20,https://www.epa.gov/system/files/documents/2026-04/northbridge-ma-ar20.pdf,northbridge-ma-ar20.pdf
Northbridge,21,https://www.epa.gov/system/files/documents/2026-04/northbridge_ma_ar21.pdf,northbridge_ma_ar21.pdf
Northbridge,22,https://www.epa.gov/system/files/documents/2026-04/northbridge_ma_ar22.pdf,northbridge_ma_ar22.pdf
Northbridge,23,https://www.epa.gov/system/files/documents/2026-04/northbridge_ma_ar23.pdf,northbridge_ma_ar23.pdf
Northbridge,24,https://www.epa.gov/system/files/documents/2026-04/northbridge_ma_ar24.pdf,northbridge_ma_ar24.pdf
Northbridge,25,https://www.epa.gov/system/files/documents/2026-04/northbridge_ma_ar25.pdf,northbridge_ma_ar25.pdf
Norton,19,https://www.epa.gov/system/files/documents/2026-04/norton-ma-ar19.pdf,norton-ma-ar19.pdf
Norton,20,https://www.epa.gov/system/files/documents/2026-04/norton-ma-ar20.pdf,norton-ma-ar20.pdf
Norton,21,https://www.epa.gov/system/files/documents/2026-04/norton_ma_ar21.pdf,norton_ma_ar21.pdf
Norton,22,https://www.epa.gov/system/files/documents/2026-04/norton_ma_ar22.pdf,norton_ma_ar22.pdf
Norton,23,https://www.epa.gov/system/files/documents/2026-04/norton_ma_ar23.pdf,norton_ma_ar23.pdf
Norwell,19,https://www.epa.gov/system/files/documents/2026-04/norwell-ma-ar19.pdf,norwell-ma-ar19.pdf
Norwell,20,https://www.epa.gov/system/files/documents/2026-04/norwell-ma-ar20.pdf,norwell-ma-ar20.pdf
Norwell,21,https://www.epa.gov/system/files/documents/2026-04/norwell_ma_ar21.pdf,norwell_ma_ar21.pdf
Norwell,22,https://www.epa.gov/system/files/documents/2026-04/norwell_ma_ar22.pdf,norwell_ma_ar22.pdf
Norwell,23,https://www.epa.gov/system/files/documents/2026-04/norwell_ma_ar23.pdf,norwell_ma_ar23.pdf
Norwell,24,https://www.epa.gov/system/files/documents/2026-04/norwell_ma_ar24.pdf,norwell_ma_ar24.pdf
Norwell,25,https://www.epa.gov/system/files/documents/2026-04/norwell_ma_ar25.pdf,norwell_ma_ar25.pdf
Norwood,19,https://www.epa.gov/system/files/documents/2026-04/norwood-ma-ar19.pdf,norwood-ma-ar19.pdf
Norwood,21,https://www.epa.gov/system/files/documents/2026-04/norwood_ma_ar21.pdf,norwood_ma_ar21.pdf
Norwood,22,https://www.epa.gov/system/files/documents/2026-04/norwood_ma_ar22.pdf,norwood_ma_ar22.pdf
Norwood,23,https://www.epa.gov/system/files/documents/2026-04/norwood_ma_ar23.pdf,norwood_ma_ar23.pdf
Norwood,24,https://www.epa.gov/system/files/documents/2026-04/norwood_ma_ar24.pdf,norwood_ma_ar24.pdf
Norwood,25,https://www.epa.gov/system/files/documents/2026-04/norwood_ma_ar25.pdf,norwood_ma_ar25.pdf
Orleans,19,https://www.epa.gov/system/files/documents/2026-04/orleans-ma-ar19.pdf,orleans-ma-ar19.pdf
Orleans,20,https://www.epa.gov/system/files/documents/2026-04/orleans-ma-ar20.pdf,orleans-ma-ar20.pdf
Orleans,21,https://www.epa.gov/system/files/documents/2026-04/orleans_ma_ar21.pdf,orleans_ma_ar21.pdf
Orleans,22,https://www.epa.gov/system/files/documents/2026-04/orleans_ma_ar22.pdf,orleans_ma_ar22.pdf
Orleans,23,https://www.epa.gov/system/files/documents/2026-04/orleans_ma_ar23.pdf,orleans_ma_ar23.pdf
Orleans,24,https://www.epa.gov/system/files/documents/2026-04/orleans_ma_ar24.pdf,orleans_ma_ar24.pdf
Orleans,25,https://www.epa.gov/system/files/documents/2026-04/orleans_ma_ar25.pdf,orleans_ma_ar25.pdf
Oxford,19,https://www.epa.gov/system/files/documents/2026-04/oxford-ma-ar19.pdf,oxford-ma-ar19.pdf
Oxford,20,https://www.epa.gov/system/files/documents/2026-04/oxford-ma-ar20.pdf,oxford-ma-ar20.pdf
Oxford,21,https://www.epa.gov/system/files/documents/2026-04/oxford_ma_ar21.pdf,oxford_ma_ar21.pdf
Oxford,22,https://www.epa.gov/system/files/documents/2026-04/oxford_ma_ar22.pdf,oxford_ma_ar22.pdf
Oxford,23,https://www.epa.gov/system/files/documents/2026-04/oxford_ma_ar23.pdf,oxford_ma_ar23.pdf
Oxford,24,https://www.epa.gov/system/files/documents/2026-04/oxford_ma_ar24.pdf,oxford_ma_ar24.pdf
Oxford,25,https://www.epa.gov/system/files/documents/2026-04/oxford_ma_ar25.pdf,oxford_ma_ar25.pdf
Palmer,19,https://www.epa.gov/system/files/documents/2026-04/palmer-ma-ar19.pdf,palmer-ma-ar19.pdf
Palmer,20,https://www.epa.gov/system/files/documents/2026-04/palmer-ma-ar20.pdf,palmer-ma-ar20.pdf
Palmer,21,https://www.epa.gov/system/files/documents/2026-04/palmer_ma_ar21.pdf,palmer_ma_ar21.pdf
Palmer,22,https://www.epa.gov/system/files/documents/2026-04/palmer_ma_ar22.pdf,palmer_ma_ar22.pdf
Palmer,23,https://www.epa.gov/system/files/documents/2026-04/palmer_ma_ar23.pdf,palmer_ma_ar23.pdf
Palmer,24,https://www.epa.gov/system/files/documents/2026-04/palmer_ma_ar24.pdf,palmer_ma_ar24.pdf
Palmer,25,https://www.epa.gov/system/files/documents/2026-04/palmer_ma_ar25.pdf,palmer_ma_ar25.pdf
Paxton,19,https://www.epa.gov/system/files/documents/2026-04/paxton-ma-ar19.pdf,paxton-ma-ar19.pdf
Paxton,20,https://www.epa.gov/system/files/documents/2026-04/paxton-ma-ar20.pdf,paxton-ma-ar20.pdf
Paxton,21,https://www.epa.gov/system/files/documents/2026-04/paxton_ma_ar21.pdf,paxton_ma_ar21.pdf
Paxton,22,https://www.epa.gov/system/files/documents/2026-04/paxton_ma_ar22.pdf,paxton_ma_ar22.pdf
Paxton,23,https://www.epa.gov/system/files/documents/2026-04/paxton_ma_ar23.pdf,paxton_ma_ar23.pdf
Paxton,24,https://www.epa.gov/system/files/documents/2026-04/paxton_ma_ar24.pdf,paxton_ma_ar24.pdf
Paxton,25,https://www.epa.gov/system/files/documents/2026-04/paxton_ma_ar25.pdf,paxton_ma_ar25.pdf
Peabody,19,https://www.epa.gov/system/files/documents/2026-04/peabody-ma-ar19.pdf,peabody-ma-ar19.pdf
Peabody,20,https://www.epa.gov/system/files/documents/2026-04/peabody-ma-ar20.pdf,peabody-ma-ar20.pdf
Peabody,21,https://www.epa.gov/system/files/documents/2026-04/peabody_ma_ar21.pdf,peabody_ma_ar21.pdf
Peabody,22,https://www.epa.gov/system/files/documents/2026-04/peabody_ma_ar22.pdf,peabody_ma_ar22.pdf
Peabody,23,https://www.epa.gov/system/files/documents/2026-04/peabody_ma_ar23.pdf,peabody_ma_ar23.pdf
Peabody,24,https://www.epa.gov/system/files/documents/2026-04/peabody_ma_ar24.pdf,peabody_ma_ar24.pdf
Peabody,25,https://www.epa.gov/system/files/documents/2026-04/peabody_ma_ar25.pdf,peabody_ma_ar25.pdf
Pembroke,19,https://www.epa.gov/system/files/documents/2026-04/pembroke-ma-ar19.pdf,pembroke-ma-ar19.pdf
Pembroke,20,https://www.epa.gov/system/files/documents/2026-04/pembroke-ma-ar20.pdf,pembroke-ma-ar20.pdf
Pembroke,21,https://www.epa.gov/system/files/documents/2026-04/pembroke_ma_ar21.pdf,pembroke_ma_ar21.pdf
Pembroke,22,https://www.epa.gov/system/files/documents/2026-04/pembroke_ma_ar22.pdf,pembroke_ma_ar22.pdf
Pembroke,23,https://www.epa.gov/system/files/documents/2026-04/pembroke_ma_ar23.pdf,pembroke_ma_ar23.pdf
Pembroke,24,https://www.epa.gov/system/files/documents/2026-04/pembroke_ma_ar24.pdf,pembroke_ma_ar24.pdf
Pembroke,25,https://www.epa.gov/system/files/documents/2026-04/pembroke_ma_ar25.pdf,pembroke_ma_ar25.pdf
Pepperell,19,https://www.epa.gov/system/files/documents/2026-04/pepperell-ma-ar19.pdf,pepperell-ma-ar19.pdf
Pepperell,20,https://www.epa.gov/system/files/documents/2026-04/pepperell-ma-ar20.pdf,pepperell-ma-ar20.pdf
Pepperell,21,https://www.epa.gov/system/files/documents/2026-04/pepperell_ma_ar21.pdf,pepperell_ma_ar21.pdf
Pepperell,22,https://www.epa.gov/system/files/documents/2026-04/pepperell_ma_ar22.pdf,pepperell_ma_ar22.pdf
Pepperell,23,https://www.epa.gov/system/files/documents/2026-04/pepperell_ma_ar23.pdf,pepperell_ma_ar23.pdf
Pepperell,24,https://www.epa.gov/system/files/documents/2026-04/pepperell_ma_ar24.pdf,pepperell_ma_ar24.pdf
Pepperell,25,https://www.epa.gov/system/files/documents/2026-04/pepperell_ma_ar25.pdf,pepperell_ma_ar25.pdf
Pittsfield,19,https://www.epa.gov/system/files/documents/2026-04/pittsfield-ma-ar19.pdf,pittsfield-ma-ar19.pdf
Pittsfield,20,https://www.epa.gov/system/files/documents/2026-04/pittsfield-ma-ar20.pdf,pittsfield-ma-ar20.pdf
Pittsfield,21,https://www.epa.gov/system/files/documents/2026-04/pittsfield_ma_ar21.pdf,pittsfield_ma_ar21.pdf
Pittsfield,22,https://www.epa.gov/system/files/documents/2026-04/pittsfield_ma_ar22.pdf,pittsfield_ma_ar22.pdf
Pittsfield,23,https://www.epa.gov/system/files/documents/2026-04/pittsfield_ma_ar23.pdf,pittsfield_ma_ar23.pdf
Pittsfield,24,https://www.epa.gov/system/files/documents/2026-04/pittsfield_ma_ar24.pdf,pittsfield_ma_ar24.pdf
Pittsfield,25,https://www.epa.gov/system/files/documents/2026-04/pittsfield_ma_ar25.pdf,pittsfield_ma_ar25.pdf
Plainville,19,https://www.epa.gov/system/files/documents/2026-04/plainville-ma-ar19.pdf,plainville-ma-ar19.pdf
Plainville,20,https://www.epa.gov/system/files/documents/2026-04/plainville-ma-ar20.pdf,plainville-ma-ar20.pdf
Plainville,21,https://www.epa.gov/system/files/documents/2026-04/plainville_ma_ar21.pdf,plainville_ma_ar21.pdf
Plainville,22,https://www.epa.gov/system/files/documents/2026-04/plainville_ma_ar22.pdf,plainville_ma_ar22.pdf
Plainville,23,https://www.epa.gov/system/files/documents/2026-04/plainville_ma_ar23.pdf,plainville_ma_ar23.pdf
Plainville,24,https://www.epa.gov/system/files/documents/2026-04/plainville_ma_ar24.pdf,plainville_ma_ar24.pdf
Plainville,25,https://www.epa.gov/system/files/documents/2026-04/plainville_ma_ar25.pdf,plainville_ma_ar25.pdf
Plymouth,19,https://www.epa.gov/system/files/documents/2026-04/plymouth-ma-ar19.pdf,plymouth-ma-ar19.pdf
Plymouth,20,https://www.epa.gov/system/files/documents/2026-04/plymouth-ma-ar20.pdf,plymouth-ma-ar20.pdf
Plymouth,21,https://www.epa.gov/system/files/documents/2026-04/plymouth_ma_ar21.pdf,plymouth_ma_ar21.pdf
Plymouth,22,https://www.epa.gov/system/files/documents/2026-04/plymouth_ma_ar22.pdf,plymouth_ma_ar22.pdf
Plymouth,23,https://www.epa.gov/system/files/documents/2026-04/plymouth_ma_ar23.pdf,plymouth_ma_ar23.pdf
Plymouth,25,https://www.epa.gov/system/files/documents/2026-04/plymouth_ma_ar25.pdf,plymouth_ma_ar25.pdf
Quincy,19,https://www.epa.gov/system/files/documents/2026-04/quincy-ma-ar19.pdf,quincy-ma-ar19.pdf
Quincy,20,https://www.epa.gov/system/files/documents/2026-04/quincy-ma-ar20.pdf,quincy-ma-ar20.pdf
Quincy,21,https://www.epa.gov/system/files/documents/2026-04/quincy_ma_ar21.pdf,quincy_ma_ar21.pdf
Quincy,22,https://www.epa.gov/system/files/documents/2026-04/quincy_ma_ar22.pdf,quincy_ma_ar22.pdf
Quincy,23,https://www.epa.gov/system/files/documents/2026-04/quincy_ma_ar23.pdf,quincy_ma_ar23.pdf
Quincy,24,https://www.epa.gov/system/files/documents/2026-04/quincy_ma_ar24.pdf,quincy_ma_ar24.pdf
Quincy,25,https://www.epa.gov/system/files/documents/2026-04/quincy_ma_ar25.pdf,quincy_ma_ar25.pdf
Randolph,19,https://www.epa.gov/system/files/documents/2026-04/randolph-ma-ar19.pdf,randolph-ma-ar19.pdf
Randolph,20,https://www.epa.gov/system/files/documents/2026-04/randolph-ma-ar20.pdf,randolph-ma-ar20.pdf
Randolph,21,https://www.epa.gov/system/files/documents/2026-04/randolph_ma_ar21.pdf,randolph_ma_ar21.pdf
Randolph,22,https://www.epa.gov/system/files/documents/2026-04/randolph_ma_ar22.pdf,randolph_ma_ar22.pdf
Randolph,23,https://www.epa.gov/system/files/documents/2026-04/randolph_ma_ar23.pdf,randolph_ma_ar23.pdf
Randolph,24,https://www.epa.gov/system/files/documents/2026-04/randolph_ma_ar24.pdf,randolph_ma_ar24.pdf
Randolph,25,https://www.epa.gov/system/files/documents/2026-04/randolph_ma_ar25.pdf,randolph_ma_ar25.pdf
Raynham,19,https://www.epa.gov/system/files/documents/2026-04/raynham-ma-ar19.pdf,raynham-ma-ar19.pdf
Raynham,20,https://www.epa.gov/system/files/documents/2026-04/raynham-ma-ar20.pdf,raynham-ma-ar20.pdf
Raynham,21,https://www.epa.gov/system/files/documents/2026-04/raynham_ma_ar21.pdf,raynham_ma_ar21.pdf
Raynham,22,https://www.epa.gov/system/files/documents/2026-04/raynham_ma_ar22.pdf,raynham_ma_ar22.pdf
Raynham,23,https://www.epa.gov/system/files/documents/2026-04/raynham_ma_ar23.pdf,raynham_ma_ar23.pdf
Raynham,24,https://www.epa.gov/system/files/documents/2026-04/raynham_ma_ar24.pdf,raynham_ma_ar24.pdf
Raynham,25,https://www.epa.gov/system/files/documents/2026-04/raynham_ma_ar25.pdf,raynham_ma_ar25.pdf
Reading,19,https://www.epa.gov/system/files/documents/2026-04/reading-ma-ar19.pdf,reading-ma-ar19.pdf
Reading,21,https://www.epa.gov/system/files/documents/2026-04/reading_ma_ar21.pdf,reading_ma_ar21.pdf
Reading,22,https://www.epa.gov/system/files/documents/2026-04/reading_ma_ar22.pdf,reading_ma_ar22.pdf
Reading,23,https://www.epa.gov/system/files/documents/2026-04/reading_ma_ar23.pdf,reading_ma_ar23.pdf
Reading,24,https://www.epa.gov/system/files/documents/2026-04/reading_ma_ar24.pdf,reading_ma_ar24.pdf
Reading,25,https://www.epa.gov/system/files/documents/2026-04/reading_ma_ar25.pdf,reading_ma_ar25.pdf
Rehoboth,19,https://www.epa.gov/system/files/documents/2026-04/rehoboth-ma-ar19.pdf,rehoboth-ma-ar19.pdf
Rehoboth,20,https://www.epa.gov/system/files/documents/2026-04/rehoboth-ma-ar20.pdf,rehoboth-ma-ar20.pdf
Rehoboth,21,https://www.epa.gov/system/files/documents/2026-04/rehoboth_ma_ar21.pdf,rehoboth_ma_ar21.pdf
Rehoboth,22,https://www.epa.gov/system/files/documents/2026-04/rehoboth_ma_ar22.pdf,rehoboth_ma_ar22.pdf
Rehoboth,23,https://www.epa.gov/system/files/documents/2026-04/rehoboth_ma_ar23.pdf,rehoboth_ma_ar23.pdf
Rehoboth,24,https://www.epa.gov/system/files/documents/2026-04/rehoboth_ma_ar24.pdf,rehoboth_ma_ar24.pdf
Rehoboth,25,https://www.epa.gov/system/files/documents/2026-04/rehoboth_ma_ar25.pdf,rehoboth_ma_ar25.pdf
Revere,19,https://www.epa.gov/system/files/documents/2026-04/revere-ma-ar19.pdf,revere-ma-ar19.pdf
Revere,20,https://www.epa.gov/system/files/documents/2026-04/revere-ma-ar20.pdf,revere-ma-ar20.pdf
Revere,21,https://www.epa.gov/system/files/documents/2026-04/revere_ma_ar21.pdf,revere_ma_ar21.pdf
Revere,22,https://www.epa.gov/system/files/documents/2026-04/revere_ma_ar22.pdf,revere_ma_ar22.pdf
Revere,23,https://www.epa.gov/system/files/documents/2026-04/revere_ma_ar23.pdf,revere_ma_ar23.pdf
Revere,24,https://www.epa.gov/system/files/documents/2026-04/revere_ma_ar24.pdf,revere_ma_ar24.pdf
Revere,25,https://www.epa.gov/system/files/documents/2026-04/revere_ma_ar25.pdf,revere_ma_ar25.pdf
Rockland,19,https://www.epa.gov/system/files/documents/2026-04/rockland-ma-ar19.pdf,rockland-ma-ar19.pdf
Rockland,20,https://www.epa.gov/system/files/documents/2026-04/rockland-ma-ar20.pdf,rockland-ma-ar20.pdf
Rockland,21,https://www.epa.gov/system/files/documents/2026-04/rockland_ma_ar21.pdf,rockland_ma_ar21.pdf
Rockland,22,https://www.epa.gov/system/files/documents/2026-04/rockland_ma_ar22.pdf,rockland_ma_ar22.pdf
Rockland,24,https://www.epa.gov/system/files/documents/2026-04/rockland_ma_ar24.pdf,rockland_ma_ar24.pdf
Rockland,25,https://www.epa.gov/system/files/documents/2026-04/rockland_ma_ar25.pdf,rockland_ma_ar25.pdf
Rockport,19,https://www.epa.gov/system/files/documents/2026-04/rockport-ma-ar19.pdf,rockport-ma-ar19.pdf
Rockport,20,https://www.epa.gov/system/files/documents/2026-04/rockport-ma-ar20.pdf,rockport-ma-ar20.pdf
Rockport,21,https://www.epa.gov/system/files/documents/2026-04/rockport_ma_ar21.pdf,rockport_ma_ar21.pdf
Rockport,22,https://www.epa.gov/system/files/documents/2026-04/rockport_ma_ar22.pdf,rockport_ma_ar22.pdf
Rockport,23,https://www.epa.gov/system/files/documents/2026-04/rockport_ma_ar23.pdf,rockport_ma_ar23.pdf
Rockport,24,https://www.epa.gov/system/files/documents/2026-04/rockport_ma_ar24.pdf,rockport_ma_ar24.pdf
Rockport,25,https://www.epa.gov/system/files/documents/2026-04/rockport_ma_ar25.pdf,rockport_ma_ar25.pdf
Rowley,19,https://www.epa.gov/system/files/documents/2026-04/rowley-ma-ar19.pdf,rowley-ma-ar19.pdf
Rowley,20,https://www.epa.gov/system/files/documents/2026-04/rowley-ma-ar20.pdf,rowley-ma-ar20.pdf
Rowley,21,https://www.epa.gov/system/files/documents/2026-04/rowley_ma_ar21.pdf,rowley_ma_ar21.pdf
Rowley,22,https://www.epa.gov/system/files/documents/2026-04/rowley_ma_ar22.pdf,rowley_ma_ar22.pdf
Rowley,23,https://www.epa.gov/system/files/documents/2026-04/rowley_ma_ar23.pdf,rowley_ma_ar23.pdf
Rowley,24,https://www.epa.gov/system/files/documents/2026-04/rowley_ma_ar24.pdf,rowley_ma_ar24.pdf
Rowley,25,https://www.epa.gov/system/files/documents/2026-04/rowley_ma_ar25.pdf,rowley_ma_ar25.pdf
Rutland,19,https://www.epa.gov/system/files/documents/2026-04/rutland-ma-ar19.pdf,rutland-ma-ar19.pdf
Rutland,20,https://www.epa.gov/system/files/documents/2026-04/rutland-ma-ar20.pdf,rutland-ma-ar20.pdf
Rutland,21,https://www.epa.gov/system/files/documents/2026-04/rutland_ma_ar21.pdf,rutland_ma_ar21.pdf
Rutland,22,https://www.epa.gov/system/files/documents/2026-04/rutland_ma_ar22.pdf,rutland_ma_ar22.pdf
Rutland,23,https://www.epa.gov/system/files/documents/2026-04/rutland_ma_ar23.pdf,rutland_ma_ar23.pdf
Rutland,24,https://www.epa.gov/system/files/documents/2026-04/rutland_ma_ar24.pdf,rutland_ma_ar24.pdf
Rutland,25,https://www.epa.gov/system/files/documents/2026-04/rutland_ma_ar25.pdf,rutland_ma_ar25.pdf
Salem,19,https://www.epa.gov/system/files/documents/2026-04/salem-ma-ar19.pdf,salem-ma-ar19.pdf
Salem,20,https://www.epa.gov/system/files/documents/2026-04/salem-ma-ar20.pdf,salem-ma-ar20.pdf
Salem,21,https://www.epa.gov/system/files/documents/2026-04/salem_ma_ar21.pdf,salem_ma_ar21.pdf
Salem,22,https://www.epa.gov/system/files/documents/2026-04/salem_ma_ar22.pdf,salem_ma_ar22.pdf
Salem,23,https://www.epa.gov/system/files/documents/2026-04/salem_ma_ar23.pdf,salem_ma_ar23.pdf
Salem,24,https://www.epa.gov/system/files/documents/2026-04/salem_ma_ar24.pdf,salem_ma_ar24.pdf
Salem,25,https://www.epa.gov/system/files/documents/2026-04/salem_ma_ar25.pdf,salem_ma_ar25.pdf
Salisbury,19,https://www.epa.gov/system/files/documents/2026-04/salisbury-ma-ar19.pdf,salisbury-ma-ar19.pdf
Salisbury,20,https://www.epa.gov/system/files/documents/2026-04/salisbury-ma-ar20.pdf,salisbury-ma-ar20.pdf
Salisbury,21,https://www.epa.gov/system/files/documents/2026-04/salisbury_ma_ar21.pdf,salisbury_ma_ar21.pdf
Salisbury,22,https://www.epa.gov/system/files/documents/2026-04/salisbury_ma_ar22.pdf,salisbury_ma_ar22.pdf
Salisbury,23,https://www.epa.gov/system/files/documents/2026-04/salisbury_ma_ar23.pdf,salisbury_ma_ar23.pdf
Salisbury,24,https://www.epa.gov/system/files/documents/2026-04/salisbury_ma_ar24.pdf,salisbury_ma_ar24.pdf
Salisbury,25,https://www.epa.gov/system/files/documents/2026-04/salisbury_ma_ar25.pdf,salisbury_ma_ar25.pdf
Sandwich,19,https://www.epa.gov/system/files/documents/2026-04/sandwich-ma-ar19.pdf,sandwich-ma-ar19.pdf
Sandwich,20,https://www.epa.gov/system/files/documents/2026-04/sandwich-ma-ar20.pdf,sandwich-ma-ar20.pdf
Sandwich,21,https://www.epa.gov/system/files/documents/2026-04/sandwich_ma_ar21.pdf,sandwich_ma_ar21.pdf
Sandwich,22,https://www.epa.gov/system/files/documents/2026-04/sandwich_ma_ar22.pdf,sandwich_ma_ar22.pdf
Sandwich,23,https://www.epa.gov/system/files/documents/2026-04/sandwich_ma_ar23.pdf,sandwich_ma_ar23.pdf
Sandwich,24,https://www.epa.gov/system/files/documents/2026-04/sandwich_ma_ar24.pdf,sandwich_ma_ar24.pdf
Sandwich,25,https://www.epa.gov/system/files/documents/2026-04/sandwich_ma_ar25.pdf,sandwich_ma_ar25.pdf
Saugus,19,https://www.epa.gov/system/files/documents/2026-04/saugus-ma-ar19.pdf,saugus-ma-ar19.pdf
Saugus,20,https://www.epa.gov/system/files/documents/2026-04/saugus-ma-ar20.pdf,saugus-ma-ar20.pdf
Saugus,21,https://www.epa.gov/system/files/documents/2026-04/saugus_ma_ar21.pdf,saugus_ma_ar21.pdf
Saugus,22,https://www.epa.gov/system/files/documents/2026-04/saugus_ma_ar22.pdf,saugus_ma_ar22.pdf
Saugus,23,https://www.epa.gov/system/files/documents/2026-04/saugus_ma_ar23.pdf,saugus_ma_ar23.pdf
Saugus,24,https://www.epa.gov/system/files/documents/2026-04/saugus_ma_ar24.pdf,saugus_ma_ar24.pdf
Saugus,25,https://www.epa.gov/system/files/documents/2026-04/saugus_ma_ar25.pdf,saugus_ma_ar25.pdf
Scituate,19,https://www.epa.gov/system/files/documents/2026-04/scituate-ma-ar19.pdf,scituate-ma-ar19.pdf
Scituate,20,https://www.epa.gov/system/files/documents/2026-04/scituate-ma-ar20.pdf,scituate-ma-ar20.pdf
Scituate,21,https://www.epa.gov/system/files/documents/2026-04/scituate_ma_ar21.pdf,scituate_ma_ar21.pdf
Scituate,22,https://www.epa.gov/system/files/documents/2026-04/scituate_ma_ar22.pdf,scituate_ma_ar22.pdf
Scituate,23,https://www.epa.gov/system/files/documents/2026-04/scituate_ma_ar23.pdf,scituate_ma_ar23.pdf
Scituate,24,https://www.epa.gov/system/files/documents/2026-04/scituate_ma_ar24.pdf,scituate_ma_ar24.pdf
Scituate,25,https://www.epa.gov/system/files/documents/2026-04/scituate_ma_ar25.pdf,scituate_ma_ar25.pdf
Seekonk,20,https://www.epa.gov/system/files/documents/2026-04/seekonk-ma-ar20.pdf,seekonk-ma-ar20.pdf
Seekonk,21,https://www.epa.gov/system/files/documents/2026-04/seekonk_ma_ar21.pdf,seekonk_ma_ar21.pdf
Seekonk,22,https://www.epa.gov/system/files/documents/2026-04/seekonk_ma_ar22.pdf,seekonk_ma_ar22.pdf
Seekonk,23,https://www.epa.gov/system/files/documents/2026-04/seekonk_ma_ar23.pdf,seekonk_ma_ar23.pdf
Seekonk,24,https://www.epa.gov/system/files/documents/2026-04/seekonk_ma_ar24.pdf,seekonk_ma_ar24.pdf
Sharon,19,https://www.epa.gov/system/files/documents/2026-04/sharon-ma-ar19.pdf,sharon-ma-ar19.pdf
Sharon,20,https://www.epa.gov/system/files/documents/2026-04/sharon-ma-ar20.pdf,sharon-ma-ar20.pdf
Sharon,21,https://www.epa.gov/system/files/documents/2026-04/sharon_ma_ar21.pdf,sharon_ma_ar21.pdf
Sharon,22,https://www.epa.gov/system/files/documents/2026-04/sharon_ma_ar22.pdf,sharon_ma_ar22.pdf
Sharon,23,https://www.epa.gov/system/files/documents/2026-04/sharon_ma_ar23.pdf,sharon_ma_ar23.pdf
Sharon,24,https://www.epa.gov/system/files/documents/2026-04/sharon_ma_ar24.pdf,sharon_ma_ar24.pdf
Sharon,25,https://www.epa.gov/system/files/documents/2026-04/sharon_ma_ar25.pdf,sharon_ma_ar25.pdf
Sherborn,19,https://www.epa.gov/system/files/documents/2026-04/sherborn-ma-ar19.pdf,sherborn-ma-ar19.pdf
Sherborn,20,https://www.epa.gov/system/files/documents/2026-04/sherborn-ma-ar20.pdf,sherborn-ma-ar20.pdf
Sherborn,21,https://www.epa.gov/system/files/documents/2026-04/sherborn_ma_ar21.pdf,sherborn_ma_ar21.pdf
Sherborn,22,https://www.epa.gov/system/files/documents/2026-04/sherborn_ma_ar22.pdf,sherborn_ma_ar22.pdf
Sherborn,23,https://www.epa.gov/system/files/documents/2026-04/sherborn_ma_ar23.pdf,sherborn_ma_ar23.pdf
Sherborn,24,https://www.epa.gov/system/files/documents/2026-04/sherborn_ma_ar24.pdf,sherborn_ma_ar24.pdf
Sherborn,25,https://www.epa.gov/system/files/documents/2026-04/sherborn_ma_ar25.pdf,sherborn_ma_ar25.pdf
Shirley,20,https://www.epa.gov/system/files/documents/2026-04/shirley-ma-ar20.pdf,shirley-ma-ar20.pdf
Shirley,21,https://www.epa.gov/system/files/documents/2026-04/shirley_ma_ar21.pdf,shirley_ma_ar21.pdf
Shirley,22,https://www.epa.gov/system/files/documents/2026-04/shirley_ma_ar22.pdf,shirley_ma_ar22.pdf
Shirley,25,https://www.epa.gov/system/files/documents/2026-04/shirley_ma_ar25.pdf,shirley_ma_ar25.pdf
Shrewsbury,19,https://www.epa.gov/system/files/documents/2026-04/shrewsbury-ma-ar19.pdf,shrewsbury-ma-ar19.pdf
Shrewsbury,20,https://www.epa.gov/system/files/documents/2026-04/shrewsbury-ma-ar20.pdf,shrewsbury-ma-ar20.pdf
Shrewsbury,21,https://www.epa.gov/system/files/documents/2026-04/shrewsbury_ma_ar21.pdf,shrewsbury_ma_ar21.pdf
Shrewsbury,22,https://www.epa.gov/system/files/documents/2026-04/shrewsbury_ma_ar22.pdf,shrewsbury_ma_ar22.pdf
Shrewsbury,23,https://www.epa.gov/system/files/documents/2026-04/shrewsbury_ma_ar23.pdf,shrewsbury_ma_ar23.pdf
Shrewsbury,24,https://www.epa.gov/system/files/documents/2026-04/shrewsbury_ma_ar24.pdf,shrewsbury_ma_ar24.pdf
Shrewsbury,25,https://www.epa.gov/system/files/documents/2026-04/shrewsbury_ma_ar25.pdf,shrewsbury_ma_ar25.pdf
Somerset,19,https://www.epa.gov/system/files/documents/2026-04/somerset-ma-ar19.pdf,somerset-ma-ar19.pdf
Somerset,20,https://www.epa.gov/system/files/documents/2026-04/somerset-ma-ar20.pdf,somerset-ma-ar20.pdf
Somerset,21,https://www.epa.gov/system/files/documents/2026-04/somerset_ma_ar21.pdf,somerset_ma_ar21.pdf
Somerset,22,https://www.epa.gov/system/files/documents/2026-04/somerset_ma_ar22.pdf,somerset_ma_ar22.pdf
Somerset,23,https://www.epa.gov/system/files/documents/2026-04/somerset_ma_ar23.pdf,somerset_ma_ar23.pdf
Somerset,24,https://www.epa.gov/system/files/documents/2026-04/somerset_ma_ar24.pdf,somerset_ma_ar24.pdf
Somerset,25,https://www.epa.gov/system/files/documents/2026-04/somerset_ma_ar25.pdf,somerset_ma_ar25.pdf
Somerville,19,https://www.epa.gov/system/files/documents/2026-04/somerville-ma-ar19.pdf,somerville-ma-ar19.pdf
Somerville,20,https://www.epa.gov/system/files/documents/2026-04/somerville-ma-ar20.pdf,somerville-ma-ar20.pdf
Somerville,21,https://www.epa.gov/system/files/documents/2026-04/somerville_ma_ar21.pdf,somerville_ma_ar21.pdf
Somerville,22,https://www.epa.gov/system/files/documents/2026-04/somerville_ma_ar22.pdf,somerville_ma_ar22.pdf
Somerville,23,https://www.epa.gov/system/files/documents/2026-04/somerville_ma_ar23.pdf,somerville_ma_ar23.pdf
Somerville,24,https://www.epa.gov/system/files/documents/2026-04/somerville_ma_ar24.pdf,somerville_ma_ar24.pdf
Somerville,25,https://www.epa.gov/system/files/documents/2026-04/somerville_ma_ar25.pdf,somerville_ma_ar25.pdf
South Hadley,19,https://www.epa.gov/system/files/documents/2026-04/south-hadley-ma-ar19.pdf,south-hadley-ma-ar19.pdf
South Hadley,20,https://www.epa.gov/system/files/documents/2026-04/south-hadley-ma-ar20.pdf,south-hadley-ma-ar20.pdf
South Hadley,21,https://www.epa.gov/system/files/documents/2026-04/south_hadley_ma_ar21.pdf,south_hadley_ma_ar21.pdf
South Hadley,22,https://www.epa.gov/system/files/documents/2026-04/south_hadley_ma_ar22.pdf,south_hadley_ma_ar22.pdf
South Hadley,23,https://www.epa.gov/system/files/documents/2026-04/south_hadley_ma_ar23.pdf,south_hadley_ma_ar23.pdf
South Hadley,24,https://www.epa.gov/system/files/documents/2026-04/south_hadley_ma_ar24.pdf,south_hadley_ma_ar24.pdf
South Hadley,25,https://www.epa.gov/system/files/documents/2026-04/south_hadley_ma_ar25.pdf,south_hadley_ma_ar25.pdf
Southampton,19,https://www.epa.gov/system/files/documents/2026-04/southampton-ma-ar19.pdf,southampton-ma-ar19.pdf
Southampton,20,https://www.epa.gov/system/files/documents/2026-04/southampton-ma-ar20.pdf,southampton-ma-ar20.pdf
Southampton,21,https://www.epa.gov/system/files/documents/2026-04/southampton_ma_ar21.pdf,southampton_ma_ar21.pdf
Southampton,22,https://www.epa.gov/system/files/documents/2026-04/southampton_ma_ar22.pdf,southampton_ma_ar22.pdf
Southampton,23,https://www.epa.gov/system/files/documents/2026-04/southampton_ma_ar23.pdf,southampton_ma_ar23.pdf
Southampton,24,https://www.epa.gov/system/files/documents/2026-04/southampton_ma_ar24.pdf,southampton_ma_ar24.pdf
Southampton,25,https://www.epa.gov/system/files/documents/2026-04/southampton_ma_ar25.pdf,southampton_ma_ar25.pdf
Southborough,19,https://www.epa.gov/system/files/documents/2026-04/southborough-ma-ar19.pdf,southborough-ma-ar19.pdf
Southborough,20,https://www.epa.gov/system/files/documents/2026-04/southborough-ma-ar20.pdf,southborough-ma-ar20.pdf
Southborough,21,https://www.epa.gov/system/files/documents/2026-04/southborough_ma_ar21.pdf,southborough_ma_ar21.pdf
Southborough,22,https://www.epa.gov/system/files/documents/2026-04/southborough_ma_ar22.pdf,southborough_ma_ar22.pdf
Southborough,23,https://www.epa.gov/system/files/documents/2026-04/southborough_ma_ar23.pdf,southborough_ma_ar23.pdf
Southborough,24,https://www.epa.gov/system/files/documents/2026-04/southborough_ma_ar24.pdf,southborough_ma_ar24.pdf
Southborough,25,https://www.epa.gov/system/files/documents/2026-04/southborough_ma_ar25.pdf,southborough_ma_ar25.pdf
Southbridge,19,https://www.epa.gov/system/files/documents/2026-04/southbridge-ma-ar19.pdf,southbridge-ma-ar19.pdf
Southbridge,20,https://www.epa.gov/system/files/documents/2026-04/southbridge-ma-ar20.pdf,southbridge-ma-ar20.pdf
Southbridge,21,https://www.epa.gov/system/files/documents/2026-04/southbridge_ma_ar21.pdf,southbridge_ma_ar21.pdf
Southbridge,23,https://www.epa.gov/system/files/documents/2026-04/southbridge_ma_ar23.pdf,southbridge_ma_ar23.pdf
Southbridge,24,https://www.epa.gov/system/files/documents/2026-04/southbridge_ma_ar24.pdf,southbridge_ma_ar24.pdf
Southbridge,25,https://www.epa.gov/system/files/documents/2026-04/southbridge_ma_ar25.pdf,southbridge_ma_ar25.pdf
Southwick,19,https://www.epa.gov/system/files/documents/2026-04/southwick-ma-ar19.pdf,southwick-ma-ar19.pdf
Southwick,20,https://www.epa.gov/system/files/documents/2026-04/southwick-ma-ar20.pdf,southwick-ma-ar20.pdf
Southwick,21,https://www.epa.gov/system/files/documents/2026-04/southwick_ma_ar21.pdf,southwick_ma_ar21.pdf
Southwick,22,https://www.epa.gov/system/files/documents/2026-04/southwick_ma_ar22.pdf,southwick_ma_ar22.pdf
Southwick,23,https://www.epa.gov/system/files/documents/2026-04/southwick_ma_ar23.pdf,southwick_ma_ar23.pdf
Southwick,24,https://www.epa.gov/system/files/documents/2026-04/southwick-ma-ar24.pdf,southwick-ma-ar24.pdf
Southwick,25,https://www.epa.gov/system/files/documents/2026-04/southwick_ma_ar25.pdf,southwick_ma_ar25.pdf
Spencer,19,https://www.epa.gov/system/files/documents/2026-04/spencer-ma-ar19.pdf,spencer-ma-ar19.pdf
Spencer,20,https://www.epa.gov/system/files/documents/2026-04/spencer-ma-ar20.pdf,spencer-ma-ar20.pdf
Spencer,21,https://www.epa.gov/system/files/documents/2026-04/spencer_ma_ar21.pdf,spencer_ma_ar21.pdf
Spencer,22,https://www.epa.gov/system/files/documents/2026-04/spencer_ma_ar22.pdf,spencer_ma_ar22.pdf
Spencer,23,https://www.epa.gov/system/files/documents/2026-04/spencer_ma_ar23.pdf,spencer_ma_ar23.pdf
Spencer,24,https://www.epa.gov/system/files/documents/2026-04/spencer_ma_ar24.pdf,spencer_ma_ar24.pdf
Spencer,25,https://www.epa.gov/system/files/documents/2026-04/spencer_ma_ar25.pdf,spencer_ma_ar25.pdf
Springfield,19,https://www.epa.gov/system/files/documents/2026-04/springfield-ma-ar19.pdf,springfield-ma-ar19.pdf
Springfield,20,https://www.epa.gov/system/files/documents/2026-04/springfield-ma-ar20.pdf,springfield-ma-ar20.pdf
Springfield,21,https://www.epa.gov/system/files/documents/2026-04/springfield_ma_ar21.pdf,springfield_ma_ar21.pdf
Sterling,19,https://www.epa.gov/system/files/documents/2026-04/sterling-ma-ar19.pdf,sterling-ma-ar19.pdf
Sterling,20,https://www.epa.gov/system/files/documents/2026-04/sterling-ma-ar20.pdf,sterling-ma-ar20.pdf
Sterling,21,https://www.epa.gov/system/files/documents/2026-04/sterling_ma_ar21.pdf,sterling_ma_ar21.pdf
Sterling,22,https://www.epa.gov/system/files/documents/2026-04/sterling_ma_ar22.pdf,sterling_ma_ar22.pdf
Sterling,23,https://www.epa.gov/system/files/documents/2026-04/sterling_ma_ar23.pdf,sterling_ma_ar23.pdf
Sterling,25,https://www.epa.gov/system/files/documents/2026-04/sterling_ma_ar25.pdf,sterling_ma_ar25.pdf
Stoneham,19,https://www.epa.gov/system/files/documents/2026-04/stoneham-ma-ar19.pdf,stoneham-ma-ar19.pdf
Stoneham,20,https://www.epa.gov/system/files/documents/2026-04/stoneham-ma-ar20.pdf,stoneham-ma-ar20.pdf
Stoneham,21,https://www.epa.gov/system/files/documents/2026-04/stoneham_ma_ar21.pdf,stoneham_ma_ar21.pdf
Stoneham,22,https://www.epa.gov/system/files/documents/2026-04/stoneham_ma_ar22.pdf,stoneham_ma_ar22.pdf
Stoneham,23,https://www.epa.gov/system/files/documents/2026-04/stoneham_ma_ar23.pdf,stoneham_ma_ar23.pdf
Stoneham,24,https://www.epa.gov/system/files/documents/2026-04/stoneham_ma_ar24.pdf,stoneham_ma_ar24.pdf
Stoneham,25,https://www.epa.gov/system/files/documents/2026-04/stoneham_ma_ar25.pdf,stoneham_ma_ar25.pdf
Stoughton,19,https://www.epa.gov/system/files/documents/2026-04/stoughton-ma-ar19.pdf,stoughton-ma-ar19.pdf
Stoughton,20,https://www.epa.gov/system/files/documents/2026-04/stoughton-ma-ar20.pdf,stoughton-ma-ar20.pdf
Stoughton,21,https://www.epa.gov/system/files/documents/2026-04/stoughton_ma_ar21.pdf,stoughton_ma_ar21.pdf
Stoughton,22,https://www.epa.gov/system/files/documents/2026-04/stoughton_ma_ar22.pdf,stoughton_ma_ar22.pdf
Stoughton,23,https://www.epa.gov/system/files/documents/2026-04/stoughton_ma_ar23.pdf,stoughton_ma_ar23.pdf
Stoughton,24,https://www.epa.gov/system/files/documents/2026-04/stoughton_ma_ar24.pdf,stoughton_ma_ar24.pdf
Stoughton,25,https://www.epa.gov/system/files/documents/2026-04/stoughton_ma_ar25.pdf,stoughton_ma_ar25.pdf
Stow,20,https://www.epa.gov/system/files/documents/2026-04/stow-ma-ar20.pdf,stow-ma-ar20.pdf
Stow,21,https://www.epa.gov/system/files/documents/2026-04/stow_ma_ar21.pdf,stow_ma_ar21.pdf
Stow,22,https://www.epa.gov/system/files/documents/2026-04/stow_ma_ar22.pdf,stow_ma_ar22.pdf
Stow,25,https://www.epa.gov/system/files/documents/2026-04/stow_ma_ar25.pdf,stow_ma_ar25.pdf
Sturbridge,19,https://www.epa.gov/system/files/documents/2026-04/sturbridge-ma-ar19.pdf,sturbridge-ma-ar19.pdf
Sturbridge,20,https://www.epa.gov/system/files/documents/2026-04/sturbridge-ma-ar20.pdf,sturbridge-ma-ar20.pdf
Sturbridge,21,https://www.epa.gov/system/files/documents/2026-04/sturbridge_ma_ar21.pdf,sturbridge_ma_ar21.pdf
Sturbridge,22,https://www.epa.gov/system/files/documents/2026-04/sturbridge_ma_ar22.pdf,sturbridge_ma_ar22.pdf
Sturbridge,23,https://www.epa.gov/system/files/documents/2026-04/sturbridge_ma_ar23.pdf,sturbridge_ma_ar23.pdf
Sturbridge,24,https://www.epa.gov/system/files/documents/2026-04/sturbridge_ma_ar24.pdf,sturbridge_ma_ar24.pdf
Sturbridge,25,https://www.epa.gov/system/files/documents/2026-04/sturbridge_ma_ar25.pdf,sturbridge_ma_ar25.pdf
Sudbury,19,https://www.epa.gov/system/files/documents/2026-04/sudbury-ma-ar19.pdf,sudbury-ma-ar19.pdf
Sudbury,20,https://www.epa.gov/system/files/documents/2026-04/sudbury-ma-ar20.pdf,sudbury-ma-ar20.pdf
Sudbury,21,https://www.epa.gov/system/files/documents/2026-04/sudbury_ma_ar21.pdf,sudbury_ma_ar21.pdf
Sudbury,22,https://www.epa.gov/system/files/documents/2026-04/sudbury_ma_ar22.pdf,sudbury_ma_ar22.pdf
Sudbury,23,https://www.epa.gov/system/files/documents/2026-04/sudbury_ma_ar23.pdf,sudbury_ma_ar23.pdf
Sudbury,24,https://www.epa.gov/system/files/documents/2026-04/sudbury_ma_ar24.pdf,sudbury_ma_ar24.pdf
Sudbury,25,https://www.epa.gov/system/files/documents/2026-04/sudbury_ma_ar25.pdf,sudbury_ma_ar25.pdf
Sutton,19,https://www.epa.gov/system/files/documents/2026-04/sutton-ma-ar19.pdf,sutton-ma-ar19.pdf
Sutton,20,https://www.epa.gov/system/files/documents/2026-04/sutton-ma-ar20.pdf,sutton-ma-ar20.pdf
Sutton,21,https://www.epa.gov/system/files/documents/2026-04/sutton_ma_ar21.pdf,sutton_ma_ar21.pdf
Sutton,22,https://www.epa.gov/system/files/documents/2026-04/sutton_ma_ar22.pdf,sutton_ma_ar22.pdf
Sutton,23,https://www.epa.gov/system/files/documents/2026-04/sutton_ma_ar23.pdf,sutton_ma_ar23.pdf
Sutton,24,https://www.epa.gov/system/files/documents/2026-04/sutton_ma_ar24.pdf,sutton_ma_ar24.pdf
Sutton,25,https://www.epa.gov/system/files/documents/2026-04/sutton_ma_ar25.pdf,sutton_ma_ar25.pdf
Swampscott,19,https://www.epa.gov/system/files/documents/2026-04/swampscott-ma-ar19.pdf,swampscott-ma-ar19.pdf
Swampscott,20,https://www.epa.gov/system/files/documents/2026-04/swampscott-ma-ar20.pdf,swampscott-ma-ar20.pdf
Swampscott,21,https://www.epa.gov/system/files/documents/2026-04/swampscott_ma_ar21.pdf,swampscott_ma_ar21.pdf
Swampscott,22,https://www.epa.gov/system/files/documents/2026-04/swampscott_ma_ar22.pdf,swampscott_ma_ar22.pdf
Swampscott,23,https://www.epa.gov/system/files/documents/2026-04/swampscott_ma_ar23.pdf,swampscott_ma_ar23.pdf
Swampscott,24,https://www.epa.gov/system/files/documents/2026-04/swampscott_ma_ar24.pdf,swampscott_ma_ar24.pdf
Swampscott,25,https://www.epa.gov/system/files/documents/2026-04/swampscott_ma_ar25.pdf,swampscott_ma_ar25.pdf
Swansea,19,https://www.epa.gov/system/files/documents/2026-04/swansea-ma-ar19.pdf,swansea-ma-ar19.pdf
Swansea,20,https://www.epa.gov/system/files/documents/2026-04/swansea-ma-ar20.pdf,swansea-ma-ar20.pdf
Swansea,21,https://www.epa.gov/system/files/documents/2026-04/swansea_ma_ar21.pdf,swansea_ma_ar21.pdf
Swansea,22,https://www.epa.gov/system/files/documents/2026-04/swansea_ma_ar22.pdf,swansea_ma_ar22.pdf
Swansea,24,https://www.epa.gov/system/files/documents/2026-04/swansea_ma_ar24.pdf,swansea_ma_ar24.pdf
Swansea,25,https://www.epa.gov/system/files/documents/2026-04/swansea_ma_ar25.pdf,swansea_ma_ar25.pdf
Taunton,20,https://www.epa.gov/system/files/documents/2026-04/taunton-ma-ar20.pdf,taunton-ma-ar20.pdf
Taunton,21,https://www.epa.gov/system/files/documents/2026-04/taunton_ma_ar21.pdf,taunton_ma_ar21.pdf
Taunton,22,https://www.epa.gov/system/files/documents/2026-04/taunton_ma_ar22.pdf,taunton_ma_ar22.pdf
Taunton,23,https://www.epa.gov/system/files/documents/2026-04/taunton_ma_ar23.pdf,taunton_ma_ar23.pdf
Taunton,24,https://www.epa.gov/system/files/documents/2026-04/taunton_ma_ar24.pdf,taunton_ma_ar24.pdf
Taunton,25,https://www.epa.gov/system/files/documents/2026-04/taunton_ma_ar25.pdf,taunton_ma_ar25.pdf
Templeton,19,https://www.epa.gov/system/files/documents/2026-04/templeton-ma-ar19.pdf,templeton-ma-ar19.pdf
Templeton,20,https://www.epa.gov/system/files/documents/2026-04/templeton-ma-ar20.pdf,templeton-ma-ar20.pdf
Templeton,21,https://www.epa.gov/system/files/documents/2026-04/templeton_ma_ar21.pdf,templeton_ma_ar21.pdf
Templeton,22,https://www.epa.gov/system/files/documents/2026-04/templeton_ma_ar22.pdf,templeton_ma_ar22.pdf
Templeton,23,https://www.epa.gov/system/files/documents/2026-04/templeton_ma_ar23.pdf,templeton_ma_ar23.pdf
Templeton,24,https://www.epa.gov/system/files/documents/2026-04/templeton_ma_ar24.pdf,templeton_ma_ar24.pdf
Tewksbury,19,https://www.epa.gov/system/files/documents/2026-04/tewksbury-ma-ar19.pdf,tewksbury-ma-ar19.pdf
Tewksbury,20,https://www.epa.gov/system/files/documents/2026-04/tewksbury-ma-ar20.pdf,tewksbury-ma-ar20.pdf
Tewksbury,21,https://www.epa.gov/system/files/documents/2026-04/tewksbury_ma_ar21.pdf,tewksbury_ma_ar21.pdf
Tewksbury,22,https://www.epa.gov/system/files/documents/2026-04/tewksbury_ma_ar22.pdf,tewksbury_ma_ar22.pdf
Tewksbury,23,https://www.epa.gov/system/files/documents/2026-04/tewksbury_ma_ar23.pdf,tewksbury_ma_ar23.pdf
Tewksbury,24,https://www.epa.gov/system/files/documents/2026-04/tewksbury_ma_ar24.pdf,tewksbury_ma_ar24.pdf
Tewksbury,25,https://www.epa.gov/system/files/documents/2026-04/tewksbury_ma_ar25.pdf,tewksbury_ma_ar25.pdf
Topsfield,19,https://www.epa.gov/system/files/documents/2026-04/topsfield-ma-ar19.pdf,topsfield-ma-ar19.pdf
Topsfield,20,https://www.epa.gov/system/files/documents/2026-04/topsfield-ma-ar20.pdf,topsfield-ma-ar20.pdf
Topsfield,21,https://www.epa.gov/system/files/documents/2026-04/topsfield_ma_ar21.pdf,topsfield_ma_ar21.pdf
Topsfield,22,https://www.epa.gov/system/files/documents/2026-04/topsfield_ma_ar22.pdf,topsfield_ma_ar22.pdf
Topsfield,24,https://www.epa.gov/system/files/documents/2026-04/topsfield_ma_ar24.pdf,topsfield_ma_ar24.pdf
Topsfield,25,https://www.epa.gov/system/files/documents/2026-04/topsfield_ma_ar25.pdf,topsfield_ma_ar25.pdf
Townsend,19,https://www.epa.gov/system/files/documents/2026-04/townsend-ma-ar19.pdf,townsend-ma-ar19.pdf
Townsend,20,https://www.epa.gov/system/files/documents/2026-04/townsend-ma-ar20.pdf,townsend-ma-ar20.pdf
Townsend,21,https://www.epa.gov/system/files/documents/2026-04/townsend_ma_ar21.pdf,townsend_ma_ar21.pdf
Townsend,22,https://www.epa.gov/system/files/documents/2026-04/townsend_ma_ar22.pdf,townsend_ma_ar22.pdf
Townsend,23,https://www.epa.gov/system/files/documents/2026-04/townsend_ma_ar23.pdf,townsend_ma_ar23.pdf
Townsend,24,https://www.epa.gov/system/files/documents/2026-04/townsend_ma_ar24.pdf,townsend_ma_ar24.pdf
Townsend,25,https://www.epa.gov/system/files/documents/2026-04/townsend_ma_ar25.pdf,townsend_ma_ar25.pdf
Tyngsborough,19,https://www.epa.gov/system/files/documents/2026-04/tyngsborough-ma-ar19.pdf,tyngsborough-ma-ar19.pdf
Tyngsborough,20,https://www.epa.gov/system/files/documents/2026-04/tyngsborough-ma-ar20.pdf,tyngsborough-ma-ar20.pdf
Tyngsborough,21,https://www.epa.gov/system/files/documents/2026-04/tyngsborough_ma_ar21.pdf,tyngsborough_ma_ar21.pdf
Tyngsborough,22,https://www.epa.gov/system/files/documents/2026-04/tyngsborough_ma_ar22.pdf,tyngsborough_ma_ar22.pdf
Tyngsborough,23,https://www.epa.gov/system/files/documents/2026-04/tyngsborough_ma_ar23.pdf,tyngsborough_ma_ar23.pdf
Tyngsborough,24,https://www.epa.gov/system/files/documents/2026-04/tyngsborough_ma_ar24.pdf,tyngsborough_ma_ar24.pdf
Tyngsborough,25,https://www.epa.gov/system/files/documents/2026-04/tyngsborough_ma_ar25.pdf,tyngsborough_ma_ar25.pdf
Upton,19,https://www.epa.gov/system/files/documents/2026-04/upton-ma-ar19.pdf,upton-ma-ar19.pdf
Upton,20,https://www.epa.gov/system/files/documents/2026-04/upton-ma-ar20.pdf,upton-ma-ar20.pdf
Upton,21,https://www.epa.gov/system/files/documents/2026-04/upton_ma_ar21.pdf,upton_ma_ar21.pdf
Upton,22,https://www.epa.gov/system/files/documents/2026-04/upton_ma_ar22.pdf,upton_ma_ar22.pdf
Upton,23,https://www.epa.gov/system/files/documents/2026-04/upton_ma_ar23.pdf,upton_ma_ar23.pdf
Upton,24,https://www.epa.gov/system/files/documents/2026-04/upton_ma_ar24.pdf,upton_ma_ar24.pdf
Upton,25,https://www.epa.gov/system/files/documents/2026-04/upton_ma_ar25.pdf,upton_ma_ar25.pdf
Uxbridge,19,https://www.epa.gov/system/files/documents/2026-04/uxbridge-ma-ar19.pdf,uxbridge-ma-ar19.pdf
Uxbridge,20,https://www.epa.gov/system/files/documents/2026-04/uxbridge-ma-ar20.pdf,uxbridge-ma-ar20.pdf
Uxbridge,21,https://www.epa.gov/system/files/documents/2026-04/uxbridge_ma_ar21.pdf,uxbridge_ma_ar21.pdf
Uxbridge,22,https://www.epa.gov/system/files/documents/2026-04/uxbridge_ma_ar22.pdf,uxbridge_ma_ar22.pdf
Uxbridge,23,https://www.epa.gov/system/files/documents/2026-04/uxbridge_ma_ar23.pdf,uxbridge_ma_ar23.pdf
Uxbridge,24,https://www.epa.gov/system/files/documents/2026-04/uxbridge_ma_ar24.pdf,uxbridge_ma_ar24.pdf
Uxbridge,25,https://www.epa.gov/system/files/documents/2026-04/uxbridge_ma_ar25.pdf,uxbridge_ma_ar25.pdf
Wakefield,19,https://www.epa.gov/system/files/documents/2026-04/wakefield-ma-ar19.pdf,wakefield-ma-ar19.pdf
Wakefield,20,https://www.epa.gov/system/files/documents/2026-04/wakefield-ma-ar20.pdf,wakefield-ma-ar20.pdf
Wakefield,21,https://www.epa.gov/system/files/documents/2026-04/wakefield_ma_ar21.pdf,wakefield_ma_ar21.pdf
Wakefield,22,https://www.epa.gov/system/files/documents/2026-04/wakefield_ma_ar22.pdf,wakefield_ma_ar22.pdf
Wakefield,23,https://www.epa.gov/system/files/documents/2026-04/wakefield_ma_ar23.pdf,wakefield_ma_ar23.pdf
Wakefield,24,https://www.epa.gov/system/files/documents/2026-04/wakefield_ma_ar24.pdf,wakefield_ma_ar24.pdf
Wakefield,25,https://www.epa.gov/system/files/documents/2026-04/wakefield_ma_ar25.pdf,wakefield_ma_ar25.pdf
Walpole,19,https://www.epa.gov/system/files/documents/2026-04/walpole-ma-ar19.pdf,walpole-ma-ar19.pdf
Walpole,20,https://www.epa.gov/system/files/documents/2026-04/walpole-ma-ar20.pdf,walpole-ma-ar20.pdf
Walpole,21,https://www.epa.gov/system/files/documents/2026-04/walpole_ma_ar21.pdf,walpole_ma_ar21.pdf
Walpole,22,https://www.epa.gov/system/files/documents/2026-04/walpole_ma_ar22.pdf,walpole_ma_ar22.pdf
Walpole,23,https://www.epa.gov/system/files/documents/2026-04/walpole_ma_ar23.pdf,walpole_ma_ar23.pdf
Walpole,24,https://www.epa.gov/system/files/documents/2026-04/walpole_ma_ar24.pdf,walpole_ma_ar24.pdf
Walpole,25,https://www.epa.gov/system/files/documents/2026-04/walpole_ma_ar25.pdf,walpole_ma_ar25.pdf
Waltham,19,https://www.epa.gov/system/files/documents/2026-04/waltham-ma-ar19.pdf,waltham-ma-ar19.pdf
Waltham,20,https://www.epa.gov/system/files/documents/2026-04/waltham-ma-ar20.pdf,waltham-ma-ar20.pdf
Waltham,21,https://www.epa.gov/system/files/documents/2026-04/waltham_ma_ar21.pdf,waltham_ma_ar21.pdf
Waltham,22,https://www.epa.gov/system/files/documents/2026-04/waltham_ma_ar22.pdf,waltham_ma_ar22.pdf
Waltham,23,https://www.epa.gov/system/files/documents/2026-04/waltham_ma_ar23.pdf,waltham_ma_ar23.pdf
Waltham,24,https://www.epa.gov/system/files/documents/2026-04/waltham_ma_ar24.pdf,waltham_ma_ar24.pdf
Waltham,25,https://www.epa.gov/system/files/documents/2026-04/waltham_ma_ar25.pdf,waltham_ma_ar25.pdf
Wareham,19,https://www.epa.gov/system/files/documents/2026-04/wareham-ma-ar19.pdf,wareham-ma-ar19.pdf
Wareham,20,https://www.epa.gov/system/files/documents/2026-04/wareham-ma-ar20.pdf,wareham-ma-ar20.pdf
Wareham,21,https://www.epa.gov/system/files/documents/2026-04/wareham_ma_ar21.pdf,wareham_ma_ar21.pdf
Wareham,22,https://www.epa.gov/system/files/documents/2026-04/wareham_ma_ar22.pdf,wareham_ma_ar22.pdf
Wareham,23,https://www.epa.gov/system/files/documents/2026-04/wareham_ma_ar23.pdf,wareham_ma_ar23.pdf
Wareham,24,https://www.epa.gov/system/files/documents/2026-04/wareham_ma_ar24.pdf,wareham_ma_ar24.pdf
Wareham,25,https://www.epa.gov/system/files/documents/2026-04/wareham_ma_ar25.pdf,wareham_ma_ar25.pdf
Watertown,19,https://www.epa.gov/system/files/documents/2026-04/watertown-ma-ar19.pdf,watertown-ma-ar19.pdf
Watertown,20,https://www.epa.gov/system/files/documents/2026-04/watertown-ma-ar20.pdf,watertown-ma-ar20.pdf
Watertown,21,https://www.epa.gov/system/files/documents/2026-04/watertown_ma_ar21.pdf,watertown_ma_ar21.pdf
Watertown,22,https://www.epa.gov/system/files/documents/2026-04/watertown_ma_ar22.pdf,watertown_ma_ar22.pdf
Watertown,23,https://www.epa.gov/system/files/documents/2026-04/watertown_ma_ar23.pdf,watertown_ma_ar23.pdf
Watertown,24,https://www.epa.gov/system/files/documents/2026-04/watertown_ma_ar24.pdf,watertown_ma_ar24.pdf
Watertown,25,https://www.epa.gov/system/files/documents/2026-04/watertown_ma_ar25.pdf,watertown_ma_ar25.pdf
Wayland,19,https://www.epa.gov/system/files/documents/2026-04/wayland-ma-ar19.pdf,wayland-ma-ar19.pdf
Wayland,20,https://www.epa.gov/system/files/documents/2026-04/wayland-ma-ar20.pdf,wayland-ma-ar20.pdf
Wayland,21,https://www.epa.gov/system/files/documents/2026-04/wayland_ma_ar21.pdf,wayland_ma_ar21.pdf
Wayland,22,https://www.epa.gov/system/files/documents/2026-04/wayland_ma_ar22.pdf,wayland_ma_ar22.pdf
Wayland,23,https://www.epa.gov/system/files/documents/2026-04/wayland_ma_ar23.pdf,wayland_ma_ar23.pdf
Wayland,24,https://www.epa.gov/system/files/documents/2026-04/wayland_ma_ar24.pdf,wayland_ma_ar24.pdf
Wayland,25,https://www.epa.gov/system/files/documents/2026-04/wayland_ma_ar25.pdf,wayland_ma_ar25.pdf
Webster,19,https://www.epa.gov/system/files/documents/2026-04/webster-ma-ar19.pdf,webster-ma-ar19.pdf
Webster,20,https://www.epa.gov/system/files/documents/2026-04/webster-ma-ar20.pdf,webster-ma-ar20.pdf
Webster,21,https://www.epa.gov/system/files/documents/2026-04/webster_ma_ar21.pdf,webster_ma_ar21.pdf
Webster,22,https://www.epa.gov/system/files/documents/2026-04/webster_ma_ar22.pdf,webster_ma_ar22.pdf
Webster,23,https://www.epa.gov/system/files/documents/2026-04/webster_ma_ar23.pdf,webster_ma_ar23.pdf
Webster,24,https://www.epa.gov/system/files/documents/2026-04/webster_ma_ar24.pdf,webster_ma_ar24.pdf
Webster,25,https://www.epa.gov/system/files/documents/2026-04/webster_ma_ar25.pdf,webster_ma_ar25.pdf
Wellesley,19,https://www.epa.gov/system/files/documents/2026-04/wellesley-ma-ar19.pdf,wellesley-ma-ar19.pdf
Wellesley,20,https://www.epa.gov/system/files/documents/2026-04/wellesley-ma-ar20.pdf,wellesley-ma-ar20.pdf
Wellesley,21,https://www.epa.gov/system/files/documents/2026-04/wellesley_ma_ar21.pdf,wellesley_ma_ar21.pdf
Wellesley,22,https://www.epa.gov/system/files/documents/2026-04/wellesley_ma_ar22.pdf,wellesley_ma_ar22.pdf
Wellesley,23,https://www.epa.gov/system/files/documents/2026-04/wellesley_ma_ar23.pdf,wellesley_ma_ar23.pdf
Wellesley,24,https://www.epa.gov/system/files/documents/2026-04/wellesley_ma_ar24.pdf,wellesley_ma_ar24.pdf
Wellesley,25,https://www.epa.gov/system/files/documents/2026-04/wellesley_ma_ar25.pdf,wellesley_ma_ar25.pdf
Wenham,19,https://www.epa.gov/system/files/documents/2026-04/wenham-ma-ar19.pdf,wenham-ma-ar19.pdf
Wenham,20,https://www.epa.gov/system/files/documents/2026-04/wenham-ma-ar20.pdf,wenham-ma-ar20.pdf
Wenham,21,https://www.epa.gov/system/files/documents/2026-04/wenham_ma_ar21.pdf,wenham_ma_ar21.pdf
Wenham,22,https://www.epa.gov/system/files/documents/2026-04/wenham_ma_ar22.pdf,wenham_ma_ar22.pdf
Wenham,23,https://www.epa.gov/system/files/documents/2026-04/wenham_ma_ar23.pdf,wenham_ma_ar23.pdf
Wenham,24,https://www.epa.gov/system/files/documents/2026-04/wenham_ma_ar24.pdf,wenham_ma_ar24.pdf
Wenham,25,https://www.epa.gov/system/files/documents/2026-04/wenham_ma_ar25.pdf,wenham_ma_ar25.pdf
West Boylston,21,https://www.epa.gov/system/files/documents/2026-04/west_boylston_ma_ar21.pdf,west_boylston_ma_ar21.pdf
West Boylston,22,https://www.epa.gov/system/files/documents/2026-04/west_boylston_ma_ar22.pdf,west_boylston_ma_ar22.pdf
West Boylston,23,https://www.epa.gov/system/files/documents/2026-04/west_boylston_ma_ar23.pdf,west_boylston_ma_ar23.pdf
West Boylston,24,https://www.epa.gov/system/files/documents/2026-04/west_boylston_ma_ar24.pdf,west_boylston_ma_ar24.pdf
West Boylston,25,https://www.epa.gov/system/files/documents/2026-04/west_boylston_ma_ar25.pdf,west_boylston_ma_ar25.pdf
West Bridgewater,19,https://www.epa.gov/system/files/documents/2026-04/west-bridgewater-ma-ar19.pdf,west-bridgewater-ma-ar19.pdf
West Bridgewater,20,https://www.epa.gov/system/files/documents/2026-04/west-bridgewater-ma-ar20.pdf,west-bridgewater-ma-ar20.pdf
West Bridgewater,21,https://www.epa.gov/system/files/documents/2026-04/west_bridgewater_ma_ar21.pdf,west_bridgewater_ma_ar21.pdf
West Bridgewater,22,https://www.epa.gov/system/files/documents/2026-04/west_bridgewater_ma_ar22.pdf,west_bridgewater_ma_ar22.pdf
West Bridgewater,23,https://www.epa.gov/system/files/documents/2026-04/west_bridgewater_ma_ar23.pdf,west_bridgewater_ma_ar23.pdf
West Bridgewater,24,https://www.epa.gov/system/files/documents/2026-04/west_bridgewater_ma_ar24.pdf,west_bridgewater_ma_ar24.pdf
West Newbury,19,https://www.epa.gov/system/files/documents/2026-04/west-newbury-ma-ar19.pdf,west-newbury-ma-ar19.pdf
West Newbury,20,https://www.epa.gov/system/files/documents/2026-04/west-newbury-ma-ar20.pdf,west-newbury-ma-ar20.pdf
West Newbury,21,https://www.epa.gov/system/files/documents/2026-04/west_newbury_ma_ar21.pdf,west_newbury_ma_ar21.pdf
West Newbury,22,https://www.epa.gov/system/files/documents/2026-04/west_newbury_ma_ar22.pdf,west_newbury_ma_ar22.pdf
West Newbury,23,https://www.epa.gov/system/files/documents/2026-04/west_newbury_ma_ar23.pdf,west_newbury_ma_ar23.pdf
West Newbury,24,https://www.epa.gov/system/files/documents/2026-04/west_newbury_ma_ar24.pdf,west_newbury_ma_ar24.pdf
West Newbury,25,https://www.epa.gov/system/files/documents/2026-04/west_newbury_ma_ar25.pdf,west_newbury_ma_ar25.pdf
West Springfield,19,https://www.epa.gov/system/files/documents/2026-04/west-springfield-ma-ar19.pdf,west-springfield-ma-ar19.pdf
West Springfield,20,https://www.epa.gov/system/files/documents/2026-04/west-springfield-ma-ar20.pdf,west-springfield-ma-ar20.pdf
West Springfield,21,https://www.epa.gov/system/files/documents/2026-04/west_springfield_ma_ar21.pdf,west_springfield_ma_ar21.pdf
West Springfield,22,https://www.epa.gov/system/files/documents/2026-04/west_springfield_ma_ar22.pdf,west_springfield_ma_ar22.pdf
West Springfield,23,https://www.epa.gov/system/files/documents/2026-04/west_springfield_ma_ar23.pdf,west_springfield_ma_ar23.pdf
West Springfield,24,https://www.epa.gov/system/files/documents/2026-04/west_springfield_ma_ar24.pdf,west_springfield_ma_ar24.pdf
West Springfield,25,https://www.epa.gov/system/files/documents/2026-04/west_springfield_ma_ar25.pdf,west_springfield_ma_ar25.pdf
Westborough,19,https://www.epa.gov/system/files/documents/2026-04/westborough-ma-ar19.pdf,westborough-ma-ar19.pdf
Westborough,20,https://www.epa.gov/system/files/documents/2026-04/westborough-ma-ar20.pdf,westborough-ma-ar20.pdf
Westborough,21,https://www.epa.gov/system/files/documents/2026-04/westborough_ma_ar21.pdf,westborough_ma_ar21.pdf
Westborough,22,https://www.epa.gov/system/files/documents/2026-04/westborough_ma_ar22.pdf,westborough_ma_ar22.pdf
Westborough,23,https://www.epa.gov/system/files/documents/2026-04/westborough_ma_ar23.pdf,westborough_ma_ar23.pdf
Westborough,24,https://www.epa.gov/system/files/documents/2026-04/westborough_ma_ar24.pdf,westborough_ma_ar24.pdf
Westborough,25,https://www.epa.gov/system/files/documents/2026-04/westborough_ma_ar25.pdf,westborough_ma_ar25.pdf
Westfield,19,https://www.epa.gov/system/files/documents/2026-04/westfield-ma-ar19.pdf,westfield-ma-ar19.pdf
Westfield,20,https://www.epa.gov/system/files/documents/2026-04/westfield-ma-ar20.pdf,westfield-ma-ar20.pdf
Westfield,21,https://www.epa.gov/system/files/documents/2026-04/westfield_ma_ar21.pdf,westfield_ma_ar21.pdf
Westfield,22,https://www.epa.gov/system/files/documents/2026-04/westfield_ma_ar22.pdf,westfield_ma_ar22.pdf
Westfield,23,https://www.epa.gov/system/files/documents/2026-04/westfield_ma_ar23.pdf,westfield_ma_ar23.pdf
Westfield,24,https://www.epa.gov/system/files/documents/2026-04/westfield_ma_ar24.pdf,westfield_ma_ar24.pdf
Westfield,25,https://www.epa.gov/system/files/documents/2026-04/westfield_ma_ar25.pdf,westfield_ma_ar25.pdf
Westford,19,https://www.epa.gov/system/files/documents/2026-04/westford-ma-ar19.pdf,westford-ma-ar19.pdf
Westford,20,https://www.epa.gov/system/files/documents/2026-04/westford-ma-ar20.pdf,westford-ma-ar20.pdf
Westford,21,https://www.epa.gov/system/files/documents/2026-04/westford_ma_ar21.pdf,westford_ma_ar21.pdf
Westford,23,https://www.epa.gov/system/files/documents/2026-04/westford_ma_ar23.pdf,westford_ma_ar23.pdf
Westford,24,https://www.epa.gov/system/files/documents/2026-04/westford_ma_ar24.pdf,westford_ma_ar24.pdf
Westford,25,https://www.epa.gov/system/files/documents/2026-04/westford_ma_ar25.pdf,westford_ma_ar25.pdf
Westminster,19,https://www.epa.gov/system/files/documents/2026-04/westminster-ma-ar19.pdf,westminster-ma-ar19.pdf
Westminster,20,https://www.epa.gov/system/files/documents/2026-04/westminster-ma-ar20.pdf,westminster-ma-ar20.pdf
Westminster,21,https://www.epa.gov/system/files/documents/2026-04/westminster_ma_ar21.pdf,westminster_ma_ar21.pdf
Westminster,23,https://www.epa.gov/system/files/documents/2026-04/westminster_ma_ar23.pdf,westminster_ma_ar23.pdf
Westminster,24,https://www.epa.gov/system/files/documents/2026-04/westminster_ma_ar24.pdf,westminster_ma_ar24.pdf
Westminster,25,https://www.epa.gov/system/files/documents/2026-04/westminster_ma_ar25.pdf,westminster_ma_ar25.pdf
Weston,19,https://www.epa.gov/system/files/documents/2026-04/weston-ma-ar19.pdf,weston-ma-ar19.pdf
Weston,20,https://www.epa.gov/system/files/documents/2026-04/weston-ma-ar20.pdf,weston-ma-ar20.pdf
Weston,21,https://www.epa.gov/system/files/documents/2026-04/weston_ma_ar21.pdf,weston_ma_ar21.pdf
Weston,23,https://www.epa.gov/system/files/documents/2026-04/weston_ma_ar23.pdf,weston_ma_ar23.pdf
Weston,24,https://www.epa.gov/system/files/documents/2026-04/weston_ma_ar24.pdf,weston_ma_ar24.pdf
Weston,25,https://www.epa.gov/system/files/documents/2026-04/weston_ma_ar25.pdf,weston_ma_ar25.pdf
Westport,19,https://www.epa.gov/system/files/documents/2026-04/westport-ma-ar19.pdf,westport-ma-ar19.pdf
Westport,20,https://www.epa.gov/system/files/documents/2026-04/westport-ma-ar20.pdf,westport-ma-ar20.pdf
Westport,21,https://www.epa.gov/system/files/documents/2026-04/westport_ma_ar21.pdf,westport_ma_ar21.pdf
Westport,22,https://www.epa.gov/system/files/documents/2026-04/westport_ma_ar22.pdf,westport_ma_ar22.pdf
Westport,23,https://www.epa.gov/system/files/documents/2026-04/westport_ma_ar23.pdf,westport_ma_ar23.pdf
Westport,24,https://www.epa.gov/system/files/documents/2026-04/westport_ma_ar24.pdf,westport_ma_ar24.pdf
Westport,25,https://www.epa.gov/system/files/documents/2026-04/westport_ma_ar25.pdf,westport_ma_ar25.pdf
Westwood,19,https://www.epa.gov/system/files/documents/2026-04/westwood-ma-ar19.pdf,westwood-ma-ar19.pdf
Westwood,20,https://www.epa.gov/system/files/documents/2026-04/westwood-ma-ar20.pdf,westwood-ma-ar20.pdf
Westwood,21,https://www.epa.gov/system/files/documents/2026-04/westwood_ma_ar21.pdf,westwood_ma_ar21.pdf
Westwood,22,https://www.epa.gov/system/files/documents/2026-04/westwood_ma_ar22.pdf,westwood_ma_ar22.pdf
Westwood,23,https://www.epa.gov/system/files/documents/2026-04/westwood_ma_ar23.pdf,westwood_ma_ar23.pdf
Westwood,24,https://www.epa.gov/system/files/documents/2026-04/westwood_ma_ar24.pdf,westwood_ma_ar24.pdf
Westwood,25,https://www.epa.gov/system/files/documents/2026-04/westwood_ma_ar25.pdf,westwood_ma_ar25.pdf
Weymouth,19,https://www.epa.gov/system/files/documents/2026-04/weymouth-ma-ar19.pdf,weymouth-ma-ar19.pdf
Weymouth,20,https://www.epa.gov/system/files/documents/2026-04/weymouth-ma-ar20.pdf,weymouth-ma-ar20.pdf
Weymouth,21,https://www.epa.gov/system/files/documents/2026-04/weymouth_ma_ar21.pdf,weymouth_ma_ar21.pdf
Weymouth,22,https://www.epa.gov/system/files/documents/2026-04/weymouth_ma_ar22.pdf,weymouth_ma_ar22.pdf
Weymouth,23,https://www.epa.gov/system/files/documents/2026-04/weymouth_ma_ar23.pdf,weymouth_ma_ar23.pdf
Weymouth,24,https://www.epa.gov/system/files/documents/2026-04/weymouth_ma_ar24.pdf,weymouth_ma_ar24.pdf
Weymouth,25,https://www.epa.gov/system/files/documents/2026-04/weymouth_ma_ar25.pdf,weymouth_ma_ar25.pdf
Whitman,19,https://www.epa.gov/system/files/documents/2026-04/whitman-ma-ar19.pdf,whitman-ma-ar19.pdf
Whitman,20,https://www.epa.gov/system/files/documents/2026-04/whitman-ma-ar20.pdf,whitman-ma-ar20.pdf
Whitman,21,https://www.epa.gov/system/files/documents/2026-04/whitman_ma_ar21.pdf,whitman_ma_ar21.pdf
Whitman,22,https://www.epa.gov/system/files/documents/2026-04/whitman_ma_ar22.pdf,whitman_ma_ar22.pdf
Whitman,23,https://www.epa.gov/system/files/documents/2026-04/whitman_ma_ar23.pdf,whitman_ma_ar23.pdf
Whitman,24,https://www.epa.gov/system/files/documents/2026-04/whitman_ma_ar24.pdf,whitman_ma_ar24.pdf
Whitman,25,https://www.epa.gov/system/files/documents/2026-04/whitman_ma_ar25.pdf,whitman_ma_ar25.pdf
Wilbraham,19,https://www.epa.gov/system/files/documents/2026-04/wilbraham-ma-ar19.pdf,wilbraham-ma-ar19.pdf
Wilbraham,20,https://www.epa.gov/system/files/documents/2026-04/wilbraham-ma-ar20.pdf,wilbraham-ma-ar20.pdf
Wilbraham,21,https://www.epa.gov/system/files/documents/2026-04/wilbraham_ma_ar21.pdf,wilbraham_ma_ar21.pdf
Wilbraham,22,https://www.epa.gov/system/files/documents/2026-04/wilbraham_ma_ar22.pdf,wilbraham_ma_ar22.pdf
Wilbraham,23,https://www.epa.gov/system/files/documents/2026-04/wilbraham_ma_ar23.pdf,wilbraham_ma_ar23.pdf
Wilbraham,24,https://www.epa.gov/system/files/documents/2026-04/wilbraham_ma_ar24.pdf,wilbraham_ma_ar24.pdf
Wilbraham,25,https://www.epa.gov/system/files/documents/2026-04/wilbraham_ma_ar25.pdf,wilbraham_ma_ar25.pdf
Wilmington,19,https://www.epa.gov/system/files/documents/2026-04/wilmington-ma-ar19.pdf,wilmington-ma-ar19.pdf
Wilmington,20,https://www.epa.gov/system/files/documents/2026-04/wilmington-ma-ar20.pdf,wilmington-ma-ar20.pdf
Wilmington,21,https://www.epa.gov/system/files/documents/2026-04/wilmington_ma_ar21.pdf,wilmington_ma_ar21.pdf
Wilmington,22,https://www.epa.gov/system/files/documents/2026-04/wilmington_ma_ar22.pdf,wilmington_ma_ar22.pdf
Wilmington,23,https://www.epa.gov/system/files/documents/2026-04/wilmington_ma_ar23.pdf,wilmington_ma_ar23.pdf
Wilmington,24,https://www.epa.gov/system/files/documents/2026-04/wilmington_ma_ar24.pdf,wilmington_ma_ar24.pdf
Wilmington,25,https://www.epa.gov/system/files/documents/2026-04/wilmington_ma_ar25.pdf,wilmington_ma_ar25.pdf
Winchendon,19,https://www.epa.gov/system/files/documents/2026-04/winchendon-ma-ar19.pdf,winchendon-ma-ar19.pdf
Winchendon,20,https://www.epa.gov/system/files/documents/2026-04/winchendon-ma-ar20.pdf,winchendon-ma-ar20.pdf
Winchendon,21,https://www.epa.gov/system/files/documents/2026-04/winchendon_ma_ar21.pdf,winchendon_ma_ar21.pdf
Winchendon,22,https://www.epa.gov/system/files/documents/2026-04/winchendon_ma_ar22.pdf,winchendon_ma_ar22.pdf
Winchendon,23,https://www.epa.gov/system/files/documents/2026-04/winchendon_ma_ar23.pdf,winchendon_ma_ar23.pdf
Winchendon,24,https://www.epa.gov/system/files/documents/2026-04/winchendon_ma_ar24.pdf,winchendon_ma_ar24.pdf
Winchedon,25,https://www.epa.gov/system/files/documents/2026-04/winchedon_ma_ar25.pdf,winchedon_ma_ar25.pdf
Winchester,19,https://www.epa.gov/system/files/documents/2026-04/winchester-ma-ar19.pdf,winchester-ma-ar19.pdf
Winchester,20,https://www.epa.gov/system/files/documents/2026-04/winchester-ma-ar20.pdf,winchester-ma-ar20.pdf
Winchester,21,https://www.epa.gov/system/files/documents/2026-04/winchester_ma_ar21.pdf,winchester_ma_ar21.pdf
Winchester,22,https://www.epa.gov/system/files/documents/2026-04/winchester_ma_ar22.pdf,winchester_ma_ar22.pdf
Winchester,23,https://www.epa.gov/system/files/documents/2026-04/winchester_ma_ar23.pdf,winchester_ma_ar23.pdf
Winchester,24,https://www.epa.gov/system/files/documents/2026-04/winchester_ma_ar24.pdf,winchester_ma_ar24.pdf
Winchester,25,https://www.epa.gov/system/files/documents/2026-04/winchester_ma_ar25.pdf,winchester_ma_ar25.pdf
Winthrop,19,https://www.epa.gov/system/files/documents/2026-04/winthrop-ma-ar19.pdf,winthrop-ma-ar19.pdf
Winthrop,20,https://www.epa.gov/system/files/documents/2026-04/winthrop-ma-ar20.pdf,winthrop-ma-ar20.pdf
Winthrop,21,https://www.epa.gov/system/files/documents/2026-04/winthrop_ma_ar21.pdf,winthrop_ma_ar21.pdf
Winthrop,22,https://www.epa.gov/system/files/documents/2026-04/winthrop_ma_ar22.pdf,winthrop_ma_ar22.pdf
Winthrop,23,https://www.epa.gov/system/files/documents/2026-04/winthrop_ma_ar23.pdf,winthrop_ma_ar23.pdf
Winthrop,24,https://www.epa.gov/system/files/documents/2026-04/winthrop_ma_ar24.pdf,winthrop_ma_ar24.pdf
Winthrop,25,https://www.epa.gov/system/files/documents/2026-04/winthrop_ma_ar25.pdf,winthrop_ma_ar25.pdf
Woburn,19,https://www.epa.gov/system/files/documents/2026-04/woburn-ma-ar19.pdf,woburn-ma-ar19.pdf
Woburn,20,https://www.epa.gov/system/files/documents/2026-04/woburn-ma-ar20.pdf,woburn-ma-ar20.pdf
Woburn,21,https://www.epa.gov/system/files/documents/2026-04/woburn_ma_ar21.pdf,woburn_ma_ar21.pdf
Woburn,22,https://www.epa.gov/system/files/documents/2026-04/woburn_ma_ar22.pdf,woburn_ma_ar22.pdf
Woburn,23,https://www.epa.gov/system/files/documents/2026-04/woburn_ma_ar23.pdf,woburn_ma_ar23.pdf
Woburn,24,https://www.epa.gov/system/files/documents/2026-04/woburn_ma_ar24.pdf,woburn_ma_ar24.pdf
Wrentham,19,https://www.epa.gov/system/files/documents/2026-04/wrentham-ma-ar19.pdf,wrentham-ma-ar19.pdf
Wrentham,20,https://www.epa.gov/system/files/documents/2026-04/wrentham-ma-ar20.pdf,wrentham-ma-ar20.pdf
Wrentham,21,https://www.epa.gov/system/files/documents/2026-04/wrentham_ma_ar21.pdf,wrentham_ma_ar21.pdf
Wrentham,22,https://www.epa.gov/system/files/documents/2026-04/wrentham_ma_ar22.pdf,wrentham_ma_ar22.pdf
Wrentham,23,https://www.epa.gov/system/files/documents/2026-04/wrentham_ma_ar23.pdf,wrentham_ma_ar23.pdf
Wrentham,24,https://www.epa.gov/system/files/documents/2026-04/wrentham_ma_ar24.pdf,wrentham_ma_ar24.pdf
Wrentham,25,https://www.epa.gov/system/files/documents/2026-04/wrentham_ma_ar25.pdf,wrentham_ma_ar25.pdf
Yarmouth,19,https://www.epa.gov/system/files/documents/2026-04/yarmouth-ma-ar19.pdf,yarmouth-ma-ar19.pdf
Yarmouth,20,https://www.epa.gov/system/files/documents/2026-04/yarmouth-ma-ar20.pdf,yarmouth-ma-ar20.pdf
Yarmouth,21,https://www.epa.gov/system/files/documents/2026-04/yarmouth_ma_ar21.pdf,yarmouth_ma_ar21.pdf
Yarmouth,22,https://www.epa.gov/system/files/documents/2026-04/yarmouth_ma_ar22.pdf,yarmouth_ma_ar22.pdf
Yarmouth,23,https://www.epa.gov/system/files/documents/2026-04/yarmouth_ma_ar23.pdf,yarmouth_ma_ar23.pdf
Yarmouth,24,https://www.epa.gov/system/files/documents/2026-04/yarmouth_ma_ar24.pdf,yarmouth_ma_ar24.pdf
Yarmouth,25,https://www.epa.gov/system/files/documents/2026-04/yarmouth_ma_ar25.pdf,yarmouth_ma_ar25.pdf
Bridgewater State University,19,https://www.epa.gov/system/files/documents/2026-04/bridgewater-state-university-ma-ar19.pdf,bridgewater-state-university-ma-ar19.pdf
Bridgewater State University,20,https://www.epa.gov/system/files/documents/2026-04/bridgewater-state-university-ma-ar20.pdf,bridgewater-state-university-ma-ar20.pdf
Bridgewater State Univ,21,https://www.epa.gov/system/files/documents/2026-04/bridgewater_state_univ_ma_ar21.pdf,bridgewater_state_univ_ma_ar21.pdf
Bridgewater State Univ,22,https://www.epa.gov/system/files/documents/2026-04/bridgewater_state_univ_ma_ar22.pdf,bridgewater_state_univ_ma_ar22.pdf
Bridgewater St Univ,23,https://www.epa.gov/system/files/documents/2026-04/bridgewater_st_univ_ma_ar23.pdf,bridgewater_st_univ_ma_ar23.pdf
Bridgewater State Uni,24,https://www.epa.gov/system/files/documents/2026-04/bridgewater_state_uni_ma_ar24.pdf,bridgewater_state_uni_ma_ar24.pdf
Bridgewater State University,25,https://www.epa.gov/system/files/documents/2026-04/bridgewater_state_university_ma_ar25.pdf,bridgewater_state_university_ma_ar25.pdf
Cape Cod Community College,20,https://www.epa.gov/system/files/documents/2026-04/cape-cod-community-college-ma-ar20.pdf,cape-cod-community-college-ma-ar20.pdf
Cape Cod Cc,21,https://www.epa.gov/system/files/documents/2026-04/cape_cod_cc_ma_ar21.pdf,cape_cod_cc_ma_ar21.pdf
Cape Cod Cc,22,https://www.epa.gov/system/files/documents/2026-04/cape_cod_cc_ma_ar22.pdf,cape_cod_cc_ma_ar22.pdf
Cape Cod Community College,23,https://www.epa.gov/system/files/documents/2026-04/cape_cod_community_college_ma_ar23.pdf,cape_cod_community_college_ma_ar23.pdf
Dcr,19,https://www.epa.gov/system/files/documents/2026-04/dcr-ma-ar19.pdf,dcr-ma-ar19.pdf
Dcr,20,https://www.epa.gov/system/files/documents/2026-04/dcr-ma-ar20.pdf,dcr-ma-ar20.pdf
Dcr,21,https://www.epa.gov/system/files/documents/2026-04/dcr_ma_ar21.pdf,dcr_ma_ar21.pdf
Dcr,22,https://www.epa.gov/system/files/documents/2026-04/dcr_ma_ar22.pdf,dcr_ma_ar22.pdf
Dcr,23,https://www.epa.gov/system/files/documents/2026-04/dcr_ma_ar23.pdf,dcr_ma_ar23.pdf
Dcr,24,https://www.epa.gov/system/files/documents/2026-04/dcr_ma_ar24.pdf,dcr_ma_ar24.pdf
Dcr,25,https://www.epa.gov/system/files/documents/2026-04/dcr_ma_ar25.pdf,dcr_ma_ar25.pdf
Devens Mdfa,19,https://www.epa.gov/system/files/documents/2026-04/devens-mdfa-ma-ar19.pdf,devens-mdfa-ma-ar19.pdf
Devens Mdfa,20,https://www.epa.gov/system/files/documents/2026-04/devens-mdfa-ma-ar20.pdf,devens-mdfa-ma-ar20.pdf
Devens Mass Dev,21,https://www.epa.gov/system/files/documents/2026-04/devens_mass_dev_ma_ar21.pdf,devens_mass_dev_ma_ar21.pdf
Devens Mass Dev,22,https://www.epa.gov/system/files/documents/2026-04/devens_mass_dev_ma_ar22.pdf,devens_mass_dev_ma_ar22.pdf
Devens Massachusetts Development Finance Agency,23,https://www.epa.gov/system/files/documents/2026-04/devens_massachusetts_development_finance_agency_ma_ar23.pdf,devens_massachusetts_development_finance_agency_ma_ar23.pdf
Devens Mdfa,24,https://www.epa.gov/system/files/documents/2026-04/devens_mdfa_ma_ar24.pdf,devens_mdfa_ma_ar24.pdf
Devens Mdfa,25,https://www.epa.gov/system/files/documents/2026-04/devens_mdfa_ma_ar25.pdf,devens_mdfa_ma_ar25.pdf
Dcamm,19,https://www.epa.gov/system/files/documents/2026-04/dcamm-ma-ar19.pdf,dcamm-ma-ar19.pdf
Dcamm,20,https://www.epa.gov/system/files/documents/2026-04/dcamm-ma-ar20.pdf,dcamm-ma-ar20.pdf
Dcamm,21,https://www.epa.gov/system/files/documents/2026-04/dcamm_ma_ar21.pdf,dcamm_ma_ar21.pdf
Dcamm,22,https://www.epa.gov/system/files/documents/2026-04/dcamm_ma_ar22.pdf,dcamm_ma_ar22.pdf
Dcamm,23,https://www.epa.gov/system/files/documents/2026-04/dcamm_ma_ar23.pdf,dcamm_ma_ar23.pdf
Dcamm,24,https://www.epa.gov/system/files/documents/2026-04/dcamm_ma_ar24.pdf,dcamm_ma_ar24.pdf
Dcamm,25,https://www.epa.gov/system/files/documents/2026-04/dcamm_ma_ar25.pdf,dcamm_ma_ar25.pdf
Framingham State Univ,20,https://www.epa.gov/system/files/documents/2026-04/framingham-state-univ-ma-ar20.pdf,framingham-state-univ-ma-ar20.pdf
Framingham State Univ,21,https://www.epa.gov/system/files/documents/2026-04/framingham_state_univ_ma_ar21.pdf,framingham_state_univ_ma_ar21.pdf
Framingham State Univ,22,https://www.epa.gov/system/files/documents/2026-04/framingham_state_univ_ma_ar22.pdf,framingham_state_univ_ma_ar22.pdf
Framingham State University,23,https://www.epa.gov/system/files/documents/2026-04/framingham_state_university_ma_ar23.pdf,framingham_state_university_ma_ar23.pdf
Framingham State University,24,https://www.epa.gov/system/files/documents/2026-04/framingham_state_university_ma_ar24.pdf,framingham_state_university_ma_ar24.pdf
Framingham State University,25,https://www.epa.gov/system/files/documents/2026-04/framingham_state_university_ma_ar25.pdf,framingham_state_university_ma_ar25.pdf
Hanscom Afb,19,https://www.epa.gov/system/files/documents/2026-04/hanscom-afb-ma-ar19.pdf,hanscom-afb-ma-ar19.pdf
Hanscom Afb,20,https://www.epa.gov/system/files/documents/2026-04/hanscom-afb-ma-ar20.pdf,hanscom-afb-ma-ar20.pdf
Hanscom Afb,21,https://www.epa.gov/system/files/documents/2026-04/hanscom_afb_ma_ar21.pdf,hanscom_afb_ma_ar21.pdf
Hanscom Afb,22,https://www.epa.gov/system/files/documents/2026-04/hanscom_afb_ma_ar22.pdf,hanscom_afb_ma_ar22.pdf
Hanscom Air Force Base,23,https://www.epa.gov/system/files/documents/2026-04/hanscom_air_force_base_ma_ar23.pdf,hanscom_air_force_base_ma_ar23.pdf
Hanscom Afb,24,https://www.epa.gov/system/files/documents/2026-04/hanscom_afb_ma_ar24.pdf,hanscom_afb_ma_ar24.pdf
Hanscom Afb,25,https://www.epa.gov/system/files/documents/2026-04/hanscom_afb_ma_ar25.pdf,hanscom_afb_ma_ar25.pdf
Holyoke Community College,20,https://www.epa.gov/system/files/documents/2026-04/holyoke-community-college-ma-ar20.pdf,holyoke-community-college-ma-ar20.pdf
Holyoke Cc,21,https://www.epa.gov/system/files/documents/2026-04/holyoke_cc_ma_ar21.pdf,holyoke_cc_ma_ar21.pdf
Holyoke Cc,22,https://www.epa.gov/system/files/documents/2026-04/holyoke_cc_ma_ar22.pdf,holyoke_cc_ma_ar22.pdf
Ma Doc,20,https://www.epa.gov/system/files/documents/2026-04/ma-doc-ma-ar20.pdf,ma-doc-ma-ar20.pdf
Ma Dept Corrections,21,https://www.epa.gov/system/files/documents/2026-04/ma_dept_corrections_ma_ar21.pdf,ma_dept_corrections_ma_ar21.pdf
Ma Dept Corrections,22,https://www.epa.gov/system/files/documents/2026-04/ma_dept_corrections_ma_ar22.pdf,ma_dept_corrections_ma_ar22.pdf
Department Of Correction,25,https://www.epa.gov/system/files/documents/2026-04/department_of_correction_ma_ar25.pdf,department_of_correction_ma_ar25.pdf
Ma Army National Guard,21,https://www.epa.gov/system/files/documents/2026-04/ma_army_national_guard_ma_ar21.pdf,ma_army_national_guard_ma_ar21.pdf
Ma Army National Guard,22,https://www.epa.gov/system/files/documents/2026-04/ma_army_national_guard_ma_ar22.pdf,ma_army_national_guard_ma_ar22.pdf
Massbay Community College,19,https://www.epa.gov/system/files/documents/2026-04/massbay-community-college-ma-ar19.pdf,massbay-community-college-ma-ar19.pdf
Massbay Community College,20,https://www.epa.gov/system/files/documents/2026-04/massbay-community-college-ma-ar20.pdf,massbay-community-college-ma-ar20.pdf
Massbay Cc,21,https://www.epa.gov/system/files/documents/2026-04/massbay_cc_ma_ar21.pdf,massbay_cc_ma_ar21.pdf
Massbay Cc,22,https://www.epa.gov/system/files/documents/2026-04/massbay_cc_ma_ar22.pdf,massbay_cc_ma_ar22.pdf
Mass Bay Community College,23,https://www.epa.gov/system/files/documents/2026-04/mass_bay_community_college_ma_ar23.pdf,mass_bay_community_college_ma_ar23.pdf
Massbay Community College,24,https://www.epa.gov/system/files/documents/2026-04/massbay_community_college_ma_ar24.pdf,massbay_community_college_ma_ar24.pdf
Quinsigamond Community College,19,https://www.epa.gov/system/files/documents/2026-04/quinsigamond-community-college-ma-ar19.pdf,quinsigamond-community-college-ma-ar19.pdf
Quinsigamond Community College,20,https://www.epa.gov/system/files/documents/2026-04/quinsigamond-community-college-ma-ar20.pdf,quinsigamond-community-college-ma-ar20.pdf
Quinsigamond Cc,21,https://www.epa.gov/system/files/documents/2026-04/quinsigamond_cc_ma_ar21.pdf,quinsigamond_cc_ma_ar21.pdf
Quinsigamond Cc,22,https://www.epa.gov/system/files/documents/2026-04/quinsigamond_cc_ma_ar22.pdf,quinsigamond_cc_ma_ar22.pdf
Quinsigamond Community College,23,https://www.epa.gov/system/files/documents/2026-04/quinsigamond_community_college_ma_ar23.pdf,quinsigamond_community_college_ma_ar23.pdf
Quinsigamond Community College,24,https://www.epa.gov/system/files/documents/2026-04/quinsigamond_community_college_ma_ar24.pdf,quinsigamond_community_college_ma_ar24.pdf
Quinsigamond Community College,25,https://www.epa.gov/system/files/documents/2026-04/quinsigamond_community_college_ma_ar25.pdf,quinsigamond_community_college_ma_ar25.pdf
Springfield Tech Community College,19,https://www.epa.gov/system/files/documents/2026-04/springfield-tech-community-college-ma-ar19.pdf,springfield-tech-community-college-ma-ar19.pdf
Springfield Tech Community College,20,https://www.epa.gov/system/files/documents/2026-04/springfield-tech-community-college-ma-ar20.pdf,springfield-tech-community-college-ma-ar20.pdf
Springfield Tech Cc,21,https://www.epa.gov/system/files/documents/2026-04/springfield_tech_cc_ma_ar21.pdf,springfield_tech_cc_ma_ar21.pdf
Springfield Tech Cc,22,https://www.epa.gov/system/files/documents/2026-04/springfield_tech_cc_ma_ar22.pdf,springfield_tech_cc_ma_ar22.pdf
Springfield Technical Community College,23,https://www.epa.gov/system/files/documents/2026-04/springfield_technical_community_college_ma_ar23.pdf,springfield_technical_community_college_ma_ar23.pdf
Springfield Technical Community College,24,https://www.epa.gov/system/files/documents/2026-04/springfield_technical_community_college_ma_ar24.pdf,springfield_technical_community_college_ma_ar24.pdf
Springfield Tech Cc,25,https://www.epa.gov/system/files/documents/2026-04/springfield_tech_cc_ma_ar25.pdf,springfield_tech_cc_ma_ar25.pdf
Umass Amherst,19,https://www.epa.gov/system/files/documents/2026-04/umass-amherst-ma-ar19.pdf,umass-amherst-ma-ar19.pdf
Umass Amherst,20,https://www.epa.gov/system/files/documents/2026-04/umass-amherst-ma-ar20.pdf,umass-amherst-ma-ar20.pdf
Umass Amherst,21,https://www.epa.gov/system/files/documents/2026-04/umass_amherst_ma_ar21.pdf,umass_amherst_ma_ar21.pdf
Umass Amherst,22,https://www.epa.gov/system/files/documents/2026-04/umass_amherst_ma_ar22.pdf,umass_amherst_ma_ar22.pdf
Umass Amherst,23,https://www.epa.gov/system/files/documents/2026-04/umass_amherst_ma_ar23.pdf,umass_amherst_ma_ar23.pdf
Umass Amherst,24,https://www.epa.gov/system/files/documents/2026-04/umass_amherst_ma_ar24.pdf,umass_amherst_ma_ar24.pdf
Umass Amherst,25,https://www.epa.gov/system/files/documents/2026-04/umass_amherst_ma_ar25.pdf,umass_amherst_ma_ar25.pdf
Umass Boston,19,https://www.epa.gov/system/files/documents/2026-04/umass-boston-ma-ar19.pdf,umass-boston-ma-ar19.pdf
Umass Boston,20,https://www.epa.gov/system/files/documents/2026-04/umass-boston-ma-ar20.pdf,umass-boston-ma-ar20.pdf
Umass Boston,21,https://www.epa.gov/system/files/documents/2026-04/umass_boston_ma_ar21.pdf,umass_boston_ma_ar21.pdf
Umass Boston,22,https://www.epa.gov/system/files/documents/2026-04/umass_boston_ma_ar22.pdf,umass_boston_ma_ar22.pdf
Umass Boston,23,https://www.epa.gov/system/files/documents/2026-04/umass_boston_ma_ar23.pdf,umass_boston_ma_ar23.pdf
Umass Boston,24,https://www.epa.gov/system/files/documents/2026-04/umass_boston_ma_ar24.pdf,umass_boston_ma_ar24.pdf
Umass Boston,25,https://www.epa.gov/system/files/documents/2026-04/umass_boston_ma_ar25.pdf,umass_boston_ma_ar25.pdf
Umass Lowell,19,https://www.epa.gov/system/files/documents/2026-04/umass-lowell-ma-ar19.pdf,umass-lowell-ma-ar19.pdf
Umass Lowell,20,https://www.epa.gov/system/files/documents/2026-04/umass-lowell-ma-ar20.pdf,umass-lowell-ma-ar20.pdf
Umass Lowell,21,https://www.epa.gov/system/files/documents/2026-04/umass_lowell_ma_ar21.pdf,umass_lowell_ma_ar21.pdf
Umass Lowell,22,https://www.epa.gov/system/files/documents/2026-04/umass_lowell_ma_ar22.pdf,umass_lowell_ma_ar22.pdf
Umass Lowell,23,https://www.epa.gov/system/files/documents/2026-04/umass_lowell_ma_ar23.pdf,umass_lowell_ma_ar23.pdf
Umass Lowell,24,https://www.epa.gov/system/files/documents/2026-04/umass_lowell_ma_ar24.pdf,umass_lowell_ma_ar24.pdf
Umass Lowell,25,https://www.epa.gov/system/files/documents/2026-04/umass_lowell_ma_ar25.pdf,umass_lowell_ma_ar25.pdf
Umass Medical School,19,https://www.epa.gov/system/files/documents/2026-04/umass-medical-school-ma-ar19.pdf,umass-medical-school-ma-ar19.pdf
Umass Medical School,20,https://www.epa.gov/system/files/documents/2026-04/umass-medical-school-ma-ar20.pdf,umass-medical-school-ma-ar20.pdf
Umass Medical School,21,https://www.epa.gov/system/files/documents/2026-04/umass_medical_school_ma_ar21.pdf,umass_medical_school_ma_ar21.pdf
Umass Medical School,22,https://www.epa.gov/system/files/documents/2026-04/umass_medical_school_ma_ar22.pdf,umass_medical_school_ma_ar22.pdf
Umass Chan Medical School,23,https://www.epa.gov/system/files/documents/2026-04/umass_chan_medical_school_ma_ar23.pdf,umass_chan_medical_school_ma_ar23.pdf
Umass Chan,24,https://www.epa.gov/system/files/documents/2026-04/umass_chan_ma_ar24.pdf,umass_chan_ma_ar24.pdf
Umass Chan Medical School,25,https://www.epa.gov/system/files/documents/2026-04/umass_chan_medical_school_ma_ar25.pdf,umass_chan_medical_school_ma_ar25.pdf
Us Army Garrison Fort Devens,19,https://www.epa.gov/system/files/documents/2026-04/us-army-garrison-fort-devens-ma-ar19.pdf,us-army-garrison-fort-devens-ma-ar19.pdf
Us Army Garrison Fort Devens,20,https://www.epa.gov/system/files/documents/2026-04/us-army-garrison-fort-devens-ma-ar20.pdf,us-army-garrison-fort-devens-ma-ar20.pdf
Us Ag Fort Devens,21,https://www.epa.gov/system/files/documents/2026-04/us_ag_fort_devens_ma_ar21.pdf,us_ag_fort_devens_ma_ar21.pdf
Usag Fort Devens,22,https://www.epa.gov/system/files/documents/2026-04/usag_fort_devens_ma_ar22.pdf,usag_fort_devens_ma_ar22.pdf
Us Army Garrison Fort Devens,23,https://www.epa.gov/system/files/documents/2026-04/us_army_garrison_fort_devens_ma_ar23.pdf,us_army_garrison_fort_devens_ma_ar23.pdf
Devens Rfta Army,24,https://www.epa.gov/system/files/documents/2026-04/devens_rfta_army_ma_ar24.pdf,devens_rfta_army_ma_ar24.pdf
Us Army Fort Devens,25,https://www.epa.gov/system/files/documents/2026-04/us_army_fort_devens_ma_ar25.pdf,us_army_fort_devens_ma_ar25.pdf
Natick Us Army Soldier Systems Center,19,https://www.epa.gov/system/files/documents/2026-04/natick-us-army-soldier-systems-center-ma-ar19.pdf,natick-us-army-soldier-systems-center-ma-ar19.pdf
Natick Us Army Soldier Systems Center,20,https://www.epa.gov/system/files/documents/2026-04/natick-us-army-soldier-systems-center-ma-ar20.pdf,natick-us-army-soldier-systems-center-ma-ar20.pdf
Us Army Ssc,21,https://www.epa.gov/system/files/documents/2026-04/us_army_ssc_ma_ar21.pdf,us_army_ssc_ma_ar21.pdf
Us Army Ssc,22,https://www.epa.gov/system/files/documents/2026-04/us_army_ssc_ma_ar22.pdf,us_army_ssc_ma_ar22.pdf
Usassc Natick,24,https://www.epa.gov/system/files/documents/2026-04/usassc_natick_ma_ar24.pdf,usassc_natick_ma_ar24.pdf
Usag Natick Soldier System Center,25,https://www.epa.gov/system/files/documents/2026-04/usag_natick_soldier_system_center_ma_ar25.pdf,usag_natick_soldier_system_center_ma_ar25.pdf
Uscgb Cape Cod,19,https://www.epa.gov/system/files/documents/2026-04/uscgb-cape-cod-ma-ar19.pdf,uscgb-cape-cod-ma-ar19.pdf
Uscgb Cape Cod,20,https://www.epa.gov/system/files/documents/2026-04/uscgb-cape-cod-ma-ar20.pdf,uscgb-cape-cod-ma-ar20.pdf
Uscg,21,https://www.epa.gov/system/files/documents/2026-04/uscg_ma_ar21.pdf,uscg_ma_ar21.pdf
Uscg,22,https://www.epa.gov/system/files/documents/2026-04/uscg_ma_ar22.pdf,uscg_ma_ar22.pdf
Uscg Base Cape Cod,25,https://www.epa.gov/system/files/documents/2026-04/uscg_base_cape_cod_ma_ar25.pdf,uscg_base_cape_cod_ma_ar25.pdf
Va Brockton,19,https://www.epa.gov/system/files/documents/2026-04/va-brockton-ma-ar19.pdf,va-brockton-ma-ar19.pdf
Vabhs Brockton,20,https://www.epa.gov/system/files/documents/2026-04/vabhs-brockton-ma-ar20.pdf,vabhs-brockton-ma-ar20.pdf
Vabhs Brockton,21,https://www.epa.gov/system/files/documents/2026-04/vabhs_brockton_ma_ar21.pdf,vabhs_brockton_ma_ar21.pdf
Vabhs Brockton,22,https://www.epa.gov/system/files/documents/2026-04/vabhs_brockton_ma_ar22.pdf,vabhs_brockton_ma_ar22.pdf
Vabhs Brockton,23,https://www.epa.gov/system/files/documents/2026-04/vabhs_brockton_ma_ar23.pdf,vabhs_brockton_ma_ar23.pdf
Va Brockton Medical Center,24,https://www.epa.gov/system/files/documents/2026-04/va_brockton_medical_center_ma_ar24.pdf,va_brockton_medical_center_ma_ar24.pdf
Va Brockton Medical Center,25,https://www.epa.gov/system/files/documents/2026-04/va_brockton_medical_center_ma_ar25.pdf,va_brockton_medical_center_ma_ar25.pdf
Va Jamaica Plain,19,https://www.epa.gov/system/files/documents/2026-04/va-jamaica-plain-ma-ar19.pdf,va-jamaica-plain-ma-ar19.pdf
Vabhs Jamaica Plain,20,https://www.epa.gov/system/files/documents/2026-04/vabhs-jamaica-plain-ma-ar20.pdf,vabhs-jamaica-plain-ma-ar20.pdf
Vabhs Jamaica Plain,21,https://www.epa.gov/system/files/documents/2026-04/vabhs_jamaica_plain_ma_ar21.pdf,vabhs_jamaica_plain_ma_ar21.pdf
Vabhs Jamaica Plain,22,https://www.epa.gov/system/files/documents/2026-04/vabhs_jamaica_plain_ma_ar22.pdf,vabhs_jamaica_plain_ma_ar22.pdf
Vabhs Jamaica Plain,23,https://www.epa.gov/system/files/documents/2026-04/vabhs_jamaica_plain_ma_ar23.pdf,vabhs_jamaica_plain_ma_ar23.pdf
Va Jamaica Plain Medical Center,24,https://www.epa.gov/system/files/documents/2026-04/va_jamaica_plain_medical_center_ma_ar24.pdf,va_jamaica_plain_medical_center_ma_ar24.pdf
Va Jamaica Plain Medical Center,25,https://www.epa.gov/system/files/documents/2026-04/va_jamaica_plain_medical_center_ma_ar25.pdf,va_jamaica_plain_medical_center_ma_ar25.pdf
Va West Roxbury,19,https://www.epa.gov/system/files/documents/2026-04/va-west-roxbury-ma-ar19.pdf,va-west-roxbury-ma-ar19.pdf
Vabhs West Roxbury,20,https://www.epa.gov/system/files/documents/2026-04/vabhs-west-roxbury-ma-ar20.pdf,vabhs-west-roxbury-ma-ar20.pdf
Vabhs West Roxbury,21,https://www.epa.gov/system/files/documents/2026-04/vabhs_west_roxbury_ma_ar21.pdf,vabhs_west_roxbury_ma_ar21.pdf
Vabhs West Roxbury,22,https://www.epa.gov/system/files/documents/2026-04/vabhs_west_roxbury_ma_ar22.pdf,vabhs_west_roxbury_ma_ar22.pdf
Vabhs West Roxbury,23,https://www.epa.gov/system/files/documents/2026-04/vabhs_west_roxbury_ma_ar23.pdf,vabhs_west_roxbury_ma_ar23.pdf
Va West Roxbury Medical Center,24,https://www.epa.gov/system/files/documents/2026-04/va_west_roxbury_medical_center_ma_ar24.pdf,va_west_roxbury_medical_center_ma_ar24.pdf
Va West Roxbury Medical Center,25,https://www.epa.gov/system/files/documents/2026-04/va_west_roxbury_medical_center_ma_ar25.pdf,va_west_roxbury_medical_center_ma_ar25.pdf
Va Central Western,19,https://www.epa.gov/system/files/documents/2026-04/va-central-western-ma-ar19.pdf,va-central-western-ma-ar19.pdf
Va Central Western,20,https://www.epa.gov/system/files/documents/2026-04/va-central-western-ma-ar20.pdf,va-central-western-ma-ar20.pdf
Va Cwm,21,https://www.epa.gov/system/files/documents/2026-04/va_cwm_ma_ar21.pdf,va_cwm_ma_ar21.pdf
Va Cwm,22,https://www.epa.gov/system/files/documents/2026-04/va_cwm_ma_ar22.pdf,va_cwm_ma_ar22.pdf
Vacwmahs Edward P Boland Va Medical Center,23,https://www.epa.gov/system/files/documents/2026-04/vacwmahs_edward_p_boland_va_medical_center_ma_ar23.pdf,vacwmahs_edward_p_boland_va_medical_center_ma_ar23.pdf
Va Central Western Ma Healthcare System,24,https://www.epa.gov/system/files/documents/2026-04/va_central_western_ma_healthcare_system_ma_ar24.pdf,va_central_western_ma_healthcare_system_ma_ar24.pdf
Central Western Ma Edward P Boland Va Medical Center,25,https://www.epa.gov/system/files/documents/2026-04/central_western_ma_edward_p_boland_va_medical_center_ma_ar25.pdf,central_western_ma_edward_p_boland_va_medical_center_ma_ar25.pdf
Va Edith Nourse Rogers Memorial Hospital,19,https://www.epa.gov/system/files/documents/2026-04/va-edith-nourse-rogers-memorial-hospital-ma-ar19.pdf,va-edith-nourse-rogers-memorial-hospital-ma-ar19.pdf
Va Edith Nourse Rogers Memorial Hospital,20,https://www.epa.gov/system/files/documents/2026-04/va-edith-nourse-rogers-memorial-hospital-ma-ar20.pdf,va-edith-nourse-rogers-memorial-hospital-ma-ar20.pdf
Vamc Bedford,21,https://www.epa.gov/system/files/documents/2026-04/vamc_bedford_ma_ar21.pdf,vamc_bedford_ma_ar21.pdf
Va Edith Nourse,22,https://www.epa.gov/system/files/documents/2026-04/va_edith_nourse_ma_ar22.pdf,va_edith_nourse_ma_ar22.pdf
Va Enr Memorial Hospital,23,https://www.epa.gov/system/files/documents/2026-04/va_enr_memorial_hospital_ma_ar23.pdf,va_enr_memorial_hospital_ma_ar23.pdf
Va Edith Nourse Rogers Memorial Hospital,24,https://www.epa.gov/system/files/documents/2026-04/va_edith_nourse_rogers_memorial_hospital_ma_ar24.pdf,va_edith_nourse_rogers_memorial_hospital_ma_ar24.pdf
Va Edith Nourse Rogers Memorial Hospital,25,https://www.epa.gov/system/files/documents/2026-04/va_edith_nourse_rogers_memorial_hospital_ma_ar25.pdf,va_edith_nourse_rogers_memorial_hospital_ma_ar25.pdf
Westover Air Reserve Base,19,https://www.epa.gov/system/files/documents/2026-04/westover-air-reserve-base-ma-ar19.pdf,westover-air-reserve-base-ma-ar19.pdf
Westover Air Reserve Base,20,https://www.epa.gov/system/files/documents/2026-04/westover-air-reserve-base-ma-ar20.pdf,westover-air-reserve-base-ma-ar20.pdf
Westover Arb,21,https://www.epa.gov/system/files/documents/2026-04/westover_arb_ma_ar21.pdf,westover_arb_ma_ar21.pdf
Westover Afb,22,https://www.epa.gov/system/files/documents/2026-04/westover_afb_ma_ar22.pdf,westover_afb_ma_ar22.pdf
Westover Air Reserve Base,23,https://www.epa.gov/system/files/documents/2026-04/westover_air_reserve_base_ma_ar23.pdf,westover_air_reserve_base_ma_ar23.pdf
Westover Airbase,24,https://www.epa.gov/system/files/documents/2026-04/westover_airbase_ma_ar24.pdf,westover_airbase_ma_ar24.pdf
Westover Arb,25,https://www.epa.gov/system/files/documents/2026-04/westover_arb_ma_ar25.pdf,westover_arb_ma_ar25.pdf
Worcester State University,19,https://www.epa.gov/system/files/documents/2026-04/worcester-state-university-ma-ar19.pdf,worcester-state-university-ma-ar19.pdf
Worcester State University,20,https://www.epa.gov/system/files/documents/2026-04/worcester-state-university-ma-ar20.pdf,worcester-state-university-ma-ar20.pdf
Worcester State Univ,21,https://www.epa.gov/system/files/documents/2026-04/worcester_state_univ_ma_ar21.pdf,worcester_state_univ_ma_ar21.pdf
Worcester State Univ,22,https://www.epa.gov/system/files/documents/2026-04/worcester_state_univ_ma_ar22.pdf,worcester_state_univ_ma_ar22.pdf
Worcester State University,23,https://www.epa.gov/system/files/documents/2026-04/worcester_state_university_ma_ar23.pdf,worcester_state_university_ma_ar23.pdf
Worcester State Uni,24,https://www.epa.gov/system/files/documents/2026-04/worcester_state_uni_ma_ar24.pdf,worcester_state_uni_ma_ar24.pdf
Worcester State University,25,https://www.epa.gov/system/files/documents/2026-04/worcester_state_university_ma_ar25.pdf,worcester_state_university_ma_ar25.pdf
Wrentham Dev Center,19,https://www.epa.gov/system/files/documents/2026-04/wrentham-dev-center-ma-ar19.pdf,wrentham-dev-center-ma-ar19.pdf
Wrentham Dev Center,20,https://www.epa.gov/system/files/documents/2026-04/wrentham-dev-center-ma-ar20.pdf,wrentham-dev-center-ma-ar20.pdf
Wrentham Dev Center,21,https://www.epa.gov/system/files/documents/2026-04/wrentham_dev_center_ma_ar21.pdf,wrentham_dev_center_ma_ar21.pdf
Wrentham Dev Center,22,https://www.epa.gov/system/files/documents/2026-04/wrentham_dev_center_ma_ar22.pdf,wrentham_dev_center_ma_ar22.pdf
Wrentham Dev Center,25,https://www.epa.gov/system/files/documents/2026-04/wrentham_dev_center_ma_ar25.pdf,wrentham_dev_center_ma_ar25.pdf
