Town,Population,Per capita income ($k),DEP enforcements,"DEP penalties ($1,000)","Enforcements per capita (per 100,000 people)","Penalties per capita ($1M per 100,000 people)"
FITCHBURG,40419.0,22.72,51,793.26274,126.17828249090773,1.9625986293574804
PITTSFIELD,44226.0,26.913,47,358.3675,106.2723284945507,0.8103095464206576
NORTHAMPTON,28637.0,35.516,30,118.939,104.75957677130985,0.41533331005342733
STOUGHTON,27833.0,34.568,29,753.7,104.19286458520462,2.707936621995473
WESTFIELD,41371.0,27.664,43,285.638,103.93754078944187,0.6904304947910371
