Town,DEP enforcements,"DEP penalties ($1,000)",Per capita income ($k),Population,"Enforcements per capita (per 100,000 people)","Penalties per capita ($1M per 100,000 people)"
WALTHAM,22,15575.14,35.642,61908.0,35.536602700781806,25.15852555404794
EVERETT,34,3297.203,23.419,42758.0,79.51728331540296,7.7113125029234295
ATTLEBORO,31,2431.7985,31.032,43774.0,70.81829396445379,5.555349065655411
SAUGUS,13,1024.36,33.8,27369.0,47.49899521356279,3.7427746720742445
CHELMSFORD,16,1268.69,44.699,34495.0,46.383533845484855,3.6778953471517615
