Town,DEP enforcements,"DEP penalties ($1,000)",Per capita income ($k),Population,"Enforcements per capita (per 100,000 people)","Penalties per capita ($1M per 100,000 people)"
FITCHBURG,51,793.26274,22.72,40419.0,126.178282491,1.96259862936
PITTSFIELD,47,358.3675,26.913,44226.0,106.272328495,0.810309546421
NORTHAMPTON,30,118.939,35.516,28637.0,104.759576771,0.415333310053
STOUGHTON,29,753.7,34.568,27833.0,104.192864585,2.707936622
WESTFIELD,43,285.638,27.664,41371.0,103.937540789,0.690430494791
